"Path","SHA256"
"coreprogram\00-README_封版操作.txt","59AB996B6A870121729BBD8B521620416503D893AAEDD357BB2D92E63A58CF1E"
"coreprogram\00-变更控制规则.txt","1E3654DB0E689BECC6CE442BFEBA35D344690168655239A9588C8B4A5B08A045"
"coreprogram\00-封版元数据.json","D69219C5A48211F8BF6B14FDA025A3C92E8073B36137395E02ADA9170CDEAFAC"
"coreprogram\00-封版检查清单.txt","3FC2B5F4C7B8CE12C2692F637AC21344F437C0C11A698F0413E3CF2BBE0A66C9"
"coreprogram\00-封版范围.json","FC51D2A9BBB980E03424379F71F84CDDE6797F70836543CBB57267A6A48E2A15"
"coreprogram\00-文件SHA256校验清单.csv","70B17CE72D3D1C7AC41EBC54D11B61889ED8ED011492F7435E80E88EB757259F"
"coreprogram\00-版本信息.json","76FD768F61CC8F931F56C8E937E232AA564521F4BEF041BD6C7193F45B9DD80B"
"coreprogram\00-软件参数接口表.xlsx","C4AD7C693F2AD8E9F16D2CE3B5FB8AA7A5E47189E137CCD7AAD1C750B745F127"
"coreprogram\00-软件程序说明.docx","9A92D46CF36E494F7E02DF6707799B055F350148CC720A82AC772080690DE478"
"coreprogram\00-运行环境与部署说明.txt","2A23D0691954406CE3A7B4D844951EB92B9765BC9B22540A6F4C31369D3C4B81"
"coreprogram\config.json","C407E0BDB0F85255CC629A75B99BA6C3317447A8A546C925B30DE3D0E69C2FF9"
"coreprogram\freeze_release.py","8EC32D169AB56A574759511ED7F3D49A387CF4709D181862242B5A54C0FFA366"
"coreprogram\verify_frozen_release.py","2E8B33F0D24E7EB75A7275610DE480454A3362D09002242BD938532DC7923B5A"
"coreprogram\01-正向仿真\00-正向仿真模块统一说明.docx","B48D8158705069FDBECE5A6ED5F5DB99EACC8F7743B59DF76F22E5CFDB96924B"
"coreprogram\01-正向仿真\01-输入文件\clean_case_template.dat","E0B50B5008078F1FC5E8C6A24BF483505B8719C65532494705D82291CCC9D1F1"
"coreprogram\01-正向仿真\01-输入文件\forward_request_example.json","B4601488AD5AAE8DDF48CB75541829DF900FCC1E511AB026C241CF9D60B1371B"
"coreprogram\01-正向仿真\01-输入文件\forward_request_schema.json","F4D19F1F517626BF2403F9F2B6A458363645A7A7E9E94F09ECF07919A3196C08"
"coreprogram\01-正向仿真\02-程序\build_windows_oneapi.bat","4C02FEC92C01F2A4E2BE8C7DD68B74B8C406DEB7C7DEB21FF6CC1328743F83AA"
"coreprogram\01-正向仿真\02-程序\forward_simulation_runner.py","4E69117A11B14C3581F6FC00FBB2C1C567A43F01BEC855A1966416C666E83886"
"coreprogram\01-正向仿真\02-程序\generate_clean_formal_case.py","1799BC54368779555544746BF3E13FD2A22984C4AB34392DC13D06F36A9A113F"
"coreprogram\01-正向仿真\02-程序\postprocess_trajectory.py","CDEFE3A6ED2D4CACDF5AEA40A0D57180955A346ABC095B3F3A7728EE531DC0FB"
"coreprogram\01-正向仿真\02-程序\production_main_output_interface.exe","78D212F690E40109CCB8DB4B4B65CA6E53558C4259E1B0866C1EEFD9CF868366"
"coreprogram\01-正向仿真\02-程序\production_main_output_interface.f90","B52454D6EBB5989AD4B1BBB02A28E95688F73D3F950396AE34E10EC34C6A0F03"
"coreprogram\01-正向仿真\02-程序\production_numerical_config.inc","F671C4136B4CD6A1D48AA2A22EC47C04A5D96B437EBBB6BA0ECFDD16C552F737"
"coreprogram\01-正向仿真\02-程序\production_numerical_config.json","A2C8C8913B92A423942F78492F84ED77385B3AD7FD968BC2F0E4DCB3920A4799"
"coreprogram\01-正向仿真\02-程序\production_output_policy.inc","7E1A185DD48C4109AD26CC06C46DC841328C0428D251067EC39B4527766691C0"
"coreprogram\01-正向仿真\02-程序\reconstruct_detector_image.py","5DF0A6D4814FB44FAE492C4D22F4FEF4352E197418505511658D728806CA365E"
"coreprogram\01-正向仿真\02-程序\run_trajectory_postprocess.bat","E5D21BEC21F524B0C66C831556D7600C3019EB906B30624D9153127EB27A2629"
"coreprogram\01-正向仿真\02-程序\__pycache__\forward_simulation_runner.cpython-313.pyc","2F6990F6E07B23B317AEAD7CB20A29415598AF7D64FFD224C9D25B5DDC3714CD"
"coreprogram\01-正向仿真\03-输出文件\README_输出目录.txt","E86504638ABB19D3DED8506A060CDC4C31CEB22350AC16D5969AFD409C11207B"
"coreprogram\01-正向仿真\03-输出文件\runs\run_20260911_131206_54dd28bb\case_config.json","6743089C8D88B53566C3D09C4862922718BBB05C7AAC6C3410C7B79D72D8AD6F"
"coreprogram\01-正向仿真\03-输出文件\runs\run_20260911_131206_54dd28bb\input.dat","E0C29AC77AF3D8A97C0B4F9F1033CB78D305EE533533D40AA7C9C1797F6378A1"
"coreprogram\01-正向仿真\03-输出文件\runs\run_20260911_131206_54dd28bb\request.json","796612F2C8C5BCEEA351E09357884B13FCF226007FB798A16ECBFDBC055D98B0"
"coreprogram\01-正向仿真\03-输出文件\runs\run_20260911_131206_54dd28bb\output\frame_summary.csv","CB39FC28A0E42AE3D9CC312F8451890E53CF9C42C55BBF4994D6F5087FC6685D"
"coreprogram\01-正向仿真\03-输出文件\runs\run_20260911_131206_54dd28bb\output\infrared_response_history.csv","C7733259276335C135B57A8BB883DDE67F3ECAC66906A6B89D2AF83A94F7394D"
"coreprogram\01-正向仿真\03-输出文件\runs\run_20260911_131206_54dd28bb\output\temperature_history.csv","50077E08AEFFFC52809B1D2B7E9EC7B57795716917A634BBCE884A1F3DFEE7CC"
"coreprogram\01-正向仿真\03-输出文件\runs\run_20260911_131206_54dd28bb\output\trajectory_history.csv","1C96C191839E9AE054CEC6F4D59133E5F93974DCC2A054C37E407583946F51F4"
"coreprogram\02-智能预测\01-输入文件\读取01输入文件.txt","E3B0C44298FC1C149AFBF4C8996FB92427AE41E4649B934CA495991B7852B855"
"coreprogram\02-智能预测\02-程序\stage_f_run_point_image_candidate_evaluation_v1.py","76754F6F4475B0EC0A713DFA39F034530E49417ABC9E5DBDF202FC4B289ADA3E"
"coreprogram\02-智能预测\02-程序\stage_utils.py","58D02B1F34B92A087C4F5A46C4774F94990C3DDA3BBACA5F55EBAA8753DB4FA8"
"coreprogram\02-智能预测\02-程序\surrogate_prediction_runner.py","AC99F59A73372E571F05BEF490691E21564620F669395449A930E7ED9B1CD41C"
"coreprogram\02-智能预测\02-程序\surrogate_standard_input.py","A11352F58CA4F8AAE447E61E95D4D0F643650BA97D35B6CD3BEDF19CEBB5F3E2"
"coreprogram\02-智能预测\02-程序\入口程序使用说明.txt","235902BAC044D00A61FA29D780258B46C540EE789680738C8B70E58BEB7BD508"
"coreprogram\02-智能预测\02-程序\__pycache__\stage_utils.cpython-313.pyc","5A5DAFBBC23FDA9C5E525BCAA01D602F0D1B8ECA8EF5D22FD326D22C4F802461"
"coreprogram\02-智能预测\02-程序\__pycache__\surrogate_prediction_runner.cpython-313.pyc","EC5577368517F0B68312447D05C3911BA530253F581FCD60ED0C6752F7AD2AED"
"coreprogram\02-智能预测\02-程序\__pycache__\surrogate_standard_input.cpython-313.pyc","082BA01BCC3658964DCDC072306E3FFD1CE272052214A7AF9A7D57C2DE2093C8"
"coreprogram\02-智能预测\03-模型文件\best_model.keras","0D77A38F4457ADF1A34275A9B7309AC1AA3E5E880542B19A59A0155F54C31135"
"coreprogram\02-智能预测\03-模型文件\formal_configured_target_temperature_extratrees.joblib","7AAE9E013ED816E35C73A48FBBE53F6D4331298090E77C1C1A2D04CC2F13AD7A"
"coreprogram\02-智能预测\03-模型文件\point_image_fixed_scene_runtime.csv","5F47EC4CF5B2281030F539AB8B1084FA8691F4956CFFFE5390431E1BD4803467"
"coreprogram\02-智能预测\03-模型文件\scalers.json","98A4DD66D29DD64AA6EF4771CD0CEA337B6AD590B847E14D2635BAFC7180D92A"
"coreprogram\02-智能预测\03-模型文件\surrogate_reference_request.json","B4601488AD5AAE8DDF48CB75541829DF900FCC1E511AB026C241CF9D60B1371B"
"coreprogram\02-智能预测\04-输出文件\latest_run.json","EA0EAA9253C68CE40F9AF0B551855C86EA5B886376206C3CBAF1166C9E8561EE"
"coreprogram\02-智能预测\04-输出文件\README_输出目录.txt","9784E78D3E24742AF431169D4BD9D1C0DBE7CBFD1B2DE6D9F4FD47168C4736E9"
"coreprogram\02-智能预测\04-输出文件\runs\run_20260910_205207_f10e224c\normalized_surrogate_input.json","8F63594A5C48E8382CE4E43AB8E8380DC6C6B234CD84C8D24E6759928A3C19A9"
"coreprogram\02-智能预测\04-输出文件\runs\run_20260910_205207_f10e224c\prediction_summary.json","313C5B17A037BA4C1DE6D0CDDC9EE209C233101816F8C391F98A03592F4DF449"
"coreprogram\02-智能预测\04-输出文件\runs\run_20260910_205207_f10e224c\request.json","796612F2C8C5BCEEA351E09357884B13FCF226007FB798A16ECBFDBC055D98B0"
"coreprogram\02-智能预测\04-输出文件\runs\run_20260910_205207_f10e224c\temperature_prediction.csv","FD11CB997A51B8AE123E7C4A072163E6073A1E7B154E4832493D4EC90ED0D491"
"coreprogram\02-智能预测\04-输出文件\runs\run_20260910_205238_9608c9ba\normalized_surrogate_input.json","8F63594A5C48E8382CE4E43AB8E8380DC6C6B234CD84C8D24E6759928A3C19A9"
"coreprogram\02-智能预测\04-输出文件\runs\run_20260910_205238_9608c9ba\point_image_frame_metrics.csv","A90251014985CB6BF5A8F35720624D5E32239163B84EAF70E7FF64C8D832F413"
"coreprogram\02-智能预测\04-输出文件\runs\run_20260910_205238_9608c9ba\point_image_reconstruction_contract.json","AA378A5003BF0F0259AB317D9677B86B4A8D795509E4B05AF40090D8A34FC149"
"coreprogram\02-智能预测\04-输出文件\runs\run_20260910_205238_9608c9ba\point_token_predictions.csv.gz","BB6983A4803D38C6FD4AFD0D3E29D96E53371E02EC91B3A15EAC64E652B53CF1"
"coreprogram\02-智能预测\04-输出文件\runs\run_20260910_205238_9608c9ba\prediction_summary.json","60A38B14EDBB01C359A8F37378D2C5A6165651EC6748FEA32808280775977E3A"
"coreprogram\02-智能预测\04-输出文件\runs\run_20260910_205238_9608c9ba\request.json","796612F2C8C5BCEEA351E09357884B13FCF226007FB798A16ECBFDBC055D98B0"
"coreprogram\02-智能预测\04-输出文件\runs\run_20260910_205238_9608c9ba\temperature_prediction.csv","FD11CB997A51B8AE123E7C4A072163E6073A1E7B154E4832493D4EC90ED0D491"
"coreprogram\02-智能预测\04-输出文件\runs\run_20260911_151613_31f86a58\normalized_surrogate_input.json","D116754877333740FEB68A381D9412D9A9565DB040843C12BCECD7E5533795DC"
"coreprogram\02-智能预测\04-输出文件\runs\run_20260911_151613_31f86a58\prediction_summary.json","29AFCD142B5A8EDC47BA9032E70A485C2FDDD1A09B7F8235F535F0538F4B8767"
"coreprogram\02-智能预测\04-输出文件\runs\run_20260911_151613_31f86a58\request.json","796612F2C8C5BCEEA351E09357884B13FCF226007FB798A16ECBFDBC055D98B0"
"coreprogram\02-智能预测\04-输出文件\runs\run_20260911_151613_31f86a58\temperature_prediction.csv","FD11CB997A51B8AE123E7C4A072163E6073A1E7B154E4832493D4EC90ED0D491"
"coreprogram\03-相似度评估\01-输入文件\similarity_config.json","EA53BA8F25AA309FD2CB803B82D9E46E6F51C7B5FC5C60802E9F4191698D38D8"
"coreprogram\03-相似度评估\02-程序\periodic_feature_analyzer.py","DDC0F8CE762639D8155D8A1C125F1032AF54CD0CA3DD8DF09BBA3C592B90AABA"
"coreprogram\03-相似度评估\02-程序\response_feature_extractor.py","11BED9FC91F01494389ED875BAA232A7289368BE2140E2F325127483F4DC7D21"
"coreprogram\03-相似度评估\02-程序\similarity_evaluator.py","7CA61859619770D349F94FEDE1958269207C547B157996B01440E7F3ED50C006"
"coreprogram\03-相似度评估\02-程序\similarity_metrics.py","B75ECD9BDC134111E882535B1F5EE798539A94C89AC4BF7A85B2619A1E861C56"
"coreprogram\03-相似度评估\02-程序\入口程序使用说明.txt","1A8EB10B18489FEE7C7B6AC3B931132AE941B16286B6F60E26E33A06E9EAF7D8"
"coreprogram\03-相似度评估\02-程序\__pycache__\periodic_feature_analyzer.cpython-313.pyc","3DF1A1E53A2B2AE9D313B6FB4AB2AF0C3BF70612E82103937516099761A8A55A"
"coreprogram\03-相似度评估\02-程序\__pycache__\response_feature_extractor.cpython-313.pyc","CACCE519DF60FBBA38B9AC7D2E6C2AAB6638CDF5B32A4D47E33E885FEEAFEAB5"
"coreprogram\03-相似度评估\02-程序\__pycache__\similarity_evaluator.cpython-313.pyc","6D2BEA350356404198E467472872E0EFAAF8DC933B81BE9EE04C4505FAFD9C17"
"coreprogram\03-相似度评估\02-程序\__pycache__\similarity_metrics.cpython-313.pyc","01F80769F983F8B185E89D82D2B2DB7145BD795FD51D6A4B639B9EED107E6D09"
"coreprogram\03-相似度评估\03-输出文件\latest_run.json","0101F3D6870F078AFC5C5AC38C449662571ADFB8DA7727495B94AD8B786A2149"
"coreprogram\03-相似度评估\03-输出文件\README_输出目录.txt","583A2434BF0424606E1EA6C4CDADA3432A0D2A6996FA319ED852D39BCDBA547D"
"coreprogram\03-相似度评估\03-输出文件\runs\run_20260911_151825_9403cacb\evaluation_request.json","B5FC97E647490E4CF7E3C1270A419ACB10DB6C55F6A0B98544033BA849C5EA94"
"coreprogram\03-相似度评估\03-输出文件\runs\run_20260911_151825_9403cacb\evaluation_status.json","1840C348659BDCD2DA1159E29A8294D963DC027D29C76A5C160CEFB97E0CEBC1"
"coreprogram\03-相似度评估\03-输出文件\runs\run_20260911_151825_9403cacb\feature_summary.json","E62727F0DA7A02DF390764D70481631BE4D34F6338DAB38AFDC8DC0349421D74"
"coreprogram\03-相似度评估\03-输出文件\runs\run_20260911_151825_9403cacb\feature_timeseries.csv","6DE24CB065805B2923F0AE25FE5B84B19F31D78AA0A4BE90215BA1782C23F1F7"
"coreprogram\03-相似度评估\03-输出文件\runs\run_20260911_151825_9403cacb\object_feature_timeseries.csv","737A563D4ED093DE46A3DD52AC8C77A4B77CE6649B59B060EF0EE5736768B3DF"
"coreprogram\03-相似度评估\03-输出文件\runs\run_20260911_151825_9403cacb\periodic_features.csv","5E798682482345675B3DFD983A3AA8F497EF952167E9D6B34BA8833B226D153B"
"coreprogram\03-相似度评估\03-输出文件\runs\run_20260911_151825_9403cacb\similarity_config_used.json","3118325FFE786CB58A144A1BC479D2181F74CD52051625CC2AFAD96266750FB1"
"coreprogram\04-红外场景构建\01-输入文件\04_global_parameter_pool_10000.csv","D58D09E324911B6D98B500282641BA2484AADE8F58CCF144707143ACED313D27"
"coreprogram\04-红外场景构建\01-输入文件\scene_search_config.json","DCAD3CD84F30A25C82A2AB436B223D6292FC51A3A983321F2F1A66B8D285F4EB"
"coreprogram\04-红外场景构建\01-输入文件\scene_search_request.json","2ABFDA707EA5F4D0CB7DFE2172555C1F919490D92D5B9D94641F88DCC0240817"
"coreprogram\04-红外场景构建\02-程序\scene_search_controller.py","1A2E87FAE7B53A073B83F255F8D902842AAA8CBA9191FB645B551E9034C6E57A"
"coreprogram\04-红外场景构建\02-程序\stage_g_run_source_case_forward_recheck_v1.py","03005C7469617C0F2766AB0C827F00FC187A1BFD0C66A25336997B649D023A38"
"coreprogram\04-红外场景构建\02-程序\stage_utils.py","58D02B1F34B92A087C4F5A46C4774F94990C3DDA3BBACA5F55EBAA8753DB4FA8"
"coreprogram\04-红外场景构建\02-程序\入口程序使用说明.txt","C15FCDA1DD52D99F752E91BB2852A075FA3241E00A07363E7CCD551F36267466"
"coreprogram\04-红外场景构建\02-程序\__pycache__\scene_search_controller.cpython-313.pyc","95958717B1F9603580B5FD37864829045C881CB6476005CC4CEC70481F0156CF"
"coreprogram\04-红外场景构建\02-程序\__pycache__\stage_g_run_source_case_forward_recheck_v1.cpython-313.pyc","3FD78702A5706F5F2B011784ACDAD49E3BF2046D85726915F310FA9DA9A153C6"
"coreprogram\04-红外场景构建\02-程序\__pycache__\stage_utils.cpython-313.pyc","B6B9E09F8C602230C76898139CB8B8F31DB24A50381CD9857197531973836975"
"coreprogram\04-红外场景构建\03-输出文件\latest_run.json","1F43DAA19C3D489D8B10F4401BA7A09930036DBFE6A15D15D01B09CD048C7F5B"
"coreprogram\04-红外场景构建\03-输出文件\README_输出目录.txt","14BF1B2F38956F67FC7831DE624BD8CE25462F0B1418D4903EC3B7D8DCBAFB80"
"coreprogram\04-红外场景构建\03-输出文件\reference_runs\reference_cache_manifest.json","26550889892C70D4260B1170D7364A2464753310CAC2C9CC5234B2183061162D"
"coreprogram\04-红外场景构建\03-输出文件\reference_runs\run_20260911_141945_a5b53bca\case_config.json","6743089C8D88B53566C3D09C4862922718BBB05C7AAC6C3410C7B79D72D8AD6F"
"coreprogram\04-红外场景构建\03-输出文件\reference_runs\run_20260911_141945_a5b53bca\input.dat","E0C29AC77AF3D8A97C0B4F9F1033CB78D305EE533533D40AA7C9C1797F6378A1"
"coreprogram\04-红外场景构建\03-输出文件\reference_runs\run_20260911_141945_a5b53bca\request.json","796612F2C8C5BCEEA351E09357884B13FCF226007FB798A16ECBFDBC055D98B0"
"coreprogram\04-红外场景构建\03-输出文件\reference_runs\run_20260911_141945_a5b53bca\result.json","A433A9E445C38E4F530573DD47CB2888729B7057E3D003F5EE398887AB6D5966"
"coreprogram\04-红外场景构建\03-输出文件\reference_runs\run_20260911_141945_a5b53bca\sphere1_temperature.csv","31DD81A9EA20653BF933AB3CEBF5E6A42C752AD093827B1C6B629E18F55DA202"
"coreprogram\04-红外场景构建\03-输出文件\reference_runs\run_20260911_141945_a5b53bca\stderr.txt","E3B0C44298FC1C149AFBF4C8996FB92427AE41E4649B934CA495991B7852B855"
"coreprogram\04-红外场景构建\03-输出文件\reference_runs\run_20260911_141945_a5b53bca\stdout.txt","55B2A58B265A92D88AAEE85ABD1E85D6AE484AAD5E336B71C39973C149272418"
"coreprogram\04-红外场景构建\03-输出文件\reference_runs\run_20260911_141945_a5b53bca\output\frame_summary.csv","5CFE50228725CDBC28E7B34B78509C81949387E691AD05A204930A662CEC409C"
"coreprogram\04-红外场景构建\03-输出文件\reference_runs\run_20260911_141945_a5b53bca\output\infrared_response_history.csv","8526D7596E061EFE0A4A28A624E7BC15551AABE82A6BF4AD94B28537A548D3CF"
"coreprogram\04-红外场景构建\03-输出文件\reference_runs\run_20260911_141945_a5b53bca\output\solver_status.txt","6D639FFFCE13617E1A786B556CDEBE8390087D460A474DA04DDA12694395CF03"
"coreprogram\04-红外场景构建\03-输出文件\reference_runs\run_20260911_141945_a5b53bca\output\temperature_history.csv","8EC445CE41B50AA5D28C25A32ABEDEB501CB07F432325580141C034EA349A51C"
"coreprogram\04-红外场景构建\03-输出文件\reference_runs\run_20260911_141945_a5b53bca\output\trajectory_history.csv","54419961EBB95518CCBA54DE6937512FE12DA2A10EFA2F8BD97E5EBB2DC17C1D"
"coreprogram\04-红外场景构建\03-输出文件\runs\run_20260911_151927_cfafd7eb\candidate_parameters.csv","F24F5E13F58C747D3FB7CD9D572C6E79FCF14B1D33B7C27F53239BEF34B6F791"
"coreprogram\04-红外场景构建\03-输出文件\runs\run_20260911_151927_cfafd7eb\candidate_temperature_curves.csv","341D8A94D20AFB210F70BF86ECE38A0CF45EB1E449B649C2434C9C223532B7E8"
"coreprogram\04-红外场景构建\03-输出文件\runs\run_20260911_151927_cfafd7eb\scene_search_log.csv","A64774BA968D7B6CAA99EAF39301CCCB399437A9216908167C3A8C58790E25DB"
"coreprogram\04-红外场景构建\03-输出文件\runs\run_20260911_151927_cfafd7eb\scene_search_request_used.json","73E993CBEFBD55EC95067C5FB376E52F95268DBE0C9C4D8C2A737D7635540A7A"
"coreprogram\04-红外场景构建\03-输出文件\runs\run_20260911_151927_cfafd7eb\scene_search_status.json","0B6998A33389612D51C0CA67003E31EB2BC1CB59EBC4965E0BF8868FB68E1F77"
"coreprogram\04-红外场景构建\03-输出文件\runs\run_20260911_151927_cfafd7eb\scene_search_summary.json","106685138AB40F21BC60FD6576A2C1EAB043158E1D4F32AE65642890292DAAFA"
"coreprogram\04-红外场景构建\03-输出文件\runs\run_20260911_151927_cfafd7eb\source_forward_request_used.json","796612F2C8C5BCEEA351E09357884B13FCF226007FB798A16ECBFDBC055D98B0"
"GUI_MFC_Legacy\Pre-process.sln","3A623E13EC1FAE7813CD8396271841A5E8829304AE757919745D418D8DBF7C10"
"GUI_MFC_Legacy\.work\task-editor\build-v143.log","AE2F243697F43F98D73762DBC4494AE2607E1E52251DA709F63B0466BA951A73"
"GUI_MFC_Legacy\.work\task-editor\build.log","2BC72FE49C8A8A79CB4C00388294347E9DF08AF6DC4F31DB44F3E8E03E14E3F4"
"GUI_MFC_Legacy\.work\task-editor\check.py","0D5F20F53DBDA8A7D855AE40AC77E210E5A922019B030EC6B833B72A43443736"
"GUI_MFC_Legacy\.work\task-editor\core-before.csv","1D3B00FD807385B68D73894530DE0B716431498FE10B1E9E2246744FF2CF950C"
"GUI_MFC_Legacy\.work\task-editor\core-check.json","1EE4C046E1D6D5908EC4C46740A4D993390065BD15D578EBF2163569DB899CAC"
"GUI_MFC_Legacy\.work\task-editor\docs_update.py","F304F7ACB0EF610EC2524CC120FA25DF3CCC32A36518DA3C71CDB78850726E3B"
"GUI_MFC_Legacy\.work\task-editor\encoding.py","874A91466E23BE9D6E24A10666E815598062403C9D30B15161DA570C47839939"
"GUI_MFC_Legacy\.work\task-editor\generate.py","2F815957503D2BED0DD6F4736C4AC54A4979412F9E8B9BC92661F8CD1961E24C"
"GUI_MFC_Legacy\.work\task-editor\resource_update.py","419C74E1048E1CDF91A3F4BC0CA321EF25AF6D406D355A6A87E2ECE9FDED1490"
"GUI_MFC_Legacy\.work\task-editor\source.diff","27E81B6BD0F20B20431AF2162828626DA8EAA22539F3842F096B5A1E8A0CECB3"
"GUI_MFC_Legacy\.work\task-editor\static-checks.json","D4451781B50769323AFF2017A89B8A5C27EB45F7B9646A582EAD7AB36985E9E3"
"GUI_MFC_Legacy\.work\task-editor\before\CDlg_similary_predict.cpp","7BA92F9F5EAE67F95F05541CF015F34C9A5731EADB24D419DD1FDC75DC4F262E"
"GUI_MFC_Legacy\.work\task-editor\before\CDlg_similary_predict.h","FE4161E670E1F74EB33529CB17F4070CD06F704F54005FB85E244CE03935D7AB"
"GUI_MFC_Legacy\.work\task-editor\before\CDlg_Simulating_Parameter.cpp","1F7C1036C0CFA30AA749F9D3851B3434FB0045B7128833D62C2DC66815133E76"
"GUI_MFC_Legacy\.work\task-editor\before\CDlg_Simulating_Parameter.h","2D1D98A7AD080B46D993A342078E18D91977FE2C0A203ABAEE6608F1CBA87C14"
"GUI_MFC_Legacy\.work\task-editor\before\CFunction.cpp","A0A0B38E1B1B9F2790D25E811FBB378AE83E06230E1A12229F0D46FBF616FDE5"
"GUI_MFC_Legacy\.work\task-editor\before\CFunction.h","2F0DD51510F911F6831E52D847D3718C973A0C533AF51784B3618938546685E5"
"GUI_MFC_Legacy\.work\task-editor\before\framework.h","9A50435CA9A05B10C4B007C4003D2AD0A2CF9C066964997F115481E68B55808D"
"GUI_MFC_Legacy\.work\task-editor\before\MainFrm.cpp","2E42736E16F3FF77C4E5C09DA72580FA787A44A8D37F439803C9781FB506A75A"
"GUI_MFC_Legacy\.work\task-editor\before\MainFrm.h","CBEC81C31211CA946C8A1A310818F1A8A466F78266A34DA336DE7F11952E401D"
"GUI_MFC_Legacy\.work\task-editor\before\pch.cpp","9B0C294AD401BC838E56A703D6133C69C53E9DD9D0698C9A7656AB178E3CAE48"
"GUI_MFC_Legacy\.work\task-editor\before\pch.h","067525F2E3CC463559231A3D749D24857627F14E360D398A82F8E549E8C79FC3"
"GUI_MFC_Legacy\.work\task-editor\before\Pre-process.cpp","E3E29B61A9042870E0C9F85E5B5CD885918E60659BC20B96B5AFF01E369FF142"
"GUI_MFC_Legacy\.work\task-editor\before\Pre-process.h","029BF1BEA9A5048F42ECA263F6CC3575BE7F92BFC5EF1C1E383B6F4A660D20A3"
"GUI_MFC_Legacy\.work\task-editor\before\Pre-process.reg","F8DA7399D8AC062108290A16EFDBBDE60170E97504BDF553CEC2687F4AC7D57B"
"GUI_MFC_Legacy\.work\task-editor\before\Pre-process.vcxproj","EB360185CB74B4A515BCEEF628E7D1EEA509D8B39D7B89532CE504E8B120570A"
"GUI_MFC_Legacy\.work\task-editor\before\Pre-process.vcxproj.filters","6B34BA272DD42779DDF0C98F51796505D575E37396739C78C93464969368C03B"
"GUI_MFC_Legacy\.work\task-editor\before\Pre-process.vcxproj.user","118ACA388E946E251E97F681BF93335FB803F35681757CB17566B273F3418675"
"GUI_MFC_Legacy\.work\task-editor\before\Pre-processDoc.cpp","36B11D114A2773FAD99016E8E1F5C1AE534C166C9769BFAE9B0061379CAD8E25"
"GUI_MFC_Legacy\.work\task-editor\before\Pre-processDoc.h","0404DC4ED6A856A72FFFFC3D8BF5941858DA957E204AF5602471ACA05309C1BE"
"GUI_MFC_Legacy\.work\task-editor\before\Pre-processView.cpp","B6DF1E4FD463C4A3E96757E34BFBBD7681F317B29D6E9CA171A145B818FCE781"
"GUI_MFC_Legacy\.work\task-editor\before\Pre-processView.h","D0E81E13F93D0014D555C129A59522F1ADF302B1E6B4ABE64A0499F1A14EE48A"
"GUI_MFC_Legacy\.work\task-editor\before\Preprocess.aps","97721DF291835F417794B2FB20B0687772907811D617D85C4F9281DC0A25665B"
"GUI_MFC_Legacy\.work\task-editor\before\Preprocess.rc","25285CAF772D0737A1516C1B43F5A817D4DE78C90436623CEC6459F1D0EF0A0F"
"GUI_MFC_Legacy\.work\task-editor\before\resource.h","83FFCF5439E792925D3201AD34FFA2AC76F2AE88DF0152D6070D9E942E3D504D"
"GUI_MFC_Legacy\.work\task-editor\before\targetver.h","04EB68099E73039A3C12BBCF075F6F6B649EC420DA4E4593B6C5E6B03D138769"
"GUI_MFC_Legacy\.work\task-editor\before\ViewTree.cpp","30B0F5055E3075FAE85CB0AD345E4B9D90B53A5FA34424AE1888BBC8F7517E49"
"GUI_MFC_Legacy\.work\task-editor\before\ViewTree.h","24ADED7685EA6B3FACB1330CB71E7359BD35D1A2B2DC1780476D2DF75FF9865F"
"GUI_MFC_Legacy\.work\task-editor\before\res\classview.bmp","AC6788A37A02E07E7869471F1B82B6BA8973E97579EA70659CD9D9FB87EAE539"
"GUI_MFC_Legacy\.work\task-editor\before\res\classview_hc.bmp","CD315D0444420F83663CDBC441A886F6F82B925CC68BD08805E0185428120866"
"GUI_MFC_Legacy\.work\task-editor\before\res\class_view.ico","1C9EF2072E7EEA6D716F4D04161F9AB0E3BB86FA669E47AC8F5CA297CAECFD98"
"GUI_MFC_Legacy\.work\task-editor\before\res\class_view_hc.ico","6EDFA7689C2DAE40F5B94DB4EF15AFE1617AF34C13E42C9C1DFF76F21F48E529"
"GUI_MFC_Legacy\.work\task-editor\before\res\explorer.bmp","C89E7C7D69DFB9C3F16CE65214CA4420B4C79F9A522D614BE13C0674E28D2204"
"GUI_MFC_Legacy\.work\task-editor\before\res\explorer_hc.bmp","12E9AC9512971619D64CDC919E3606B00C3582DF87777F49EED7C4E49F41FDCA"
"GUI_MFC_Legacy\.work\task-editor\before\res\fileview.bmp","E12410068D12D0A8E3EE062C41F6C21C4C31C4BD9CED221BFF0B412B5126D6CF"
"GUI_MFC_Legacy\.work\task-editor\before\res\fileview_hc.bmp","5EEC2CFA36CEFC529E337A889485F79CC0A70958801BC07DD3C36948198E8C0D"
"GUI_MFC_Legacy\.work\task-editor\before\res\file_view.ico","8E7B0C40845DBD823F4DEF3A901EA9FEA191C0E2CB8A9DFD6C27FB9886D4342E"
"GUI_MFC_Legacy\.work\task-editor\before\res\file_view_hc.ico","39FBFF0E01505C9A91362E8E933866B5C8F5E0F45C66A796737601C130FB680D"
"GUI_MFC_Legacy\.work\task-editor\before\res\menuimages.bmp","37509CC714F32C7A8657D02A44FEC71F21DEC9ED7EF8AB6695BAB2118E5CCB81"
"GUI_MFC_Legacy\.work\task-editor\before\res\menuimages_hc.bmp","8B86CC2D86728FE6B09BA4902E643D9387805A4504AEFFA531214D35A785E51B"
"GUI_MFC_Legacy\.work\task-editor\before\res\output_wnd.ico","E0ACB80AA9A1B80B125837793551EBA112141A886E7A6DA2C7209E9A4DEEC731"
"GUI_MFC_Legacy\.work\task-editor\before\res\output_wnd_hc.ico","3826A210916C741CD5B9F4A058CCE3F2147F32834BB14CFB52A468F4519B8D98"
"GUI_MFC_Legacy\.work\task-editor\before\res\Pre-process.ico","F9FE1BC463B5ACC2535A30C58C1698FFD395B3973B2B80E006954C3F9E126924"
"GUI_MFC_Legacy\.work\task-editor\before\res\Pre-processDoc.ico","8014F72DAEE92BB687418FEEFFB8BE8D0113CD6CC9A34C2B55584ACF84DF47E3"
"GUI_MFC_Legacy\.work\task-editor\before\res\Preprocess.rc2","BA385BA3E92F7A79E00ECF9EDCF42B358DF9156BBA09D4FB3BF640628E346EE7"
"GUI_MFC_Legacy\.work\task-editor\before\res\sort.bmp","09E6FF96643C03359A1C1D65C506506CADE5EDEF4BD0AE7B5A0F45A1FA5491B8"
"GUI_MFC_Legacy\.work\task-editor\before\res\sort_hc.bmp","A97E6395066EEE59E84ECA262152FDDB46CE7BEE9427EDC5B599B54A010F213F"
"GUI_MFC_Legacy\.work\task-editor\before\res\Toolbar.bmp","0C02069254CB93D4F64E4773ECF8B441E3ADF0851B22E1BA8F4DAE92BCE91213"
"GUI_MFC_Legacy\.work\task-editor\before\res\Toolbar256.bmp","4C05FE214B27F44CB2232846268C1A3C10E7FC438FA7A2A312BC700FCE2FC0C7"
"GUI_MFC_Legacy\.work\task-editor\before\res\userimages.bmp","9EDF29B8D95FACB4128E91959E6E6A63AF2F6C4988FB14A02497AC64ECEDE32F"
"GUI_MFC_Legacy\Pre-process\BusinessTask.cpp","EAD80B3155749C21C12F55871FC8E4EBF07DE537DC3174FDEB8CD0253E15243E"
"GUI_MFC_Legacy\Pre-process\BusinessTask.h","7B4D3F112CB48814FF23F5D08D51FBD383C46E21F0F3D2376FA36E8867F584F6"
"GUI_MFC_Legacy\Pre-process\CDlg_similary_predict.cpp","7BA92F9F5EAE67F95F05541CF015F34C9A5731EADB24D419DD1FDC75DC4F262E"
"GUI_MFC_Legacy\Pre-process\CDlg_similary_predict.h","FE4161E670E1F74EB33529CB17F4070CD06F704F54005FB85E244CE03935D7AB"
"GUI_MFC_Legacy\Pre-process\CDlg_Simulating_Parameter.cpp","1F7C1036C0CFA30AA749F9D3851B3434FB0045B7128833D62C2DC66815133E76"
"GUI_MFC_Legacy\Pre-process\CDlg_Simulating_Parameter.h","2D1D98A7AD080B46D993A342078E18D91977FE2C0A203ABAEE6608F1CBA87C14"
"GUI_MFC_Legacy\Pre-process\CFunction.cpp","A0A0B38E1B1B9F2790D25E811FBB378AE83E06230E1A12229F0D46FBF616FDE5"
"GUI_MFC_Legacy\Pre-process\CFunction.h","2F0DD51510F911F6831E52D847D3718C973A0C533AF51784B3618938546685E5"
"GUI_MFC_Legacy\Pre-process\framework.h","9A50435CA9A05B10C4B007C4003D2AD0A2CF9C066964997F115481E68B55808D"
"GUI_MFC_Legacy\Pre-process\MainFrm.cpp","DA85DE3CDC91B615CB7F3B85E4F5A2DEC5BAFB9FFF9FD20FEC59AC99F1427597"
"GUI_MFC_Legacy\Pre-process\MainFrm.h","1BA5A7FDDF930B83E5AFFBC0883B0FCEE17CEAA152AF9545E13438A3B1B40891"
"GUI_MFC_Legacy\Pre-process\pch.cpp","9B0C294AD401BC838E56A703D6133C69C53E9DD9D0698C9A7656AB178E3CAE48"
"GUI_MFC_Legacy\Pre-process\pch.h","067525F2E3CC463559231A3D749D24857627F14E360D398A82F8E549E8C79FC3"
"GUI_MFC_Legacy\Pre-process\Pre-process.cpp","E3E29B61A9042870E0C9F85E5B5CD885918E60659BC20B96B5AFF01E369FF142"
"GUI_MFC_Legacy\Pre-process\Pre-process.h","029BF1BEA9A5048F42ECA263F6CC3575BE7F92BFC5EF1C1E383B6F4A660D20A3"
"GUI_MFC_Legacy\Pre-process\Pre-process.reg","F8DA7399D8AC062108290A16EFDBBDE60170E97504BDF553CEC2687F4AC7D57B"
"GUI_MFC_Legacy\Pre-process\Pre-process.vcxproj","2B770167A652E2FFB3CA5C99D1DD9972734F32FA29C83BF58B2DED4BDF984877"
"GUI_MFC_Legacy\Pre-process\Pre-process.vcxproj.filters","8F03AB2E127FB274960B515B7848E2021C8902A54A7E89F2FC198094B8556AAA"
"GUI_MFC_Legacy\Pre-process\Pre-process.vcxproj.user","118ACA388E946E251E97F681BF93335FB803F35681757CB17566B273F3418675"
"GUI_MFC_Legacy\Pre-process\Pre-processDoc.cpp","E345727E6E66F7DC3AAF482B9518276751F3BB368D604CA399091E21265171B1"
"GUI_MFC_Legacy\Pre-process\Pre-processDoc.h","7075EEFAD830684823233F865E73B2C88D3F4738B2849552522E54AF05BC970D"
"GUI_MFC_Legacy\Pre-process\Pre-processView.cpp","BE491D4578518BAAA005558CB9D9807C4172E7DE1025AE830979FED115CDB0FE"
"GUI_MFC_Legacy\Pre-process\Pre-processView.h","BB24EC42F874CE48F55989A64D719446D73F93F5A0C723828D8AA30BEC9E8770"
"GUI_MFC_Legacy\Pre-process\Preprocess.aps","97721DF291835F417794B2FB20B0687772907811D617D85C4F9281DC0A25665B"
"GUI_MFC_Legacy\Pre-process\Preprocess.rc","1AF432A381260EEE210339B7E68E44A2EA4A7C34FAC913781C934A5598185BA5"
"GUI_MFC_Legacy\Pre-process\resource.h","27FFDB42544B5B691F08DABD031285FDBD2455C70A32AFAF1A16B6EA3C4F8C5F"
"GUI_MFC_Legacy\Pre-process\targetver.h","04EB68099E73039A3C12BBCF075F6F6B649EC420DA4E4593B6C5E6B03D138769"
"GUI_MFC_Legacy\Pre-process\TaskEditor.cpp","E842AFC392A3784D5C77570CB016E118D020663C1208B98B09BD0B7F3D384E65"
"GUI_MFC_Legacy\Pre-process\TaskEditor.h","44BE3ADE1B90087FADAE7A8AFFA7B0D1DCFF602545BD71D9B32EB43DDCC3C6C4"
"GUI_MFC_Legacy\Pre-process\ViewTree.cpp","30B0F5055E3075FAE85CB0AD345E4B9D90B53A5FA34424AE1888BBC8F7517E49"
"GUI_MFC_Legacy\Pre-process\ViewTree.h","24ADED7685EA6B3FACB1330CB71E7359BD35D1A2B2DC1780476D2DF75FF9865F"
"GUI_MFC_Legacy\Pre-process\res\classview.bmp","AC6788A37A02E07E7869471F1B82B6BA8973E97579EA70659CD9D9FB87EAE539"
"GUI_MFC_Legacy\Pre-process\res\classview_hc.bmp","CD315D0444420F83663CDBC441A886F6F82B925CC68BD08805E0185428120866"
"GUI_MFC_Legacy\Pre-process\res\class_view.ico","1C9EF2072E7EEA6D716F4D04161F9AB0E3BB86FA669E47AC8F5CA297CAECFD98"
"GUI_MFC_Legacy\Pre-process\res\class_view_hc.ico","6EDFA7689C2DAE40F5B94DB4EF15AFE1617AF34C13E42C9C1DFF76F21F48E529"
"GUI_MFC_Legacy\Pre-process\res\explorer.bmp","C89E7C7D69DFB9C3F16CE65214CA4420B4C79F9A522D614BE13C0674E28D2204"
"GUI_MFC_Legacy\Pre-process\res\explorer_hc.bmp","12E9AC9512971619D64CDC919E3606B00C3582DF87777F49EED7C4E49F41FDCA"
"GUI_MFC_Legacy\Pre-process\res\fileview.bmp","E12410068D12D0A8E3EE062C41F6C21C4C31C4BD9CED221BFF0B412B5126D6CF"
"GUI_MFC_Legacy\Pre-process\res\fileview_hc.bmp","5EEC2CFA36CEFC529E337A889485F79CC0A70958801BC07DD3C36948198E8C0D"
"GUI_MFC_Legacy\Pre-process\res\file_view.ico","8E7B0C40845DBD823F4DEF3A901EA9FEA191C0E2CB8A9DFD6C27FB9886D4342E"
"GUI_MFC_Legacy\Pre-process\res\file_view_hc.ico","39FBFF0E01505C9A91362E8E933866B5C8F5E0F45C66A796737601C130FB680D"
"GUI_MFC_Legacy\Pre-process\res\menuimages.bmp","37509CC714F32C7A8657D02A44FEC71F21DEC9ED7EF8AB6695BAB2118E5CCB81"
"GUI_MFC_Legacy\Pre-process\res\menuimages_hc.bmp","8B86CC2D86728FE6B09BA4902E643D9387805A4504AEFFA531214D35A785E51B"
"GUI_MFC_Legacy\Pre-process\res\output_wnd.ico","E0ACB80AA9A1B80B125837793551EBA112141A886E7A6DA2C7209E9A4DEEC731"
"GUI_MFC_Legacy\Pre-process\res\output_wnd_hc.ico","3826A210916C741CD5B9F4A058CCE3F2147F32834BB14CFB52A468F4519B8D98"
"GUI_MFC_Legacy\Pre-process\res\Pre-process.ico","F9FE1BC463B5ACC2535A30C58C1698FFD395B3973B2B80E006954C3F9E126924"
"GUI_MFC_Legacy\Pre-process\res\Pre-processDoc.ico","8014F72DAEE92BB687418FEEFFB8BE8D0113CD6CC9A34C2B55584ACF84DF47E3"
"GUI_MFC_Legacy\Pre-process\res\Preprocess.rc2","BA385BA3E92F7A79E00ECF9EDCF42B358DF9156BBA09D4FB3BF640628E346EE7"
"GUI_MFC_Legacy\Pre-process\res\sort.bmp","09E6FF96643C03359A1C1D65C506506CADE5EDEF4BD0AE7B5A0F45A1FA5491B8"
"GUI_MFC_Legacy\Pre-process\res\sort_hc.bmp","A97E6395066EEE59E84ECA262152FDDB46CE7BEE9427EDC5B599B54A010F213F"
"GUI_MFC_Legacy\Pre-process\res\Toolbar.bmp","0C02069254CB93D4F64E4773ECF8B441E3ADF0851B22E1BA8F4DAE92BCE91213"
"GUI_MFC_Legacy\Pre-process\res\Toolbar256.bmp","4C05FE214B27F44CB2232846268C1A3C10E7FC438FA7A2A312BC700FCE2FC0C7"
"GUI_MFC_Legacy\Pre-process\res\userimages.bmp","9EDF29B8D95FACB4128E91959E6E6A63AF2F6C4988FB14A02497AC64ECEDE32F"
"GUI_MFC_Legacy\x64\Debug\CDlg_similary_predict.obj","421539F17D2BDB73D3ED90B7323EBD1E31CDA3893B70B54DEFE5C0AF8BAFC2C1"
"GUI_MFC_Legacy\x64\Debug\CDlg_Simulating_Parameter.obj","E4576A63263A4D4C414FF7F9E35B4E64B6E105123A5E7CA7A007CDBB18755FDE"
"GUI_MFC_Legacy\x64\Debug\CFunction.obj","1095E930E11E958B963BCE5E912A1E8477EC4EC10C1E82A7BD8996C33BBF105D"
"GUI_MFC_Legacy\x64\Debug\ClassView.obj","9BE8D2E491152B8A0E1286A64BB0EFEDD43EE9B815E2A9ADD3769D876E5CEE73"
"GUI_MFC_Legacy\x64\Debug\FileView.obj","5F39C90FC14B4F9AB841D51D9012928CA293C048DA48802CF9F39B212984D459"
"GUI_MFC_Legacy\x64\Debug\MainFrm.obj","0208B3582CEE8BA27A9BE44456FC5FDF4FC0B9DD7626A1A9AA9446F90B1ABCC7"
"GUI_MFC_Legacy\x64\Debug\OutputWnd.obj","D534E950282F26D78FC1C833AFA76F4299037F37B99E05A2E0A12D74E31E3867"
"GUI_MFC_Legacy\x64\Debug\pch.obj","40BC8DB14C899C274F3FDD24B29395AA7B99D16BD6A957DCB750FC1BECCF525C"
"GUI_MFC_Legacy\x64\Debug\Pre-process.Build.CppClean.log","9E1EB3912A5E9C554E1943771D640617910DFFE905149F9DAEBF6A04AC17FFB4"
"GUI_MFC_Legacy\x64\Debug\Pre-process.exe","7F5AAC3AB8B112A0CCA4D228585C49F8D0C3434337E8DACEBE773E41ABA17718"
"GUI_MFC_Legacy\x64\Debug\Pre-process.exe.recipe","6D7EA484F8D4A776AB031F357C5872C817E470B29B0817567CC38B11DEAAF4BB"
"GUI_MFC_Legacy\x64\Debug\Pre-process.ilk","5D163BF6CA6A57B98271BDB273061525A20ADA2ACFA9F6E905BC60343725B3D3"
"GUI_MFC_Legacy\x64\Debug\Pre-process.log","EF148DCC80DA998ED192F20850DC754BE0E15EBDD18857D9B156224A87CB37C6"
"GUI_MFC_Legacy\x64\Debug\Pre-process.obj","70F957E1A11C69B0196AFC2B234EF664C3B0EAFDF3BBD44BAB9C4E8E7053B214"
"GUI_MFC_Legacy\x64\Debug\Pre-process.pch","38F9FDCD554753C001CCC5CB0980CDDE6DA55CE002C8999C1415609B6E06147A"
"GUI_MFC_Legacy\x64\Debug\Pre-process.pdb","D1E2A49AD215D9316F4FD46DBE48ACC1E15690897A08E273B44781661532F871"
"GUI_MFC_Legacy\x64\Debug\Pre-process.vcxproj.FileListAbsolute.txt","E3B0C44298FC1C149AFBF4C8996FB92427AE41E4649B934CA495991B7852B855"
"GUI_MFC_Legacy\x64\Debug\Pre-processDoc.obj","414CE676135ECA166E4000752D41D83FC2ED361BAF36A74429EF8C24596FDBB1"
"GUI_MFC_Legacy\x64\Debug\pre-processdoc.obj.enc","DD540D28970311C991B367215BCA3F5097BFED839834BD5C6CADAB35670CE3FD"
"GUI_MFC_Legacy\x64\Debug\Pre-processView.obj","023D03A933DA923EC39B7BC38BA19462AE2EA19EE8A840250D0FD7FCBC9F3DD5"
"GUI_MFC_Legacy\x64\Debug\Preprocess.res","2B9DE94D19AC778B0B13BF769D1167C6097F77C88759F9F34BE5128D7AF483E7"
"GUI_MFC_Legacy\x64\Debug\vc143.idb","31E994C587431DE240F42EFE97F474AD072E3D9C27E5CF74EC1004C989FA9874"
"GUI_MFC_Legacy\x64\Debug\vc143.pdb","F0E5AB68C4CBE54875AD5626CF72F4700F43E1EE6061B01C9FE769946B04CDFD"
"GUI_MFC_Legacy\x64\Debug\ViewTree.obj","6AF3EB4237CD50E881228DABF89545309E8BAD65330466104C09B3185F666507"
"GUI_MFC_Legacy\x64\Debug\Pre-process.tlog\CL.command.1.tlog","DFF75C2ECD8644D5DA96E79B52D8CF41E1AA9CA03A8B528697CEA99823FC35F2"
"GUI_MFC_Legacy\x64\Debug\Pre-process.tlog\Cl.items.tlog","E9EDA65FB83DC70CA174B611C081716D7CF586E9E9982FF6896D652FCA57F8BA"
"GUI_MFC_Legacy\x64\Debug\Pre-process.tlog\CL.read.1.tlog","AAD91694DD1C03C7AB60FCCDE6428DEA96DBA2E1FC325E8D5C57F284B374F959"
"GUI_MFC_Legacy\x64\Debug\Pre-process.tlog\CL.write.1.tlog","39691EEB7D23887E3CF5E12F1167405B04240AF294D9F1710EA7002C12565C23"
"GUI_MFC_Legacy\x64\Debug\Pre-process.tlog\link.command.1.tlog","F3673040BE8C4483350471A14E30298FE7755CDFE7387D762EEA44E5C5FE48FA"
"GUI_MFC_Legacy\x64\Debug\Pre-process.tlog\link.read.1.tlog","21F096E219FADBCDEC31258D3F1ED1A899D89A5D4A996D7464F5F88B0131AC12"
"GUI_MFC_Legacy\x64\Debug\Pre-process.tlog\link.secondary.1.tlog","4EF1DB15214604C19882EF4B1420A8653E228BCA39DCB2210393367D7B2228DF"
"GUI_MFC_Legacy\x64\Debug\Pre-process.tlog\link.write.1.tlog","688BD3DB4378DACAA9CD6B86861DB3A533B60E6D49D3B5926579671535F7615A"
"GUI_MFC_Legacy\x64\Debug\Pre-process.tlog\Pre-process.lastbuildstate","02B5CA378BE37D9543F75B38F4FF43918A9F4E0AE9F8B54F1A7A75AFC472547E"
"GUI_MFC_Legacy\x64\Debug\Pre-process.tlog\rc.command.1.tlog","B80D6649A7E39EEF96248424ADA6C5B28BF3D339BF9F7D3A432B3732A8C9910A"
"GUI_MFC_Legacy\x64\Debug\Pre-process.tlog\rc.read.1.tlog","D65B248E4E9B76CA2911597EB88AB262678E11ACAF89591F7910BA55B876EC5E"
"GUI_MFC_Legacy\x64\Debug\Pre-process.tlog\rc.write.1.tlog","6035A198065CD9A826ABB562DECE8D7EE0604F6B4A5FE6206C8CE412E3914251"
"GUI_MFC_Legacy\x64\Release\CDlg_similary_predict.obj","B125D0C6471D2B3184C66B891A6BC34E189C8900B8FAA1DE23DC8A30D2BC8F16"
"GUI_MFC_Legacy\x64\Release\CDlg_Simulating_Parameter.obj","08F0816A748CCD5ADF736BD5F6B1FF18325136CE43CBCA29B3B6D7C98FC236D7"
"GUI_MFC_Legacy\x64\Release\CFunction.obj","B3F720E61D6AAA835F952B5321F6B76198E65F9FF1E2850EEF49FBBA1FED8805"
"GUI_MFC_Legacy\x64\Release\ClassView.obj","24C366A3505CF57BE8FC9839A9A302CC09A8F0E1D79B62AD1B8EAFB7D7017F3B"
"GUI_MFC_Legacy\x64\Release\FileView.obj","1A24C389B0EA700D6E35A59228EA19A5760D24B5ED3A0FCD14C1FA4499F298FA"
"GUI_MFC_Legacy\x64\Release\MainFrm.obj","7E5DF290FA1F7C863520D2FF606E44A98047716969CE4691BB297FF3D62E8900"
"GUI_MFC_Legacy\x64\Release\OutputWnd.obj","7C93A27B6162151248C5346517BC0EE4D0339C1DDEBC288C497675D18689671A"
"GUI_MFC_Legacy\x64\Release\pch.obj","2490FDC94DFEF43F0D6B808D4C82122A993A37C7CE4560D7C8AABDFE4779B167"
"GUI_MFC_Legacy\x64\Release\Pre-process.exe","EBB3CC299801EC205AA49362342247C9E7B4812398DDB1D384064C37429A65DC"
"GUI_MFC_Legacy\x64\Release\Pre-process.exe.recipe","4119B05001BB46DBDF4BE4719C3BD050F2889EFD16CDF710E9FA94C84B92226B"
"GUI_MFC_Legacy\x64\Release\Pre-process.iobj","47F8026498366C515A97F1C225A1A5D29681B371DE82ED7C3664864BDA83473D"
"GUI_MFC_Legacy\x64\Release\Pre-process.ipdb","6FB736D69DC4BF41961EA1331E74558DCF897F0249E04BDB98C4AFAE0DC64ADB"
"GUI_MFC_Legacy\x64\Release\Pre-process.log","81B2CF7BCE7B149E6DAB904F5496DACB7F524CDAD01D337CC0D01FF2AB72D423"
"GUI_MFC_Legacy\x64\Release\Pre-process.obj","AA3379C17ADE71BF8A82649D084A5D512F7BBFF0B5C402DA0102EF095F19A5A9"
"GUI_MFC_Legacy\x64\Release\Pre-process.pch","4DE93C8A3063EE1ACECB5B3F0674C0A300C9F893F666D19C64BB31F7BD0A8CF5"
"GUI_MFC_Legacy\x64\Release\Pre-processDoc.obj","F010A4EBA6EBF7FAB035B696D72CC7EBC6D9DCFB1D172CAB712C7579D855394F"
"GUI_MFC_Legacy\x64\Release\Pre-processView.obj","6389C71A4B0A59A134D57AFEA8D9DCA9947A98922AA2CF163967E532815EC730"
"GUI_MFC_Legacy\x64\Release\Preprocess.res","3AB4981F817B0C028B89083C81CE39326AA3E9789A78B6FCCF6D8872F74B783E"
"GUI_MFC_Legacy\x64\Release\vc143.pdb","03E2B547FBCEB89BBAA6FF91796018571780CFE5CBA1E4FD08048DB9C553F359"
"GUI_MFC_Legacy\x64\Release\ViewTree.obj","A293297C396890EC17E57656716F2AA737E8DB6B654FC2C2509A01EC9ED21E35"
"GUI_MFC_Legacy\x64\Release\coreprogram\00-文件SHA256校验清单.csv","7019F756B0D6B51477F6E17CB1A8AD975BE36D1E5F41F0A386A314C8E6C386DF"
"GUI_MFC_Legacy\x64\Release\coreprogram\00-文件校验单.csv","0C8F4A916FF7D75ADD7E676FA7E7AE2A2F9A758C283136A38E0F1CECCD619CAA"
"GUI_MFC_Legacy\x64\Release\coreprogram\00-软件参数接口表.xlsx","83FAA8B47F0D2197614C1D3566856A2564DCB52F3CAEB6D346A6638C061C0EA1"
"GUI_MFC_Legacy\x64\Release\coreprogram\00-软件程序说明.docx","3940D4DB29B22C073D952FB5463EF18C3CBB08F15FC842BF0F68B22E8F127928"
"GUI_MFC_Legacy\x64\Release\coreprogram\00-运行环境与部署说明.txt","820A793DA01742F9AFA451BDFD1BFBA96FF676B20E2EF7D3219097C841D5E4EF"
"GUI_MFC_Legacy\x64\Release\coreprogram\config.json","E1F675C07BA2B6034F0FAE1AE1E23029B6F15FD18E2E3A0517A187616FE26C93"
"GUI_MFC_Legacy\x64\Release\coreprogram\01-正向仿真\01-输入文件\default_scene_template.dat","06B4D9AF67EE69C0B1F670ECCC253238245BC63A649DA6AC3BA61CBAF614F298"
"GUI_MFC_Legacy\x64\Release\coreprogram\01-正向仿真\01-输入文件\gui_input_example.json","B7F11DFB5864DABC91B983239F8A9FD48A813B40686832315133E117FC53B5AB"
"GUI_MFC_Legacy\x64\Release\coreprogram\01-正向仿真\01-输入文件\README_内部模板.txt","2ECA9C6825C432A64F19F3074E33A1B781F15F0E9F11557181D407C914A09FF3"
"GUI_MFC_Legacy\x64\Release\coreprogram\01-正向仿真\02-程序\forward_simulation_runner.py","BC96FFF925C44D476625B614ED2FAAFDAFE9248010017D8FA83BE3413227BF45"
"GUI_MFC_Legacy\x64\Release\coreprogram\01-正向仿真\02-程序\sphere_ir_radiation_output_folder_solarfix.f90","B3CCE12D7842F9F870E3BEF2A3577B78B6990D1BDC91EBD984A7C5E238A7DD78"
"GUI_MFC_Legacy\x64\Release\coreprogram\01-正向仿真\02-程序\sphere_ir_radiation_output_folder_solarfix_compact_sync.exe","9FAD1EF9960A01669132A9452E61259F197BB9AA5C211397BEA1D03D8B56F068"
"GUI_MFC_Legacy\x64\Release\coreprogram\01-正向仿真\02-程序\入口程序使用说明.txt","4F33985B312FC056FC6F2B9EE19B19457B169A5C1E935E27879C82A4FE6038B0"
"GUI_MFC_Legacy\x64\Release\coreprogram\01-正向仿真\03-输出文件\README_输出目录.txt","D905DAC1C98A5BB749701CF4D6463E81183A948005A5B18F53083BC3477183AB"
"GUI_MFC_Legacy\x64\Release\coreprogram\01-正向仿真\03-输出文件\output\beta_unbiasedness_report.txt","AD59F92D449B2A3BB775326A33B7CBEC263B628AD513562CC0115ADE4B2061A6"
"GUI_MFC_Legacy\x64\Release\coreprogram\01-正向仿真\03-输出文件\output\frame_000000_geometry.dat","BE283595E8C1F4DD9D0262D6692EA8EA1C07974830F889786453F285EE408187"
"GUI_MFC_Legacy\x64\Release\coreprogram\01-正向仿真\03-输出文件\output\frame_000000_sphere_temperature.dat","7E16CFCB8BD3F2AA1583C8F13444C5972C4CC94B97EB9F43E6F96232804AA207"
"GUI_MFC_Legacy\x64\Release\coreprogram\01-正向仿真\03-输出文件\output\frame_000000_spot_image.dat","D14E1F266FF8C1DCEA99F766071C3C60E0FDF24271378C44AF806FE55FC88CCB"
"GUI_MFC_Legacy\x64\Release\coreprogram\01-正向仿真\03-输出文件\output\frame_000010_geometry.dat","A029F428DEEA2ABC0AF8BB39503604DFA93BA557B3625D2D6EA9F945A7CFDA89"
"GUI_MFC_Legacy\x64\Release\coreprogram\01-正向仿真\03-输出文件\output\frame_000010_sphere_temperature.dat","F9CF5DD7C765F886EE7A2B74FDCB684C0523E697D5A2CD12AE8153E660E6BFE7"
"GUI_MFC_Legacy\x64\Release\coreprogram\01-正向仿真\03-输出文件\output\frame_000020_geometry.dat","414F959A9A65E91BEAD027BCC145F05A6F1098A30158E0D4558733B8D5F5B09F"
"GUI_MFC_Legacy\x64\Release\coreprogram\01-正向仿真\03-输出文件\output\frame_000020_sphere_temperature.dat","34BE0D402E453960266E613BAF62BEC12C579D0604408C30FFBD661C9E705EAF"
"GUI_MFC_Legacy\x64\Release\coreprogram\01-正向仿真\03-输出文件\output\frame_000030_geometry.dat","9B8ED1B21B37575D5069D1EA93931A73B6CADE6C91CB215893BD0110767C143C"
"GUI_MFC_Legacy\x64\Release\coreprogram\01-正向仿真\03-输出文件\output\frame_000030_sphere_temperature.dat","BF3C720F37341A8869A04B886E9D5344A46D039C639DD1E03C936D0C9FD9A8F5"
"GUI_MFC_Legacy\x64\Release\coreprogram\01-正向仿真\03-输出文件\output\frame_000040_geometry.dat","C971E99C19954DFE8F4169E783558B89D1C50398A9A57C72D5BDCC770CA37E97"
"GUI_MFC_Legacy\x64\Release\coreprogram\01-正向仿真\03-输出文件\output\frame_000040_sphere_temperature.dat","4754E754878671BFE9423C1EF028A462C508F19C908686EA32CF5E257E0BFD2D"
"GUI_MFC_Legacy\x64\Release\coreprogram\01-正向仿真\03-输出文件\output\frame_000050_geometry.dat","D6940D464CE1B82ABD8C3998327588AA6F28318C7FFEAC2C5C65224E109FA618"
"GUI_MFC_Legacy\x64\Release\coreprogram\01-正向仿真\03-输出文件\output\frame_000050_sphere_temperature.dat","1508DD845110C11E561A61502D94BF3778E55A5C4006A5F2F8E5996F3F1DF0D8"
"GUI_MFC_Legacy\x64\Release\coreprogram\01-正向仿真\03-输出文件\output\frame_000060_geometry.dat","F259B0B52AC7EA79709372F03413DF3642B28F86805E3BC962844A61ACF7E43D"
"GUI_MFC_Legacy\x64\Release\coreprogram\01-正向仿真\03-输出文件\output\frame_000060_sphere_temperature.dat","4A6B4E45E103444A4E861D84BFE9CA1EC180E03D24532F3C00E00A6B693649A8"
"GUI_MFC_Legacy\x64\Release\coreprogram\01-正向仿真\03-输出文件\output\frame_000070_geometry.dat","5C06ED7638C0EB967EDE3A8917828C183E908287533CC50656F26847B93C4D5C"
"GUI_MFC_Legacy\x64\Release\coreprogram\01-正向仿真\03-输出文件\output\frame_000070_sphere_temperature.dat","546C52001F12FFFEBDE9B814074C45A749BC661D9A9855399C18B0CAA1E062BC"
"GUI_MFC_Legacy\x64\Release\coreprogram\01-正向仿真\03-输出文件\output\frame_000080_geometry.dat","E4814D6C9CECD74DB9E1B668B39F73D67017CF22AC99660BDFA779782037D62F"
"GUI_MFC_Legacy\x64\Release\coreprogram\01-正向仿真\03-输出文件\output\frame_000080_sphere_temperature.dat","5CE560E748E5E5D5C519BA0D91984D4C7AA3FBDAEB2B5B9FCAFCDF7CB17B43B8"
"GUI_MFC_Legacy\x64\Release\coreprogram\01-正向仿真\03-输出文件\output\frame_000090_geometry.dat","7590349C742C651440CFD4894DA0EEAFBF51E8837E1DCD10B40EF593BC05A072"
"GUI_MFC_Legacy\x64\Release\coreprogram\01-正向仿真\03-输出文件\output\frame_000090_sphere_temperature.dat","D4CBF3A0B2D7670005D4878D40C181AEED7B4B49C1E32F161BED4D1B2A382FAA"
"GUI_MFC_Legacy\x64\Release\coreprogram\01-正向仿真\03-输出文件\output\frame_000100_geometry.dat","5F49948DE6CBB8193327F1B198EFD7EE07A9646863D6C5B98041C31775B672DF"
"GUI_MFC_Legacy\x64\Release\coreprogram\01-正向仿真\03-输出文件\output\frame_000100_sphere_temperature.dat","76F63932E8CA8F7D013CCBFB2105D5224F66659DED697B313793F5964D2456F1"
"GUI_MFC_Legacy\x64\Release\coreprogram\01-正向仿真\03-输出文件\output\frame_000100_spot_image.dat","726F9A99AC22C4B503D3AC62DC93C1E7DFC01CAE943151398EA62949C01F9D45"
"GUI_MFC_Legacy\x64\Release\coreprogram\01-正向仿真\03-输出文件\output\frame_000110_geometry.dat","BAC09C9BA6D823BD5BB3CA645BD2AD409FABB65085650B1930548D90687ADCE7"
"GUI_MFC_Legacy\x64\Release\coreprogram\01-正向仿真\03-输出文件\output\frame_000110_sphere_temperature.dat","FE51FE8859D0D3D668CA0DA8EEFE5434F6F53D8EA1E5DA6CAA757BB38215AA50"
"GUI_MFC_Legacy\x64\Release\coreprogram\01-正向仿真\03-输出文件\output\frame_000120_geometry.dat","261D86546925587A63DCB944DAFF998C1893A14E3CB4D5FC4DEBE1ED8DCC327D"
"GUI_MFC_Legacy\x64\Release\coreprogram\01-正向仿真\03-输出文件\output\frame_000120_sphere_temperature.dat","142527F8D6D764D1B4F2AE08AC14BFB3B9D2E6F313B9037E201F3CD9E42401F9"
"GUI_MFC_Legacy\x64\Release\coreprogram\01-正向仿真\03-输出文件\output\frame_000130_geometry.dat","F1F0089CF28F4F853199D4F7A9E205BCCB9B9C1B0D6FEAFE24C69F8B6325C18F"
"GUI_MFC_Legacy\x64\Release\coreprogram\01-正向仿真\03-输出文件\output\frame_000130_sphere_temperature.dat","F574FC631EC41B59B88D5C5394F0BEB06084CC2753A172E3A225E8CA291E13B1"
"GUI_MFC_Legacy\x64\Release\coreprogram\01-正向仿真\03-输出文件\output\frame_000140_geometry.dat","3694F4C7E0CED77A8463807E0DEB8C00C7F2F65581FC3E0807A99F1D182BE99A"
"GUI_MFC_Legacy\x64\Release\coreprogram\01-正向仿真\03-输出文件\output\frame_000140_sphere_temperature.dat","50A6199A9B1B1AFC0EEE587F437BCC6365EE0DBA92E4888A69FA9581AB90E7F6"
"GUI_MFC_Legacy\x64\Release\coreprogram\01-正向仿真\03-输出文件\output\frame_000150_geometry.dat","EE00B7D76D1FEC4240681575B7F21CA2D4F03849FC67485A8FFBE093EBF8BD64"
"GUI_MFC_Legacy\x64\Release\coreprogram\01-正向仿真\03-输出文件\output\frame_000150_sphere_temperature.dat","E18E6371F69B80452C2C960C9726B365319436C2BBCDBF0F2A9FC5CEB2EE5773"
"GUI_MFC_Legacy\x64\Release\coreprogram\01-正向仿真\03-输出文件\output\frame_000160_geometry.dat","E4E6DEFC42D1F8B1CB49F32F6854836AF2533C43F83FDD98B0AAEFDFB3B52BA8"
"GUI_MFC_Legacy\x64\Release\coreprogram\01-正向仿真\03-输出文件\output\frame_000160_sphere_temperature.dat","1FDEFB8071A00262EC61F0D81D8A77CD8F644445C9DCB5685D847ADE12B50038"
"GUI_MFC_Legacy\x64\Release\coreprogram\01-正向仿真\03-输出文件\output\frame_000170_geometry.dat","46968C5FD00D839AF77279E2F9AEF4ADDAED0F4199D20741D7E596AC3F937F9A"
"GUI_MFC_Legacy\x64\Release\coreprogram\01-正向仿真\03-输出文件\output\frame_000170_sphere_temperature.dat","25D7462BDD2F81D12B5DB3D030FFB41DC1F7BBC406C51BA6098E489E69B15240"
"GUI_MFC_Legacy\x64\Release\coreprogram\01-正向仿真\03-输出文件\output\frame_000180_geometry.dat","75E9F2C89C81D4D6EA862FA194B05CAEF83A71FF15F674D572E22050B7002FEE"
"GUI_MFC_Legacy\x64\Release\coreprogram\01-正向仿真\03-输出文件\output\frame_000180_sphere_temperature.dat","3D7AAD58C964008D3A381FD76F864AC0E7780F12601C4280A404AD31D5A4147F"
"GUI_MFC_Legacy\x64\Release\coreprogram\01-正向仿真\03-输出文件\output\frame_000190_geometry.dat","30FA64537ADC8B16407068A10CDBED005523EFF0628C51CF5E3FBEF028524FD3"
"GUI_MFC_Legacy\x64\Release\coreprogram\01-正向仿真\03-输出文件\output\frame_000190_sphere_temperature.dat","BCD3760384DC64C78BBB7F4A085219B5EC9E3DF456018A67239CBEB6F8B58EAF"
"GUI_MFC_Legacy\x64\Release\coreprogram\01-正向仿真\03-输出文件\output\frame_000200_geometry.dat","D7FBD77D60F84087CBC5A6B422F20049606BA1E481E3F18B9D939552F4B0CE6F"
"GUI_MFC_Legacy\x64\Release\coreprogram\01-正向仿真\03-输出文件\output\frame_000200_sphere_temperature.dat","AB9910A7EA7F680A26D86BFCB7EEB21F1B60CF45ABA354218A11AE39641D786A"
"GUI_MFC_Legacy\x64\Release\coreprogram\01-正向仿真\03-输出文件\output\frame_000200_spot_image.dat","F63E0E32463496ECB4335C422B930CB655642DE6FDF61435A04FC838EE54609D"
"GUI_MFC_Legacy\x64\Release\coreprogram\01-正向仿真\03-输出文件\output\frame_000210_geometry.dat","8C1E72C01E132E62E903B4FCBBC2D7A883CF3ED6C3896941283A807E76A2C941"
"GUI_MFC_Legacy\x64\Release\coreprogram\01-正向仿真\03-输出文件\output\frame_000210_sphere_temperature.dat","433D7FC2005C23C36DFCAE158606935743BCE61BCEC9015872320BF1C62C13D4"
"GUI_MFC_Legacy\x64\Release\coreprogram\01-正向仿真\03-输出文件\output\frame_000220_geometry.dat","50B1411F7F6A7B65A4A6CC695C0586928918A49F9269E32253E5BB7E273503ED"
"GUI_MFC_Legacy\x64\Release\coreprogram\01-正向仿真\03-输出文件\output\frame_000220_sphere_temperature.dat","B5F983D1A5BCB04DA07B204C3BCF546244B3657D9409DB7E5531C11E86543ECC"
"GUI_MFC_Legacy\x64\Release\coreprogram\01-正向仿真\03-输出文件\output\frame_000230_geometry.dat","B80D60284976AD8196811447B04C82B657CBAF29845439E07C5557F37316DD6E"
"GUI_MFC_Legacy\x64\Release\coreprogram\01-正向仿真\03-输出文件\output\frame_000230_sphere_temperature.dat","AE982DD6D17B4A085ACD8AF059D069D363D102F38B1CE9EFEEA2DBAF873B88F5"
"GUI_MFC_Legacy\x64\Release\coreprogram\01-正向仿真\03-输出文件\output\frame_000240_geometry.dat","E23EAD683236420ADD7A6B5C014C1EE1F4E2E760879BDC47CF5EEC8DFCB7156C"
"GUI_MFC_Legacy\x64\Release\coreprogram\01-正向仿真\03-输出文件\output\frame_000240_sphere_temperature.dat","38AB63DC1E8146B270A5CD7051F6A77F740EE2A2C556A0D5B01438728998083D"
"GUI_MFC_Legacy\x64\Release\coreprogram\01-正向仿真\03-输出文件\output\frame_000250_geometry.dat","CEA8556C56B49FA5B46A97E4BA9EA39210E988B0C94D21E8FB68F25CBEE46203"
"GUI_MFC_Legacy\x64\Release\coreprogram\01-正向仿真\03-输出文件\output\frame_000250_sphere_temperature.dat","CD185FA9D641F5D3122B06E97F5EFC15FB9DA7B817A5EDDA48631A8BDAC4D33A"
"GUI_MFC_Legacy\x64\Release\coreprogram\01-正向仿真\03-输出文件\output\frame_000260_geometry.dat","FBB2987ADD77CDEC5D8C33CAD30951277FADFCF1189B1EF1DA157BAF7228429D"
"GUI_MFC_Legacy\x64\Release\coreprogram\01-正向仿真\03-输出文件\output\frame_000260_sphere_temperature.dat","CE24B84C969AF42FA51CEB814176F99B14B230D41D274B2C44942FE55F6A8682"
"GUI_MFC_Legacy\x64\Release\coreprogram\01-正向仿真\03-输出文件\output\frame_000270_geometry.dat","1AB7329B43444B80EB0DB59EE9C0EBFEF480C83EAAFC67E4F12D250EE478CF6F"
"GUI_MFC_Legacy\x64\Release\coreprogram\01-正向仿真\03-输出文件\output\frame_000270_sphere_temperature.dat","EC8BE70F49AFDD357E1ADE51FF0ED9B6A62875311837962757F9D398D7FF485E"
"GUI_MFC_Legacy\x64\Release\coreprogram\01-正向仿真\03-输出文件\output\frame_000280_geometry.dat","DED65C76EAFCD80A5FF5D721ED99C4C9FA45BCAD21BC0E35E23057914C9AC196"
"GUI_MFC_Legacy\x64\Release\coreprogram\01-正向仿真\03-输出文件\output\frame_000280_sphere_temperature.dat","8794AF9570B479EF42A9EB226317AEE276051E6601E739DD35EDC14875DBD632"
"GUI_MFC_Legacy\x64\Release\coreprogram\01-正向仿真\03-输出文件\output\frame_000290_geometry.dat","B6BCBCF9E603BF4559FA84FD7EE54B8FD114B0F50D5C02012A005E0454F73980"
"GUI_MFC_Legacy\x64\Release\coreprogram\01-正向仿真\03-输出文件\output\frame_000290_sphere_temperature.dat","115737497781DF73D6EEE0EFE22C63B1107122A8BFF33BB14C051864D31C7DAA"
"GUI_MFC_Legacy\x64\Release\coreprogram\01-正向仿真\03-输出文件\output\frame_000300_geometry.dat","3D582FB8716CC4BF330CD2316086F4D403876D7A1B96FA346E533445456CDEC4"
"GUI_MFC_Legacy\x64\Release\coreprogram\01-正向仿真\03-输出文件\output\frame_000300_sphere_temperature.dat","EC85B2C071BF2195D8848F6118160CB91FBA6AB8C87982A04D562E7200E99A98"
"GUI_MFC_Legacy\x64\Release\coreprogram\01-正向仿真\03-输出文件\output\frame_000300_spot_image.dat","F25462BD3DA8886C893C405B9507BDDB76B4ABEDE5C58DAEB459893633809B21"
"GUI_MFC_Legacy\x64\Release\coreprogram\01-正向仿真\03-输出文件\output\frame_000310_geometry.dat","120E5C787C0DFE5B4FF5FBC340DBD057B0CDA91F45382431FE1975E59910DDA3"
"GUI_MFC_Legacy\x64\Release\coreprogram\01-正向仿真\03-输出文件\output\frame_000310_sphere_temperature.dat","E3DF7FA152B37F89613EFE5DACA6A3D0274E0BFD1507DF59F4617030574C4B04"
"GUI_MFC_Legacy\x64\Release\coreprogram\01-正向仿真\03-输出文件\output\frame_000320_geometry.dat","9BB0B029434BF2D7EDF7FAC7C7E392B7CC2551C25DA11E4D911EA93F87B65C4D"
"GUI_MFC_Legacy\x64\Release\coreprogram\01-正向仿真\03-输出文件\output\frame_000320_sphere_temperature.dat","A3165EF3F8B8325FAA85883A8024835B88224CA1E8F1B5A7E0D0F739B0380BEC"
"GUI_MFC_Legacy\x64\Release\coreprogram\01-正向仿真\03-输出文件\output\frame_000330_geometry.dat","BBC7D4696E17178B334B3FB1CDE8A83A3408782C4255AD79280B53A325C868BC"
"GUI_MFC_Legacy\x64\Release\coreprogram\01-正向仿真\03-输出文件\output\frame_000330_sphere_temperature.dat","9C8BBD25ACEA30756CE34982F4144FAA1DDA48CB976ACFD4A4F6DC7F2E2D950A"
"GUI_MFC_Legacy\x64\Release\coreprogram\01-正向仿真\03-输出文件\output\frame_000340_geometry.dat","C00BA6E38930AFFA70E406A692739E2D1D29E85D447F747E4FCF38BD0EE70BA6"
"GUI_MFC_Legacy\x64\Release\coreprogram\01-正向仿真\03-输出文件\output\frame_000340_sphere_temperature.dat","1CC8AAB4A7C2919766C2B16A1A921504D28B980D0A7502253E6A3DC13885E417"
"GUI_MFC_Legacy\x64\Release\coreprogram\01-正向仿真\03-输出文件\output\frame_000350_geometry.dat","5B8DDD6F1CC29CB47FD44C7B91754EF697ADF161F08EE31AE9666440C516097C"
"GUI_MFC_Legacy\x64\Release\coreprogram\01-正向仿真\03-输出文件\output\frame_000350_sphere_temperature.dat","54FC0DF6162B0A94CB53AF45B7DC8EF70856635F6F0CC4B97953462A66307D2A"
"GUI_MFC_Legacy\x64\Release\coreprogram\01-正向仿真\03-输出文件\output\frame_000360_geometry.dat","BED3E1567951A939FC91551F273EE23883D72BECF889F7EDBBCCDB3738CD69DB"
"GUI_MFC_Legacy\x64\Release\coreprogram\01-正向仿真\03-输出文件\output\frame_000360_sphere_temperature.dat","9D24D754257E13A98900C9FC4A84A971FDCF27F769BDDE63CEED3469D0F8D979"
"GUI_MFC_Legacy\x64\Release\coreprogram\01-正向仿真\03-输出文件\output\frame_000370_geometry.dat","3F9B4D36B2AD094FC0D365A3D4B46F933CEF63C6D8FE6189BA05587AA40A2437"
"GUI_MFC_Legacy\x64\Release\coreprogram\01-正向仿真\03-输出文件\output\frame_000370_sphere_temperature.dat","458D751C94866E6F81967FF6C2C1B3316066CC596227905551DCDCA74E5C7A87"
"GUI_MFC_Legacy\x64\Release\coreprogram\01-正向仿真\03-输出文件\output\frame_000380_geometry.dat","6E8B6F3CAF7DD68A4D0D63ECDE7C22CB60AB8A04F0BA0CA21998079B5E56317A"
"GUI_MFC_Legacy\x64\Release\coreprogram\01-正向仿真\03-输出文件\output\frame_000380_sphere_temperature.dat","15D94ABDF0713D183FC16F0630C1C23A63E22DC507DEA710694C080F4B0CC195"
"GUI_MFC_Legacy\x64\Release\coreprogram\01-正向仿真\03-输出文件\output\frame_000390_geometry.dat","35E6908426F1571916D9AE654B41BB25BD967C4B5DABF426624BF86FDEEFF529"
"GUI_MFC_Legacy\x64\Release\coreprogram\01-正向仿真\03-输出文件\output\frame_000390_sphere_temperature.dat","EB23D5ED3CEA5AB3F7E7D6E2E8C5CC9E395CF03D45016A06F2FE877F6C57EDE7"
"GUI_MFC_Legacy\x64\Release\coreprogram\01-正向仿真\03-输出文件\output\frame_000400_geometry.dat","5A5F3E96339799C5BBF3DE001E7C9D7FBA16A42EE6DBA47BB6AA38D219AC9113"
"GUI_MFC_Legacy\x64\Release\coreprogram\01-正向仿真\03-输出文件\output\frame_000400_sphere_temperature.dat","A0E43BA76D3D39E5A6653B11DB9B5004321BE81AA229EBD0620C6256DB68DC07"
"GUI_MFC_Legacy\x64\Release\coreprogram\01-正向仿真\03-输出文件\output\frame_000400_spot_image.dat","4AA4EE1D1B66B504929D6A1041178F6D7A47AAA6A37490D3013CF3838895D6F1"
"GUI_MFC_Legacy\x64\Release\coreprogram\01-正向仿真\03-输出文件\output\frame_000410_geometry.dat","CE30068A2886C0955E6D1F61CEAE35FD3E1DBC8FA1A6DAB0D24B66A49B8B6FC9"
"GUI_MFC_Legacy\x64\Release\coreprogram\01-正向仿真\03-输出文件\output\frame_000410_sphere_temperature.dat","259CDFE6CF90C2727F61B98836D7F63EA366DF4D0B2E681D3567B7CDFCD3F7F4"
"GUI_MFC_Legacy\x64\Release\coreprogram\01-正向仿真\03-输出文件\output\frame_000420_geometry.dat","FAED211BCA70DAEB304B9DFD987EF54E56EAAF7A7276700F8FDFD5FE683B2E5D"
"GUI_MFC_Legacy\x64\Release\coreprogram\01-正向仿真\03-输出文件\output\frame_000420_sphere_temperature.dat","57A970C74E689AE3915C908B28AEF70EADCCE3BAF5FA310B7E2E5C6FF207E3DB"
"GUI_MFC_Legacy\x64\Release\coreprogram\01-正向仿真\03-输出文件\output\frame_000430_geometry.dat","0925D6E00DF523C4D37722D6CC56BCAA00874545E368FFF2740D2C6AA5E11901"
"GUI_MFC_Legacy\x64\Release\coreprogram\01-正向仿真\03-输出文件\output\frame_000430_sphere_temperature.dat","CF4AEF0463F4534FBAAC6C503B9963D4583FB270747D3827E4B4C59756DCCCC3"
"GUI_MFC_Legacy\x64\Release\coreprogram\01-正向仿真\03-输出文件\output\frame_000440_geometry.dat","EE318B0FAB711F3BC97399946F70EAB62174F932C9196CC02C0C9488084C3E40"
"GUI_MFC_Legacy\x64\Release\coreprogram\01-正向仿真\03-输出文件\output\frame_000440_sphere_temperature.dat","12546059ABDEAAE3F79BE18878009B85E503D06318A49E48388233C2C69015A1"
"GUI_MFC_Legacy\x64\Release\coreprogram\01-正向仿真\03-输出文件\output\frame_000450_geometry.dat","49C0C84BC3FEBCAF7E85A1A5F867443F48281476DB5B3B7F773A363F67EBC8AD"
"GUI_MFC_Legacy\x64\Release\coreprogram\01-正向仿真\03-输出文件\output\frame_000450_sphere_temperature.dat","4E073EAB491638BF1E018FC224C6E14CC06F76824E2BB3EA9DFB036F4F597CD0"
"GUI_MFC_Legacy\x64\Release\coreprogram\01-正向仿真\03-输出文件\output\frame_000460_geometry.dat","9B339E2E5824982E6347BF671323940469CE3FE57523AC784F2E845367DA3807"
"GUI_MFC_Legacy\x64\Release\coreprogram\01-正向仿真\03-输出文件\output\frame_000460_sphere_temperature.dat","52A81F2972DE228CB9BA2BC11FBB96D5EA9E065FB3A313DF8E74FB71E2C2210C"
"GUI_MFC_Legacy\x64\Release\coreprogram\01-正向仿真\03-输出文件\output\frame_000470_geometry.dat","19332262DD2008D2801C3DAA3412867CAC2958978DCAD889822868756AA06373"
"GUI_MFC_Legacy\x64\Release\coreprogram\01-正向仿真\03-输出文件\output\frame_000470_sphere_temperature.dat","FA0987CCEB80306D6CE95B2820274727DC0E7FA2B4AF9FC3A9D40C8B13B17805"
"GUI_MFC_Legacy\x64\Release\coreprogram\01-正向仿真\03-输出文件\output\frame_000480_geometry.dat","B5B93F6CBF0944D50C959DD504EE95F2255A26D4CFE3332AAEB5709EF7923380"
"GUI_MFC_Legacy\x64\Release\coreprogram\01-正向仿真\03-输出文件\output\frame_000480_sphere_temperature.dat","AC073809EFB4B7ACEBFAEBA2413FEF32D15BB3FAE8C0B500C2F709CAF3908159"
"GUI_MFC_Legacy\x64\Release\coreprogram\01-正向仿真\03-输出文件\output\frame_000490_geometry.dat","9B8D6BA978408030B128B5E5A204B9508208A0307FDB9360356A6147140E70F8"
"GUI_MFC_Legacy\x64\Release\coreprogram\01-正向仿真\03-输出文件\output\frame_000490_sphere_temperature.dat","480C221FD9209E943C9CF555383E0AF919749B44FAA2E8B6AC620962DCB71D79"
"GUI_MFC_Legacy\x64\Release\coreprogram\01-正向仿真\03-输出文件\output\frame_000500_geometry.dat","86362540D4B04CAE44DDFF47339D84625ECE9BB701C88288E702039CEEFDA9C2"
"GUI_MFC_Legacy\x64\Release\coreprogram\01-正向仿真\03-输出文件\output\frame_000500_sphere_temperature.dat","E39F9004AF1BB026D60ADDD0AA8F7301E8B5FA97E3407E456C97235EC1C9400C"
"GUI_MFC_Legacy\x64\Release\coreprogram\01-正向仿真\03-输出文件\output\frame_000510_geometry.dat","FC9E90F90E9D3A89AB58ADEE0C26EBF63C370DF00CEA3D724A477127BF6B16FD"
"GUI_MFC_Legacy\x64\Release\coreprogram\01-正向仿真\03-输出文件\output\frame_000510_sphere_temperature.dat","2C0062E2361B69A923718CEB6F9F1D42272B0BAE24AF99C1C2C2DD9605FE3C8B"
"GUI_MFC_Legacy\x64\Release\coreprogram\01-正向仿真\03-输出文件\output\frame_000520_geometry.dat","C71CEE9A22B37FC7B86E6B9BBC1E6B30A82189BEF835ADB8A3DA1172051F803D"
"GUI_MFC_Legacy\x64\Release\coreprogram\01-正向仿真\03-输出文件\output\frame_000520_sphere_temperature.dat","0B92D7E158F6ED3F49EFA685B3C7B78AE524F128842A04CD2735638356DDF4F6"
"GUI_MFC_Legacy\x64\Release\coreprogram\01-正向仿真\03-输出文件\output\frame_000530_geometry.dat","6DACAF0EB6DCF463D4122ED25DF53A2E5C042DEC1B75E2154BE2FE6D57657761"
"GUI_MFC_Legacy\x64\Release\coreprogram\01-正向仿真\03-输出文件\output\frame_000530_sphere_temperature.dat","D292DF070FF1BC78723A53C01FB95D715EFB4427801F80298931FEA7825F9D0B"
"GUI_MFC_Legacy\x64\Release\coreprogram\01-正向仿真\03-输出文件\output\frame_000540_geometry.dat","7D8F11AA17986B4C40C5B2B526DE068D790CA50FEA9E16040736305DED26AB83"
"GUI_MFC_Legacy\x64\Release\coreprogram\01-正向仿真\03-输出文件\output\frame_000540_sphere_temperature.dat","35AA1C2B7908A9C6D0D651E2577A6D5AC31400A9A3476A00F49CF66363405D7B"
"GUI_MFC_Legacy\x64\Release\coreprogram\01-正向仿真\03-输出文件\output\frame_000550_geometry.dat","72D23EBDD8B30E7CDF41615AF85F6D3E266E0E11C5111A3BE784FAF5BF75DED0"
"GUI_MFC_Legacy\x64\Release\coreprogram\01-正向仿真\03-输出文件\output\frame_000550_sphere_temperature.dat","D7713A456546472E24753C124F6A0D42EA51735E7E0FDD4DFA4EE8E5C6A47B5A"
"GUI_MFC_Legacy\x64\Release\coreprogram\01-正向仿真\03-输出文件\output\frame_000560_geometry.dat","B413E71557E6DFC25B03FCEC2EB500CE52EE5406F0E629B92518B6C675017617"
"GUI_MFC_Legacy\x64\Release\coreprogram\01-正向仿真\03-输出文件\output\frame_000560_sphere_temperature.dat","A16141E4CC4367118A13A034972141DE1CCCF21BBF7DFDAB14D0A5B9E405FE52"
"GUI_MFC_Legacy\x64\Release\coreprogram\01-正向仿真\03-输出文件\output\frame_000570_geometry.dat","4BAB3081AD306CCBC78890D231F2B8379C7674FECDFDAA0613B73C91AE892377"
"GUI_MFC_Legacy\x64\Release\coreprogram\01-正向仿真\03-输出文件\output\frame_000570_sphere_temperature.dat","E5E75429FF6617AB0FAE6A2837FCFC26419702888C2D8C398BC80772CD372395"
"GUI_MFC_Legacy\x64\Release\coreprogram\01-正向仿真\03-输出文件\output\frame_000580_geometry.dat","29AF0750EBD24F87D503CFAFA68C251863177233474AEBBF39EF04F4D7BE7293"
"GUI_MFC_Legacy\x64\Release\coreprogram\01-正向仿真\03-输出文件\output\frame_000580_sphere_temperature.dat","C43F63FD912AE098292A10A9A101035AB38224AF8D704664437DC6DFF5F37E36"
"GUI_MFC_Legacy\x64\Release\coreprogram\01-正向仿真\03-输出文件\output\frame_000590_geometry.dat","81ED4461A6500FA983FA1882C7E6A4059F2D114FBF71B23AC8875AEF78A42FFC"
"GUI_MFC_Legacy\x64\Release\coreprogram\01-正向仿真\03-输出文件\output\frame_000590_sphere_temperature.dat","2F107F2A96A6BA1CE3B506569884311084326C35BA4376C1DD431054E229A22C"
"GUI_MFC_Legacy\x64\Release\coreprogram\01-正向仿真\03-输出文件\output\frame_000600_geometry.dat","4BBF4401931B83D528465CD14B6BF0AA43E5B6E9EAF491DC2D994655E67A83FC"
"GUI_MFC_Legacy\x64\Release\coreprogram\01-正向仿真\03-输出文件\output\frame_000600_sphere_temperature.dat","853DBE3E525EA455941AA8FA270EC2D2CF13B1FED2DD10E05C1F9BE1CF9919FA"
"GUI_MFC_Legacy\x64\Release\coreprogram\01-正向仿真\03-输出文件\output\frame_000610_geometry.dat","DC4F28C333E240763C613ED4958381F254FF7567D59D86F34E2C1C6AB123BA56"
"GUI_MFC_Legacy\x64\Release\coreprogram\01-正向仿真\03-输出文件\output\frame_000610_sphere_temperature.dat","91006758FA1A9ED8780411C8D0A3E9531B7BB756C48B8AB27A4508F37B730F7B"
"GUI_MFC_Legacy\x64\Release\coreprogram\01-正向仿真\03-输出文件\output\frame_000620_geometry.dat","960E1465A8D426401D631097B3209D0A66A1A3E01FF09D974609168FE6A36CF7"
"GUI_MFC_Legacy\x64\Release\coreprogram\01-正向仿真\03-输出文件\output\frame_000620_sphere_temperature.dat","A1880842043C3435D918AAC41FC19676F396A72B62093F213BC05350ED5E4644"
"GUI_MFC_Legacy\x64\Release\coreprogram\01-正向仿真\03-输出文件\output\frame_000630_geometry.dat","BE2B52F5BEC85E38CFD6A737260DA5C212374C6BC83B068B3B57A432A73FEFD7"
"GUI_MFC_Legacy\x64\Release\coreprogram\01-正向仿真\03-输出文件\output\frame_000630_sphere_temperature.dat","04983CC3A84D005048DDB5E7B8C956F11B9AA9B247FAC12A6E5804838BDE32F2"
"GUI_MFC_Legacy\x64\Release\coreprogram\01-正向仿真\03-输出文件\output\frame_000640_geometry.dat","E425F0EB8C585F3EF0490A3B808E677C20E0D3ED3ABE7CE3C8AEF04083882C29"
"GUI_MFC_Legacy\x64\Release\coreprogram\01-正向仿真\03-输出文件\output\frame_000640_sphere_temperature.dat","743FE7D9959E57A443C64267316BF55A80A91FB980615D0352B80F3E5FA995EA"
"GUI_MFC_Legacy\x64\Release\coreprogram\01-正向仿真\03-输出文件\output\frame_000650_geometry.dat","4AC9D5F745C1289E93094575471C2FD66CAE62FAA586AEF5B2E175FDB68D5631"
"GUI_MFC_Legacy\x64\Release\coreprogram\01-正向仿真\03-输出文件\output\frame_000650_sphere_temperature.dat","C45CE92EFB62493CB740F5558C48E0A52441CDCEAACA1050AB46386C596501BB"
"GUI_MFC_Legacy\x64\Release\coreprogram\01-正向仿真\03-输出文件\output\frame_000660_geometry.dat","7F0C2CD5C3F0C782CE10B378F3361DCCFBEE0A4C2F8E6CCDCAD064CC95196414"
"GUI_MFC_Legacy\x64\Release\coreprogram\01-正向仿真\03-输出文件\output\frame_000660_sphere_temperature.dat","D53CCC84A5F4DB166F6C39F388E4DAC84C605170C120CA05FE31199739966B68"
"GUI_MFC_Legacy\x64\Release\coreprogram\01-正向仿真\03-输出文件\output\frame_000670_geometry.dat","7FE26C324DF8C7433052F9A8D8453130CB716EE4C985F9EEEA8964538A8C4D98"
"GUI_MFC_Legacy\x64\Release\coreprogram\01-正向仿真\03-输出文件\output\frame_000670_sphere_temperature.dat","AD02C5920885AB3AA42E03E49E2A159EBF13AF4A10F981799F75416DADE518A7"
"GUI_MFC_Legacy\x64\Release\coreprogram\01-正向仿真\03-输出文件\output\frame_000680_geometry.dat","F8BE7BF8FA0E977D484AEEA5D873AD775F2BBA5AEE9CF69C259387A3A356A9E9"
"GUI_MFC_Legacy\x64\Release\coreprogram\01-正向仿真\03-输出文件\output\frame_000680_sphere_temperature.dat","6FC869F5C0EF88CD055CA4B48CA249CEC51C4E89EAC7B5EE3A23349C0CA55102"
"GUI_MFC_Legacy\x64\Release\coreprogram\01-正向仿真\03-输出文件\output\frame_000690_geometry.dat","213E588FE197DF8013E1F2B9E1CF47300301868B4D0113419C1F3510BB1BD35A"
"GUI_MFC_Legacy\x64\Release\coreprogram\01-正向仿真\03-输出文件\output\frame_000690_sphere_temperature.dat","813ED17CA8CAC96C755978037A1768A5E5E500C4961CBE94365E34C9261761EC"
"GUI_MFC_Legacy\x64\Release\coreprogram\01-正向仿真\03-输出文件\output\frame_000700_geometry.dat","347A845A712061BFEA93DA7398F464406EF5592F4705CD295790E5258E2194C3"
"GUI_MFC_Legacy\x64\Release\coreprogram\01-正向仿真\03-输出文件\output\frame_000700_sphere_temperature.dat","6343FEEC5F89863840C2E7B2699A2A30787F9D62046C065620754D40C2DE96BE"
"GUI_MFC_Legacy\x64\Release\coreprogram\01-正向仿真\03-输出文件\output\frame_000710_geometry.dat","F090E931A64C7B0B6D024C4A66EC21493415036E79FF8D6C1D4294A6BAF0E0D2"
"GUI_MFC_Legacy\x64\Release\coreprogram\01-正向仿真\03-输出文件\output\frame_000710_sphere_temperature.dat","5F261FF2B3280C19A8CBEB984D6298E8597C4EE626A49193862C25A241554C19"
"GUI_MFC_Legacy\x64\Release\coreprogram\01-正向仿真\03-输出文件\output\frame_000720_geometry.dat","18F160C501696C5E363F3C221B631774B2539C834C36806C20CCC384236105FD"
"GUI_MFC_Legacy\x64\Release\coreprogram\01-正向仿真\03-输出文件\output\frame_000720_sphere_temperature.dat","EB98913EECBE5008C4867E3D6DC7EC6EBB03D7EACD902709631DF22ACFED3CE0"
"GUI_MFC_Legacy\x64\Release\coreprogram\01-正向仿真\03-输出文件\output\frame_000730_geometry.dat","395FE2D61F6433ECAA653E821B5D160CFDF263380D7322096262DBCF4EAD6050"
"GUI_MFC_Legacy\x64\Release\coreprogram\01-正向仿真\03-输出文件\output\frame_000730_sphere_temperature.dat","4DC3A0ADC6294DCBD19C87613B7F3C39484DF2A77C4CD91CADC486ED0DAEFB0A"
"GUI_MFC_Legacy\x64\Release\coreprogram\01-正向仿真\03-输出文件\output\frame_000740_geometry.dat","61206F6F83B62D7F7E9DB3A3ADC6F840C00F890C528E1FEEA6C1FF2824CE4A2F"
"GUI_MFC_Legacy\x64\Release\coreprogram\01-正向仿真\03-输出文件\output\frame_000740_sphere_temperature.dat","4DFAF4C90EC486B48B85B664B9D8F38EF68C1145FD253BD402FDD1905C225D0C"
"GUI_MFC_Legacy\x64\Release\coreprogram\01-正向仿真\03-输出文件\output\frame_000750_geometry.dat","8FE644DFF6865F2B3281A2DF549560992983DFBF4F5CDBBFE0B5021A8DA25331"
"GUI_MFC_Legacy\x64\Release\coreprogram\01-正向仿真\03-输出文件\output\frame_000750_sphere_temperature.dat","AD4078EB36426C3E30F99E0E9E6AD246FB7027CDA78C481B6CEBFE1A99E15937"
"GUI_MFC_Legacy\x64\Release\coreprogram\01-正向仿真\03-输出文件\output\frame_000760_geometry.dat","838F8426353D616DED32FF0AD6AE234E5A45E2490DE10C03F7658BF12A273856"
"GUI_MFC_Legacy\x64\Release\coreprogram\01-正向仿真\03-输出文件\output\frame_000760_sphere_temperature.dat","A89D78D4FF118562C26091EE1A478F131C48EB990ED94EA9618F5DCE3D1278F5"
"GUI_MFC_Legacy\x64\Release\coreprogram\01-正向仿真\03-输出文件\output\frame_000770_geometry.dat","644602A7250E2214910E8EDE609D0D398DD9A48EF06D894019632D35E422C82F"
"GUI_MFC_Legacy\x64\Release\coreprogram\01-正向仿真\03-输出文件\output\frame_000770_sphere_temperature.dat","8F431772956C9DE6CDFE874D679D8157AF03EBD77A066DF3DB0E4CEE471FC608"
"GUI_MFC_Legacy\x64\Release\coreprogram\01-正向仿真\03-输出文件\output\frame_000780_geometry.dat","CB35826DBB6A9A64CFB103E1C946432534B3C5E512033CD0C5DE1E4BE911EDC5"
"GUI_MFC_Legacy\x64\Release\coreprogram\01-正向仿真\03-输出文件\output\frame_000780_sphere_temperature.dat","198804DEB1F5F4599673377CA43A2EF0BE223EBA3E6FC985270949DB50216974"
"GUI_MFC_Legacy\x64\Release\coreprogram\01-正向仿真\03-输出文件\output\frame_000790_geometry.dat","0742B297045A24E7AA26F0544C1F97FFFDAB2B52D2D23826E225D21F990FECEC"
"GUI_MFC_Legacy\x64\Release\coreprogram\01-正向仿真\03-输出文件\output\frame_000790_sphere_temperature.dat","627B873765E6C8E7ED007DA1118B3CFA9A97EC888213DA71EEE0852778038F73"
"GUI_MFC_Legacy\x64\Release\coreprogram\01-正向仿真\03-输出文件\output\frame_000800_geometry.dat","C7EC07A94C01AE99F7EC5973649ADF65276F3D14B5BC3C001700CBF8987DF0E0"
"GUI_MFC_Legacy\x64\Release\coreprogram\01-正向仿真\03-输出文件\output\frame_000800_sphere_temperature.dat","6F38554FE7D6F96D778063500C38CFF1623522EE2DF6F68D962D665B87E7E95D"
"GUI_MFC_Legacy\x64\Release\coreprogram\01-正向仿真\03-输出文件\output\frame_000810_geometry.dat","797501138D0FB39AF677C7C96BD73F5338E3D7583FF441256A2EAF9AD9752947"
"GUI_MFC_Legacy\x64\Release\coreprogram\01-正向仿真\03-输出文件\output\frame_000810_sphere_temperature.dat","C8D5CD5D01C2F92029ABB338126A54AAB4FDFE81E21276E65C3C2E3666200801"
"GUI_MFC_Legacy\x64\Release\coreprogram\01-正向仿真\03-输出文件\output\frame_000820_geometry.dat","4CAAA2C1DC8DAF38C750B9A6529F517020350B4EFFAD41176034664E60A86282"
"GUI_MFC_Legacy\x64\Release\coreprogram\01-正向仿真\03-输出文件\output\frame_000820_sphere_temperature.dat","97AF6AFD23B657B5D816D7D3E5B347AB20FDE06624D8B1B83AAE78326A50DE6A"
"GUI_MFC_Legacy\x64\Release\coreprogram\01-正向仿真\03-输出文件\output\frame_000830_geometry.dat","BA39FE82B5ADE00306F42E0C5133FF3D10932069174ACFD16BE19B9A8F6FF66C"
"GUI_MFC_Legacy\x64\Release\coreprogram\01-正向仿真\03-输出文件\output\frame_000830_sphere_temperature.dat","262620CD37A851304BBAE0865BEAA973CCB455410CCCD8EF5A44004B21F1D452"
"GUI_MFC_Legacy\x64\Release\coreprogram\01-正向仿真\03-输出文件\output\frame_000840_geometry.dat","AE2ECE6E48F625B2D43AEC3736000DA5B2512304E5400A76FEA3A11DD5C7AA09"
"GUI_MFC_Legacy\x64\Release\coreprogram\01-正向仿真\03-输出文件\output\frame_000840_sphere_temperature.dat","E0571596203360D38616DEE6EE596CCF2FD632F7A0D435D11E0BBFDF7DB7CC8D"
"GUI_MFC_Legacy\x64\Release\coreprogram\01-正向仿真\03-输出文件\output\frame_000850_geometry.dat","464474407433374FA1C6CE35E855D9241A1200AE7447D93D8FE13FB213C2D674"
"GUI_MFC_Legacy\x64\Release\coreprogram\01-正向仿真\03-输出文件\output\frame_000850_sphere_temperature.dat","65AD7833D5A423804D49E4C15875F33A3FC5FEFCE507BD61C103177BD702A01C"
"GUI_MFC_Legacy\x64\Release\coreprogram\01-正向仿真\03-输出文件\output\frame_000860_geometry.dat","F1CAC5D3155994D112B5BFB1CF70EF1FE59F1C2066313768CFD84671454CCC98"
"GUI_MFC_Legacy\x64\Release\coreprogram\01-正向仿真\03-输出文件\output\frame_000860_sphere_temperature.dat","17A069D0695E64A7FC5F9D6F40F38C14AD7CE350C92147076AFCCF4AA2FBCD11"
"GUI_MFC_Legacy\x64\Release\coreprogram\01-正向仿真\03-输出文件\output\frame_000870_geometry.dat","F6BA423EFCC2FE089C0294ADCBB6F251662E78DCF7DD2CC237DA1308515D60C8"
"GUI_MFC_Legacy\x64\Release\coreprogram\01-正向仿真\03-输出文件\output\frame_000870_sphere_temperature.dat","9985CBFA223FE69208C8FF22B00786360796D1AC3A27FE91129547E1EA1D76E9"
"GUI_MFC_Legacy\x64\Release\coreprogram\01-正向仿真\03-输出文件\output\frame_000880_geometry.dat","14D0B61954E2B51D62C618AB230CBC214280F1DACEBF398DBF189B715E110078"
"GUI_MFC_Legacy\x64\Release\coreprogram\01-正向仿真\03-输出文件\output\frame_000880_sphere_temperature.dat","560009217FA7272A3789E923B34EC6A7A09F77B54F6C0A31009A48762FA6A4AE"
"GUI_MFC_Legacy\x64\Release\coreprogram\01-正向仿真\03-输出文件\output\frame_000890_geometry.dat","E1227E612FB158DC89945495858A3B046F0DAFAA35B721AD4FD14053AE9E7C8A"
"GUI_MFC_Legacy\x64\Release\coreprogram\01-正向仿真\03-输出文件\output\frame_000890_sphere_temperature.dat","F8B2BF59DB681999AEA49FD5A34A5F0463C0D687B75040AF3558D74B034AD766"
"GUI_MFC_Legacy\x64\Release\coreprogram\01-正向仿真\03-输出文件\output\frame_000900_geometry.dat","15E6AEF0AD0913B25B8CADCC44675C7023791A4D7005E44AA9AEA52477569B45"
"GUI_MFC_Legacy\x64\Release\coreprogram\01-正向仿真\03-输出文件\output\frame_000900_sphere_temperature.dat","E224B91B8C01BF6C560FA0689CEFCF180F4D1A1D3ED3FAD4B6167EB3DEED7DE7"
"GUI_MFC_Legacy\x64\Release\coreprogram\01-正向仿真\03-输出文件\output\frame_000910_geometry.dat","0E9B1826A284B9B0515291D13BB423D6EBC63DC0AD565521D9FB21869BB24ABE"
"GUI_MFC_Legacy\x64\Release\coreprogram\01-正向仿真\03-输出文件\output\frame_000910_sphere_temperature.dat","A3B75944E877FCF8BC3D996D8B06AE0C62CF8909CE4E977366B36CD2D9C6022F"
"GUI_MFC_Legacy\x64\Release\coreprogram\01-正向仿真\03-输出文件\output\frame_000920_geometry.dat","D989059B1231DA61E9545AFDEDA7ACCFA22EC8DF0F22CC1EEEE8615B1AD647E3"
"GUI_MFC_Legacy\x64\Release\coreprogram\01-正向仿真\03-输出文件\output\frame_000920_sphere_temperature.dat","D1B0D60CC0E9911129AA6CDBA56E968F1C17676B346E03F5D5166EB2A15FDB48"
"GUI_MFC_Legacy\x64\Release\coreprogram\01-正向仿真\03-输出文件\output\frame_000930_geometry.dat","9EE6506C444900B32C4C7D9AEA89D6A64EB7DD7BFA604C36C81B1DF82BC52B41"
"GUI_MFC_Legacy\x64\Release\coreprogram\01-正向仿真\03-输出文件\output\frame_000930_sphere_temperature.dat","DA068E4EE960A67ADC32379ED5583ACC49CCBACAED79827C2D3AAD58ED2C2160"
"GUI_MFC_Legacy\x64\Release\coreprogram\01-正向仿真\03-输出文件\output\frame_000940_geometry.dat","DAE0B739AE8414BD3FAE166F9189B993A1E0A6316B6E78DBC901AF709B3AB886"
"GUI_MFC_Legacy\x64\Release\coreprogram\01-正向仿真\03-输出文件\output\frame_000940_sphere_temperature.dat","53AD5636451CFE37647149702B6F060997EC89D3018E3B18519FC5DB7C3ABD02"
"GUI_MFC_Legacy\x64\Release\coreprogram\01-正向仿真\03-输出文件\output\frame_000950_geometry.dat","D71A56244984240583E51AA57F2678D10670E3D705427F431E48184CFFCDF6B6"
"GUI_MFC_Legacy\x64\Release\coreprogram\01-正向仿真\03-输出文件\output\frame_000950_sphere_temperature.dat","636C9BEE3F6B1D01B2A9F9A2A9B0FFCA3F83ACC92962BA00DA9F9B3B2597B2D7"
"GUI_MFC_Legacy\x64\Release\coreprogram\01-正向仿真\03-输出文件\output\frame_000960_geometry.dat","65B0D2ECE3E8B09052A8A417036B022CD57E1736839ADF96BBDEC99145CCE1BF"
"GUI_MFC_Legacy\x64\Release\coreprogram\01-正向仿真\03-输出文件\output\frame_000960_sphere_temperature.dat","1A24B4D1EEAC2F893EB6A95E4FD8EC07163DA2944C8A6B3967020548BAA737D0"
"GUI_MFC_Legacy\x64\Release\coreprogram\01-正向仿真\03-输出文件\output\frame_000970_geometry.dat","FC6C4803525E877277FDC360DCCB54C8ACADF4735A1B77E24AAF1F37AE3B8B7A"
"GUI_MFC_Legacy\x64\Release\coreprogram\01-正向仿真\03-输出文件\output\frame_000970_sphere_temperature.dat","323AF5B92B037F71A6C192B48A7F7111AF28B52CECD1A1FDBFC151DCACE98E81"
"GUI_MFC_Legacy\x64\Release\coreprogram\01-正向仿真\03-输出文件\output\frame_000980_geometry.dat","0B1FF8B8FB38BBB70210E59C6A1AA2BD4FA2C515D1B4261796334DA0AEBD595D"
"GUI_MFC_Legacy\x64\Release\coreprogram\01-正向仿真\03-输出文件\output\frame_000980_sphere_temperature.dat","FF084464B9821EEC5B444115E79E1EF05DACD94D75B1375BBE1711DAF3DA7ECD"
"GUI_MFC_Legacy\x64\Release\coreprogram\01-正向仿真\03-输出文件\output\frame_000990_geometry.dat","DB6105581406CF8E7173FCD0A5D50FA90EA9F7ACA71D4C7FF13966CB132713A3"
"GUI_MFC_Legacy\x64\Release\coreprogram\01-正向仿真\03-输出文件\output\frame_000990_sphere_temperature.dat","7CAEEECA078B784FB9373B3B77D26C239C398B708F84E9ECCD96B1E1533A5D0A"
"GUI_MFC_Legacy\x64\Release\coreprogram\01-正向仿真\03-输出文件\output\frame_001000_geometry.dat","E494B0D0BABC7F96539B56EB2DED31CA2F00FB7D41BAABE51161E6C624FA9FEA"
"GUI_MFC_Legacy\x64\Release\coreprogram\01-正向仿真\03-输出文件\output\frame_001000_sphere_temperature.dat","2C19B3DEA9B4F4CBE6B8C2FE4D31281597D3CCE078F9480E70D5CC947DC0BFF4"
"GUI_MFC_Legacy\x64\Release\coreprogram\01-正向仿真\03-输出文件\output\frame_summary.csv","53E64713EA320D624AC033D6AB129270C42AB1DCC4D8A6663C36833BB5BC9564"
"GUI_MFC_Legacy\x64\Release\coreprogram\01-正向仿真\03-输出文件\output\geometry_history.dat","AFA0DB1D2876E22FD088BB7DF01B29DEFFBA2BAAA9D2C95AD9486AA34FFE430A"
"GUI_MFC_Legacy\x64\Release\coreprogram\01-正向仿真\03-输出文件\output\infrared_characteristics.csv","438EF557FD7493FBDA6250BA4A215FB4019DFD2A9858351909D74A9B78561771"
"GUI_MFC_Legacy\x64\Release\coreprogram\01-正向仿真\03-输出文件\output\input_parameters_summary.txt","7CA2EA20A071746CBDB09C9D316BC8E03B5CA9D65522D07C6502E2680369D34C"
"GUI_MFC_Legacy\x64\Release\coreprogram\01-正向仿真\03-输出文件\output\mc_debug.log","EDF449169DC4602DFC171882B1C38E5722676639B832588C1FBC2ABEFE7F31CE"
"GUI_MFC_Legacy\x64\Release\coreprogram\01-正向仿真\03-输出文件\output\mc_statistics.txt","9E168176CC6DE70928B7D83465A844D617AD3808F731E8E531AB820BB2020A1D"
"GUI_MFC_Legacy\x64\Release\coreprogram\01-正向仿真\03-输出文件\output\runtime_summary.txt","515114BEF840E79701B683F20AE5408A8DF27C9500131D00A206F411EA0F93A3"
"GUI_MFC_Legacy\x64\Release\coreprogram\01-正向仿真\03-输出文件\output\screen_history.dat","FD52A3C2B9B35C20B06D3AE8BC5CAF7B40CEB7671D2D381F4BE1607011201C14"
"GUI_MFC_Legacy\x64\Release\coreprogram\01-正向仿真\03-输出文件\output\similarity_evaluation.csv","46260F1B04FF2EDD4F0CF7550E7C4A6F4414BA6F97E910E9988F5BD75B9F2B20"
"GUI_MFC_Legacy\x64\Release\coreprogram\01-正向仿真\03-输出文件\output\sphere_temperature.dat","2C19B3DEA9B4F4CBE6B8C2FE4D31281597D3CCE078F9480E70D5CC947DC0BFF4"
"GUI_MFC_Legacy\x64\Release\coreprogram\01-正向仿真\03-输出文件\output\spot_debug.log","7F7C7E0254C48AA8F4EBB02BE52DFE2367F93592C1533E35251495CBCFBBCC6E"
"GUI_MFC_Legacy\x64\Release\coreprogram\01-正向仿真\03-输出文件\output\spot_image.dat","C3CD18BE4EEBD45C8FED561F49F2346C373F88C882396ACBCE4257CA4D533E07"
"GUI_MFC_Legacy\x64\Release\coreprogram\01-正向仿真\03-输出文件\output\spot_point_history.csv","6D38B517F3631D3957ABB8511550F035F58377E198854053391919ECDD2CF850"
"GUI_MFC_Legacy\x64\Release\coreprogram\01-正向仿真\03-输出文件\output\temperature_history.csv","E3B0C44298FC1C149AFBF4C8996FB92427AE41E4649B934CA495991B7852B855"
"GUI_MFC_Legacy\x64\Release\coreprogram\01-正向仿真\03-输出文件\output\trajectory_output.csv","1C57B408E71C4F29AD1967EE60C3D84FD80B5B285296F6040F764FB1589ECC8B"
"GUI_MFC_Legacy\x64\Release\coreprogram\01-正向仿真\03-输出文件\output\verification_report.txt","CF560C4FD5E39FED7B99B5E771A1672469DA8D9D52C773256EB8B785D0282D48"
"GUI_MFC_Legacy\x64\Release\coreprogram\01-正向仿真\03-输出文件\runs\run_20260910_164751_04d0e923\input.dat","D6D203A20467CAA8D39FF093508C3EDED655DDFD8457B3FB4A6DFE230EFFD988"
"GUI_MFC_Legacy\x64\Release\coreprogram\01-正向仿真\03-输出文件\runs\run_20260910_164751_04d0e923\request.json","80E1BE329C1429F65AC2D8913A5BE1AFAD05E7949142859BDC0D668233B7B382"
"GUI_MFC_Legacy\x64\Release\coreprogram\01-正向仿真\03-输出文件\runs\run_20260910_164751_04d0e923\stdout.txt","E3B0C44298FC1C149AFBF4C8996FB92427AE41E4649B934CA495991B7852B855"
"GUI_MFC_Legacy\x64\Release\coreprogram\01-正向仿真\03-输出文件\runs\run_20260910_164751_04d0e923\output\beta_unbiasedness_report.txt","5A8B121136D4006E4EDEE14DF9E38A4BE412FEBEF2861D3EAD21C8F252A8E784"
"GUI_MFC_Legacy\x64\Release\coreprogram\01-正向仿真\03-输出文件\runs\run_20260910_164751_04d0e923\output\frame_000000_geometry.dat","BE283595E8C1F4DD9D0262D6692EA8EA1C07974830F889786453F285EE408187"
"GUI_MFC_Legacy\x64\Release\coreprogram\01-正向仿真\03-输出文件\runs\run_20260910_164751_04d0e923\output\frame_000000_sphere_temperature.dat","2164B83833CCE5E93C37A9C2084075E55633D3EA270F7C29B12B78603843AD97"
"GUI_MFC_Legacy\x64\Release\coreprogram\01-正向仿真\03-输出文件\runs\run_20260910_164751_04d0e923\output\frame_000000_spot_image.dat","3D48270ED0E32ACC0D74E506E8D10FC873F8165AA5EF94A3AD8E8859205D23D7"
"GUI_MFC_Legacy\x64\Release\coreprogram\01-正向仿真\03-输出文件\runs\run_20260910_164751_04d0e923\output\frame_summary.csv","E31105BC7DC394C5748A8180103334348A2B32500D0C17C82A67BBD89263ED2F"
"GUI_MFC_Legacy\x64\Release\coreprogram\01-正向仿真\03-输出文件\runs\run_20260910_164751_04d0e923\output\geometry_history.dat","82DB46B924286F6430A8DC8414F82F5A70AD652811AF3239732F0F272D6E1147"
"GUI_MFC_Legacy\x64\Release\coreprogram\01-正向仿真\03-输出文件\runs\run_20260910_164751_04d0e923\output\infrared_characteristics.csv","95D3671DCFB23D29DAF31641DF691E01A216191E412E38C775550B3BD580BF2C"
"GUI_MFC_Legacy\x64\Release\coreprogram\01-正向仿真\03-输出文件\runs\run_20260910_164751_04d0e923\output\input_parameters_summary.txt","D5F8E62727F6DD887CE08CDFA8DB21CF2710FA658C8BAEE2EA56ABB546C7A909"
"GUI_MFC_Legacy\x64\Release\coreprogram\01-正向仿真\03-输出文件\runs\run_20260910_164751_04d0e923\output\mc_debug.log","564FC90EA17B559458E714196A68D6540DAA98315F3060CFBDABD058782E31D8"
"GUI_MFC_Legacy\x64\Release\coreprogram\01-正向仿真\03-输出文件\runs\run_20260910_164751_04d0e923\output\mc_statistics.txt","EA24AED3AF59A95AD871D8D29F727FAD3638F7EE866B32506B8F84D51C872FDF"
"GUI_MFC_Legacy\x64\Release\coreprogram\01-正向仿真\03-输出文件\runs\run_20260910_164751_04d0e923\output\runtime_summary.txt","4590BBF337EBF7B263B920DF0F47B9EC8935BB08A9343545998771ACE4267E97"
"GUI_MFC_Legacy\x64\Release\coreprogram\01-正向仿真\03-输出文件\runs\run_20260910_164751_04d0e923\output\screen_history.dat","CF9178B49972F30A9D4FABBBFB9C111F60E1AC68A39090BC5547EFE79B66B5F4"
"GUI_MFC_Legacy\x64\Release\coreprogram\01-正向仿真\03-输出文件\runs\run_20260910_164751_04d0e923\output\similarity_evaluation.csv","16A15D270AC6D031B0DBE8EC030B19351D649C39DFBBF1C2F2FD12D13E7A06E6"
"GUI_MFC_Legacy\x64\Release\coreprogram\01-正向仿真\03-输出文件\runs\run_20260910_164751_04d0e923\output\sphere_temperature.dat","2164B83833CCE5E93C37A9C2084075E55633D3EA270F7C29B12B78603843AD97"
"GUI_MFC_Legacy\x64\Release\coreprogram\01-正向仿真\03-输出文件\runs\run_20260910_164751_04d0e923\output\spot_debug.log","2164BB7A1408E4720CA02B5E26612245E352429E070DAB2CBD4646A4A15E9BD4"
"GUI_MFC_Legacy\x64\Release\coreprogram\01-正向仿真\03-输出文件\runs\run_20260910_164751_04d0e923\output\spot_image.dat","3D48270ED0E32ACC0D74E506E8D10FC873F8165AA5EF94A3AD8E8859205D23D7"
"GUI_MFC_Legacy\x64\Release\coreprogram\01-正向仿真\03-输出文件\runs\run_20260910_164751_04d0e923\output\spot_point_history.csv","D12E4AD4CD4B85F8968BE3DC77BC4E6489151FEDE5D1EEE8A74B63A050CA2470"
"GUI_MFC_Legacy\x64\Release\coreprogram\01-正向仿真\03-输出文件\runs\run_20260910_164751_04d0e923\output\temperature_history.csv","E3B0C44298FC1C149AFBF4C8996FB92427AE41E4649B934CA495991B7852B855"
"GUI_MFC_Legacy\x64\Release\coreprogram\01-正向仿真\03-输出文件\runs\run_20260910_164751_04d0e923\output\trajectory_output.csv","B80607BA727BC55F521504F85B857A8742EBB19D4B2E65E62372E57401028098"
"GUI_MFC_Legacy\x64\Release\coreprogram\01-正向仿真\03-输出文件\runs\run_20260910_164751_04d0e923\output\verification_report.txt","EC589A5A0ABF249163C591CF52890B80A03A88D84A6922508FB5C9F5494AA5E4"
"GUI_MFC_Legacy\x64\Release\coreprogram\01-正向仿真\03-输出文件\runs\run_20260910_183748_f18eb513\input.dat","D6D203A20467CAA8D39FF093508C3EDED655DDFD8457B3FB4A6DFE230EFFD988"
"GUI_MFC_Legacy\x64\Release\coreprogram\01-正向仿真\03-输出文件\runs\run_20260910_183748_f18eb513\request.json","80E1BE329C1429F65AC2D8913A5BE1AFAD05E7949142859BDC0D668233B7B382"
"GUI_MFC_Legacy\x64\Release\coreprogram\01-正向仿真\03-输出文件\runs\run_20260910_183748_f18eb513\stdout.txt","E3B0C44298FC1C149AFBF4C8996FB92427AE41E4649B934CA495991B7852B855"
"GUI_MFC_Legacy\x64\Release\coreprogram\01-正向仿真\03-输出文件\runs\run_20260910_183748_f18eb513\output\beta_unbiasedness_report.txt","BB61FAB6B54E6D7662CE484A29CDE25F404ABF9A688270FCED19A20C59D6C650"
"GUI_MFC_Legacy\x64\Release\coreprogram\01-正向仿真\03-输出文件\runs\run_20260910_183748_f18eb513\output\frame_000000_geometry.dat","BE283595E8C1F4DD9D0262D6692EA8EA1C07974830F889786453F285EE408187"
"GUI_MFC_Legacy\x64\Release\coreprogram\01-正向仿真\03-输出文件\runs\run_20260910_183748_f18eb513\output\frame_000000_sphere_temperature.dat","2164B83833CCE5E93C37A9C2084075E55633D3EA270F7C29B12B78603843AD97"
"GUI_MFC_Legacy\x64\Release\coreprogram\01-正向仿真\03-输出文件\runs\run_20260910_183748_f18eb513\output\frame_000000_spot_image.dat","3D48270ED0E32ACC0D74E506E8D10FC873F8165AA5EF94A3AD8E8859205D23D7"
"GUI_MFC_Legacy\x64\Release\coreprogram\01-正向仿真\03-输出文件\runs\run_20260910_183748_f18eb513\output\frame_000010_geometry.dat","095D4CC53E33C5444084910FBBC3D22F7EA3B11269A08FB375297B52730D3D66"
"GUI_MFC_Legacy\x64\Release\coreprogram\01-正向仿真\03-输出文件\runs\run_20260910_183748_f18eb513\output\frame_000010_sphere_temperature.dat","38C87F74FB14039E827B7328A31F18D8290CC5BE4CFDCE7946938A2BE54CAC8A"
"GUI_MFC_Legacy\x64\Release\coreprogram\01-正向仿真\03-输出文件\runs\run_20260910_183748_f18eb513\output\frame_000020_geometry.dat","8D0AEF1725B339DA9C23E994D9D1D89F122036FC970CEE13DAAC149EB1AE84F2"
"GUI_MFC_Legacy\x64\Release\coreprogram\01-正向仿真\03-输出文件\runs\run_20260910_183748_f18eb513\output\frame_000020_sphere_temperature.dat","7B95D1F77D1DE087D893EF478C253DCC6A71AEFFFCA39CAD106B9AD47AAA9A43"
"GUI_MFC_Legacy\x64\Release\coreprogram\01-正向仿真\03-输出文件\runs\run_20260910_183748_f18eb513\output\frame_000030_geometry.dat","1AADA14DC1A8563599636E05BBC04CB0DA64F0B991CD670CF178B9EDBF2F8EE5"
"GUI_MFC_Legacy\x64\Release\coreprogram\01-正向仿真\03-输出文件\runs\run_20260910_183748_f18eb513\output\frame_000030_sphere_temperature.dat","02C0BBA623C5498E0262339AD9365ACF4CBE824D1A22C49C3CEEA0EE50F201DD"
"GUI_MFC_Legacy\x64\Release\coreprogram\01-正向仿真\03-输出文件\runs\run_20260910_183748_f18eb513\output\frame_000040_geometry.dat","54D3FA7B0D97A449B523579220C3A2837E84C917BC442FCD0F77CA0DFC4AEF41"
"GUI_MFC_Legacy\x64\Release\coreprogram\01-正向仿真\03-输出文件\runs\run_20260910_183748_f18eb513\output\frame_000040_sphere_temperature.dat","7003901C7C08E51BCC3C1F49A40EB9E1AE994EA59AE37BF41A65EC95E75EAC28"
"GUI_MFC_Legacy\x64\Release\coreprogram\01-正向仿真\03-输出文件\runs\run_20260910_183748_f18eb513\output\frame_000050_geometry.dat","AE7A81A9AA3522EFE3BA0499584D901F67A34BB20EAF71FA8B7DC46D01D63646"
"GUI_MFC_Legacy\x64\Release\coreprogram\01-正向仿真\03-输出文件\runs\run_20260910_183748_f18eb513\output\frame_000050_sphere_temperature.dat","D22C7E90C62846ABB7333F36196D9724E2B502DC2F9B8C522AACB65F4946F1C6"
"GUI_MFC_Legacy\x64\Release\coreprogram\01-正向仿真\03-输出文件\runs\run_20260910_183748_f18eb513\output\frame_summary.csv","98E630481D0B564035E632339FBF6CE5357273632AA8049044E65C75CB5AD8FC"
"GUI_MFC_Legacy\x64\Release\coreprogram\01-正向仿真\03-输出文件\runs\run_20260910_183748_f18eb513\output\geometry_history.dat","43EEC152E2545F198126A74AAEE4380FCBCFCD1C2CB4936EF15769BFB645DBFD"
"GUI_MFC_Legacy\x64\Release\coreprogram\01-正向仿真\03-输出文件\runs\run_20260910_183748_f18eb513\output\infrared_characteristics.csv","6C3DED0520FB3A36A15D037155025564C7FB0E467F9057981AC18402A57F3986"
"GUI_MFC_Legacy\x64\Release\coreprogram\01-正向仿真\03-输出文件\runs\run_20260910_183748_f18eb513\output\input_parameters_summary.txt","0AFB19CB35A21DFE218B5C2C237CC9170D925B074FB4B6FDD7B84359DA01279C"
"GUI_MFC_Legacy\x64\Release\coreprogram\01-正向仿真\03-输出文件\runs\run_20260910_183748_f18eb513\output\mc_debug.log","CA89475769109EAD577919EF15A71FE0AFA3DE708C612AB458A3770F727C3C22"
"GUI_MFC_Legacy\x64\Release\coreprogram\01-正向仿真\03-输出文件\runs\run_20260910_183748_f18eb513\output\mc_statistics.txt","86A59663320939F1F24A6F9FF691769FA330F92BE5E3C54AA8FFBF342540FF89"
"GUI_MFC_Legacy\x64\Release\coreprogram\01-正向仿真\03-输出文件\runs\run_20260910_183748_f18eb513\output\runtime_summary.txt","3CA918CCC2D356D3FF504F292171E4A55A823577BDE82F55282F3DDAA8669095"
"GUI_MFC_Legacy\x64\Release\coreprogram\01-正向仿真\03-输出文件\runs\run_20260910_183748_f18eb513\output\screen_history.dat","C40B0B0A4C48E642A6EECD0C9FF78344C84C6318729FE5F800083C830F596645"
"GUI_MFC_Legacy\x64\Release\coreprogram\01-正向仿真\03-输出文件\runs\run_20260910_183748_f18eb513\output\similarity_evaluation.csv","13A6E3DCC2658CEBFFEE046F35FAAA04E348A4847A0FCB9EC133F338970CF818"
"GUI_MFC_Legacy\x64\Release\coreprogram\01-正向仿真\03-输出文件\runs\run_20260910_183748_f18eb513\output\sphere_temperature.dat","D22C7E90C62846ABB7333F36196D9724E2B502DC2F9B8C522AACB65F4946F1C6"
"GUI_MFC_Legacy\x64\Release\coreprogram\01-正向仿真\03-输出文件\runs\run_20260910_183748_f18eb513\output\spot_debug.log","8E7CCA0F2CF66E797209E4E4C31A2807EB6C18DA59A01F47D94CCC190833F4C6"
"GUI_MFC_Legacy\x64\Release\coreprogram\01-正向仿真\03-输出文件\runs\run_20260910_183748_f18eb513\output\spot_image.dat","3FA64C357EE57183B1C5EE50D6102DA0F5D43BEF42A0F7C6F43434A456493657"
"GUI_MFC_Legacy\x64\Release\coreprogram\01-正向仿真\03-输出文件\runs\run_20260910_183748_f18eb513\output\spot_point_history.csv","C2CD493EBD92FDE6714DA6C5562F8C49C4656BA200638650E5EC7CBE6BDE4C20"
"GUI_MFC_Legacy\x64\Release\coreprogram\01-正向仿真\03-输出文件\runs\run_20260910_183748_f18eb513\output\temperature_history.csv","E3B0C44298FC1C149AFBF4C8996FB92427AE41E4649B934CA495991B7852B855"
"GUI_MFC_Legacy\x64\Release\coreprogram\01-正向仿真\03-输出文件\runs\run_20260910_183748_f18eb513\output\trajectory_output.csv","F975F8944249702C1980AAACCF02C31329DDD1F82CB2931E99775B83604BA244"
"GUI_MFC_Legacy\x64\Release\coreprogram\01-正向仿真\03-输出文件\runs\run_20260910_183748_f18eb513\output\verification_report.txt","243451F5FB0FEC234C415A9D1D711EDCBD5669E007179C6C39B649C43A324EDB"
"GUI_MFC_Legacy\x64\Release\coreprogram\01-正向仿真\03-输出文件\runs\run_20260911_102028_de62db01\input.dat","8CFB6C1259AC2A3C52AFC218D3D3F774DE8E6A1F0B534883107C055B7B9E1369"
"GUI_MFC_Legacy\x64\Release\coreprogram\01-正向仿真\03-输出文件\runs\run_20260911_102028_de62db01\request.json","DCB42418A1B6A72F7B73769FAF2D978A3455C49BED49BBE6CE084DC676086AC6"
"GUI_MFC_Legacy\x64\Release\coreprogram\01-正向仿真\03-输出文件\runs\run_20260911_102028_de62db01\result.json","BD29B98F9AEA93547AE2DF0496068EC2698C6C5F8E69B84F9CD3265C9A0C3E16"
"GUI_MFC_Legacy\x64\Release\coreprogram\01-正向仿真\03-输出文件\runs\run_20260911_102028_de62db01\sphere1_temperature.csv","D3EC64975D53AB215BFAB8A900A7D995791D274978864B3617889D55190752EE"
"GUI_MFC_Legacy\x64\Release\coreprogram\01-正向仿真\03-输出文件\runs\run_20260911_102028_de62db01\stderr.txt","E3B0C44298FC1C149AFBF4C8996FB92427AE41E4649B934CA495991B7852B855"
"GUI_MFC_Legacy\x64\Release\coreprogram\01-正向仿真\03-输出文件\runs\run_20260911_102028_de62db01\stdout.txt","31F707FE41EF3CA47310351CB255367DFCCCB36AEE7C74C29F43426324942541"
"GUI_MFC_Legacy\x64\Release\coreprogram\01-正向仿真\03-输出文件\runs\run_20260911_102028_de62db01\output\beta_unbiasedness_report.txt","AE802C3FAD4137FE6780E4412836EF0DF0DCBDCFDEF2D2059DF6298BF6821D92"
"GUI_MFC_Legacy\x64\Release\coreprogram\01-正向仿真\03-输出文件\runs\run_20260911_102028_de62db01\output\frame_000000_geometry.dat","BE283595E8C1F4DD9D0262D6692EA8EA1C07974830F889786453F285EE408187"
"GUI_MFC_Legacy\x64\Release\coreprogram\01-正向仿真\03-输出文件\runs\run_20260911_102028_de62db01\output\frame_000000_sphere_temperature.dat","5E2E0BF6AF4763D5F4EB1EDEA40A23722A3E159693EC20376E26C58EC822EB88"
"GUI_MFC_Legacy\x64\Release\coreprogram\01-正向仿真\03-输出文件\runs\run_20260911_102028_de62db01\output\frame_000000_spot_image.dat","A973DF99E9252DFC63A52A5072E25D4945C20A865126E5BAB0A3264D4E03E39B"
"GUI_MFC_Legacy\x64\Release\coreprogram\01-正向仿真\03-输出文件\runs\run_20260911_102028_de62db01\output\frame_000010_geometry.dat","095D4CC53E33C5444084910FBBC3D22F7EA3B11269A08FB375297B52730D3D66"
"GUI_MFC_Legacy\x64\Release\coreprogram\01-正向仿真\03-输出文件\runs\run_20260911_102028_de62db01\output\frame_000010_sphere_temperature.dat","655B1C7343F1D04FA5C90E33F8DADB3C762EA4C8F655B6F135F34CB3B094452D"
"GUI_MFC_Legacy\x64\Release\coreprogram\01-正向仿真\03-输出文件\runs\run_20260911_102028_de62db01\output\frame_000020_geometry.dat","8D0AEF1725B339DA9C23E994D9D1D89F122036FC970CEE13DAAC149EB1AE84F2"
"GUI_MFC_Legacy\x64\Release\coreprogram\01-正向仿真\03-输出文件\runs\run_20260911_102028_de62db01\output\frame_000020_sphere_temperature.dat","5F7037515F3E0817C31B1F699A4C1A662E7D12F6E21C9E424212A8DFB0C6B463"
"GUI_MFC_Legacy\x64\Release\coreprogram\01-正向仿真\03-输出文件\runs\run_20260911_102028_de62db01\output\frame_000030_geometry.dat","1AADA14DC1A8563599636E05BBC04CB0DA64F0B991CD670CF178B9EDBF2F8EE5"
"GUI_MFC_Legacy\x64\Release\coreprogram\01-正向仿真\03-输出文件\runs\run_20260911_102028_de62db01\output\frame_000030_sphere_temperature.dat","080C63DD43EBE34D64B83BFAE846A12298735C159379208FE77B12D4D8B207FE"
"GUI_MFC_Legacy\x64\Release\coreprogram\01-正向仿真\03-输出文件\runs\run_20260911_102028_de62db01\output\frame_000040_geometry.dat","54D3FA7B0D97A449B523579220C3A2837E84C917BC442FCD0F77CA0DFC4AEF41"
"GUI_MFC_Legacy\x64\Release\coreprogram\01-正向仿真\03-输出文件\runs\run_20260911_102028_de62db01\output\frame_000040_sphere_temperature.dat","778E1B8224AC45713804D1070CBFADB37000341621EC53E5CF86C9DF642F6F3F"
"GUI_MFC_Legacy\x64\Release\coreprogram\01-正向仿真\03-输出文件\runs\run_20260911_102028_de62db01\output\frame_000050_geometry.dat","AE7A81A9AA3522EFE3BA0499584D901F67A34BB20EAF71FA8B7DC46D01D63646"
"GUI_MFC_Legacy\x64\Release\coreprogram\01-正向仿真\03-输出文件\runs\run_20260911_102028_de62db01\output\frame_000050_sphere_temperature.dat","733FE8C5EAF8906FFB58C8E2E0D63AD96223D0C86C6E51BE1281AB0C4B449D81"
"GUI_MFC_Legacy\x64\Release\coreprogram\01-正向仿真\03-输出文件\runs\run_20260911_102028_de62db01\output\frame_000060_geometry.dat","F259B0B52AC7EA79709372F03413DF3642B28F86805E3BC962844A61ACF7E43D"
"GUI_MFC_Legacy\x64\Release\coreprogram\01-正向仿真\03-输出文件\runs\run_20260911_102028_de62db01\output\frame_000060_sphere_temperature.dat","F8C5674AC18160D1D910BFF32F4FD6B9C4C6FA7D124D1456ED970415C881767E"
"GUI_MFC_Legacy\x64\Release\coreprogram\01-正向仿真\03-输出文件\runs\run_20260911_102028_de62db01\output\frame_000070_geometry.dat","5C06ED7638C0EB967EDE3A8917828C183E908287533CC50656F26847B93C4D5C"
"GUI_MFC_Legacy\x64\Release\coreprogram\01-正向仿真\03-输出文件\runs\run_20260911_102028_de62db01\output\frame_000070_sphere_temperature.dat","80D5ACB50CB5E571B109BF6C85709554DF834CEEE2425479887E099FC9AB887E"
"GUI_MFC_Legacy\x64\Release\coreprogram\01-正向仿真\03-输出文件\runs\run_20260911_102028_de62db01\output\frame_000080_geometry.dat","CD712987218C4A31590DAA68F4C1E1B5D1F60A03FFCAA92FF8585C80EB97F177"
"GUI_MFC_Legacy\x64\Release\coreprogram\01-正向仿真\03-输出文件\runs\run_20260911_102028_de62db01\output\frame_000080_sphere_temperature.dat","D65E29C37531A3ADA509BB1B2465ABB8FAAAE303E8F76955B0BF4C0B88C608BC"
"GUI_MFC_Legacy\x64\Release\coreprogram\01-正向仿真\03-输出文件\runs\run_20260911_102028_de62db01\output\frame_000090_geometry.dat","2170CE99DDAA24E70BC9C79328A4D68B7F019D3E6A859C436C502BCB50C9E9D5"
"GUI_MFC_Legacy\x64\Release\coreprogram\01-正向仿真\03-输出文件\runs\run_20260911_102028_de62db01\output\frame_000090_sphere_temperature.dat","6C11F7878FA49B8B6365EEA723083E3C3E73367D5B2FC58531D693008CA5BBD2"
"GUI_MFC_Legacy\x64\Release\coreprogram\01-正向仿真\03-输出文件\runs\run_20260911_102028_de62db01\output\frame_000100_geometry.dat","E861770579D59C5DEBD47BB6E0BE4D3D1F94E447CD881AFC202178198CA160C7"
"GUI_MFC_Legacy\x64\Release\coreprogram\01-正向仿真\03-输出文件\runs\run_20260911_102028_de62db01\output\frame_000100_sphere_temperature.dat","426495D635E10C136EF7E6862EF11C886D3059D5265757529140BB2F733DAF8E"
"GUI_MFC_Legacy\x64\Release\coreprogram\01-正向仿真\03-输出文件\runs\run_20260911_102028_de62db01\output\frame_000100_spot_image.dat","9BC76DE02CA3A055ECB402E54E38601F7B202E42FA8999C1F48EC49D65F0C7C0"
"GUI_MFC_Legacy\x64\Release\coreprogram\01-正向仿真\03-输出文件\runs\run_20260911_102028_de62db01\output\frame_000110_geometry.dat","E12F81E1151974682F1E4379CEC222DEFFF2D6B5E97FC45C1D5BF4FA42F95AFC"
"GUI_MFC_Legacy\x64\Release\coreprogram\01-正向仿真\03-输出文件\runs\run_20260911_102028_de62db01\output\frame_000110_sphere_temperature.dat","046C2A1AF9D46CC9D7FF0D5DAD23CA16EE5710823E9F2715E6375EFE8E942DAD"
"GUI_MFC_Legacy\x64\Release\coreprogram\01-正向仿真\03-输出文件\runs\run_20260911_102028_de62db01\output\frame_000120_geometry.dat","31A2D0153CB7516B8AA2BA69F6E55DAE78FE1CDDB5BDED4DF349DE3C24DC1725"
"GUI_MFC_Legacy\x64\Release\coreprogram\01-正向仿真\03-输出文件\runs\run_20260911_102028_de62db01\output\frame_000120_sphere_temperature.dat","28BFAB550E0C3EC0F52D76940657965EC25E733CB3F00356CB7A708CB892DD6A"
"GUI_MFC_Legacy\x64\Release\coreprogram\01-正向仿真\03-输出文件\runs\run_20260911_102028_de62db01\output\frame_000130_geometry.dat","09C32FFA39B9D5E968844291702213D7E61BFF417556E170CF2C2A0AF030831C"
"GUI_MFC_Legacy\x64\Release\coreprogram\01-正向仿真\03-输出文件\runs\run_20260911_102028_de62db01\output\frame_000130_sphere_temperature.dat","9219D8673969DC2A3564E07B1EF0383AA2262106BAFA5B7C278A1AD67725FFFB"
"GUI_MFC_Legacy\x64\Release\coreprogram\01-正向仿真\03-输出文件\runs\run_20260911_102028_de62db01\output\frame_000140_geometry.dat","3952E8ED4CB2535F79077FF9486B313383263AA21A6E29A0D445D90AB1F50522"
"GUI_MFC_Legacy\x64\Release\coreprogram\01-正向仿真\03-输出文件\runs\run_20260911_102028_de62db01\output\frame_000140_sphere_temperature.dat","1DE945A4788A762957ABF0FD3F33DD76D3758E74A6C383E95CEE954C2BCE0E80"
"GUI_MFC_Legacy\x64\Release\coreprogram\01-正向仿真\03-输出文件\runs\run_20260911_102028_de62db01\output\frame_000150_geometry.dat","8C9C7A68045574DDDD604F9297C0797EB61595BC811FF8E9F46162146793722A"
"GUI_MFC_Legacy\x64\Release\coreprogram\01-正向仿真\03-输出文件\runs\run_20260911_102028_de62db01\output\frame_000150_sphere_temperature.dat","9A1BBE3A523BA0518A1E63D9611AF7E90C1AFBCCD483A0E40A58422F031CADBC"
"GUI_MFC_Legacy\x64\Release\coreprogram\01-正向仿真\03-输出文件\runs\run_20260911_102028_de62db01\output\frame_000160_geometry.dat","E4E6DEFC42D1F8B1CB49F32F6854836AF2533C43F83FDD98B0AAEFDFB3B52BA8"
"GUI_MFC_Legacy\x64\Release\coreprogram\01-正向仿真\03-输出文件\runs\run_20260911_102028_de62db01\output\frame_000160_sphere_temperature.dat","1E08B823D0F04D5FD49D1B0D85A52349A1F73B455811C6FCC9A099D82C78FB95"
"GUI_MFC_Legacy\x64\Release\coreprogram\01-正向仿真\03-输出文件\runs\run_20260911_102028_de62db01\output\frame_000170_geometry.dat","5B0CD1A032F4983310C4B405E9EA3FD29E3E4F233E0EF5E72D39DBCA8FE1DE01"
"GUI_MFC_Legacy\x64\Release\coreprogram\01-正向仿真\03-输出文件\runs\run_20260911_102028_de62db01\output\frame_000170_sphere_temperature.dat","67F29D5B3CB1F3B306FCA36E95BEA40F193793FD958FAA109B3A66CD3876E94E"
"GUI_MFC_Legacy\x64\Release\coreprogram\01-正向仿真\03-输出文件\runs\run_20260911_102028_de62db01\output\frame_000180_geometry.dat","B4F824D7BD4209EEB0941BCC2224BFBC64DCF8F1577D44DA1983A6662CB08947"
"GUI_MFC_Legacy\x64\Release\coreprogram\01-正向仿真\03-输出文件\runs\run_20260911_102028_de62db01\output\frame_000180_sphere_temperature.dat","C86EF29A5BAAF28BAD5F64314053E1DCC54E397ECB172ED3E26E09D20DCAE553"
"GUI_MFC_Legacy\x64\Release\coreprogram\01-正向仿真\03-输出文件\runs\run_20260911_102028_de62db01\output\frame_000190_geometry.dat","7F25BA6FE69165B8344C300DBAD8137DF3C1424A837576B6B769A0D386C2CC95"
"GUI_MFC_Legacy\x64\Release\coreprogram\01-正向仿真\03-输出文件\runs\run_20260911_102028_de62db01\output\frame_000190_sphere_temperature.dat","80D6272BEB6ADA0ACB4319AD9535B5085EE2522A874A733FDA25A770BC8636F5"
"GUI_MFC_Legacy\x64\Release\coreprogram\01-正向仿真\03-输出文件\runs\run_20260911_102028_de62db01\output\frame_000200_geometry.dat","856B8F0D0F7D2FA7CF05A22AB99AEFC486221C53A368EC33F99CC4AFA155408C"
"GUI_MFC_Legacy\x64\Release\coreprogram\01-正向仿真\03-输出文件\runs\run_20260911_102028_de62db01\output\frame_000200_sphere_temperature.dat","C01E29340F8AB9C231178FDAD5AFEB3C08FA605B2CB95AD94955C4DA2A97C0BE"
"GUI_MFC_Legacy\x64\Release\coreprogram\01-正向仿真\03-输出文件\runs\run_20260911_102028_de62db01\output\frame_000200_spot_image.dat","82179AF7021CD4CB6DDA8BCDCB9B7D5BF217946B791FD95C08493880A90A5C2A"
"GUI_MFC_Legacy\x64\Release\coreprogram\01-正向仿真\03-输出文件\runs\run_20260911_102028_de62db01\output\frame_000210_geometry.dat","275CA38C75398D25FBFEA2F5BDD45170059B6DD7104D55D965B22F86898278A8"
"GUI_MFC_Legacy\x64\Release\coreprogram\01-正向仿真\03-输出文件\runs\run_20260911_102028_de62db01\output\frame_000210_sphere_temperature.dat","7AFB7C9A50223AD2FB28FD20F23A63D6924AFC2AA1CF471BB9754746AD29DD1B"
"GUI_MFC_Legacy\x64\Release\coreprogram\01-正向仿真\03-输出文件\runs\run_20260911_102028_de62db01\output\frame_000220_geometry.dat","7623F8A434EFA239EC7F2530F5CBE7D0984B1614EBD03809651B0EADCFE19F27"
"GUI_MFC_Legacy\x64\Release\coreprogram\01-正向仿真\03-输出文件\runs\run_20260911_102028_de62db01\output\frame_000220_sphere_temperature.dat","8DDC5FD3C07040FE4DC718F7D7FA0C31FA874EF202FA5FFC9625166021774471"
"GUI_MFC_Legacy\x64\Release\coreprogram\01-正向仿真\03-输出文件\runs\run_20260911_102028_de62db01\output\frame_000230_geometry.dat","7A92AFADFAF09B06AF834E1AAAE1AB51E85D817A7B96626531FA96E4D70CF6C2"
"GUI_MFC_Legacy\x64\Release\coreprogram\01-正向仿真\03-输出文件\runs\run_20260911_102028_de62db01\output\frame_000230_sphere_temperature.dat","151287E6AADD472040EB84B97B11A98830A2AAA5C00DB49DD6696AB14697B175"
"GUI_MFC_Legacy\x64\Release\coreprogram\01-正向仿真\03-输出文件\runs\run_20260911_102028_de62db01\output\frame_000240_geometry.dat","E23EAD683236420ADD7A6B5C014C1EE1F4E2E760879BDC47CF5EEC8DFCB7156C"
"GUI_MFC_Legacy\x64\Release\coreprogram\01-正向仿真\03-输出文件\runs\run_20260911_102028_de62db01\output\frame_000240_sphere_temperature.dat","44A82A1DB25969EBF174BE7CB1D558FFE91D09DBBB81EC255AD5BD1C2C3DF546"
"GUI_MFC_Legacy\x64\Release\coreprogram\01-正向仿真\03-输出文件\runs\run_20260911_102028_de62db01\output\frame_000250_geometry.dat","1430B3A47C980D96B017B4059282815A12639109CEA04875FAA216F339F36C77"
"GUI_MFC_Legacy\x64\Release\coreprogram\01-正向仿真\03-输出文件\runs\run_20260911_102028_de62db01\output\frame_000250_sphere_temperature.dat","5C442F6BE4F51459AEB6AE584B63021082E2319199BBEB33C9F2F8E999685EE9"
"GUI_MFC_Legacy\x64\Release\coreprogram\01-正向仿真\03-输出文件\runs\run_20260911_102028_de62db01\output\frame_000260_geometry.dat","BF3586846E1BB47C9F8EC429B14EDAF78B45FB73CC53623EA2EF9F97E56D01A4"
"GUI_MFC_Legacy\x64\Release\coreprogram\01-正向仿真\03-输出文件\runs\run_20260911_102028_de62db01\output\frame_000260_sphere_temperature.dat","DC0A1C3EB3DB5F1D25B2B64D768FC010368ABE2C51CF4E41938180D5CAC721B7"
"GUI_MFC_Legacy\x64\Release\coreprogram\01-正向仿真\03-输出文件\runs\run_20260911_102028_de62db01\output\frame_000270_geometry.dat","3503E679C5C63E407E04025142BFB84CE26DDFC7DC3728219C61984A6FB00BEE"
"GUI_MFC_Legacy\x64\Release\coreprogram\01-正向仿真\03-输出文件\runs\run_20260911_102028_de62db01\output\frame_000270_sphere_temperature.dat","20C0D7C2837E5AD31261D663121D96DDCA67EADA59897E61A6018D2BC543B275"
"GUI_MFC_Legacy\x64\Release\coreprogram\01-正向仿真\03-输出文件\runs\run_20260911_102028_de62db01\output\frame_000280_geometry.dat","B21FB4D554D2EF57A74988A6AC787D315E6D778BC31171827241DAE63320C1E7"
"GUI_MFC_Legacy\x64\Release\coreprogram\01-正向仿真\03-输出文件\runs\run_20260911_102028_de62db01\output\frame_000280_sphere_temperature.dat","6D161CE4AF79D4922BF97493E18EE4217305F10C0B1116C5515C81A34E53DB6B"
"GUI_MFC_Legacy\x64\Release\coreprogram\01-正向仿真\03-输出文件\runs\run_20260911_102028_de62db01\output\frame_000290_geometry.dat","118B218D56580AA365A389D40BF9AE9D6064922353117C8DD3BF4578143AB649"
"GUI_MFC_Legacy\x64\Release\coreprogram\01-正向仿真\03-输出文件\runs\run_20260911_102028_de62db01\output\frame_000290_sphere_temperature.dat","C47F0006FF5D7B46938E84A1C55B8B6E69991249261BA3C4B3FB8C52441E1643"
"GUI_MFC_Legacy\x64\Release\coreprogram\01-正向仿真\03-输出文件\runs\run_20260911_102028_de62db01\output\frame_000300_geometry.dat","6C73263284013FB32E9379A474541F759EE10B47B2089602C079107E0FD76C13"
"GUI_MFC_Legacy\x64\Release\coreprogram\01-正向仿真\03-输出文件\runs\run_20260911_102028_de62db01\output\frame_000300_sphere_temperature.dat","92AAC09064B4F49371956E859023896DAC8ED1302FF305BB8080DD6547C373FF"
"GUI_MFC_Legacy\x64\Release\coreprogram\01-正向仿真\03-输出文件\runs\run_20260911_102028_de62db01\output\frame_000300_spot_image.dat","549899D5E644A19F5C284BF111CE560BFEF8925F04F6767D3244B3C7D1A98820"
"GUI_MFC_Legacy\x64\Release\coreprogram\01-正向仿真\03-输出文件\runs\run_20260911_102028_de62db01\output\frame_000310_geometry.dat","120E5C787C0DFE5B4FF5FBC340DBD057B0CDA91F45382431FE1975E59910DDA3"
"GUI_MFC_Legacy\x64\Release\coreprogram\01-正向仿真\03-输出文件\runs\run_20260911_102028_de62db01\output\frame_000310_sphere_temperature.dat","4EE449552763575F0969604112461F0FFCBB7197FA50726B7E86BB6988074F1E"
"GUI_MFC_Legacy\x64\Release\coreprogram\01-正向仿真\03-输出文件\runs\run_20260911_102028_de62db01\output\frame_000320_geometry.dat","AA0906641D5BA4470F5DE760B8315903978D833D3BD0D88E684084229E38C959"
"GUI_MFC_Legacy\x64\Release\coreprogram\01-正向仿真\03-输出文件\runs\run_20260911_102028_de62db01\output\frame_000320_sphere_temperature.dat","B855BEEBC6E994040D574FEB3E00312AA8D931CC7C31E522E048066F8E7CF649"
"GUI_MFC_Legacy\x64\Release\coreprogram\01-正向仿真\03-输出文件\runs\run_20260911_102028_de62db01\output\frame_000330_geometry.dat","179E1BB74A8C60002620133B1C9D39299D268ED98F5C2A3A8E89134F47F3D48A"
"GUI_MFC_Legacy\x64\Release\coreprogram\01-正向仿真\03-输出文件\runs\run_20260911_102028_de62db01\output\frame_000330_sphere_temperature.dat","BB649E164150D9C2B787F1BA50E8AC6686231B91C06503D82D6DFA65BF0018E4"
"GUI_MFC_Legacy\x64\Release\coreprogram\01-正向仿真\03-输出文件\runs\run_20260911_102028_de62db01\output\frame_000340_geometry.dat","4C3B43A25982644D85F7B0323007540A727A28E00D2D1E9D9A07D7D41C5D436F"
"GUI_MFC_Legacy\x64\Release\coreprogram\01-正向仿真\03-输出文件\runs\run_20260911_102028_de62db01\output\frame_000340_sphere_temperature.dat","1D04A986D77A8CD86D7FD9A02DC2894C87E2CAF39A9A4504ACD47BA7805DD997"
"GUI_MFC_Legacy\x64\Release\coreprogram\01-正向仿真\03-输出文件\runs\run_20260911_102028_de62db01\output\frame_000350_geometry.dat","B56A2EA3EAA0BEA3285E93E3D2C708B48CB1062B0C3F7FBEE0F61C9D45F9D54D"
"GUI_MFC_Legacy\x64\Release\coreprogram\01-正向仿真\03-输出文件\runs\run_20260911_102028_de62db01\output\frame_000350_sphere_temperature.dat","59F4EB86B61B6872885F23FFA999FF03644621FC4C28A26EE1A037013D4B6A86"
"GUI_MFC_Legacy\x64\Release\coreprogram\01-正向仿真\03-输出文件\runs\run_20260911_102028_de62db01\output\frame_000360_geometry.dat","C92442930DF03E6FB3444DD6692EB649ACDBFD20DFBA4D0258646BB601249699"
"GUI_MFC_Legacy\x64\Release\coreprogram\01-正向仿真\03-输出文件\runs\run_20260911_102028_de62db01\output\frame_000360_sphere_temperature.dat","EF223351F9E409ADEF1FF5729072C188BB7FAF7EA105D1D0079DCAA387DB9C15"
"GUI_MFC_Legacy\x64\Release\coreprogram\01-正向仿真\03-输出文件\runs\run_20260911_102028_de62db01\output\frame_000370_geometry.dat","3F9B4D36B2AD094FC0D365A3D4B46F933CEF63C6D8FE6189BA05587AA40A2437"
"GUI_MFC_Legacy\x64\Release\coreprogram\01-正向仿真\03-输出文件\runs\run_20260911_102028_de62db01\output\frame_000370_sphere_temperature.dat","33EAB4F76C8750B9CFBB54507B6D8A2A7B3017899640FFE27AB927B8DFF4336C"
"GUI_MFC_Legacy\x64\Release\coreprogram\01-正向仿真\03-输出文件\runs\run_20260911_102028_de62db01\output\frame_000380_geometry.dat","B32A4C0277A569C0EC5110F5236A3780BC223B70D243CDE187984F1C91BBE35A"
"GUI_MFC_Legacy\x64\Release\coreprogram\01-正向仿真\03-输出文件\runs\run_20260911_102028_de62db01\output\frame_000380_sphere_temperature.dat","A91B9D6EA1BB94E6BB6DC92F530E1B818C8E947798D1136E46C653B5FE1A5230"
"GUI_MFC_Legacy\x64\Release\coreprogram\01-正向仿真\03-输出文件\runs\run_20260911_102028_de62db01\output\frame_000390_geometry.dat","EDF533A6041F4529D2669D20A39542537CF6BE15D690E9F3EF33F6A7FB2399B0"
"GUI_MFC_Legacy\x64\Release\coreprogram\01-正向仿真\03-输出文件\runs\run_20260911_102028_de62db01\output\frame_000390_sphere_temperature.dat","EF0F391CA3E89F603D372ADB7B35E96DB5F95DBEEC04C8032DD53307B812D2B5"
"GUI_MFC_Legacy\x64\Release\coreprogram\01-正向仿真\03-输出文件\runs\run_20260911_102028_de62db01\output\frame_000400_geometry.dat","F103B6DF030DC232584F09EBC3FEC0B4F16C047F776A9203E2D1B0E96EFEE9D1"
"GUI_MFC_Legacy\x64\Release\coreprogram\01-正向仿真\03-输出文件\runs\run_20260911_102028_de62db01\output\frame_000400_sphere_temperature.dat","13E9AFDA39AA7669E86D2293A15EDDCADB2AFC3C50132C9680A80373FE3E101C"
"GUI_MFC_Legacy\x64\Release\coreprogram\01-正向仿真\03-输出文件\runs\run_20260911_102028_de62db01\output\frame_000400_spot_image.dat","262BBFFBA7C64DCFFE1E34069F91CCE7508BD62942BD5CCD0276734BC6138D16"
"GUI_MFC_Legacy\x64\Release\coreprogram\01-正向仿真\03-输出文件\runs\run_20260911_102028_de62db01\output\frame_000410_geometry.dat","CE30068A2886C0955E6D1F61CEAE35FD3E1DBC8FA1A6DAB0D24B66A49B8B6FC9"
"GUI_MFC_Legacy\x64\Release\coreprogram\01-正向仿真\03-输出文件\runs\run_20260911_102028_de62db01\output\frame_000410_sphere_temperature.dat","9EB2E6FD32017CA9AECE80D13CD496D320710351B1A228F777BA43AC3DBE20F3"
"GUI_MFC_Legacy\x64\Release\coreprogram\01-正向仿真\03-输出文件\runs\run_20260911_102028_de62db01\output\frame_000420_geometry.dat","1473878774B2DD598E4635B55B185BA34F1125DAC9AE41C48A5BE92932EFCAE5"
"GUI_MFC_Legacy\x64\Release\coreprogram\01-正向仿真\03-输出文件\runs\run_20260911_102028_de62db01\output\frame_000420_sphere_temperature.dat","6389F663E6D549AA88C953D9DD6DF3DE2BCCBD651775092C876F4A7CED2F55D9"
"GUI_MFC_Legacy\x64\Release\coreprogram\01-正向仿真\03-输出文件\runs\run_20260911_102028_de62db01\output\frame_000430_geometry.dat","0925D6E00DF523C4D37722D6CC56BCAA00874545E368FFF2740D2C6AA5E11901"
"GUI_MFC_Legacy\x64\Release\coreprogram\01-正向仿真\03-输出文件\runs\run_20260911_102028_de62db01\output\frame_000430_sphere_temperature.dat","33732D1362B851A77784CB505FCDCD1C4E758DB8851FD19963A42D7AE5FBFA24"
"GUI_MFC_Legacy\x64\Release\coreprogram\01-正向仿真\03-输出文件\runs\run_20260911_102028_de62db01\output\frame_000440_geometry.dat","89DD0124DB6CE836B664C76B4C2E376307DAD0FA854F7DBC559103120C8BB3D7"
"GUI_MFC_Legacy\x64\Release\coreprogram\01-正向仿真\03-输出文件\runs\run_20260911_102028_de62db01\output\frame_000440_sphere_temperature.dat","EC9EACD296F34FB7405061FD6DBFC32A53239F896A0A22970B3E9C394BEA6063"
"GUI_MFC_Legacy\x64\Release\coreprogram\01-正向仿真\03-输出文件\runs\run_20260911_102028_de62db01\output\frame_000450_geometry.dat","6F4E4ACA61BDAB040B637DEB43766D3D03D4707B34BD6823E24704BA76D446A1"
"GUI_MFC_Legacy\x64\Release\coreprogram\01-正向仿真\03-输出文件\runs\run_20260911_102028_de62db01\output\frame_000450_sphere_temperature.dat","C61FD9EFFE5B2BEA342EC228B9429CEF770FD9B1BD0D5CE17D4689097375E9ED"
"GUI_MFC_Legacy\x64\Release\coreprogram\01-正向仿真\03-输出文件\runs\run_20260911_102028_de62db01\output\frame_000460_geometry.dat","B58D928B16B181CD102D8B038789A0E01920A115460D66794160D70A26297EDB"
"GUI_MFC_Legacy\x64\Release\coreprogram\01-正向仿真\03-输出文件\runs\run_20260911_102028_de62db01\output\frame_000460_sphere_temperature.dat","CBB7CBAB4F5523BA35528E7D514F489E733832AE4F795C7420686818A4FAC52F"
"GUI_MFC_Legacy\x64\Release\coreprogram\01-正向仿真\03-输出文件\runs\run_20260911_102028_de62db01\output\frame_000470_geometry.dat","D980F28231092D1E4CB64B091A8C4A021BB3B7F00F2EE4820A1CC3A8162A63D0"
"GUI_MFC_Legacy\x64\Release\coreprogram\01-正向仿真\03-输出文件\runs\run_20260911_102028_de62db01\output\frame_000470_sphere_temperature.dat","68078C768C5F305697F0F8B768E47A271B8096A702762FA4F34D256E3CDE8265"
"GUI_MFC_Legacy\x64\Release\coreprogram\01-正向仿真\03-输出文件\runs\run_20260911_102028_de62db01\output\frame_000480_geometry.dat","77921BDFC1C75F306AD355C2A32C627145191A0D26CAE394BA91A7A36DAF5E98"
"GUI_MFC_Legacy\x64\Release\coreprogram\01-正向仿真\03-输出文件\runs\run_20260911_102028_de62db01\output\frame_000480_sphere_temperature.dat","8B468704F47A0FB8F3BCD6AFC1EC3BC96661A4D732522E1D79CF5DC26F81EF49"
"GUI_MFC_Legacy\x64\Release\coreprogram\01-正向仿真\03-输出文件\runs\run_20260911_102028_de62db01\output\frame_000490_geometry.dat","D25DBFC5D21FF7009A87BC28627CAE662AE1B7297390249B6189B8C929A67A42"
"GUI_MFC_Legacy\x64\Release\coreprogram\01-正向仿真\03-输出文件\runs\run_20260911_102028_de62db01\output\frame_000490_sphere_temperature.dat","11D4AB43B8496E9340A5F99EF1FAF4B5BC6F5E489746F76738230682DE09ACD0"
"GUI_MFC_Legacy\x64\Release\coreprogram\01-正向仿真\03-输出文件\runs\run_20260911_102028_de62db01\output\frame_000500_geometry.dat","0D09A5D21B151633FABAEF404A4CEF1E205AD3C00C4DA9313E2AB8D4ED7C3AC5"
"GUI_MFC_Legacy\x64\Release\coreprogram\01-正向仿真\03-输出文件\runs\run_20260911_102028_de62db01\output\frame_000500_sphere_temperature.dat","24C1CDC1AF8E3C445A28D59A5B23A177D0E433F4387778A7D8E4E81BE2F75775"
"GUI_MFC_Legacy\x64\Release\coreprogram\01-正向仿真\03-输出文件\runs\run_20260911_102028_de62db01\output\frame_000510_geometry.dat","152F6B7E95DCBC7E424339B08EA8D8420EEB4CD8011213C9457D3C8933FA8E6A"
"GUI_MFC_Legacy\x64\Release\coreprogram\01-正向仿真\03-输出文件\runs\run_20260911_102028_de62db01\output\frame_000510_sphere_temperature.dat","462653CFABC9B19EAF346A815C8B6BF40D9741BBA64E50189DF9008AE276B7F8"
"GUI_MFC_Legacy\x64\Release\coreprogram\01-正向仿真\03-输出文件\runs\run_20260911_102028_de62db01\output\frame_000520_geometry.dat","7B2105002E64F24AE753CEAE48D02587DC1B3D7F49E4842BC75A0C59E7384664"
"GUI_MFC_Legacy\x64\Release\coreprogram\01-正向仿真\03-输出文件\runs\run_20260911_102028_de62db01\output\frame_000520_sphere_temperature.dat","537D41E6B47B4D065285A4F83BC8321BCDC261F50C7DF93A89E8DA1F78B4BF87"
"GUI_MFC_Legacy\x64\Release\coreprogram\01-正向仿真\03-输出文件\runs\run_20260911_102028_de62db01\output\frame_000530_geometry.dat","EBE862A93C651ED4B33046D2818C9A1D7AE0F0DC7B8AEFEB354B2816A2013AA9"
"GUI_MFC_Legacy\x64\Release\coreprogram\01-正向仿真\03-输出文件\runs\run_20260911_102028_de62db01\output\frame_000530_sphere_temperature.dat","C50B961E419BD775DBFB46A0358781F9644ACE965F33BE417ADB03AAC4E2379D"
"GUI_MFC_Legacy\x64\Release\coreprogram\01-正向仿真\03-输出文件\runs\run_20260911_102028_de62db01\output\frame_000540_geometry.dat","7D8F11AA17986B4C40C5B2B526DE068D790CA50FEA9E16040736305DED26AB83"
"GUI_MFC_Legacy\x64\Release\coreprogram\01-正向仿真\03-输出文件\runs\run_20260911_102028_de62db01\output\frame_000540_sphere_temperature.dat","2C368D5462BC6FB37C23F1E4DD2C4AD53EC8E2072F9FAA4161E44EA7B77EB4F9"
"GUI_MFC_Legacy\x64\Release\coreprogram\01-正向仿真\03-输出文件\runs\run_20260911_102028_de62db01\output\frame_000550_geometry.dat","9C45CC400680157D85EA478666E1DF02FD9AF89D7E2A031C4E627FCEB3EF5EBA"
"GUI_MFC_Legacy\x64\Release\coreprogram\01-正向仿真\03-输出文件\runs\run_20260911_102028_de62db01\output\frame_000550_sphere_temperature.dat","D99AF971C5117B906F411104F004A512F1BD0C71FD3840E92BF9495CB1AA5F16"
"GUI_MFC_Legacy\x64\Release\coreprogram\01-正向仿真\03-输出文件\runs\run_20260911_102028_de62db01\output\frame_000560_geometry.dat","1AE614256FE3F0D138940322E93DD94853B706405424CFF8F902A3EA57E54E29"
"GUI_MFC_Legacy\x64\Release\coreprogram\01-正向仿真\03-输出文件\runs\run_20260911_102028_de62db01\output\frame_000560_sphere_temperature.dat","BC7D5E8C7C26550B345BAE4C4E0CC2A8E92BF32397D05BD28DF8FDA333B1928A"
"GUI_MFC_Legacy\x64\Release\coreprogram\01-正向仿真\03-输出文件\runs\run_20260911_102028_de62db01\output\frame_000570_geometry.dat","53A3AE5B3E834484A1B9980395704ABB50E3E4866DE1A5F31FD6E9C99E62617B"
"GUI_MFC_Legacy\x64\Release\coreprogram\01-正向仿真\03-输出文件\runs\run_20260911_102028_de62db01\output\frame_000570_sphere_temperature.dat","2D5BD24C2EAD364C48ABA64B8C77E0CB6C215AD792C70D01DCF304300067D7E2"
"GUI_MFC_Legacy\x64\Release\coreprogram\01-正向仿真\03-输出文件\runs\run_20260911_102028_de62db01\output\frame_000580_geometry.dat","53C5C35C71DDD54AE5B1DD963E479D05061397A5DEA398F7BF7C0D5C71B181E0"
"GUI_MFC_Legacy\x64\Release\coreprogram\01-正向仿真\03-输出文件\runs\run_20260911_102028_de62db01\output\frame_000580_sphere_temperature.dat","8A26C7A0EFF43D7A25375C5A3738C6FD221DFCCC0DE42FE43968B00E6D591A32"
"GUI_MFC_Legacy\x64\Release\coreprogram\01-正向仿真\03-输出文件\runs\run_20260911_102028_de62db01\output\frame_000590_geometry.dat","D1B38400A37A53F45763B857F0F0798A3548156AB75AA05DFD33C69DA9364F69"
"GUI_MFC_Legacy\x64\Release\coreprogram\01-正向仿真\03-输出文件\runs\run_20260911_102028_de62db01\output\frame_000590_sphere_temperature.dat","A792940A11C09022133C3C5ABAAE4D9B87D4A0D73808F53695B49D3C14F96783"
"GUI_MFC_Legacy\x64\Release\coreprogram\01-正向仿真\03-输出文件\runs\run_20260911_102028_de62db01\output\frame_000600_geometry.dat","DFE63E131865B81F402898301338B56BC44FC0D5FDEEC051190D196C06DA68F8"
"GUI_MFC_Legacy\x64\Release\coreprogram\01-正向仿真\03-输出文件\runs\run_20260911_102028_de62db01\output\frame_000600_sphere_temperature.dat","C4C4F20FCDC49E7506475445D6F15569B19A6FCE8555077599C8626EA270E4C2"
"GUI_MFC_Legacy\x64\Release\coreprogram\01-正向仿真\03-输出文件\runs\run_20260911_102028_de62db01\output\frame_000610_geometry.dat","5C00E1DF1E1C8D11983D14E6AEE8788246BCD1F9E8A367AD12E5A1632A519EC8"
"GUI_MFC_Legacy\x64\Release\coreprogram\01-正向仿真\03-输出文件\runs\run_20260911_102028_de62db01\output\frame_000610_sphere_temperature.dat","62DD0BDD55C8259E1120DECBC8E14C057CE402432D97FFC0AD78556E8D4C6EBF"
"GUI_MFC_Legacy\x64\Release\coreprogram\01-正向仿真\03-输出文件\runs\run_20260911_102028_de62db01\output\frame_000620_geometry.dat","960E1465A8D426401D631097B3209D0A66A1A3E01FF09D974609168FE6A36CF7"
"GUI_MFC_Legacy\x64\Release\coreprogram\01-正向仿真\03-输出文件\runs\run_20260911_102028_de62db01\output\frame_000620_sphere_temperature.dat","A05B080D0104FD384D2A3C1904FA800B5B5F62C4AB4F0398D44FC9AB780C33C2"
"GUI_MFC_Legacy\x64\Release\coreprogram\01-正向仿真\03-输出文件\runs\run_20260911_102028_de62db01\output\frame_000630_geometry.dat","F54EDC15FA73A1D4A2A1D4CB5A57754E27A23991D8F042919E679A0AD1CB742F"
"GUI_MFC_Legacy\x64\Release\coreprogram\01-正向仿真\03-输出文件\runs\run_20260911_102028_de62db01\output\frame_000630_sphere_temperature.dat","56E5F07DE2591CD2861651F18E8F9E07E1E332D99C1E9AF055D8ABEFE7AEED8C"
"GUI_MFC_Legacy\x64\Release\coreprogram\01-正向仿真\03-输出文件\runs\run_20260911_102028_de62db01\output\frame_000640_geometry.dat","BB3D61DE1792E85B78749A90B1CDCD140F799C2AAE3AE64AD6B28EA39865798E"
"GUI_MFC_Legacy\x64\Release\coreprogram\01-正向仿真\03-输出文件\runs\run_20260911_102028_de62db01\output\frame_000640_sphere_temperature.dat","2E8098CEDA3A684711543396A91FD0D81B67911EFFB616EA2537FE983AF9BC05"
"GUI_MFC_Legacy\x64\Release\coreprogram\01-正向仿真\03-输出文件\runs\run_20260911_102028_de62db01\output\frame_000650_geometry.dat","54ED25D194164F2131CD5460782B2D4782D169ACB0C491D435A40F9D66FB744D"
"GUI_MFC_Legacy\x64\Release\coreprogram\01-正向仿真\03-输出文件\runs\run_20260911_102028_de62db01\output\frame_000650_sphere_temperature.dat","02791710F9F81225E5AE6713DC08190C35A1560007B79D94D1E36B015B40C43F"
"GUI_MFC_Legacy\x64\Release\coreprogram\01-正向仿真\03-输出文件\runs\run_20260911_102028_de62db01\output\frame_000660_geometry.dat","7F0C2CD5C3F0C782CE10B378F3361DCCFBEE0A4C2F8E6CCDCAD064CC95196414"
"GUI_MFC_Legacy\x64\Release\coreprogram\01-正向仿真\03-输出文件\runs\run_20260911_102028_de62db01\output\frame_000660_sphere_temperature.dat","9DA8CB6C17472AB1512304A2BC5EC175DF865926CFF2D221C99044CCB3101DE0"
"GUI_MFC_Legacy\x64\Release\coreprogram\01-正向仿真\03-输出文件\runs\run_20260911_102028_de62db01\output\frame_000670_geometry.dat","7FE26C324DF8C7433052F9A8D8453130CB716EE4C985F9EEEA8964538A8C4D98"
"GUI_MFC_Legacy\x64\Release\coreprogram\01-正向仿真\03-输出文件\runs\run_20260911_102028_de62db01\output\frame_000670_sphere_temperature.dat","85920F6393DB5912DE2594AAABDAF0C2C27741C516B2137FED690C98F44247ED"
"GUI_MFC_Legacy\x64\Release\coreprogram\01-正向仿真\03-输出文件\runs\run_20260911_102028_de62db01\output\frame_000680_geometry.dat","94C6910334895D022DCA819D482FCB83BC99F15EDEF0DE41C9D6B36E82D558B3"
"GUI_MFC_Legacy\x64\Release\coreprogram\01-正向仿真\03-输出文件\runs\run_20260911_102028_de62db01\output\frame_000680_sphere_temperature.dat","ADB2D56FC85AD2A081BE887D1656C47DCEB0FDD52BC28ADFC9511F6404AA3B4C"
"GUI_MFC_Legacy\x64\Release\coreprogram\01-正向仿真\03-输出文件\runs\run_20260911_102028_de62db01\output\frame_000690_geometry.dat","3DFFA5D4A1ACF3B526F73E108FBC312FAA741B8B7E0359F0239E1C2775A72091"
"GUI_MFC_Legacy\x64\Release\coreprogram\01-正向仿真\03-输出文件\runs\run_20260911_102028_de62db01\output\frame_000690_sphere_temperature.dat","7FDA64EAB63E9B031ECA55724DCF864921E315ED5858987FEFD7DD7BE03F2CB4"
"GUI_MFC_Legacy\x64\Release\coreprogram\01-正向仿真\03-输出文件\runs\run_20260911_102028_de62db01\output\frame_000700_geometry.dat","BD3ECCE29E5A9DDC64156FF1B92AA436A75D16446BD0E4BE50CDA46E60BBA78C"
"GUI_MFC_Legacy\x64\Release\coreprogram\01-正向仿真\03-输出文件\runs\run_20260911_102028_de62db01\output\frame_000700_sphere_temperature.dat","C0843F10A1C057805DC11834163C53C6BDD5FB5C2E7235A7A3A5FC7EBD1E8E6A"
"GUI_MFC_Legacy\x64\Release\coreprogram\01-正向仿真\03-输出文件\runs\run_20260911_102028_de62db01\output\frame_000710_geometry.dat","E2DF8374C46480A076B3F26E8434D7FD00CF748E81D39B5DC51C262F04598D8F"
"GUI_MFC_Legacy\x64\Release\coreprogram\01-正向仿真\03-输出文件\runs\run_20260911_102028_de62db01\output\frame_000710_sphere_temperature.dat","B7C6A9419352298F5E9B2C08352831BB9BB50B0CE18D42EB68B2609216F17932"
"GUI_MFC_Legacy\x64\Release\coreprogram\01-正向仿真\03-输出文件\runs\run_20260911_102028_de62db01\output\frame_000720_geometry.dat","3AAEDF010CE4F8FC50A6DAF57C0C83FF147D8350F4F42BD4896E828483565EA1"
"GUI_MFC_Legacy\x64\Release\coreprogram\01-正向仿真\03-输出文件\runs\run_20260911_102028_de62db01\output\frame_000720_sphere_temperature.dat","9A7424FE5813FCF85E591ADE03C7A4F113FEA4C630313736E067A74B800782EA"
"GUI_MFC_Legacy\x64\Release\coreprogram\01-正向仿真\03-输出文件\runs\run_20260911_102028_de62db01\output\frame_000730_geometry.dat","6BEBEB75D5AC3D4DCAF5ED9672A23BB8F8D243291C193F857E2B5E93A78A3758"
"GUI_MFC_Legacy\x64\Release\coreprogram\01-正向仿真\03-输出文件\runs\run_20260911_102028_de62db01\output\frame_000730_sphere_temperature.dat","8F0A3A7DA6DDCC807D301A5875F2360F62CE2739851BED0A93074A6A740BBA6D"
"GUI_MFC_Legacy\x64\Release\coreprogram\01-正向仿真\03-输出文件\runs\run_20260911_102028_de62db01\output\frame_000740_geometry.dat","A6D10DC3976DE64F5B820834992B9354E3166409A1490E0807F6BB459C84ACC7"
"GUI_MFC_Legacy\x64\Release\coreprogram\01-正向仿真\03-输出文件\runs\run_20260911_102028_de62db01\output\frame_000740_sphere_temperature.dat","58637A77A8DC09D2A810ECAE184D1424AB0D1BF48C4DF4AB2B2244793AE423BA"
"GUI_MFC_Legacy\x64\Release\coreprogram\01-正向仿真\03-输出文件\runs\run_20260911_102028_de62db01\output\frame_000750_geometry.dat","EC08DE2339A06809B58C3CC493B4965C5DED402D72C82A30BE5FF5F877D3C777"
"GUI_MFC_Legacy\x64\Release\coreprogram\01-正向仿真\03-输出文件\runs\run_20260911_102028_de62db01\output\frame_000750_sphere_temperature.dat","52326AE0D2386845B8F92958EEC2274771818378308D7E480E6E49948BDB1CCC"
"GUI_MFC_Legacy\x64\Release\coreprogram\01-正向仿真\03-输出文件\runs\run_20260911_102028_de62db01\output\frame_000760_geometry.dat","838F8426353D616DED32FF0AD6AE234E5A45E2490DE10C03F7658BF12A273856"
"GUI_MFC_Legacy\x64\Release\coreprogram\01-正向仿真\03-输出文件\runs\run_20260911_102028_de62db01\output\frame_000760_sphere_temperature.dat","E0B478A8D99450151FB8416F907523F50CAC0BB6F2C55D1149306D4CBEC08F90"
"GUI_MFC_Legacy\x64\Release\coreprogram\01-正向仿真\03-输出文件\runs\run_20260911_102028_de62db01\output\frame_000770_geometry.dat","A85397E7640940AC367CA2EFDA4B5B69947D5A40E70A0CBE709AA716CFCFA074"
"GUI_MFC_Legacy\x64\Release\coreprogram\01-正向仿真\03-输出文件\runs\run_20260911_102028_de62db01\output\frame_000770_sphere_temperature.dat","50DB49AC533F3725B17551ED4CA22FD16AAD4F02F0FB7FABB0FC6CDAE84C89AF"
"GUI_MFC_Legacy\x64\Release\coreprogram\01-正向仿真\03-输出文件\runs\run_20260911_102028_de62db01\output\frame_000780_geometry.dat","2CB13DB846FC9E60BEEC06679E1B492E535EC26DEEEE3262D90E04CFE046E0CA"
"GUI_MFC_Legacy\x64\Release\coreprogram\01-正向仿真\03-输出文件\runs\run_20260911_102028_de62db01\output\frame_000780_sphere_temperature.dat","A9289C1517C672F7897DE8E91C5273EB05D29D8A2102EB35103F53A51319C95E"
"GUI_MFC_Legacy\x64\Release\coreprogram\01-正向仿真\03-输出文件\runs\run_20260911_102028_de62db01\output\frame_000790_geometry.dat","76A8DC0F8C87A80645B10811CB999340F10BA4724F96631F39D35C0B1527E48B"
"GUI_MFC_Legacy\x64\Release\coreprogram\01-正向仿真\03-输出文件\runs\run_20260911_102028_de62db01\output\frame_000790_sphere_temperature.dat","02439FEBF6C2BAF53E6B11C0A50E008EA6B0456B221B0542752218A64E55385F"
"GUI_MFC_Legacy\x64\Release\coreprogram\01-正向仿真\03-输出文件\runs\run_20260911_102028_de62db01\output\frame_000800_geometry.dat","593A6D8CCCA4D1D622E7313541001EA140279DDBA821A75A947FB45B82332CA4"
"GUI_MFC_Legacy\x64\Release\coreprogram\01-正向仿真\03-输出文件\runs\run_20260911_102028_de62db01\output\frame_000800_sphere_temperature.dat","C9E0D91FD91270D841294452ADC90D0CFF498526BFEBA4656AAC54CEA4C74118"
"GUI_MFC_Legacy\x64\Release\coreprogram\01-正向仿真\03-输出文件\runs\run_20260911_102028_de62db01\output\frame_000810_geometry.dat","BB813A98CA239FE5CAFB0519F3DF6EC8067876CEB715F10BC4CD3DF32F1CE0F9"
"GUI_MFC_Legacy\x64\Release\coreprogram\01-正向仿真\03-输出文件\runs\run_20260911_102028_de62db01\output\frame_000810_sphere_temperature.dat","966F6EA56CA61090A39EB68FB713515D1B2252B8D07D237D1081B3783C372454"
"GUI_MFC_Legacy\x64\Release\coreprogram\01-正向仿真\03-输出文件\runs\run_20260911_102028_de62db01\output\frame_000820_geometry.dat","5CED69F4F01ED5DBC2C93136FB9ADD59FAA0AB34C21F97BA2E370760FD76A06E"
"GUI_MFC_Legacy\x64\Release\coreprogram\01-正向仿真\03-输出文件\runs\run_20260911_102028_de62db01\output\frame_000820_sphere_temperature.dat","A93E98DD756A524992F9CA040D8F7473AEF2917E541E60A76065D2AA4FF5CAF1"
"GUI_MFC_Legacy\x64\Release\coreprogram\01-正向仿真\03-输出文件\runs\run_20260911_102028_de62db01\output\frame_000830_geometry.dat","2AFDF9881EE4FFEA73D332A95495E7F0A1341A96193313F830F31C4212E8B823"
"GUI_MFC_Legacy\x64\Release\coreprogram\01-正向仿真\03-输出文件\runs\run_20260911_102028_de62db01\output\frame_000830_sphere_temperature.dat","EF4206DDA8E5FB568CFD4B82B7B104CCF20EBCC292551AC413A26321594E072B"
"GUI_MFC_Legacy\x64\Release\coreprogram\01-正向仿真\03-输出文件\runs\run_20260911_102028_de62db01\output\frame_000840_geometry.dat","161DB872151B47EF4BED405BCE6C7A017D8C094056AD2A89BCC2170E00A59EAE"
"GUI_MFC_Legacy\x64\Release\coreprogram\01-正向仿真\03-输出文件\runs\run_20260911_102028_de62db01\output\frame_000840_sphere_temperature.dat","2CFD53AC7F8553346F0C9BA64813689CF88FFD9BD279A1ADD38C059BBD2D9274"
"GUI_MFC_Legacy\x64\Release\coreprogram\01-正向仿真\03-输出文件\runs\run_20260911_102028_de62db01\output\frame_000850_geometry.dat","464474407433374FA1C6CE35E855D9241A1200AE7447D93D8FE13FB213C2D674"
"GUI_MFC_Legacy\x64\Release\coreprogram\01-正向仿真\03-输出文件\runs\run_20260911_102028_de62db01\output\frame_000850_sphere_temperature.dat","2C91E246843712FE0C04077E6C91A0F847CB4BE540D0BD1F81F3942700B86BB6"
"GUI_MFC_Legacy\x64\Release\coreprogram\01-正向仿真\03-输出文件\runs\run_20260911_102028_de62db01\output\frame_000860_geometry.dat","CD735AFD3740527C3AC8CAF3CEBD488B3E2C4AE5E83EFD3873AE3D9370DD4A6E"
"GUI_MFC_Legacy\x64\Release\coreprogram\01-正向仿真\03-输出文件\runs\run_20260911_102028_de62db01\output\frame_000860_sphere_temperature.dat","9A1F4ACAF51583C7BA5CE54435160467FCDEE2C67D94FCC37D7334CC3EDFEF10"
"GUI_MFC_Legacy\x64\Release\coreprogram\01-正向仿真\03-输出文件\runs\run_20260911_102028_de62db01\output\frame_000870_geometry.dat","F5B668C890E7D444D90DC09CF2A1ABE0A900288A87220312C6674CF54BE68582"
"GUI_MFC_Legacy\x64\Release\coreprogram\01-正向仿真\03-输出文件\runs\run_20260911_102028_de62db01\output\frame_000870_sphere_temperature.dat","6410143F0B70F310DB61F770CE6EEE69AD046B71A452F40ECAA467FC505BAB9D"
"GUI_MFC_Legacy\x64\Release\coreprogram\01-正向仿真\03-输出文件\runs\run_20260911_102028_de62db01\output\frame_000880_geometry.dat","4EBCC3F2DE54A109BB226AD5B702480279302D3B05AEE47BA8FAB9A4CA8D6C70"
"GUI_MFC_Legacy\x64\Release\coreprogram\01-正向仿真\03-输出文件\runs\run_20260911_102028_de62db01\output\frame_000880_sphere_temperature.dat","EFB2EC6B590E8AACE5F69CE151C5858CAEAAB3528155577537CECA317A65B208"
"GUI_MFC_Legacy\x64\Release\coreprogram\01-正向仿真\03-输出文件\runs\run_20260911_102028_de62db01\output\frame_000890_geometry.dat","E1227E612FB158DC89945495858A3B046F0DAFAA35B721AD4FD14053AE9E7C8A"
"GUI_MFC_Legacy\x64\Release\coreprogram\01-正向仿真\03-输出文件\runs\run_20260911_102028_de62db01\output\frame_000890_sphere_temperature.dat","5362243343CF0B01875EEF7029CC8AEF4A1B8DEBFBE2CE820CD65A131583A26B"
"GUI_MFC_Legacy\x64\Release\coreprogram\01-正向仿真\03-输出文件\runs\run_20260911_102028_de62db01\output\frame_000900_geometry.dat","E97FC9AA931EC6B3AB6DFDEE97D95017E6C69D6964A3A21ECF25DC356B7F7606"
"GUI_MFC_Legacy\x64\Release\coreprogram\01-正向仿真\03-输出文件\runs\run_20260911_102028_de62db01\output\frame_000900_sphere_temperature.dat","E0FC79FA38BC0DB94B53C5D0B17F517B2C7F82A881A56531597506C7530FAF1F"
"GUI_MFC_Legacy\x64\Release\coreprogram\01-正向仿真\03-输出文件\runs\run_20260911_102028_de62db01\output\frame_000910_geometry.dat","48E93A805F4CF16BBF56F21D31A662DB29F9CA1A56D9251A38F233DD01B16DE0"
"GUI_MFC_Legacy\x64\Release\coreprogram\01-正向仿真\03-输出文件\runs\run_20260911_102028_de62db01\output\frame_000910_sphere_temperature.dat","8F112636552784C849757F3D051B2E47686901BEBDDD400874FE6410E75F8B15"
"GUI_MFC_Legacy\x64\Release\coreprogram\01-正向仿真\03-输出文件\runs\run_20260911_102028_de62db01\output\frame_000920_geometry.dat","63E322D66CD6A369E2F820A9B8067169922CC9C139602E6071851927D9F37D01"
"GUI_MFC_Legacy\x64\Release\coreprogram\01-正向仿真\03-输出文件\runs\run_20260911_102028_de62db01\output\frame_000920_sphere_temperature.dat","C30A30DFB2670F3585ED46194C0AA9E9C5CC37EF2FF64E15CF125B047FC7F30F"
"GUI_MFC_Legacy\x64\Release\coreprogram\01-正向仿真\03-输出文件\runs\run_20260911_102028_de62db01\output\frame_000930_geometry.dat","C54963B16A971C25E10F88892B430CC07672BF98F52D309DCB9F3214613B2420"
"GUI_MFC_Legacy\x64\Release\coreprogram\01-正向仿真\03-输出文件\runs\run_20260911_102028_de62db01\output\frame_000930_sphere_temperature.dat","42F074FB1C62DFB9CBABE73A5FC6CC0E72E8053379D4DB8B7FD64CC59AE16CD9"
"GUI_MFC_Legacy\x64\Release\coreprogram\01-正向仿真\03-输出文件\runs\run_20260911_102028_de62db01\output\frame_000940_geometry.dat","3FB4CD154A8C908C03F0CB2B98D8DA19CE7059C8B52D9A87285BFF7CD277CED3"
"GUI_MFC_Legacy\x64\Release\coreprogram\01-正向仿真\03-输出文件\runs\run_20260911_102028_de62db01\output\frame_000940_sphere_temperature.dat","D696BBE610E34F05CDFDBF4C997C16571BA39BB49D2D5DCCE41702DBF7A20CC5"
"GUI_MFC_Legacy\x64\Release\coreprogram\01-正向仿真\03-输出文件\runs\run_20260911_102028_de62db01\output\frame_000950_geometry.dat","EF832F397EDAD9FC6A32B5C28217ACDEF762C7B563A6B85ABD586E98F49D4791"
"GUI_MFC_Legacy\x64\Release\coreprogram\01-正向仿真\03-输出文件\runs\run_20260911_102028_de62db01\output\frame_000950_sphere_temperature.dat","4FA3E049DFD4C2BC702CE56C041E5A518780E59CF2C9A9A5B1993A6763354F49"
"GUI_MFC_Legacy\x64\Release\coreprogram\01-正向仿真\03-输出文件\runs\run_20260911_102028_de62db01\output\frame_000960_geometry.dat","3574CF46A930D4DD665009ED835B5C02508A2C31BA71615F0B4497941293DFCD"
"GUI_MFC_Legacy\x64\Release\coreprogram\01-正向仿真\03-输出文件\runs\run_20260911_102028_de62db01\output\frame_000960_sphere_temperature.dat","ACDB40A203213E9BA81DF727715F14938DC0D97FB913C80EF1FD5BBADDCF670D"
"GUI_MFC_Legacy\x64\Release\coreprogram\01-正向仿真\03-输出文件\runs\run_20260911_102028_de62db01\output\frame_000970_geometry.dat","26AACC305C6D7F1B77B2047DA266C26CE4804219A4AFE5B2D9137B9B2486BB21"
"GUI_MFC_Legacy\x64\Release\coreprogram\01-正向仿真\03-输出文件\runs\run_20260911_102028_de62db01\output\frame_000970_sphere_temperature.dat","5676A3C7744CF16BDC2466352B50E65300BA96EC2E3A81239F2F90020E32096E"
"GUI_MFC_Legacy\x64\Release\coreprogram\01-正向仿真\03-输出文件\runs\run_20260911_102028_de62db01\output\frame_000980_geometry.dat","E6893C59142557FCC392AA51B29F441174F91CFB0289C8BF54F05423A58C7034"
"GUI_MFC_Legacy\x64\Release\coreprogram\01-正向仿真\03-输出文件\runs\run_20260911_102028_de62db01\output\frame_000980_sphere_temperature.dat","9155B4C748F9254B42439E4F359B5DD14CE85ADB8AD253F7AAF0A45F8B7195F4"
"GUI_MFC_Legacy\x64\Release\coreprogram\01-正向仿真\03-输出文件\runs\run_20260911_102028_de62db01\output\frame_000990_geometry.dat","8AB82B74C14D98F237C47DD2F7D1E2C106237CB18E7BBB92CF14618CCD1185A6"
"GUI_MFC_Legacy\x64\Release\coreprogram\01-正向仿真\03-输出文件\runs\run_20260911_102028_de62db01\output\frame_000990_sphere_temperature.dat","47842D3F194424F09117182E703089A97B3639602F2FEB5918EAEBA4BF88EAEA"
"GUI_MFC_Legacy\x64\Release\coreprogram\01-正向仿真\03-输出文件\runs\run_20260911_102028_de62db01\output\frame_001000_geometry.dat","E494B0D0BABC7F96539B56EB2DED31CA2F00FB7D41BAABE51161E6C624FA9FEA"
"GUI_MFC_Legacy\x64\Release\coreprogram\01-正向仿真\03-输出文件\runs\run_20260911_102028_de62db01\output\frame_001000_sphere_temperature.dat","9B8772BF25D8E77045BC76F15F2B7ABB533780F172BFEAD47D3F9AB1971F9D81"
"GUI_MFC_Legacy\x64\Release\coreprogram\01-正向仿真\03-输出文件\runs\run_20260911_102028_de62db01\output\frame_summary.csv","A91D9FE54FB7A488EC4AD5CCC118E0C5B46E09F9B13A1301C8D835D27666954B"
"GUI_MFC_Legacy\x64\Release\coreprogram\01-正向仿真\03-输出文件\runs\run_20260911_102028_de62db01\output\geometry_history.dat","ADD3B90A4FAC84E4A2D36EDA26FCE955B3F1E7B0AB6517C9BE1A34EDFDA0BA89"
"GUI_MFC_Legacy\x64\Release\coreprogram\01-正向仿真\03-输出文件\runs\run_20260911_102028_de62db01\output\infrared_characteristics.csv","C275AB4B444C1FCC8955657FA49F57655363A1B71253656396A5B67F7C97D277"
"GUI_MFC_Legacy\x64\Release\coreprogram\01-正向仿真\03-输出文件\runs\run_20260911_102028_de62db01\output\input_parameters_summary.txt","E94548417FFA9EA604A7A88BAF8569FC1E5283D23ADEA8D0BE801BA6AA220C0D"
"GUI_MFC_Legacy\x64\Release\coreprogram\01-正向仿真\03-输出文件\runs\run_20260911_102028_de62db01\output\mc_debug.log","97000BF22379BCAC7C0F52D4D136B465C41A404A4C24724B9D9F77FEDFC7F862"
"GUI_MFC_Legacy\x64\Release\coreprogram\01-正向仿真\03-输出文件\runs\run_20260911_102028_de62db01\output\mc_statistics.txt","DE55F6B95EEDAC3101085289CF28A4393F114648961302303D5F52CA865057BB"
"GUI_MFC_Legacy\x64\Release\coreprogram\01-正向仿真\03-输出文件\runs\run_20260911_102028_de62db01\output\runtime_summary.txt","7D262ED6983C3409886045B07CDA02B8BFF4817751506BC3CAB233A17B6B66C3"
"GUI_MFC_Legacy\x64\Release\coreprogram\01-正向仿真\03-输出文件\runs\run_20260911_102028_de62db01\output\screen_history.dat","02ED14B792D369163399C046BEDE8091D6F81CA62F42178AFAB69923015163E4"
"GUI_MFC_Legacy\x64\Release\coreprogram\01-正向仿真\03-输出文件\runs\run_20260911_102028_de62db01\output\similarity_evaluation.csv","7A5A463BA4156693077E9C9374FBCD50F681778C2220BFADC15DB33F5DF9C86A"
"GUI_MFC_Legacy\x64\Release\coreprogram\01-正向仿真\03-输出文件\runs\run_20260911_102028_de62db01\output\sphere_temperature.dat","9B8772BF25D8E77045BC76F15F2B7ABB533780F172BFEAD47D3F9AB1971F9D81"
"GUI_MFC_Legacy\x64\Release\coreprogram\01-正向仿真\03-输出文件\runs\run_20260911_102028_de62db01\output\spot_debug.log","840D8FCCECABAFDA1428C9786A0465B62AA8BBA3FF952F9E8B09A841248F68C6"
"GUI_MFC_Legacy\x64\Release\coreprogram\01-正向仿真\03-输出文件\runs\run_20260911_102028_de62db01\output\spot_image.dat","79D8EB1E2FC057073ADEB4F37D27D6D5E8AA0B5DE0942B009371ED5DC063265B"
"GUI_MFC_Legacy\x64\Release\coreprogram\01-正向仿真\03-输出文件\runs\run_20260911_102028_de62db01\output\spot_point_history.csv","CC523A8900888385ACE086A01730AED2156C5D431DF48A702B5245AFF75FC2B3"
"GUI_MFC_Legacy\x64\Release\coreprogram\01-正向仿真\03-输出文件\runs\run_20260911_102028_de62db01\output\temperature_history.csv","E3B0C44298FC1C149AFBF4C8996FB92427AE41E4649B934CA495991B7852B855"
"GUI_MFC_Legacy\x64\Release\coreprogram\01-正向仿真\03-输出文件\runs\run_20260911_102028_de62db01\output\trajectory_output.csv","76479D2D5F3EAF21D09E02B09562F8CE9067EF0FAAB26EEB2EC2472E486A6871"
"GUI_MFC_Legacy\x64\Release\coreprogram\01-正向仿真\03-输出文件\runs\run_20260911_102028_de62db01\output\verification_report.txt","D58BD55FC672C6B72A0AAF8205E4D54AF328F5C577121AADD81918038A9CE696"
"GUI_MFC_Legacy\x64\Release\coreprogram\01-正向仿真\03-输出文件\runs\run_20260911_102806_e387aee6\input.dat","8CFB6C1259AC2A3C52AFC218D3D3F774DE8E6A1F0B534883107C055B7B9E1369"
"GUI_MFC_Legacy\x64\Release\coreprogram\01-正向仿真\03-输出文件\runs\run_20260911_102806_e387aee6\request.json","DCB42418A1B6A72F7B73769FAF2D978A3455C49BED49BBE6CE084DC676086AC6"
"GUI_MFC_Legacy\x64\Release\coreprogram\01-正向仿真\03-输出文件\runs\run_20260911_102806_e387aee6\output\beta_unbiasedness_report.txt","8205DFAE308820633D009E8898B2FA7B748A665289E6EFBDEB25D077E8EA4902"
"GUI_MFC_Legacy\x64\Release\coreprogram\01-正向仿真\03-输出文件\runs\run_20260911_102806_e387aee6\output\frame_000000_geometry.dat","BE283595E8C1F4DD9D0262D6692EA8EA1C07974830F889786453F285EE408187"
"GUI_MFC_Legacy\x64\Release\coreprogram\01-正向仿真\03-输出文件\runs\run_20260911_102806_e387aee6\output\frame_000000_sphere_temperature.dat","5E2E0BF6AF4763D5F4EB1EDEA40A23722A3E159693EC20376E26C58EC822EB88"
"GUI_MFC_Legacy\x64\Release\coreprogram\01-正向仿真\03-输出文件\runs\run_20260911_102806_e387aee6\output\frame_000000_spot_image.dat","A973DF99E9252DFC63A52A5072E25D4945C20A865126E5BAB0A3264D4E03E39B"
"GUI_MFC_Legacy\x64\Release\coreprogram\01-正向仿真\03-输出文件\runs\run_20260911_102806_e387aee6\output\frame_000010_geometry.dat","095D4CC53E33C5444084910FBBC3D22F7EA3B11269A08FB375297B52730D3D66"
"GUI_MFC_Legacy\x64\Release\coreprogram\01-正向仿真\03-输出文件\runs\run_20260911_102806_e387aee6\output\frame_000010_sphere_temperature.dat","655B1C7343F1D04FA5C90E33F8DADB3C762EA4C8F655B6F135F34CB3B094452D"
"GUI_MFC_Legacy\x64\Release\coreprogram\01-正向仿真\03-输出文件\runs\run_20260911_102806_e387aee6\output\frame_000020_geometry.dat","8D0AEF1725B339DA9C23E994D9D1D89F122036FC970CEE13DAAC149EB1AE84F2"
"GUI_MFC_Legacy\x64\Release\coreprogram\01-正向仿真\03-输出文件\runs\run_20260911_102806_e387aee6\output\frame_000020_sphere_temperature.dat","5F7037515F3E0817C31B1F699A4C1A662E7D12F6E21C9E424212A8DFB0C6B463"
"GUI_MFC_Legacy\x64\Release\coreprogram\01-正向仿真\03-输出文件\runs\run_20260911_102806_e387aee6\output\frame_000030_geometry.dat","1AADA14DC1A8563599636E05BBC04CB0DA64F0B991CD670CF178B9EDBF2F8EE5"
"GUI_MFC_Legacy\x64\Release\coreprogram\01-正向仿真\03-输出文件\runs\run_20260911_102806_e387aee6\output\frame_000030_sphere_temperature.dat","080C63DD43EBE34D64B83BFAE846A12298735C159379208FE77B12D4D8B207FE"
"GUI_MFC_Legacy\x64\Release\coreprogram\01-正向仿真\03-输出文件\runs\run_20260911_102806_e387aee6\output\frame_000040_geometry.dat","54D3FA7B0D97A449B523579220C3A2837E84C917BC442FCD0F77CA0DFC4AEF41"
"GUI_MFC_Legacy\x64\Release\coreprogram\01-正向仿真\03-输出文件\runs\run_20260911_102806_e387aee6\output\frame_000040_sphere_temperature.dat","778E1B8224AC45713804D1070CBFADB37000341621EC53E5CF86C9DF642F6F3F"
"GUI_MFC_Legacy\x64\Release\coreprogram\01-正向仿真\03-输出文件\runs\run_20260911_102806_e387aee6\output\frame_000050_geometry.dat","AE7A81A9AA3522EFE3BA0499584D901F67A34BB20EAF71FA8B7DC46D01D63646"
"GUI_MFC_Legacy\x64\Release\coreprogram\01-正向仿真\03-输出文件\runs\run_20260911_102806_e387aee6\output\frame_000050_sphere_temperature.dat","733FE8C5EAF8906FFB58C8E2E0D63AD96223D0C86C6E51BE1281AB0C4B449D81"
"GUI_MFC_Legacy\x64\Release\coreprogram\01-正向仿真\03-输出文件\runs\run_20260911_102806_e387aee6\output\frame_000060_geometry.dat","F259B0B52AC7EA79709372F03413DF3642B28F86805E3BC962844A61ACF7E43D"
"GUI_MFC_Legacy\x64\Release\coreprogram\01-正向仿真\03-输出文件\runs\run_20260911_102806_e387aee6\output\frame_000060_sphere_temperature.dat","F8C5674AC18160D1D910BFF32F4FD6B9C4C6FA7D124D1456ED970415C881767E"
"GUI_MFC_Legacy\x64\Release\coreprogram\01-正向仿真\03-输出文件\runs\run_20260911_102806_e387aee6\output\frame_000070_geometry.dat","5C06ED7638C0EB967EDE3A8917828C183E908287533CC50656F26847B93C4D5C"
"GUI_MFC_Legacy\x64\Release\coreprogram\01-正向仿真\03-输出文件\runs\run_20260911_102806_e387aee6\output\frame_000070_sphere_temperature.dat","80D5ACB50CB5E571B109BF6C85709554DF834CEEE2425479887E099FC9AB887E"
"GUI_MFC_Legacy\x64\Release\coreprogram\01-正向仿真\03-输出文件\runs\run_20260911_102806_e387aee6\output\frame_000080_geometry.dat","CD712987218C4A31590DAA68F4C1E1B5D1F60A03FFCAA92FF8585C80EB97F177"
"GUI_MFC_Legacy\x64\Release\coreprogram\01-正向仿真\03-输出文件\runs\run_20260911_102806_e387aee6\output\frame_000080_sphere_temperature.dat","D65E29C37531A3ADA509BB1B2465ABB8FAAAE303E8F76955B0BF4C0B88C608BC"
"GUI_MFC_Legacy\x64\Release\coreprogram\01-正向仿真\03-输出文件\runs\run_20260911_102806_e387aee6\output\frame_000090_geometry.dat","2170CE99DDAA24E70BC9C79328A4D68B7F019D3E6A859C436C502BCB50C9E9D5"
"GUI_MFC_Legacy\x64\Release\coreprogram\01-正向仿真\03-输出文件\runs\run_20260911_102806_e387aee6\output\frame_000090_sphere_temperature.dat","6C11F7878FA49B8B6365EEA723083E3C3E73367D5B2FC58531D693008CA5BBD2"
"GUI_MFC_Legacy\x64\Release\coreprogram\01-正向仿真\03-输出文件\runs\run_20260911_102806_e387aee6\output\frame_000100_geometry.dat","E861770579D59C5DEBD47BB6E0BE4D3D1F94E447CD881AFC202178198CA160C7"
"GUI_MFC_Legacy\x64\Release\coreprogram\01-正向仿真\03-输出文件\runs\run_20260911_102806_e387aee6\output\frame_000100_sphere_temperature.dat","426495D635E10C136EF7E6862EF11C886D3059D5265757529140BB2F733DAF8E"
"GUI_MFC_Legacy\x64\Release\coreprogram\01-正向仿真\03-输出文件\runs\run_20260911_102806_e387aee6\output\frame_000100_spot_image.dat","9BC76DE02CA3A055ECB402E54E38601F7B202E42FA8999C1F48EC49D65F0C7C0"
"GUI_MFC_Legacy\x64\Release\coreprogram\01-正向仿真\03-输出文件\runs\run_20260911_102806_e387aee6\output\frame_000110_geometry.dat","E12F81E1151974682F1E4379CEC222DEFFF2D6B5E97FC45C1D5BF4FA42F95AFC"
"GUI_MFC_Legacy\x64\Release\coreprogram\01-正向仿真\03-输出文件\runs\run_20260911_102806_e387aee6\output\frame_000110_sphere_temperature.dat","046C2A1AF9D46CC9D7FF0D5DAD23CA16EE5710823E9F2715E6375EFE8E942DAD"
"GUI_MFC_Legacy\x64\Release\coreprogram\01-正向仿真\03-输出文件\runs\run_20260911_102806_e387aee6\output\frame_000120_geometry.dat","31A2D0153CB7516B8AA2BA69F6E55DAE78FE1CDDB5BDED4DF349DE3C24DC1725"
"GUI_MFC_Legacy\x64\Release\coreprogram\01-正向仿真\03-输出文件\runs\run_20260911_102806_e387aee6\output\frame_000120_sphere_temperature.dat","28BFAB550E0C3EC0F52D76940657965EC25E733CB3F00356CB7A708CB892DD6A"
"GUI_MFC_Legacy\x64\Release\coreprogram\01-正向仿真\03-输出文件\runs\run_20260911_102806_e387aee6\output\frame_000130_geometry.dat","09C32FFA39B9D5E968844291702213D7E61BFF417556E170CF2C2A0AF030831C"
"GUI_MFC_Legacy\x64\Release\coreprogram\01-正向仿真\03-输出文件\runs\run_20260911_102806_e387aee6\output\frame_000130_sphere_temperature.dat","9219D8673969DC2A3564E07B1EF0383AA2262106BAFA5B7C278A1AD67725FFFB"
"GUI_MFC_Legacy\x64\Release\coreprogram\01-正向仿真\03-输出文件\runs\run_20260911_102806_e387aee6\output\frame_000140_geometry.dat","3952E8ED4CB2535F79077FF9486B313383263AA21A6E29A0D445D90AB1F50522"
"GUI_MFC_Legacy\x64\Release\coreprogram\01-正向仿真\03-输出文件\runs\run_20260911_102806_e387aee6\output\frame_000140_sphere_temperature.dat","1DE945A4788A762957ABF0FD3F33DD76D3758E74A6C383E95CEE954C2BCE0E80"
"GUI_MFC_Legacy\x64\Release\coreprogram\01-正向仿真\03-输出文件\runs\run_20260911_102806_e387aee6\output\frame_000150_geometry.dat","8C9C7A68045574DDDD604F9297C0797EB61595BC811FF8E9F46162146793722A"
"GUI_MFC_Legacy\x64\Release\coreprogram\01-正向仿真\03-输出文件\runs\run_20260911_102806_e387aee6\output\frame_000150_sphere_temperature.dat","9A1BBE3A523BA0518A1E63D9611AF7E90C1AFBCCD483A0E40A58422F031CADBC"
"GUI_MFC_Legacy\x64\Release\coreprogram\01-正向仿真\03-输出文件\runs\run_20260911_102806_e387aee6\output\frame_000160_geometry.dat","E4E6DEFC42D1F8B1CB49F32F6854836AF2533C43F83FDD98B0AAEFDFB3B52BA8"
"GUI_MFC_Legacy\x64\Release\coreprogram\01-正向仿真\03-输出文件\runs\run_20260911_102806_e387aee6\output\frame_000160_sphere_temperature.dat","1E08B823D0F04D5FD49D1B0D85A52349A1F73B455811C6FCC9A099D82C78FB95"
"GUI_MFC_Legacy\x64\Release\coreprogram\01-正向仿真\03-输出文件\runs\run_20260911_102806_e387aee6\output\frame_000170_geometry.dat","5B0CD1A032F4983310C4B405E9EA3FD29E3E4F233E0EF5E72D39DBCA8FE1DE01"
"GUI_MFC_Legacy\x64\Release\coreprogram\01-正向仿真\03-输出文件\runs\run_20260911_102806_e387aee6\output\frame_000170_sphere_temperature.dat","67F29D5B3CB1F3B306FCA36E95BEA40F193793FD958FAA109B3A66CD3876E94E"
"GUI_MFC_Legacy\x64\Release\coreprogram\01-正向仿真\03-输出文件\runs\run_20260911_102806_e387aee6\output\frame_000180_geometry.dat","B4F824D7BD4209EEB0941BCC2224BFBC64DCF8F1577D44DA1983A6662CB08947"
"GUI_MFC_Legacy\x64\Release\coreprogram\01-正向仿真\03-输出文件\runs\run_20260911_102806_e387aee6\output\frame_000180_sphere_temperature.dat","C86EF29A5BAAF28BAD5F64314053E1DCC54E397ECB172ED3E26E09D20DCAE553"
"GUI_MFC_Legacy\x64\Release\coreprogram\01-正向仿真\03-输出文件\runs\run_20260911_102806_e387aee6\output\frame_summary.csv","378DC7CD168B800D32613F188C3C629BEEFC06E7877088CBBA585C8022252D8B"
"GUI_MFC_Legacy\x64\Release\coreprogram\01-正向仿真\03-输出文件\runs\run_20260911_102806_e387aee6\output\geometry_history.dat","A5A18EB6AABBDDF7154D377EBC64E1F722C2817661DA81D6712DD3CA8E672A9C"
"GUI_MFC_Legacy\x64\Release\coreprogram\01-正向仿真\03-输出文件\runs\run_20260911_102806_e387aee6\output\infrared_characteristics.csv","0C92254DEC712B282B841F13FA027327D49878163652246092A71A0B9EE70EE0"
"GUI_MFC_Legacy\x64\Release\coreprogram\01-正向仿真\03-输出文件\runs\run_20260911_102806_e387aee6\output\input_parameters_summary.txt","4AA1AA523B1161F3966EF869A9A9F7D7EEA0BB4FF1CED886A3E63E4F72F16FAE"
"GUI_MFC_Legacy\x64\Release\coreprogram\01-正向仿真\03-输出文件\runs\run_20260911_102806_e387aee6\output\mc_debug.log","095020F046C63F13D98564740FD66EEB220E46F154EEEED7E1D8EB8B5351AA59"
"GUI_MFC_Legacy\x64\Release\coreprogram\01-正向仿真\03-输出文件\runs\run_20260911_102806_e387aee6\output\mc_statistics.txt","543D62191C91412C2DD42061F79417A9D0EB5CE39378A264A101B41F432F7939"
"GUI_MFC_Legacy\x64\Release\coreprogram\01-正向仿真\03-输出文件\runs\run_20260911_102806_e387aee6\output\runtime_summary.txt","CD2D4D825BD55F89CEFC7F47A98C352C1E3D171F45164E44E53FF2E18C2B4126"
"GUI_MFC_Legacy\x64\Release\coreprogram\01-正向仿真\03-输出文件\runs\run_20260911_102806_e387aee6\output\screen_history.dat","2FDB472DACB96209303CE121FA818C33280A78973FC8EA3A8A12900088BCC537"
"GUI_MFC_Legacy\x64\Release\coreprogram\01-正向仿真\03-输出文件\runs\run_20260911_102806_e387aee6\output\similarity_evaluation.csv","C74E00C84558C23AE4B5824C8AED87D9AC8ED84CB9CD52BCF605B13C4391AADA"
"GUI_MFC_Legacy\x64\Release\coreprogram\01-正向仿真\03-输出文件\runs\run_20260911_102806_e387aee6\output\sphere_temperature.dat","C86EF29A5BAAF28BAD5F64314053E1DCC54E397ECB172ED3E26E09D20DCAE553"
"GUI_MFC_Legacy\x64\Release\coreprogram\01-正向仿真\03-输出文件\runs\run_20260911_102806_e387aee6\output\spot_debug.log","221370FEE99B874C5BB6296A1FBB1F3B26DF78AECDBDD39C3B6647FA8DDC9962"
"GUI_MFC_Legacy\x64\Release\coreprogram\01-正向仿真\03-输出文件\runs\run_20260911_102806_e387aee6\output\spot_image.dat","80A491F79B0A53AA9DA5DA2414A379E9D9207BBE9F6FAE9D3A1A5EDDC2DD6BA2"
"GUI_MFC_Legacy\x64\Release\coreprogram\01-正向仿真\03-输出文件\runs\run_20260911_102806_e387aee6\output\spot_point_history.csv","394382A57E1BF9212F76216B6E7119FAF906610E0F18D05EC148FA8966505424"
"GUI_MFC_Legacy\x64\Release\coreprogram\01-正向仿真\03-输出文件\runs\run_20260911_102806_e387aee6\output\temperature_history.csv","E3B0C44298FC1C149AFBF4C8996FB92427AE41E4649B934CA495991B7852B855"
"GUI_MFC_Legacy\x64\Release\coreprogram\01-正向仿真\03-输出文件\runs\run_20260911_102806_e387aee6\output\trajectory_output.csv","596003D7A188A2003CE4B62AD6E4A6BC15967F295CDE2710B344A94B420B1B58"
"GUI_MFC_Legacy\x64\Release\coreprogram\01-正向仿真\03-输出文件\runs\run_20260911_102806_e387aee6\output\verification_report.txt","6D4FAF38F1061AE83DC61277412DBB1E1C417624FDCBEA01D2C467EE0D10DC3D"
"GUI_MFC_Legacy\x64\Release\coreprogram\01-正向仿真\03-输出文件\runs\run_20260911_105227_c7defb21\input.dat","8CFB6C1259AC2A3C52AFC218D3D3F774DE8E6A1F0B534883107C055B7B9E1369"
"GUI_MFC_Legacy\x64\Release\coreprogram\01-正向仿真\03-输出文件\runs\run_20260911_105227_c7defb21\request.json","DCB42418A1B6A72F7B73769FAF2D978A3455C49BED49BBE6CE084DC676086AC6"
"GUI_MFC_Legacy\x64\Release\coreprogram\01-正向仿真\03-输出文件\runs\run_20260911_105227_c7defb21\stdout.txt","E3B0C44298FC1C149AFBF4C8996FB92427AE41E4649B934CA495991B7852B855"
"GUI_MFC_Legacy\x64\Release\coreprogram\01-正向仿真\03-输出文件\runs\run_20260911_105227_c7defb21\output\beta_unbiasedness_report.txt","5A8B121136D4006E4EDEE14DF9E38A4BE412FEBEF2861D3EAD21C8F252A8E784"
"GUI_MFC_Legacy\x64\Release\coreprogram\01-正向仿真\03-输出文件\runs\run_20260911_105227_c7defb21\output\frame_000000_geometry.dat","BE283595E8C1F4DD9D0262D6692EA8EA1C07974830F889786453F285EE408187"
"GUI_MFC_Legacy\x64\Release\coreprogram\01-正向仿真\03-输出文件\runs\run_20260911_105227_c7defb21\output\frame_000000_sphere_temperature.dat","5E2E0BF6AF4763D5F4EB1EDEA40A23722A3E159693EC20376E26C58EC822EB88"
"GUI_MFC_Legacy\x64\Release\coreprogram\01-正向仿真\03-输出文件\runs\run_20260911_105227_c7defb21\output\frame_000000_spot_image.dat","A973DF99E9252DFC63A52A5072E25D4945C20A865126E5BAB0A3264D4E03E39B"
"GUI_MFC_Legacy\x64\Release\coreprogram\01-正向仿真\03-输出文件\runs\run_20260911_105227_c7defb21\output\frame_summary.csv","B1BB9D672C61AF5B1AAAC362F22FE42E75B8F0CA680D582AB77DA0496BBE1C3B"
"GUI_MFC_Legacy\x64\Release\coreprogram\01-正向仿真\03-输出文件\runs\run_20260911_105227_c7defb21\output\geometry_history.dat","82DB46B924286F6430A8DC8414F82F5A70AD652811AF3239732F0F272D6E1147"
"GUI_MFC_Legacy\x64\Release\coreprogram\01-正向仿真\03-输出文件\runs\run_20260911_105227_c7defb21\output\infrared_characteristics.csv","B849187EF8334C8CB389611BE7E5D02A639A1447E8FB0CEC0DABEFCE244875C7"
"GUI_MFC_Legacy\x64\Release\coreprogram\01-正向仿真\03-输出文件\runs\run_20260911_105227_c7defb21\output\input_parameters_summary.txt","A67E62F921105B776F1E62C2D7F31FB967E958741191D440C347804596AF3EBD"
"GUI_MFC_Legacy\x64\Release\coreprogram\01-正向仿真\03-输出文件\runs\run_20260911_105227_c7defb21\output\mc_debug.log","564FC90EA17B559458E714196A68D6540DAA98315F3060CFBDABD058782E31D8"
"GUI_MFC_Legacy\x64\Release\coreprogram\01-正向仿真\03-输出文件\runs\run_20260911_105227_c7defb21\output\mc_statistics.txt","2BD44ADA911F1E9090B02CA410E249BDAA4F70380789499C5752CBA923BAEE6D"
"GUI_MFC_Legacy\x64\Release\coreprogram\01-正向仿真\03-输出文件\runs\run_20260911_105227_c7defb21\output\runtime_summary.txt","6E93D712233709A6B17CB770CB8AF530C43B8763EC81FEEAD402096A9F4AB6CA"
"GUI_MFC_Legacy\x64\Release\coreprogram\01-正向仿真\03-输出文件\runs\run_20260911_105227_c7defb21\output\screen_history.dat","5A7EC9BA5C70D76566B4F271D826ACEA2B03D59041E9C75FB9CA4044865278C3"
"GUI_MFC_Legacy\x64\Release\coreprogram\01-正向仿真\03-输出文件\runs\run_20260911_105227_c7defb21\output\similarity_evaluation.csv","62FCB952141AE2D78E6502707D1DB4529081D595ADDC9F721BAC89C4007D9B86"
"GUI_MFC_Legacy\x64\Release\coreprogram\01-正向仿真\03-输出文件\runs\run_20260911_105227_c7defb21\output\sphere_temperature.dat","5E2E0BF6AF4763D5F4EB1EDEA40A23722A3E159693EC20376E26C58EC822EB88"
"GUI_MFC_Legacy\x64\Release\coreprogram\01-正向仿真\03-输出文件\runs\run_20260911_105227_c7defb21\output\spot_debug.log","55019A0C234C6B0E62FF69F708E9AF195F421060E7D6123EA715E3FDBC12FF7D"
"GUI_MFC_Legacy\x64\Release\coreprogram\01-正向仿真\03-输出文件\runs\run_20260911_105227_c7defb21\output\spot_image.dat","A973DF99E9252DFC63A52A5072E25D4945C20A865126E5BAB0A3264D4E03E39B"
"GUI_MFC_Legacy\x64\Release\coreprogram\01-正向仿真\03-输出文件\runs\run_20260911_105227_c7defb21\output\spot_point_history.csv","4E819622EE84B0B74C4EF90FBE9B89A1CFA339C5527D491663ACCFE30588BCC8"
"GUI_MFC_Legacy\x64\Release\coreprogram\01-正向仿真\03-输出文件\runs\run_20260911_105227_c7defb21\output\temperature_history.csv","E3B0C44298FC1C149AFBF4C8996FB92427AE41E4649B934CA495991B7852B855"
"GUI_MFC_Legacy\x64\Release\coreprogram\01-正向仿真\03-输出文件\runs\run_20260911_105227_c7defb21\output\trajectory_output.csv","B80607BA727BC55F521504F85B857A8742EBB19D4B2E65E62372E57401028098"
"GUI_MFC_Legacy\x64\Release\coreprogram\01-正向仿真\03-输出文件\runs\run_20260911_105227_c7defb21\output\verification_report.txt","3EFA4E4727536F15A2328C0188B6643E6E3092AE64E6D1BB4D1DD1A528AE2861"
"GUI_MFC_Legacy\x64\Release\coreprogram\01-正向仿真\03-输出文件\runs\run_20260911_105940_f98cfb78\input.dat","8CFB6C1259AC2A3C52AFC218D3D3F774DE8E6A1F0B534883107C055B7B9E1369"
"GUI_MFC_Legacy\x64\Release\coreprogram\01-正向仿真\03-输出文件\runs\run_20260911_105940_f98cfb78\request.json","DCB42418A1B6A72F7B73769FAF2D978A3455C49BED49BBE6CE084DC676086AC6"
"GUI_MFC_Legacy\x64\Release\coreprogram\01-正向仿真\03-输出文件\runs\run_20260911_105940_f98cfb78\output\beta_unbiasedness_report.txt","1505C2524989A6740B25C0DAD385177747707B77972CEAA0CC51A6F630F608F0"
"GUI_MFC_Legacy\x64\Release\coreprogram\01-正向仿真\03-输出文件\runs\run_20260911_105940_f98cfb78\output\frame_000000_geometry.dat","BE283595E8C1F4DD9D0262D6692EA8EA1C07974830F889786453F285EE408187"
"GUI_MFC_Legacy\x64\Release\coreprogram\01-正向仿真\03-输出文件\runs\run_20260911_105940_f98cfb78\output\frame_000000_sphere_temperature.dat","5E2E0BF6AF4763D5F4EB1EDEA40A23722A3E159693EC20376E26C58EC822EB88"
"GUI_MFC_Legacy\x64\Release\coreprogram\01-正向仿真\03-输出文件\runs\run_20260911_105940_f98cfb78\output\frame_000000_spot_image.dat","A973DF99E9252DFC63A52A5072E25D4945C20A865126E5BAB0A3264D4E03E39B"
"GUI_MFC_Legacy\x64\Release\coreprogram\01-正向仿真\03-输出文件\runs\run_20260911_105940_f98cfb78\output\frame_000010_geometry.dat","095D4CC53E33C5444084910FBBC3D22F7EA3B11269A08FB375297B52730D3D66"
"GUI_MFC_Legacy\x64\Release\coreprogram\01-正向仿真\03-输出文件\runs\run_20260911_105940_f98cfb78\output\frame_000010_sphere_temperature.dat","655B1C7343F1D04FA5C90E33F8DADB3C762EA4C8F655B6F135F34CB3B094452D"
"GUI_MFC_Legacy\x64\Release\coreprogram\01-正向仿真\03-输出文件\runs\run_20260911_105940_f98cfb78\output\frame_summary.csv","49D716C3F6ED714D65DF4BF5E42F8985349EB341F3EC5C4891598C30E116F788"
"GUI_MFC_Legacy\x64\Release\coreprogram\01-正向仿真\03-输出文件\runs\run_20260911_105940_f98cfb78\output\geometry_history.dat","0B32AAC1486EF42428BEF5C0AC7EA4E1190B57C02A1E9BBF3B384576B9ECE1AD"
"GUI_MFC_Legacy\x64\Release\coreprogram\01-正向仿真\03-输出文件\runs\run_20260911_105940_f98cfb78\output\infrared_characteristics.csv","04D6BEC84092388E367696D72DDDC22A5A67C55CDED15806C976809FAE64A0A4"
"GUI_MFC_Legacy\x64\Release\coreprogram\01-正向仿真\03-输出文件\runs\run_20260911_105940_f98cfb78\output\input_parameters_summary.txt","4E555A1873C8B13AEF281515BBDC86A99CDF865545E54DC9199DE01823020871"
"GUI_MFC_Legacy\x64\Release\coreprogram\01-正向仿真\03-输出文件\runs\run_20260911_105940_f98cfb78\output\mc_debug.log","63247D19AEB677C0863DBFA8A1A1B20349517B3F507137766F9DF95990C4F648"
"GUI_MFC_Legacy\x64\Release\coreprogram\01-正向仿真\03-输出文件\runs\run_20260911_105940_f98cfb78\output\mc_statistics.txt","9D740FE205A2752B46651F8EC109AD88C9187627818D0526E45C759C49DEA33E"
"GUI_MFC_Legacy\x64\Release\coreprogram\01-正向仿真\03-输出文件\runs\run_20260911_105940_f98cfb78\output\runtime_summary.txt","3BE7B7587387848D17C8F1F71C8C3B2A5684D3F840A02E82A9B128BF919F1F75"
"GUI_MFC_Legacy\x64\Release\coreprogram\01-正向仿真\03-输出文件\runs\run_20260911_105940_f98cfb78\output\screen_history.dat","F2C8F3EE1B353FB7D941677DD1C41F3413A62F4443CF6FC8293202AF37C77DCE"
"GUI_MFC_Legacy\x64\Release\coreprogram\01-正向仿真\03-输出文件\runs\run_20260911_105940_f98cfb78\output\similarity_evaluation.csv","18BDC55595723931DB1D4A7115569C2087B82AD3A338BE1A8A1BEF00A7C252D9"
"GUI_MFC_Legacy\x64\Release\coreprogram\01-正向仿真\03-输出文件\runs\run_20260911_105940_f98cfb78\output\sphere_temperature.dat","655B1C7343F1D04FA5C90E33F8DADB3C762EA4C8F655B6F135F34CB3B094452D"
"GUI_MFC_Legacy\x64\Release\coreprogram\01-正向仿真\03-输出文件\runs\run_20260911_105940_f98cfb78\output\spot_debug.log","84A6BB2602E62FB69ACF76A3AF013A7FC6D6E2D20BDDA7B30AE6775D90159A5D"
"GUI_MFC_Legacy\x64\Release\coreprogram\01-正向仿真\03-输出文件\runs\run_20260911_105940_f98cfb78\output\spot_image.dat","377475E3A98B86C5D41DBD7DD7C839FFDCF2137FC20E8BCB133D3E28BA40D627"
"GUI_MFC_Legacy\x64\Release\coreprogram\01-正向仿真\03-输出文件\runs\run_20260911_105940_f98cfb78\output\spot_point_history.csv","21D5D6ECFCE08B826336A3AD983EEB3DC25DEDC3AFD00A365DB5080F9C415D35"
"GUI_MFC_Legacy\x64\Release\coreprogram\01-正向仿真\03-输出文件\runs\run_20260911_105940_f98cfb78\output\temperature_history.csv","E3B0C44298FC1C149AFBF4C8996FB92427AE41E4649B934CA495991B7852B855"
"GUI_MFC_Legacy\x64\Release\coreprogram\01-正向仿真\03-输出文件\runs\run_20260911_105940_f98cfb78\output\trajectory_output.csv","A942097A75A1D2BCD4F3D71D3D139806D838C07C8CCCA93D1173570F2E988484"
"GUI_MFC_Legacy\x64\Release\coreprogram\01-正向仿真\03-输出文件\runs\run_20260911_105940_f98cfb78\output\verification_report.txt","882FB39A80BA8C7C93848544391CF1FF3949258E18C2DFE3894D750452926CE4"
"GUI_MFC_Legacy\x64\Release\coreprogram\01-正向仿真\03-输出文件\runs\run_20260911_111106_d29de561\input.dat","C67959344B71135CAF3E895D2B1BFB75CBF9F637F87EF1DA122CF89DDDBA2A5F"
"GUI_MFC_Legacy\x64\Release\coreprogram\01-正向仿真\03-输出文件\runs\run_20260911_111106_d29de561\request.json","DF0AA25D0B3644784C0049B30C8AFF318FE02EC4A62D35785237DAAECDBA2CC9"
"GUI_MFC_Legacy\x64\Release\coreprogram\01-正向仿真\03-输出文件\runs\run_20260911_111106_d29de561\output\beta_unbiasedness_report.txt","1505C2524989A6740B25C0DAD385177747707B77972CEAA0CC51A6F630F608F0"
"GUI_MFC_Legacy\x64\Release\coreprogram\01-正向仿真\03-输出文件\runs\run_20260911_111106_d29de561\output\frame_000000_geometry.dat","BE283595E8C1F4DD9D0262D6692EA8EA1C07974830F889786453F285EE408187"
"GUI_MFC_Legacy\x64\Release\coreprogram\01-正向仿真\03-输出文件\runs\run_20260911_111106_d29de561\output\frame_000000_sphere_temperature.dat","63F4C2DE6D8B72628F8506A34B95D197F1736C594844DD24B3808D6683F1635A"
"GUI_MFC_Legacy\x64\Release\coreprogram\01-正向仿真\03-输出文件\runs\run_20260911_111106_d29de561\output\frame_000000_spot_image.dat","5486294F61D308E4B6C1AC03F8A5E9F74DA301B28992C9EC47E37067FF0B2C06"
"GUI_MFC_Legacy\x64\Release\coreprogram\01-正向仿真\03-输出文件\runs\run_20260911_111106_d29de561\output\frame_000010_geometry.dat","095D4CC53E33C5444084910FBBC3D22F7EA3B11269A08FB375297B52730D3D66"
"GUI_MFC_Legacy\x64\Release\coreprogram\01-正向仿真\03-输出文件\runs\run_20260911_111106_d29de561\output\frame_000010_sphere_temperature.dat","1BA6354EE4D20F0FF1A45FF95A56A23A049F3CE958159956CD18279C105A0AF3"
"GUI_MFC_Legacy\x64\Release\coreprogram\01-正向仿真\03-输出文件\runs\run_20260911_111106_d29de561\output\frame_summary.csv","FB722321108C62D18CA98AD4F52589DA98275BFB07CFA6E8C022A4C05363F1C9"
"GUI_MFC_Legacy\x64\Release\coreprogram\01-正向仿真\03-输出文件\runs\run_20260911_111106_d29de561\output\geometry_history.dat","0B32AAC1486EF42428BEF5C0AC7EA4E1190B57C02A1E9BBF3B384576B9ECE1AD"
"GUI_MFC_Legacy\x64\Release\coreprogram\01-正向仿真\03-输出文件\runs\run_20260911_111106_d29de561\output\infrared_characteristics.csv","269BC150E3D94C10631FB874EEA03943D88BF9A2725D84417EE5E059EBDCF2B7"
"GUI_MFC_Legacy\x64\Release\coreprogram\01-正向仿真\03-输出文件\runs\run_20260911_111106_d29de561\output\input_parameters_summary.txt","2ECB5C8D60FBE8FA154E8ED491F3033EA2A8E454F01F581880B5F645DFF8E068"
"GUI_MFC_Legacy\x64\Release\coreprogram\01-正向仿真\03-输出文件\runs\run_20260911_111106_d29de561\output\mc_debug.log","0613BCE870DD9D913CC81E2085CE4A696EBDF47A0AEED7831F396988E1708A05"
"GUI_MFC_Legacy\x64\Release\coreprogram\01-正向仿真\03-输出文件\runs\run_20260911_111106_d29de561\output\mc_statistics.txt","4A9E554DD76E0020AB6CB153CD9B08796E5088A0716930FA1D808D55F9F48D53"
"GUI_MFC_Legacy\x64\Release\coreprogram\01-正向仿真\03-输出文件\runs\run_20260911_111106_d29de561\output\runtime_summary.txt","AA1B50E25268AF94F568A8D8AB3DA28D3991414583A85C86B89BEDDB6A6DD724"
"GUI_MFC_Legacy\x64\Release\coreprogram\01-正向仿真\03-输出文件\runs\run_20260911_111106_d29de561\output\screen_history.dat","0161BC3B1FE57A725DCA7E4926C1CBE4FFCE029AAB01811C02E1B85B3B889E54"
"GUI_MFC_Legacy\x64\Release\coreprogram\01-正向仿真\03-输出文件\runs\run_20260911_111106_d29de561\output\similarity_evaluation.csv","A532619CA3534FC01BD6A1B50EB4BE584127F911EAAF090C3FEBFD704BCCC79D"
"GUI_MFC_Legacy\x64\Release\coreprogram\01-正向仿真\03-输出文件\runs\run_20260911_111106_d29de561\output\sphere_temperature.dat","1BA6354EE4D20F0FF1A45FF95A56A23A049F3CE958159956CD18279C105A0AF3"
"GUI_MFC_Legacy\x64\Release\coreprogram\01-正向仿真\03-输出文件\runs\run_20260911_111106_d29de561\output\spot_debug.log","1F34D721A2ADCA572DE207E5C7CF251972A198E471F607FEC6C42B9DA01FD317"
"GUI_MFC_Legacy\x64\Release\coreprogram\01-正向仿真\03-输出文件\runs\run_20260911_111106_d29de561\output\spot_image.dat","201FDDF6C3B9614E22CA9F1E53E80FE5E78FB3F366A0190497A882ABBC1CF4AE"
"GUI_MFC_Legacy\x64\Release\coreprogram\01-正向仿真\03-输出文件\runs\run_20260911_111106_d29de561\output\spot_point_history.csv","D67F465106B29643705EDB42F367093B4204A80A2B7A2AC6C209A9D43364417A"
"GUI_MFC_Legacy\x64\Release\coreprogram\01-正向仿真\03-输出文件\runs\run_20260911_111106_d29de561\output\temperature_history.csv","E3B0C44298FC1C149AFBF4C8996FB92427AE41E4649B934CA495991B7852B855"
"GUI_MFC_Legacy\x64\Release\coreprogram\01-正向仿真\03-输出文件\runs\run_20260911_111106_d29de561\output\trajectory_output.csv","A942097A75A1D2BCD4F3D71D3D139806D838C07C8CCCA93D1173570F2E988484"
"GUI_MFC_Legacy\x64\Release\coreprogram\01-正向仿真\03-输出文件\runs\run_20260911_111106_d29de561\output\verification_report.txt","FE9843D7218AEEAB161A038C9ABFFD48F18BDD0DDE3B1DBEA351D287C1923D37"
"GUI_MFC_Legacy\x64\Release\coreprogram\01-正向仿真\03-输出文件\runs\run_20260911_111227_7c676e41\input.dat","D6D203A20467CAA8D39FF093508C3EDED655DDFD8457B3FB4A6DFE230EFFD988"
"GUI_MFC_Legacy\x64\Release\coreprogram\01-正向仿真\03-输出文件\runs\run_20260911_111227_7c676e41\request.json","80E1BE329C1429F65AC2D8913A5BE1AFAD05E7949142859BDC0D668233B7B382"
"GUI_MFC_Legacy\x64\Release\coreprogram\01-正向仿真\03-输出文件\runs\run_20260911_111227_7c676e41\output\beta_unbiasedness_report.txt","C511BF37FE8003302E0CD12F9B442DEC3C06E99DDD6667334184F8BA11BE6569"
"GUI_MFC_Legacy\x64\Release\coreprogram\01-正向仿真\03-输出文件\runs\run_20260911_111227_7c676e41\output\frame_000000_geometry.dat","BE283595E8C1F4DD9D0262D6692EA8EA1C07974830F889786453F285EE408187"
"GUI_MFC_Legacy\x64\Release\coreprogram\01-正向仿真\03-输出文件\runs\run_20260911_111227_7c676e41\output\frame_000000_sphere_temperature.dat","2164B83833CCE5E93C37A9C2084075E55633D3EA270F7C29B12B78603843AD97"
"GUI_MFC_Legacy\x64\Release\coreprogram\01-正向仿真\03-输出文件\runs\run_20260911_111227_7c676e41\output\frame_000000_spot_image.dat","3D48270ED0E32ACC0D74E506E8D10FC873F8165AA5EF94A3AD8E8859205D23D7"
"GUI_MFC_Legacy\x64\Release\coreprogram\01-正向仿真\03-输出文件\runs\run_20260911_111227_7c676e41\output\frame_000010_geometry.dat","095D4CC53E33C5444084910FBBC3D22F7EA3B11269A08FB375297B52730D3D66"
"GUI_MFC_Legacy\x64\Release\coreprogram\01-正向仿真\03-输出文件\runs\run_20260911_111227_7c676e41\output\frame_000010_sphere_temperature.dat","38C87F74FB14039E827B7328A31F18D8290CC5BE4CFDCE7946938A2BE54CAC8A"
"GUI_MFC_Legacy\x64\Release\coreprogram\01-正向仿真\03-输出文件\runs\run_20260911_111227_7c676e41\output\frame_000020_geometry.dat","8D0AEF1725B339DA9C23E994D9D1D89F122036FC970CEE13DAAC149EB1AE84F2"
"GUI_MFC_Legacy\x64\Release\coreprogram\01-正向仿真\03-输出文件\runs\run_20260911_111227_7c676e41\output\frame_000020_sphere_temperature.dat","7B95D1F77D1DE087D893EF478C253DCC6A71AEFFFCA39CAD106B9AD47AAA9A43"
"GUI_MFC_Legacy\x64\Release\coreprogram\01-正向仿真\03-输出文件\runs\run_20260911_111227_7c676e41\output\frame_summary.csv","065CA5DE24EB098C96E2C35FE07103FAAF32D6604E45F171C21D2FB40216FF59"
"GUI_MFC_Legacy\x64\Release\coreprogram\01-正向仿真\03-输出文件\runs\run_20260911_111227_7c676e41\output\geometry_history.dat","D23E53828984357581D815912D85B81E1218A3C45BA3E20DAAB1ADF0898E3964"
"GUI_MFC_Legacy\x64\Release\coreprogram\01-正向仿真\03-输出文件\runs\run_20260911_111227_7c676e41\output\infrared_characteristics.csv","49378A8FCFEE90BFC710C8E48E698E726E501A1C2C46127435184CD3F70BB297"
"GUI_MFC_Legacy\x64\Release\coreprogram\01-正向仿真\03-输出文件\runs\run_20260911_111227_7c676e41\output\input_parameters_summary.txt","5F48D5CE228038393928BEB7B635135B358DC85A3088A958504AA96D64088D59"
"GUI_MFC_Legacy\x64\Release\coreprogram\01-正向仿真\03-输出文件\runs\run_20260911_111227_7c676e41\output\mc_debug.log","EE67AC01537ED0CB9756585AB5CFEB3D1245C8DAA6AED5DBDFA2CF91F7363AF3"
"GUI_MFC_Legacy\x64\Release\coreprogram\01-正向仿真\03-输出文件\runs\run_20260911_111227_7c676e41\output\mc_statistics.txt","705304CFE0278A819913FE5D772564B0E1786B38373F272FD6B639ABA4C09461"
"GUI_MFC_Legacy\x64\Release\coreprogram\01-正向仿真\03-输出文件\runs\run_20260911_111227_7c676e41\output\runtime_summary.txt","FC48F282167F5C711617094B955A2D89DA4FD35E76480FAD89E2BB23DF3AB754"
"GUI_MFC_Legacy\x64\Release\coreprogram\01-正向仿真\03-输出文件\runs\run_20260911_111227_7c676e41\output\screen_history.dat","17AAC827B5407A2C739A9524663A7CFBFB889716885065D23D9107B9673E0B9B"
"GUI_MFC_Legacy\x64\Release\coreprogram\01-正向仿真\03-输出文件\runs\run_20260911_111227_7c676e41\output\similarity_evaluation.csv","18CE5E293990111BB1809716F90DEC56B2CF8FF93F07941A0E0B586978F029CA"
"GUI_MFC_Legacy\x64\Release\coreprogram\01-正向仿真\03-输出文件\runs\run_20260911_111227_7c676e41\output\sphere_temperature.dat","7B95D1F77D1DE087D893EF478C253DCC6A71AEFFFCA39CAD106B9AD47AAA9A43"
"GUI_MFC_Legacy\x64\Release\coreprogram\01-正向仿真\03-输出文件\runs\run_20260911_111227_7c676e41\output\spot_debug.log","7DED63B4D1A7AB19C4314A76F8A16DA83199188FCD59392D60DF99625CAD986A"
"GUI_MFC_Legacy\x64\Release\coreprogram\01-正向仿真\03-输出文件\runs\run_20260911_111227_7c676e41\output\spot_image.dat","5F3569E87C624B3C80CC24FE4DB0B8A538991F896276EBE47B0F73FA89B753F5"
"GUI_MFC_Legacy\x64\Release\coreprogram\01-正向仿真\03-输出文件\runs\run_20260911_111227_7c676e41\output\spot_point_history.csv","A2701FB5FFEDF2A68AA043998CBF31F269CFE9930CEDB0581ABA6E1E343EAD83"
"GUI_MFC_Legacy\x64\Release\coreprogram\01-正向仿真\03-输出文件\runs\run_20260911_111227_7c676e41\output\temperature_history.csv","E3B0C44298FC1C149AFBF4C8996FB92427AE41E4649B934CA495991B7852B855"
"GUI_MFC_Legacy\x64\Release\coreprogram\01-正向仿真\03-输出文件\runs\run_20260911_111227_7c676e41\output\trajectory_output.csv","428D68476CAC8E1AE2BF5AC732AD6FDD852334825E41459C433B1E19A6106744"
"GUI_MFC_Legacy\x64\Release\coreprogram\01-正向仿真\03-输出文件\runs\run_20260911_111227_7c676e41\output\verification_report.txt","5F71EDF7BD653B4FB6AB8DCCD5ED28771CD535A89280BEF526FAD3F2FB44121F"
"GUI_MFC_Legacy\x64\Release\coreprogram\01-正向仿真\03-输出文件\runs\run_20260911_111651_85769ab5\input.dat","D6D203A20467CAA8D39FF093508C3EDED655DDFD8457B3FB4A6DFE230EFFD988"
"GUI_MFC_Legacy\x64\Release\coreprogram\01-正向仿真\03-输出文件\runs\run_20260911_111651_85769ab5\request.json","80E1BE329C1429F65AC2D8913A5BE1AFAD05E7949142859BDC0D668233B7B382"
"GUI_MFC_Legacy\x64\Release\coreprogram\01-正向仿真\03-输出文件\runs\run_20260911_111651_85769ab5\output\beta_unbiasedness_report.txt","5A8B121136D4006E4EDEE14DF9E38A4BE412FEBEF2861D3EAD21C8F252A8E784"
"GUI_MFC_Legacy\x64\Release\coreprogram\01-正向仿真\03-输出文件\runs\run_20260911_111651_85769ab5\output\frame_000000_geometry.dat","BE283595E8C1F4DD9D0262D6692EA8EA1C07974830F889786453F285EE408187"
"GUI_MFC_Legacy\x64\Release\coreprogram\01-正向仿真\03-输出文件\runs\run_20260911_111651_85769ab5\output\frame_000000_sphere_temperature.dat","2164B83833CCE5E93C37A9C2084075E55633D3EA270F7C29B12B78603843AD97"
"GUI_MFC_Legacy\x64\Release\coreprogram\01-正向仿真\03-输出文件\runs\run_20260911_111651_85769ab5\output\frame_000000_spot_image.dat","3D48270ED0E32ACC0D74E506E8D10FC873F8165AA5EF94A3AD8E8859205D23D7"
"GUI_MFC_Legacy\x64\Release\coreprogram\01-正向仿真\03-输出文件\runs\run_20260911_111651_85769ab5\output\frame_summary.csv","611D82867C4A27F0139CA8FE6A9A2A1E3392CE3DB5D48305899AA656E04EF0DE"
"GUI_MFC_Legacy\x64\Release\coreprogram\01-正向仿真\03-输出文件\runs\run_20260911_111651_85769ab5\output\geometry_history.dat","82DB46B924286F6430A8DC8414F82F5A70AD652811AF3239732F0F272D6E1147"
"GUI_MFC_Legacy\x64\Release\coreprogram\01-正向仿真\03-输出文件\runs\run_20260911_111651_85769ab5\output\infrared_characteristics.csv","95D3671DCFB23D29DAF31641DF691E01A216191E412E38C775550B3BD580BF2C"
"GUI_MFC_Legacy\x64\Release\coreprogram\01-正向仿真\03-输出文件\runs\run_20260911_111651_85769ab5\output\input_parameters_summary.txt","1B168AF769FCFF0525B5350F84146A603AAB06C5F2809BB295BD25B47BA6558D"
"GUI_MFC_Legacy\x64\Release\coreprogram\01-正向仿真\03-输出文件\runs\run_20260911_111651_85769ab5\output\mc_debug.log","66BA43C8607BAF9B2397DA65EDFAD95139F648C4FD814841C0650780D07AE608"
"GUI_MFC_Legacy\x64\Release\coreprogram\01-正向仿真\03-输出文件\runs\run_20260911_111651_85769ab5\output\mc_statistics.txt","EA24AED3AF59A95AD871D8D29F727FAD3638F7EE866B32506B8F84D51C872FDF"
"GUI_MFC_Legacy\x64\Release\coreprogram\01-正向仿真\03-输出文件\runs\run_20260911_111651_85769ab5\output\runtime_summary.txt","355423858048BF66948EC9698174FF1DF02A9A95465A5034542B0F5F07E6BF91"
"GUI_MFC_Legacy\x64\Release\coreprogram\01-正向仿真\03-输出文件\runs\run_20260911_111651_85769ab5\output\screen_history.dat","CF9178B49972F30A9D4FABBBFB9C111F60E1AC68A39090BC5547EFE79B66B5F4"
"GUI_MFC_Legacy\x64\Release\coreprogram\01-正向仿真\03-输出文件\runs\run_20260911_111651_85769ab5\output\similarity_evaluation.csv","16A15D270AC6D031B0DBE8EC030B19351D649C39DFBBF1C2F2FD12D13E7A06E6"
"GUI_MFC_Legacy\x64\Release\coreprogram\01-正向仿真\03-输出文件\runs\run_20260911_111651_85769ab5\output\sphere_temperature.dat","2164B83833CCE5E93C37A9C2084075E55633D3EA270F7C29B12B78603843AD97"
"GUI_MFC_Legacy\x64\Release\coreprogram\01-正向仿真\03-输出文件\runs\run_20260911_111651_85769ab5\output\spot_debug.log","342A0B62F916B0CFEC15094DCD20BDB7E28D8D4B883BE144C12175999E56CC74"
"GUI_MFC_Legacy\x64\Release\coreprogram\01-正向仿真\03-输出文件\runs\run_20260911_111651_85769ab5\output\spot_image.dat","3D48270ED0E32ACC0D74E506E8D10FC873F8165AA5EF94A3AD8E8859205D23D7"
"GUI_MFC_Legacy\x64\Release\coreprogram\01-正向仿真\03-输出文件\runs\run_20260911_111651_85769ab5\output\spot_point_history.csv","910A44550D408C05D05A050C15FCD260FCAE4BCAD053B9CB6DF068DFF210E67A"
"GUI_MFC_Legacy\x64\Release\coreprogram\01-正向仿真\03-输出文件\runs\run_20260911_111651_85769ab5\output\temperature_history.csv","E3B0C44298FC1C149AFBF4C8996FB92427AE41E4649B934CA495991B7852B855"
"GUI_MFC_Legacy\x64\Release\coreprogram\01-正向仿真\03-输出文件\runs\run_20260911_111651_85769ab5\output\trajectory_output.csv","B80607BA727BC55F521504F85B857A8742EBB19D4B2E65E62372E57401028098"
"GUI_MFC_Legacy\x64\Release\coreprogram\01-正向仿真\03-输出文件\runs\run_20260911_111651_85769ab5\output\verification_report.txt","D9FF1CF610A78860B1A975073488054832FA955452AA6B6D2230169693873582"
"GUI_MFC_Legacy\x64\Release\coreprogram\02-智能预测\01-输入文件\02_formal_target_curves.csv","5A408BFDBE6882E7EA9FD4FCCA49902166A1C6C161F41DC222B2FE03C815551E"
"GUI_MFC_Legacy\x64\Release\coreprogram\02-智能预测\01-输入文件\04_global_parameter_pool_10000.csv","D58D09E324911B6D98B500282641BA2484AADE8F58CCF144707143ACED313D27"
"GUI_MFC_Legacy\x64\Release\coreprogram\02-智能预测\01-输入文件\12_representative_targets_and_topk.csv","AB0F41644E6D244F440C599F47620E029CF1C3297410FE305A9985E874C36524"
"GUI_MFC_Legacy\x64\Release\coreprogram\02-智能预测\01-输入文件\gui_input_example.json","B7F11DFB5864DABC91B983239F8A9FD48A813B40686832315133E117FC53B5AB"
"GUI_MFC_Legacy\x64\Release\coreprogram\02-智能预测\01-输入文件\point_image_scene_template.csv","5F47EC4CF5B2281030F539AB8B1084FA8691F4956CFFFE5390431E1BD4803467"
"GUI_MFC_Legacy\x64\Release\coreprogram\02-智能预测\01-输入文件\point_image_scene_template_manifest.json","B36C77F8E59A2EB659C062A0E1AF659DF54A579EC660EC924B3187BE1DA7FC78"
"GUI_MFC_Legacy\x64\Release\coreprogram\02-智能预测\01-输入文件\README_点图像模板.txt","BB32B6738F1F33CBB96EFE58369859D32815B484B544079764C288848E9ADD66"
"GUI_MFC_Legacy\x64\Release\coreprogram\02-智能预测\01-输入文件\request.json","AAA4C5DC1E051775B6144C0B294EF3D8D75FF56CF2EFF4AF772FDFB65A9D2007"
"GUI_MFC_Legacy\x64\Release\coreprogram\02-智能预测\02-程序\forward_bridge_optuna_ranker.py","A205408A15A5262D51B75AFC46405055632C7795990D83034319E7C5757901E7"
"GUI_MFC_Legacy\x64\Release\coreprogram\02-智能预测\02-程序\stage_c_run_m2_temperature_inference_v1.py","ADFC37D6762564029C53F6AF2A2C8D696ACF5B768C09877E2EE5A89F7B715DCA"
"GUI_MFC_Legacy\x64\Release\coreprogram\02-智能预测\02-程序\stage_f_run_point_image_candidate_evaluation_v1.py","3BAA3D523AB6A637BA57C098719A8D995C7829462A5CBFC6B182F43618D7B2AD"
"GUI_MFC_Legacy\x64\Release\coreprogram\02-智能预测\02-程序\stage_utils.py","33CABB8FDFF4EE472DBFF09749F97C0B1C528EB1B9BE31480AD4CED6833CCE34"
"GUI_MFC_Legacy\x64\Release\coreprogram\02-智能预测\02-程序\surrogate_prediction_runner.py","4E4514162B44E4E899C104EC15F3B21100895354C43012DCEF9B901F174E93BD"
"GUI_MFC_Legacy\x64\Release\coreprogram\02-智能预测\02-程序\thermal_optuna_best_model.py","32440D1738824714AD20CD7F7953F883B6D62124C11B769FB753CBE05CBCC138"
"GUI_MFC_Legacy\x64\Release\coreprogram\02-智能预测\02-程序\入口程序使用说明.txt","04386A7F5B1DEBCED1D5C7F7A86A7EB407B4DFD5AE50F882A41D76C726C7F128"
"GUI_MFC_Legacy\x64\Release\coreprogram\02-智能预测\02-程序\__pycache__\stage_f_run_point_image_candidate_evaluation_v1.cpython-313.pyc","C8ED76D7F0AB3F2FBC78BA10E74080BB1859AB4A65A3E4B732368A44BFA9850B"
"GUI_MFC_Legacy\x64\Release\coreprogram\02-智能预测\02-程序\__pycache__\stage_utils.cpython-313.pyc","FDFA7B012E903BC13FADBFDC9944987C908BC741A272B2BE51836AD350733472"
"GUI_MFC_Legacy\x64\Release\coreprogram\02-智能预测\03-模型文件\best_model.keras","0D77A38F4457ADF1A34275A9B7309AC1AA3E5E880542B19A59A0155F54C31135"
"GUI_MFC_Legacy\x64\Release\coreprogram\02-智能预测\03-模型文件\formal_configured_target_temperature_extratrees.joblib","7AAE9E013ED816E35C73A48FBBE53F6D4331298090E77C1C1A2D04CC2F13AD7A"
"GUI_MFC_Legacy\x64\Release\coreprogram\02-智能预测\03-模型文件\scalers.json","98A4DD66D29DD64AA6EF4771CD0CEA337B6AD590B847E14D2635BAFC7180D92A"
"GUI_MFC_Legacy\x64\Release\coreprogram\02-智能预测\04-输出文件\06_m2_predictions_long.csv.gz","216BBD38CFDF8BBF7E27E57EF16BD8A0700DF3510960A6BB7F1DF093FB9B1841"
"GUI_MFC_Legacy\x64\Release\coreprogram\02-智能预测\04-输出文件\README_输出目录.txt","BD9E5BFCD9765A447B699A18BCE99C45F3A976EBDC3C10ED5C121F0425F21AF5"
"GUI_MFC_Legacy\x64\Release\coreprogram\02-智能预测\04-输出文件\test_token_predictions.csv","DC26F859D770E61F2F9D46F07EFE7C09A1AC325B75F96A340E1C5E3F7A2E71B7"
"GUI_MFC_Legacy\x64\Release\coreprogram\02-智能预测\04-输出文件\runs\run_20260911_132826_1abed177\prediction_summary.json","CE6FFBD3F89A4804011F2ED4B60015FBD9DF04D300B9C4080F8709213F9CE7B0"
"GUI_MFC_Legacy\x64\Release\coreprogram\02-智能预测\04-输出文件\runs\run_20260911_132826_1abed177\request.json","0090FED44C646D7D6CD38A88942CB7575A34DDC32C91725039AC3EF54F006202"
"GUI_MFC_Legacy\x64\Release\coreprogram\02-智能预测\04-输出文件\runs\run_20260911_132826_1abed177\temperature_prediction.csv","22F8AB8F8350C38B9C9B729D5727B26C0F1A916E13AB454B247666E34D3F1A6D"
"GUI_MFC_Legacy\x64\Release\coreprogram\02-智能预测\04-输出文件\runs\run_20260911_133408_98b3b1fe\point_image_frame_metrics.csv","E17FF3175788BD9BDD041AD53D3281478B9E5452FF3FC21A8340CDCF00A4C5C4"
"GUI_MFC_Legacy\x64\Release\coreprogram\02-智能预测\04-输出文件\runs\run_20260911_133408_98b3b1fe\point_image_reconstruction_contract.json","AA378A5003BF0F0259AB317D9677B86B4A8D795509E4B05AF40090D8A34FC149"
"GUI_MFC_Legacy\x64\Release\coreprogram\02-智能预测\04-输出文件\runs\run_20260911_133408_98b3b1fe\point_token_predictions.csv.gz","84A54A63F5E7B6A6927FFFE35B9A242F57FB1D41E15F733D95E1AF8123CDA825"
"GUI_MFC_Legacy\x64\Release\coreprogram\02-智能预测\04-输出文件\runs\run_20260911_133408_98b3b1fe\prediction_summary.json","3F0F7D094B149F1C51294424C31E18AFF6E3EA52A48F9D012E4618E6317EC004"
"GUI_MFC_Legacy\x64\Release\coreprogram\02-智能预测\04-输出文件\runs\run_20260911_133408_98b3b1fe\request.json","0C413B016EB9D3A206D27C1D3DF021CEBF91C2CA35BDA105BB8E6B7939D93644"
"GUI_MFC_Legacy\x64\Release\coreprogram\02-智能预测\04-输出文件\runs\run_20260911_133518_4a7f3009\point_image_frame_metrics.csv","E17FF3175788BD9BDD041AD53D3281478B9E5452FF3FC21A8340CDCF00A4C5C4"
"GUI_MFC_Legacy\x64\Release\coreprogram\02-智能预测\04-输出文件\runs\run_20260911_133518_4a7f3009\point_image_reconstruction_contract.json","AA378A5003BF0F0259AB317D9677B86B4A8D795509E4B05AF40090D8A34FC149"
"GUI_MFC_Legacy\x64\Release\coreprogram\02-智能预测\04-输出文件\runs\run_20260911_133518_4a7f3009\point_token_predictions.csv.gz","8BEFC38F6F2D07E050DF2CF1369A58769F694FD60676E24F8E6590D9812E6F55"
"GUI_MFC_Legacy\x64\Release\coreprogram\02-智能预测\04-输出文件\runs\run_20260911_133518_4a7f3009\prediction_summary.json","A5B8BFB0567059948FF841B60B44992FA7AC485C07CE88935A2E9AA803C42FD5"
"GUI_MFC_Legacy\x64\Release\coreprogram\02-智能预测\04-输出文件\runs\run_20260911_133518_4a7f3009\request.json","0C413B016EB9D3A206D27C1D3DF021CEBF91C2CA35BDA105BB8E6B7939D93644"
"GUI_MFC_Legacy\x64\Release\coreprogram\02-智能预测\04-输出文件\runs\run_20260911_134450_4519470a\point_image_frame_metrics.csv","E17FF3175788BD9BDD041AD53D3281478B9E5452FF3FC21A8340CDCF00A4C5C4"
"GUI_MFC_Legacy\x64\Release\coreprogram\02-智能预测\04-输出文件\runs\run_20260911_134450_4519470a\point_image_reconstruction_contract.json","AA378A5003BF0F0259AB317D9677B86B4A8D795509E4B05AF40090D8A34FC149"
"GUI_MFC_Legacy\x64\Release\coreprogram\02-智能预测\04-输出文件\runs\run_20260911_134450_4519470a\point_token_predictions.csv.gz","B85E60CFEB039B7E27D65352614A610F27F64FC6731D53E8FDE9D6699AD8F949"
"GUI_MFC_Legacy\x64\Release\coreprogram\02-智能预测\04-输出文件\runs\run_20260911_134450_4519470a\prediction_summary.json","D3623DEBB4368F0DCD587D5A7984E26F961A9ECCD638F94A5D4E137A65BBDD31"
"GUI_MFC_Legacy\x64\Release\coreprogram\02-智能预测\04-输出文件\runs\run_20260911_134450_4519470a\request.json","1CE50944671009AD99A0F4CF5BA4CA3D5781DC5596D820EC8EE97023512E41E3"
"GUI_MFC_Legacy\x64\Release\coreprogram\02-智能预测\04-输出文件\runs\run_20260911_134450_4519470a\temperature_prediction.csv","22F8AB8F8350C38B9C9B729D5727B26C0F1A916E13AB454B247666E34D3F1A6D"
"GUI_MFC_Legacy\x64\Release\coreprogram\02-智能预测\04-输出文件\runs\run_20260911_135330_7bcf38f5\request.json","1CE50944671009AD99A0F4CF5BA4CA3D5781DC5596D820EC8EE97023512E41E3"
"GUI_MFC_Legacy\x64\Release\coreprogram\02-智能预测\04-输出文件\runs\run_20260911_135330_7bcf38f5\temperature_prediction.csv","22F8AB8F8350C38B9C9B729D5727B26C0F1A916E13AB454B247666E34D3F1A6D"
"GUI_MFC_Legacy\x64\Release\coreprogram\03-相似度评估\01-输入文件\02_formal_target_curves.csv","5A408BFDBE6882E7EA9FD4FCCA49902166A1C6C161F41DC222B2FE03C815551E"
"GUI_MFC_Legacy\x64\Release\coreprogram\03-相似度评估\02-程序\forward_bridge_optuna_ranker.py","A205408A15A5262D51B75AFC46405055632C7795990D83034319E7C5757901E7"
"GUI_MFC_Legacy\x64\Release\coreprogram\03-相似度评估\02-程序\similarity_evaluator.py","4B4031025A15B9E6CFB539A295804448999F1411C76434EC526D013ED927A4A3"
"GUI_MFC_Legacy\x64\Release\coreprogram\03-相似度评估\02-程序\stage_d_apply_screening_rules_v1.py","96A0FB947C721F50BB5C90EDDF2A73D6C0B8DB9CF1235488BBB0BA1AB7F8A8D1"
"GUI_MFC_Legacy\x64\Release\coreprogram\03-相似度评估\02-程序\stage_utils.py","33CABB8FDFF4EE472DBFF09749F97C0B1C528EB1B9BE31480AD4CED6833CCE34"
"GUI_MFC_Legacy\x64\Release\coreprogram\03-相似度评估\02-程序\入口程序使用说明.txt","EB5FF6C2D41392FFED41D914D5616C49487852F3FCDC8A3F742D326FE23480D5"
"GUI_MFC_Legacy\x64\Release\coreprogram\03-相似度评估\03-输出文件\07_candidate_target_metrics.csv","877B488B12054F725E3424756E11CC4160E497D8DA59688462A9431E1587D0CE"
"GUI_MFC_Legacy\x64\Release\coreprogram\03-相似度评估\03-输出文件\README_输出目录.txt","0F3C76344E9B5CD0D6773B68B732F7C12197408925ED5AF45492978C849ACDB7"
"GUI_MFC_Legacy\x64\Release\coreprogram\04-红外场景构建\01-输入文件\02_formal_target_curves.csv","5A408BFDBE6882E7EA9FD4FCCA49902166A1C6C161F41DC222B2FE03C815551E"
"GUI_MFC_Legacy\x64\Release\coreprogram\04-红外场景构建\01-输入文件\04_global_parameter_pool_10000.csv","D58D09E324911B6D98B500282641BA2484AADE8F58CCF144707143ACED313D27"
"GUI_MFC_Legacy\x64\Release\coreprogram\04-红外场景构建\01-输入文件\scene_search_config.json","439B811FB0D16ABA0152736886331C868D100D93AE18A73F144B465D242E4469"
"GUI_MFC_Legacy\x64\Release\coreprogram\04-红外场景构建\02-程序\forward_bridge_optuna_ranker.py","A205408A15A5262D51B75AFC46405055632C7795990D83034319E7C5757901E7"
"GUI_MFC_Legacy\x64\Release\coreprogram\04-红外场景构建\02-程序\scene_search_controller.py","12B8442450186D97C164A543EF22040658C150D62C23B62E6CD618A5E8266F36"
"GUI_MFC_Legacy\x64\Release\coreprogram\04-红外场景构建\02-程序\stage_b_generate_global_parameter_pool_v1.py","556F295C65EBF9EC879BF09E523D1A98223247CFB1774BB3DEE4BA8C22FA2E86"
"GUI_MFC_Legacy\x64\Release\coreprogram\04-红外场景构建\02-程序\stage_c_run_m2_temperature_inference_v1.py","ADFC37D6762564029C53F6AF2A2C8D696ACF5B768C09877E2EE5A89F7B715DCA"
"GUI_MFC_Legacy\x64\Release\coreprogram\04-红外场景构建\02-程序\stage_d_apply_screening_rules_v1.py","96A0FB947C721F50BB5C90EDDF2A73D6C0B8DB9CF1235488BBB0BA1AB7F8A8D1"
"GUI_MFC_Legacy\x64\Release\coreprogram\04-红外场景构建\02-程序\stage_f_run_point_image_candidate_evaluation_v1.py","BD219F9AA367F5C110C1A3FA03314104F542C521563176D1BD53FF85548E190C"
"GUI_MFC_Legacy\x64\Release\coreprogram\04-红外场景构建\02-程序\stage_g_run_source_case_forward_recheck_v1.py","83A59B3DB15ED1462DF87E333B3546495198B02077CCCFA8EA6D789E46879D66"
"GUI_MFC_Legacy\x64\Release\coreprogram\04-红外场景构建\02-程序\stage_utils.py","33CABB8FDFF4EE472DBFF09749F97C0B1C528EB1B9BE31480AD4CED6833CCE34"
"GUI_MFC_Legacy\x64\Release\coreprogram\04-红外场景构建\02-程序\入口程序使用说明.txt","A099B629444BA5611CC6E411D56282D5689ED58E8B073A7B6D5BC82CAF8BBC11"
"GUI_MFC_Legacy\x64\Release\coreprogram\04-红外场景构建\03-输出文件\07_candidate_target_metrics.csv","877B488B12054F725E3424756E11CC4160E497D8DA59688462A9431E1587D0CE"
"GUI_MFC_Legacy\x64\Release\coreprogram\04-红外场景构建\03-输出文件\08_screening_results_all.csv","A3789D7A2577C23A694A7E8DF0A562C705B20FA5560E7270F7706D00267A065D"
"GUI_MFC_Legacy\x64\Release\coreprogram\04-红外场景构建\03-输出文件\15_forward_recheck_results.csv","838F689F2710D2CE4744C9A8DF0521DBB780C7BEAD2FDD46BB0DABAA4A43191A"
"GUI_MFC_Legacy\x64\Release\coreprogram\04-红外场景构建\03-输出文件\17_runtime_benchmark.csv","9BECA677DDD3D3753FE8E6F767A9226EE800D1EC3CAD464292646852BD6D77FA"
"GUI_MFC_Legacy\x64\Release\coreprogram\04-红外场景构建\03-输出文件\README_输出目录.txt","F1989C46944B9EE4DC937032FBB87602E422A55EA1801C2CB0A68C32F96F828E"
"GUI_MFC_Legacy\x64\Release\Pre-process.tlog\CL.command.1.tlog","A47FAAD1DA1019E321214B6594901762BD9686EA22EE8D5C982C026789F130E1"
"GUI_MFC_Legacy\x64\Release\Pre-process.tlog\Cl.items.tlog","B06359C59EFEA6194497A5FF1E3635367D6AC7342939EC93F3A09E913F69DE0E"
"GUI_MFC_Legacy\x64\Release\Pre-process.tlog\CL.read.1.tlog","718B208B2AF9BA14B2C47433382C7DED4EED2F20246ACFBF110EF59C24B5C8D3"
"GUI_MFC_Legacy\x64\Release\Pre-process.tlog\CL.write.1.tlog","BAAAE99A81B4DFE63BA3C38FFC99A9322ADA59656FD5E7F0DD14495A24AAB2F9"
"GUI_MFC_Legacy\x64\Release\Pre-process.tlog\link.command.1.tlog","84C30F15C4C3CA8B78048600BB6BE1CAEABC508C375ADA7B9750AF20314CC355"
"GUI_MFC_Legacy\x64\Release\Pre-process.tlog\link.read.1.tlog","DCED8DF93D3D61D44D4E84972DC07DA3D1ACBF7C92CD19F860115570006C7171"
"GUI_MFC_Legacy\x64\Release\Pre-process.tlog\link.secondary.1.tlog","5A97765ED7791208C69594441EB44F10F9EB1FF95B6F351E4B08989AEEAE32DF"
"GUI_MFC_Legacy\x64\Release\Pre-process.tlog\link.write.1.tlog","9F04DFF9313BE9629E30E0D5EC85F459B05BBA6CEACE877AE4084609B1202D7F"
"GUI_MFC_Legacy\x64\Release\Pre-process.tlog\Pre-process.lastbuildstate","F5A834858EBC69A10A288F2E6FAC27493D6ABA7EA99FB0606C469EE5EB61038A"
"GUI_MFC_Legacy\x64\Release\Pre-process.tlog\rc.command.1.tlog","15D6709950169E53B83F1D620CF759E2FD3ED21D9E5640D31B241E47FB0B82BF"
"GUI_MFC_Legacy\x64\Release\Pre-process.tlog\rc.read.1.tlog","D65B248E4E9B76CA2911597EB88AB262678E11ACAF89591F7910BA55B876EC5E"
"GUI_MFC_Legacy\x64\Release\Pre-process.tlog\rc.write.1.tlog","D3E920B91929C3B845B143AD749775793A55B02DDA043B21C318EEB9000A54C6"
"GUI_MFC_Legacy\x64\Release _F03_Test\Pre-process.exe","EBB3CC299801EC205AA49362342247C9E7B4812398DDB1D384064C37429A65DC"
"GUI_MFC_Legacy\x64\Release _F03_Test\coreprogram\00-文件SHA256校验清单.csv","7019F756B0D6B51477F6E17CB1A8AD975BE36D1E5F41F0A386A314C8E6C386DF"
"GUI_MFC_Legacy\x64\Release _F03_Test\coreprogram\00-文件校验单.csv","0C8F4A916FF7D75ADD7E676FA7E7AE2A2F9A758C283136A38E0F1CECCD619CAA"
"GUI_MFC_Legacy\x64\Release _F03_Test\coreprogram\00-软件参数接口表.xlsx","83FAA8B47F0D2197614C1D3566856A2564DCB52F3CAEB6D346A6638C061C0EA1"
"GUI_MFC_Legacy\x64\Release _F03_Test\coreprogram\00-软件程序说明.docx","3940D4DB29B22C073D952FB5463EF18C3CBB08F15FC842BF0F68B22E8F127928"
"GUI_MFC_Legacy\x64\Release _F03_Test\coreprogram\00-运行环境与部署说明.txt","820A793DA01742F9AFA451BDFD1BFBA96FF676B20E2EF7D3219097C841D5E4EF"
"GUI_MFC_Legacy\x64\Release _F03_Test\coreprogram\config.json","E1F675C07BA2B6034F0FAE1AE1E23029B6F15FD18E2E3A0517A187616FE26C93"
"GUI_MFC_Legacy\x64\Release _F03_Test\coreprogram\01-正向仿真\01-输入文件\default_scene_template.dat","06B4D9AF67EE69C0B1F670ECCC253238245BC63A649DA6AC3BA61CBAF614F298"
"GUI_MFC_Legacy\x64\Release _F03_Test\coreprogram\01-正向仿真\01-输入文件\gui_input_example.json","B7F11DFB5864DABC91B983239F8A9FD48A813B40686832315133E117FC53B5AB"
"GUI_MFC_Legacy\x64\Release _F03_Test\coreprogram\01-正向仿真\01-输入文件\README_内部模板.txt","2ECA9C6825C432A64F19F3074E33A1B781F15F0E9F11557181D407C914A09FF3"
"GUI_MFC_Legacy\x64\Release _F03_Test\coreprogram\01-正向仿真\02-程序\forward_simulation_runner.py","BC96FFF925C44D476625B614ED2FAAFDAFE9248010017D8FA83BE3413227BF45"
"GUI_MFC_Legacy\x64\Release _F03_Test\coreprogram\01-正向仿真\02-程序\request.json","80E1BE329C1429F65AC2D8913A5BE1AFAD05E7949142859BDC0D668233B7B382"
"GUI_MFC_Legacy\x64\Release _F03_Test\coreprogram\01-正向仿真\02-程序\sphere_ir_radiation_output_folder_solarfix.f90","B3CCE12D7842F9F870E3BEF2A3577B78B6990D1BDC91EBD984A7C5E238A7DD78"
"GUI_MFC_Legacy\x64\Release _F03_Test\coreprogram\01-正向仿真\02-程序\sphere_ir_radiation_output_folder_solarfix_compact_sync.exe.DAK","9FAD1EF9960A01669132A9452E61259F197BB9AA5C211397BEA1D03D8B56F068"
"GUI_MFC_Legacy\x64\Release _F03_Test\coreprogram\01-正向仿真\02-程序\入口程序使用说明.txt","4F33985B312FC056FC6F2B9EE19B19457B169A5C1E935E27879C82A4FE6038B0"
"GUI_MFC_Legacy\x64\Release _F03_Test\coreprogram\01-正向仿真\03-输出文件\README_输出目录.txt","D905DAC1C98A5BB749701CF4D6463E81183A948005A5B18F53083BC3477183AB"
"GUI_MFC_Legacy\x64\Release _F03_Test\coreprogram\01-正向仿真\03-输出文件\output\beta_unbiasedness_report.txt","AD59F92D449B2A3BB775326A33B7CBEC263B628AD513562CC0115ADE4B2061A6"
"GUI_MFC_Legacy\x64\Release _F03_Test\coreprogram\01-正向仿真\03-输出文件\output\frame_000000_geometry.dat","BE283595E8C1F4DD9D0262D6692EA8EA1C07974830F889786453F285EE408187"
"GUI_MFC_Legacy\x64\Release _F03_Test\coreprogram\01-正向仿真\03-输出文件\output\frame_000000_sphere_temperature.dat","7E16CFCB8BD3F2AA1583C8F13444C5972C4CC94B97EB9F43E6F96232804AA207"
"GUI_MFC_Legacy\x64\Release _F03_Test\coreprogram\01-正向仿真\03-输出文件\output\frame_000000_spot_image.dat","D14E1F266FF8C1DCEA99F766071C3C60E0FDF24271378C44AF806FE55FC88CCB"
"GUI_MFC_Legacy\x64\Release _F03_Test\coreprogram\01-正向仿真\03-输出文件\output\frame_000010_geometry.dat","A029F428DEEA2ABC0AF8BB39503604DFA93BA557B3625D2D6EA9F945A7CFDA89"
"GUI_MFC_Legacy\x64\Release _F03_Test\coreprogram\01-正向仿真\03-输出文件\output\frame_000010_sphere_temperature.dat","F9CF5DD7C765F886EE7A2B74FDCB684C0523E697D5A2CD12AE8153E660E6BFE7"
"GUI_MFC_Legacy\x64\Release _F03_Test\coreprogram\01-正向仿真\03-输出文件\output\frame_000020_geometry.dat","414F959A9A65E91BEAD027BCC145F05A6F1098A30158E0D4558733B8D5F5B09F"
"GUI_MFC_Legacy\x64\Release _F03_Test\coreprogram\01-正向仿真\03-输出文件\output\frame_000020_sphere_temperature.dat","34BE0D402E453960266E613BAF62BEC12C579D0604408C30FFBD661C9E705EAF"
"GUI_MFC_Legacy\x64\Release _F03_Test\coreprogram\01-正向仿真\03-输出文件\output\frame_000030_geometry.dat","9B8ED1B21B37575D5069D1EA93931A73B6CADE6C91CB215893BD0110767C143C"
"GUI_MFC_Legacy\x64\Release _F03_Test\coreprogram\01-正向仿真\03-输出文件\output\frame_000030_sphere_temperature.dat","BF3C720F37341A8869A04B886E9D5344A46D039C639DD1E03C936D0C9FD9A8F5"
"GUI_MFC_Legacy\x64\Release _F03_Test\coreprogram\01-正向仿真\03-输出文件\output\frame_000040_geometry.dat","C971E99C19954DFE8F4169E783558B89D1C50398A9A57C72D5BDCC770CA37E97"
"GUI_MFC_Legacy\x64\Release _F03_Test\coreprogram\01-正向仿真\03-输出文件\output\frame_000040_sphere_temperature.dat","4754E754878671BFE9423C1EF028A462C508F19C908686EA32CF5E257E0BFD2D"
"GUI_MFC_Legacy\x64\Release _F03_Test\coreprogram\01-正向仿真\03-输出文件\output\frame_000050_geometry.dat","D6940D464CE1B82ABD8C3998327588AA6F28318C7FFEAC2C5C65224E109FA618"
"GUI_MFC_Legacy\x64\Release _F03_Test\coreprogram\01-正向仿真\03-输出文件\output\frame_000050_sphere_temperature.dat","1508DD845110C11E561A61502D94BF3778E55A5C4006A5F2F8E5996F3F1DF0D8"
"GUI_MFC_Legacy\x64\Release _F03_Test\coreprogram\01-正向仿真\03-输出文件\output\frame_000060_geometry.dat","F259B0B52AC7EA79709372F03413DF3642B28F86805E3BC962844A61ACF7E43D"
"GUI_MFC_Legacy\x64\Release _F03_Test\coreprogram\01-正向仿真\03-输出文件\output\frame_000060_sphere_temperature.dat","4A6B4E45E103444A4E861D84BFE9CA1EC180E03D24532F3C00E00A6B693649A8"
"GUI_MFC_Legacy\x64\Release _F03_Test\coreprogram\01-正向仿真\03-输出文件\output\frame_000070_geometry.dat","5C06ED7638C0EB967EDE3A8917828C183E908287533CC50656F26847B93C4D5C"
"GUI_MFC_Legacy\x64\Release _F03_Test\coreprogram\01-正向仿真\03-输出文件\output\frame_000070_sphere_temperature.dat","546C52001F12FFFEBDE9B814074C45A749BC661D9A9855399C18B0CAA1E062BC"
"GUI_MFC_Legacy\x64\Release _F03_Test\coreprogram\01-正向仿真\03-输出文件\output\frame_000080_geometry.dat","E4814D6C9CECD74DB9E1B668B39F73D67017CF22AC99660BDFA779782037D62F"
"GUI_MFC_Legacy\x64\Release _F03_Test\coreprogram\01-正向仿真\03-输出文件\output\frame_000080_sphere_temperature.dat","5CE560E748E5E5D5C519BA0D91984D4C7AA3FBDAEB2B5B9FCAFCDF7CB17B43B8"
"GUI_MFC_Legacy\x64\Release _F03_Test\coreprogram\01-正向仿真\03-输出文件\output\frame_000090_geometry.dat","7590349C742C651440CFD4894DA0EEAFBF51E8837E1DCD10B40EF593BC05A072"
"GUI_MFC_Legacy\x64\Release _F03_Test\coreprogram\01-正向仿真\03-输出文件\output\frame_000090_sphere_temperature.dat","D4CBF3A0B2D7670005D4878D40C181AEED7B4B49C1E32F161BED4D1B2A382FAA"
"GUI_MFC_Legacy\x64\Release _F03_Test\coreprogram\01-正向仿真\03-输出文件\output\frame_000100_geometry.dat","5F49948DE6CBB8193327F1B198EFD7EE07A9646863D6C5B98041C31775B672DF"
"GUI_MFC_Legacy\x64\Release _F03_Test\coreprogram\01-正向仿真\03-输出文件\output\frame_000100_sphere_temperature.dat","76F63932E8CA8F7D013CCBFB2105D5224F66659DED697B313793F5964D2456F1"
"GUI_MFC_Legacy\x64\Release _F03_Test\coreprogram\01-正向仿真\03-输出文件\output\frame_000100_spot_image.dat","726F9A99AC22C4B503D3AC62DC93C1E7DFC01CAE943151398EA62949C01F9D45"
"GUI_MFC_Legacy\x64\Release _F03_Test\coreprogram\01-正向仿真\03-输出文件\output\frame_000110_geometry.dat","BAC09C9BA6D823BD5BB3CA645BD2AD409FABB65085650B1930548D90687ADCE7"
"GUI_MFC_Legacy\x64\Release _F03_Test\coreprogram\01-正向仿真\03-输出文件\output\frame_000110_sphere_temperature.dat","FE51FE8859D0D3D668CA0DA8EEFE5434F6F53D8EA1E5DA6CAA757BB38215AA50"
"GUI_MFC_Legacy\x64\Release _F03_Test\coreprogram\01-正向仿真\03-输出文件\output\frame_000120_geometry.dat","261D86546925587A63DCB944DAFF998C1893A14E3CB4D5FC4DEBE1ED8DCC327D"
"GUI_MFC_Legacy\x64\Release _F03_Test\coreprogram\01-正向仿真\03-输出文件\output\frame_000120_sphere_temperature.dat","142527F8D6D764D1B4F2AE08AC14BFB3B9D2E6F313B9037E201F3CD9E42401F9"
"GUI_MFC_Legacy\x64\Release _F03_Test\coreprogram\01-正向仿真\03-输出文件\output\frame_000130_geometry.dat","F1F0089CF28F4F853199D4F7A9E205BCCB9B9C1B0D6FEAFE24C69F8B6325C18F"
"GUI_MFC_Legacy\x64\Release _F03_Test\coreprogram\01-正向仿真\03-输出文件\output\frame_000130_sphere_temperature.dat","F574FC631EC41B59B88D5C5394F0BEB06084CC2753A172E3A225E8CA291E13B1"
"GUI_MFC_Legacy\x64\Release _F03_Test\coreprogram\01-正向仿真\03-输出文件\output\frame_000140_geometry.dat","3694F4C7E0CED77A8463807E0DEB8C00C7F2F65581FC3E0807A99F1D182BE99A"
"GUI_MFC_Legacy\x64\Release _F03_Test\coreprogram\01-正向仿真\03-输出文件\output\frame_000140_sphere_temperature.dat","50A6199A9B1B1AFC0EEE587F437BCC6365EE0DBA92E4888A69FA9581AB90E7F6"
"GUI_MFC_Legacy\x64\Release _F03_Test\coreprogram\01-正向仿真\03-输出文件\output\frame_000150_geometry.dat","EE00B7D76D1FEC4240681575B7F21CA2D4F03849FC67485A8FFBE093EBF8BD64"
"GUI_MFC_Legacy\x64\Release _F03_Test\coreprogram\01-正向仿真\03-输出文件\output\frame_000150_sphere_temperature.dat","E18E6371F69B80452C2C960C9726B365319436C2BBCDBF0F2A9FC5CEB2EE5773"
"GUI_MFC_Legacy\x64\Release _F03_Test\coreprogram\01-正向仿真\03-输出文件\output\frame_000160_geometry.dat","E4E6DEFC42D1F8B1CB49F32F6854836AF2533C43F83FDD98B0AAEFDFB3B52BA8"
"GUI_MFC_Legacy\x64\Release _F03_Test\coreprogram\01-正向仿真\03-输出文件\output\frame_000160_sphere_temperature.dat","1FDEFB8071A00262EC61F0D81D8A77CD8F644445C9DCB5685D847ADE12B50038"
"GUI_MFC_Legacy\x64\Release _F03_Test\coreprogram\01-正向仿真\03-输出文件\output\frame_000170_geometry.dat","46968C5FD00D839AF77279E2F9AEF4ADDAED0F4199D20741D7E596AC3F937F9A"
"GUI_MFC_Legacy\x64\Release _F03_Test\coreprogram\01-正向仿真\03-输出文件\output\frame_000170_sphere_temperature.dat","25D7462BDD2F81D12B5DB3D030FFB41DC1F7BBC406C51BA6098E489E69B15240"
"GUI_MFC_Legacy\x64\Release _F03_Test\coreprogram\01-正向仿真\03-输出文件\output\frame_000180_geometry.dat","75E9F2C89C81D4D6EA862FA194B05CAEF83A71FF15F674D572E22050B7002FEE"
"GUI_MFC_Legacy\x64\Release _F03_Test\coreprogram\01-正向仿真\03-输出文件\output\frame_000180_sphere_temperature.dat","3D7AAD58C964008D3A381FD76F864AC0E7780F12601C4280A404AD31D5A4147F"
"GUI_MFC_Legacy\x64\Release _F03_Test\coreprogram\01-正向仿真\03-输出文件\output\frame_000190_geometry.dat","30FA64537ADC8B16407068A10CDBED005523EFF0628C51CF5E3FBEF028524FD3"
"GUI_MFC_Legacy\x64\Release _F03_Test\coreprogram\01-正向仿真\03-输出文件\output\frame_000190_sphere_temperature.dat","BCD3760384DC64C78BBB7F4A085219B5EC9E3DF456018A67239CBEB6F8B58EAF"
"GUI_MFC_Legacy\x64\Release _F03_Test\coreprogram\01-正向仿真\03-输出文件\output\frame_000200_geometry.dat","D7FBD77D60F84087CBC5A6B422F20049606BA1E481E3F18B9D939552F4B0CE6F"
"GUI_MFC_Legacy\x64\Release _F03_Test\coreprogram\01-正向仿真\03-输出文件\output\frame_000200_sphere_temperature.dat","AB9910A7EA7F680A26D86BFCB7EEB21F1B60CF45ABA354218A11AE39641D786A"
"GUI_MFC_Legacy\x64\Release _F03_Test\coreprogram\01-正向仿真\03-输出文件\output\frame_000200_spot_image.dat","F63E0E32463496ECB4335C422B930CB655642DE6FDF61435A04FC838EE54609D"
"GUI_MFC_Legacy\x64\Release _F03_Test\coreprogram\01-正向仿真\03-输出文件\output\frame_000210_geometry.dat","8C1E72C01E132E62E903B4FCBBC2D7A883CF3ED6C3896941283A807E76A2C941"
"GUI_MFC_Legacy\x64\Release _F03_Test\coreprogram\01-正向仿真\03-输出文件\output\frame_000210_sphere_temperature.dat","433D7FC2005C23C36DFCAE158606935743BCE61BCEC9015872320BF1C62C13D4"
"GUI_MFC_Legacy\x64\Release _F03_Test\coreprogram\01-正向仿真\03-输出文件\output\frame_000220_geometry.dat","50B1411F7F6A7B65A4A6CC695C0586928918A49F9269E32253E5BB7E273503ED"
"GUI_MFC_Legacy\x64\Release _F03_Test\coreprogram\01-正向仿真\03-输出文件\output\frame_000220_sphere_temperature.dat","B5F983D1A5BCB04DA07B204C3BCF546244B3657D9409DB7E5531C11E86543ECC"
"GUI_MFC_Legacy\x64\Release _F03_Test\coreprogram\01-正向仿真\03-输出文件\output\frame_000230_geometry.dat","B80D60284976AD8196811447B04C82B657CBAF29845439E07C5557F37316DD6E"
"GUI_MFC_Legacy\x64\Release _F03_Test\coreprogram\01-正向仿真\03-输出文件\output\frame_000230_sphere_temperature.dat","AE982DD6D17B4A085ACD8AF059D069D363D102F38B1CE9EFEEA2DBAF873B88F5"
"GUI_MFC_Legacy\x64\Release _F03_Test\coreprogram\01-正向仿真\03-输出文件\output\frame_000240_geometry.dat","E23EAD683236420ADD7A6B5C014C1EE1F4E2E760879BDC47CF5EEC8DFCB7156C"
"GUI_MFC_Legacy\x64\Release _F03_Test\coreprogram\01-正向仿真\03-输出文件\output\frame_000240_sphere_temperature.dat","38AB63DC1E8146B270A5CD7051F6A77F740EE2A2C556A0D5B01438728998083D"
"GUI_MFC_Legacy\x64\Release _F03_Test\coreprogram\01-正向仿真\03-输出文件\output\frame_000250_geometry.dat","CEA8556C56B49FA5B46A97E4BA9EA39210E988B0C94D21E8FB68F25CBEE46203"
"GUI_MFC_Legacy\x64\Release _F03_Test\coreprogram\01-正向仿真\03-输出文件\output\frame_000250_sphere_temperature.dat","CD185FA9D641F5D3122B06E97F5EFC15FB9DA7B817A5EDDA48631A8BDAC4D33A"
"GUI_MFC_Legacy\x64\Release _F03_Test\coreprogram\01-正向仿真\03-输出文件\output\frame_000260_geometry.dat","FBB2987ADD77CDEC5D8C33CAD30951277FADFCF1189B1EF1DA157BAF7228429D"
"GUI_MFC_Legacy\x64\Release _F03_Test\coreprogram\01-正向仿真\03-输出文件\output\frame_000260_sphere_temperature.dat","CE24B84C969AF42FA51CEB814176F99B14B230D41D274B2C44942FE55F6A8682"
"GUI_MFC_Legacy\x64\Release _F03_Test\coreprogram\01-正向仿真\03-输出文件\output\frame_000270_geometry.dat","1AB7329B43444B80EB0DB59EE9C0EBFEF480C83EAAFC67E4F12D250EE478CF6F"
"GUI_MFC_Legacy\x64\Release _F03_Test\coreprogram\01-正向仿真\03-输出文件\output\frame_000270_sphere_temperature.dat","EC8BE70F49AFDD357E1ADE51FF0ED9B6A62875311837962757F9D398D7FF485E"
"GUI_MFC_Legacy\x64\Release _F03_Test\coreprogram\01-正向仿真\03-输出文件\output\frame_000280_geometry.dat","DED65C76EAFCD80A5FF5D721ED99C4C9FA45BCAD21BC0E35E23057914C9AC196"
"GUI_MFC_Legacy\x64\Release _F03_Test\coreprogram\01-正向仿真\03-输出文件\output\frame_000280_sphere_temperature.dat","8794AF9570B479EF42A9EB226317AEE276051E6601E739DD35EDC14875DBD632"
"GUI_MFC_Legacy\x64\Release _F03_Test\coreprogram\01-正向仿真\03-输出文件\output\frame_000290_geometry.dat","B6BCBCF9E603BF4559FA84FD7EE54B8FD114B0F50D5C02012A005E0454F73980"
"GUI_MFC_Legacy\x64\Release _F03_Test\coreprogram\01-正向仿真\03-输出文件\output\frame_000290_sphere_temperature.dat","115737497781DF73D6EEE0EFE22C63B1107122A8BFF33BB14C051864D31C7DAA"
"GUI_MFC_Legacy\x64\Release _F03_Test\coreprogram\01-正向仿真\03-输出文件\output\frame_000300_geometry.dat","3D582FB8716CC4BF330CD2316086F4D403876D7A1B96FA346E533445456CDEC4"
"GUI_MFC_Legacy\x64\Release _F03_Test\coreprogram\01-正向仿真\03-输出文件\output\frame_000300_sphere_temperature.dat","EC85B2C071BF2195D8848F6118160CB91FBA6AB8C87982A04D562E7200E99A98"
"GUI_MFC_Legacy\x64\Release _F03_Test\coreprogram\01-正向仿真\03-输出文件\output\frame_000300_spot_image.dat","F25462BD3DA8886C893C405B9507BDDB76B4ABEDE5C58DAEB459893633809B21"
"GUI_MFC_Legacy\x64\Release _F03_Test\coreprogram\01-正向仿真\03-输出文件\output\frame_000310_geometry.dat","120E5C787C0DFE5B4FF5FBC340DBD057B0CDA91F45382431FE1975E59910DDA3"
"GUI_MFC_Legacy\x64\Release _F03_Test\coreprogram\01-正向仿真\03-输出文件\output\frame_000310_sphere_temperature.dat","E3DF7FA152B37F89613EFE5DACA6A3D0274E0BFD1507DF59F4617030574C4B04"
"GUI_MFC_Legacy\x64\Release _F03_Test\coreprogram\01-正向仿真\03-输出文件\output\frame_000320_geometry.dat","9BB0B029434BF2D7EDF7FAC7C7E392B7CC2551C25DA11E4D911EA93F87B65C4D"
"GUI_MFC_Legacy\x64\Release _F03_Test\coreprogram\01-正向仿真\03-输出文件\output\frame_000320_sphere_temperature.dat","A3165EF3F8B8325FAA85883A8024835B88224CA1E8F1B5A7E0D0F739B0380BEC"
"GUI_MFC_Legacy\x64\Release _F03_Test\coreprogram\01-正向仿真\03-输出文件\output\frame_000330_geometry.dat","BBC7D4696E17178B334B3FB1CDE8A83A3408782C4255AD79280B53A325C868BC"
"GUI_MFC_Legacy\x64\Release _F03_Test\coreprogram\01-正向仿真\03-输出文件\output\frame_000330_sphere_temperature.dat","9C8BBD25ACEA30756CE34982F4144FAA1DDA48CB976ACFD4A4F6DC7F2E2D950A"
"GUI_MFC_Legacy\x64\Release _F03_Test\coreprogram\01-正向仿真\03-输出文件\output\frame_000340_geometry.dat","C00BA6E38930AFFA70E406A692739E2D1D29E85D447F747E4FCF38BD0EE70BA6"
"GUI_MFC_Legacy\x64\Release _F03_Test\coreprogram\01-正向仿真\03-输出文件\output\frame_000340_sphere_temperature.dat","1CC8AAB4A7C2919766C2B16A1A921504D28B980D0A7502253E6A3DC13885E417"
"GUI_MFC_Legacy\x64\Release _F03_Test\coreprogram\01-正向仿真\03-输出文件\output\frame_000350_geometry.dat","5B8DDD6F1CC29CB47FD44C7B91754EF697ADF161F08EE31AE9666440C516097C"
"GUI_MFC_Legacy\x64\Release _F03_Test\coreprogram\01-正向仿真\03-输出文件\output\frame_000350_sphere_temperature.dat","54FC0DF6162B0A94CB53AF45B7DC8EF70856635F6F0CC4B97953462A66307D2A"
"GUI_MFC_Legacy\x64\Release _F03_Test\coreprogram\01-正向仿真\03-输出文件\output\frame_000360_geometry.dat","BED3E1567951A939FC91551F273EE23883D72BECF889F7EDBBCCDB3738CD69DB"
"GUI_MFC_Legacy\x64\Release _F03_Test\coreprogram\01-正向仿真\03-输出文件\output\frame_000360_sphere_temperature.dat","9D24D754257E13A98900C9FC4A84A971FDCF27F769BDDE63CEED3469D0F8D979"
"GUI_MFC_Legacy\x64\Release _F03_Test\coreprogram\01-正向仿真\03-输出文件\output\frame_000370_geometry.dat","3F9B4D36B2AD094FC0D365A3D4B46F933CEF63C6D8FE6189BA05587AA40A2437"
"GUI_MFC_Legacy\x64\Release _F03_Test\coreprogram\01-正向仿真\03-输出文件\output\frame_000370_sphere_temperature.dat","458D751C94866E6F81967FF6C2C1B3316066CC596227905551DCDCA74E5C7A87"
"GUI_MFC_Legacy\x64\Release _F03_Test\coreprogram\01-正向仿真\03-输出文件\output\frame_000380_geometry.dat","6E8B6F3CAF7DD68A4D0D63ECDE7C22CB60AB8A04F0BA0CA21998079B5E56317A"
"GUI_MFC_Legacy\x64\Release _F03_Test\coreprogram\01-正向仿真\03-输出文件\output\frame_000380_sphere_temperature.dat","15D94ABDF0713D183FC16F0630C1C23A63E22DC507DEA710694C080F4B0CC195"
"GUI_MFC_Legacy\x64\Release _F03_Test\coreprogram\01-正向仿真\03-输出文件\output\frame_000390_geometry.dat","35E6908426F1571916D9AE654B41BB25BD967C4B5DABF426624BF86FDEEFF529"
"GUI_MFC_Legacy\x64\Release _F03_Test\coreprogram\01-正向仿真\03-输出文件\output\frame_000390_sphere_temperature.dat","EB23D5ED3CEA5AB3F7E7D6E2E8C5CC9E395CF03D45016A06F2FE877F6C57EDE7"
"GUI_MFC_Legacy\x64\Release _F03_Test\coreprogram\01-正向仿真\03-输出文件\output\frame_000400_geometry.dat","5A5F3E96339799C5BBF3DE001E7C9D7FBA16A42EE6DBA47BB6AA38D219AC9113"
"GUI_MFC_Legacy\x64\Release _F03_Test\coreprogram\01-正向仿真\03-输出文件\output\frame_000400_sphere_temperature.dat","A0E43BA76D3D39E5A6653B11DB9B5004321BE81AA229EBD0620C6256DB68DC07"
"GUI_MFC_Legacy\x64\Release _F03_Test\coreprogram\01-正向仿真\03-输出文件\output\frame_000400_spot_image.dat","4AA4EE1D1B66B504929D6A1041178F6D7A47AAA6A37490D3013CF3838895D6F1"
"GUI_MFC_Legacy\x64\Release _F03_Test\coreprogram\01-正向仿真\03-输出文件\output\frame_000410_geometry.dat","CE30068A2886C0955E6D1F61CEAE35FD3E1DBC8FA1A6DAB0D24B66A49B8B6FC9"
"GUI_MFC_Legacy\x64\Release _F03_Test\coreprogram\01-正向仿真\03-输出文件\output\frame_000410_sphere_temperature.dat","259CDFE6CF90C2727F61B98836D7F63EA366DF4D0B2E681D3567B7CDFCD3F7F4"
"GUI_MFC_Legacy\x64\Release _F03_Test\coreprogram\01-正向仿真\03-输出文件\output\frame_000420_geometry.dat","FAED211BCA70DAEB304B9DFD987EF54E56EAAF7A7276700F8FDFD5FE683B2E5D"
"GUI_MFC_Legacy\x64\Release _F03_Test\coreprogram\01-正向仿真\03-输出文件\output\frame_000420_sphere_temperature.dat","57A970C74E689AE3915C908B28AEF70EADCCE3BAF5FA310B7E2E5C6FF207E3DB"
"GUI_MFC_Legacy\x64\Release _F03_Test\coreprogram\01-正向仿真\03-输出文件\output\frame_000430_geometry.dat","0925D6E00DF523C4D37722D6CC56BCAA00874545E368FFF2740D2C6AA5E11901"
"GUI_MFC_Legacy\x64\Release _F03_Test\coreprogram\01-正向仿真\03-输出文件\output\frame_000430_sphere_temperature.dat","CF4AEF0463F4534FBAAC6C503B9963D4583FB270747D3827E4B4C59756DCCCC3"
"GUI_MFC_Legacy\x64\Release _F03_Test\coreprogram\01-正向仿真\03-输出文件\output\frame_000440_geometry.dat","EE318B0FAB711F3BC97399946F70EAB62174F932C9196CC02C0C9488084C3E40"
"GUI_MFC_Legacy\x64\Release _F03_Test\coreprogram\01-正向仿真\03-输出文件\output\frame_000440_sphere_temperature.dat","12546059ABDEAAE3F79BE18878009B85E503D06318A49E48388233C2C69015A1"
"GUI_MFC_Legacy\x64\Release _F03_Test\coreprogram\01-正向仿真\03-输出文件\output\frame_000450_geometry.dat","49C0C84BC3FEBCAF7E85A1A5F867443F48281476DB5B3B7F773A363F67EBC8AD"
"GUI_MFC_Legacy\x64\Release _F03_Test\coreprogram\01-正向仿真\03-输出文件\output\frame_000450_sphere_temperature.dat","4E073EAB491638BF1E018FC224C6E14CC06F76824E2BB3EA9DFB036F4F597CD0"
"GUI_MFC_Legacy\x64\Release _F03_Test\coreprogram\01-正向仿真\03-输出文件\output\frame_000460_geometry.dat","9B339E2E5824982E6347BF671323940469CE3FE57523AC784F2E845367DA3807"
"GUI_MFC_Legacy\x64\Release _F03_Test\coreprogram\01-正向仿真\03-输出文件\output\frame_000460_sphere_temperature.dat","52A81F2972DE228CB9BA2BC11FBB96D5EA9E065FB3A313DF8E74FB71E2C2210C"
"GUI_MFC_Legacy\x64\Release _F03_Test\coreprogram\01-正向仿真\03-输出文件\output\frame_000470_geometry.dat","19332262DD2008D2801C3DAA3412867CAC2958978DCAD889822868756AA06373"
"GUI_MFC_Legacy\x64\Release _F03_Test\coreprogram\01-正向仿真\03-输出文件\output\frame_000470_sphere_temperature.dat","FA0987CCEB80306D6CE95B2820274727DC0E7FA2B4AF9FC3A9D40C8B13B17805"
"GUI_MFC_Legacy\x64\Release _F03_Test\coreprogram\01-正向仿真\03-输出文件\output\frame_000480_geometry.dat","B5B93F6CBF0944D50C959DD504EE95F2255A26D4CFE3332AAEB5709EF7923380"
"GUI_MFC_Legacy\x64\Release _F03_Test\coreprogram\01-正向仿真\03-输出文件\output\frame_000480_sphere_temperature.dat","AC073809EFB4B7ACEBFAEBA2413FEF32D15BB3FAE8C0B500C2F709CAF3908159"
"GUI_MFC_Legacy\x64\Release _F03_Test\coreprogram\01-正向仿真\03-输出文件\output\frame_000490_geometry.dat","9B8D6BA978408030B128B5E5A204B9508208A0307FDB9360356A6147140E70F8"
"GUI_MFC_Legacy\x64\Release _F03_Test\coreprogram\01-正向仿真\03-输出文件\output\frame_000490_sphere_temperature.dat","480C221FD9209E943C9CF555383E0AF919749B44FAA2E8B6AC620962DCB71D79"
"GUI_MFC_Legacy\x64\Release _F03_Test\coreprogram\01-正向仿真\03-输出文件\output\frame_000500_geometry.dat","86362540D4B04CAE44DDFF47339D84625ECE9BB701C88288E702039CEEFDA9C2"
"GUI_MFC_Legacy\x64\Release _F03_Test\coreprogram\01-正向仿真\03-输出文件\output\frame_000500_sphere_temperature.dat","E39F9004AF1BB026D60ADDD0AA8F7301E8B5FA97E3407E456C97235EC1C9400C"
"GUI_MFC_Legacy\x64\Release _F03_Test\coreprogram\01-正向仿真\03-输出文件\output\frame_000510_geometry.dat","FC9E90F90E9D3A89AB58ADEE0C26EBF63C370DF00CEA3D724A477127BF6B16FD"
"GUI_MFC_Legacy\x64\Release _F03_Test\coreprogram\01-正向仿真\03-输出文件\output\frame_000510_sphere_temperature.dat","2C0062E2361B69A923718CEB6F9F1D42272B0BAE24AF99C1C2C2DD9605FE3C8B"
"GUI_MFC_Legacy\x64\Release _F03_Test\coreprogram\01-正向仿真\03-输出文件\output\frame_000520_geometry.dat","C71CEE9A22B37FC7B86E6B9BBC1E6B30A82189BEF835ADB8A3DA1172051F803D"
"GUI_MFC_Legacy\x64\Release _F03_Test\coreprogram\01-正向仿真\03-输出文件\output\frame_000520_sphere_temperature.dat","0B92D7E158F6ED3F49EFA685B3C7B78AE524F128842A04CD2735638356DDF4F6"
"GUI_MFC_Legacy\x64\Release _F03_Test\coreprogram\01-正向仿真\03-输出文件\output\frame_000530_geometry.dat","6DACAF0EB6DCF463D4122ED25DF53A2E5C042DEC1B75E2154BE2FE6D57657761"
"GUI_MFC_Legacy\x64\Release _F03_Test\coreprogram\01-正向仿真\03-输出文件\output\frame_000530_sphere_temperature.dat","D292DF070FF1BC78723A53C01FB95D715EFB4427801F80298931FEA7825F9D0B"
"GUI_MFC_Legacy\x64\Release _F03_Test\coreprogram\01-正向仿真\03-输出文件\output\frame_000540_geometry.dat","7D8F11AA17986B4C40C5B2B526DE068D790CA50FEA9E16040736305DED26AB83"
"GUI_MFC_Legacy\x64\Release _F03_Test\coreprogram\01-正向仿真\03-输出文件\output\frame_000540_sphere_temperature.dat","35AA1C2B7908A9C6D0D651E2577A6D5AC31400A9A3476A00F49CF66363405D7B"
"GUI_MFC_Legacy\x64\Release _F03_Test\coreprogram\01-正向仿真\03-输出文件\output\frame_000550_geometry.dat","72D23EBDD8B30E7CDF41615AF85F6D3E266E0E11C5111A3BE784FAF5BF75DED0"
"GUI_MFC_Legacy\x64\Release _F03_Test\coreprogram\01-正向仿真\03-输出文件\output\frame_000550_sphere_temperature.dat","D7713A456546472E24753C124F6A0D42EA51735E7E0FDD4DFA4EE8E5C6A47B5A"
"GUI_MFC_Legacy\x64\Release _F03_Test\coreprogram\01-正向仿真\03-输出文件\output\frame_000560_geometry.dat","B413E71557E6DFC25B03FCEC2EB500CE52EE5406F0E629B92518B6C675017617"
"GUI_MFC_Legacy\x64\Release _F03_Test\coreprogram\01-正向仿真\03-输出文件\output\frame_000560_sphere_temperature.dat","A16141E4CC4367118A13A034972141DE1CCCF21BBF7DFDAB14D0A5B9E405FE52"
"GUI_MFC_Legacy\x64\Release _F03_Test\coreprogram\01-正向仿真\03-输出文件\output\frame_000570_geometry.dat","4BAB3081AD306CCBC78890D231F2B8379C7674FECDFDAA0613B73C91AE892377"
"GUI_MFC_Legacy\x64\Release _F03_Test\coreprogram\01-正向仿真\03-输出文件\output\frame_000570_sphere_temperature.dat","E5E75429FF6617AB0FAE6A2837FCFC26419702888C2D8C398BC80772CD372395"
"GUI_MFC_Legacy\x64\Release _F03_Test\coreprogram\01-正向仿真\03-输出文件\output\frame_000580_geometry.dat","29AF0750EBD24F87D503CFAFA68C251863177233474AEBBF39EF04F4D7BE7293"
"GUI_MFC_Legacy\x64\Release _F03_Test\coreprogram\01-正向仿真\03-输出文件\output\frame_000580_sphere_temperature.dat","C43F63FD912AE098292A10A9A101035AB38224AF8D704664437DC6DFF5F37E36"
"GUI_MFC_Legacy\x64\Release _F03_Test\coreprogram\01-正向仿真\03-输出文件\output\frame_000590_geometry.dat","81ED4461A6500FA983FA1882C7E6A4059F2D114FBF71B23AC8875AEF78A42FFC"
"GUI_MFC_Legacy\x64\Release _F03_Test\coreprogram\01-正向仿真\03-输出文件\output\frame_000590_sphere_temperature.dat","2F107F2A96A6BA1CE3B506569884311084326C35BA4376C1DD431054E229A22C"
"GUI_MFC_Legacy\x64\Release _F03_Test\coreprogram\01-正向仿真\03-输出文件\output\frame_000600_geometry.dat","4BBF4401931B83D528465CD14B6BF0AA43E5B6E9EAF491DC2D994655E67A83FC"
"GUI_MFC_Legacy\x64\Release _F03_Test\coreprogram\01-正向仿真\03-输出文件\output\frame_000600_sphere_temperature.dat","853DBE3E525EA455941AA8FA270EC2D2CF13B1FED2DD10E05C1F9BE1CF9919FA"
"GUI_MFC_Legacy\x64\Release _F03_Test\coreprogram\01-正向仿真\03-输出文件\output\frame_000610_geometry.dat","DC4F28C333E240763C613ED4958381F254FF7567D59D86F34E2C1C6AB123BA56"
"GUI_MFC_Legacy\x64\Release _F03_Test\coreprogram\01-正向仿真\03-输出文件\output\frame_000610_sphere_temperature.dat","91006758FA1A9ED8780411C8D0A3E9531B7BB756C48B8AB27A4508F37B730F7B"
"GUI_MFC_Legacy\x64\Release _F03_Test\coreprogram\01-正向仿真\03-输出文件\output\frame_000620_geometry.dat","960E1465A8D426401D631097B3209D0A66A1A3E01FF09D974609168FE6A36CF7"
"GUI_MFC_Legacy\x64\Release _F03_Test\coreprogram\01-正向仿真\03-输出文件\output\frame_000620_sphere_temperature.dat","A1880842043C3435D918AAC41FC19676F396A72B62093F213BC05350ED5E4644"
"GUI_MFC_Legacy\x64\Release _F03_Test\coreprogram\01-正向仿真\03-输出文件\output\frame_000630_geometry.dat","BE2B52F5BEC85E38CFD6A737260DA5C212374C6BC83B068B3B57A432A73FEFD7"
"GUI_MFC_Legacy\x64\Release _F03_Test\coreprogram\01-正向仿真\03-输出文件\output\frame_000630_sphere_temperature.dat","04983CC3A84D005048DDB5E7B8C956F11B9AA9B247FAC12A6E5804838BDE32F2"
"GUI_MFC_Legacy\x64\Release _F03_Test\coreprogram\01-正向仿真\03-输出文件\output\frame_000640_geometry.dat","E425F0EB8C585F3EF0490A3B808E677C20E0D3ED3ABE7CE3C8AEF04083882C29"
"GUI_MFC_Legacy\x64\Release _F03_Test\coreprogram\01-正向仿真\03-输出文件\output\frame_000640_sphere_temperature.dat","743FE7D9959E57A443C64267316BF55A80A91FB980615D0352B80F3E5FA995EA"
"GUI_MFC_Legacy\x64\Release _F03_Test\coreprogram\01-正向仿真\03-输出文件\output\frame_000650_geometry.dat","4AC9D5F745C1289E93094575471C2FD66CAE62FAA586AEF5B2E175FDB68D5631"
"GUI_MFC_Legacy\x64\Release _F03_Test\coreprogram\01-正向仿真\03-输出文件\output\frame_000650_sphere_temperature.dat","C45CE92EFB62493CB740F5558C48E0A52441CDCEAACA1050AB46386C596501BB"
"GUI_MFC_Legacy\x64\Release _F03_Test\coreprogram\01-正向仿真\03-输出文件\output\frame_000660_geometry.dat","7F0C2CD5C3F0C782CE10B378F3361DCCFBEE0A4C2F8E6CCDCAD064CC95196414"
"GUI_MFC_Legacy\x64\Release _F03_Test\coreprogram\01-正向仿真\03-输出文件\output\frame_000660_sphere_temperature.dat","D53CCC84A5F4DB166F6C39F388E4DAC84C605170C120CA05FE31199739966B68"
"GUI_MFC_Legacy\x64\Release _F03_Test\coreprogram\01-正向仿真\03-输出文件\output\frame_000670_geometry.dat","7FE26C324DF8C7433052F9A8D8453130CB716EE4C985F9EEEA8964538A8C4D98"
"GUI_MFC_Legacy\x64\Release _F03_Test\coreprogram\01-正向仿真\03-输出文件\output\frame_000670_sphere_temperature.dat","AD02C5920885AB3AA42E03E49E2A159EBF13AF4A10F981799F75416DADE518A7"
"GUI_MFC_Legacy\x64\Release _F03_Test\coreprogram\01-正向仿真\03-输出文件\output\frame_000680_geometry.dat","F8BE7BF8FA0E977D484AEEA5D873AD775F2BBA5AEE9CF69C259387A3A356A9E9"
"GUI_MFC_Legacy\x64\Release _F03_Test\coreprogram\01-正向仿真\03-输出文件\output\frame_000680_sphere_temperature.dat","6FC869F5C0EF88CD055CA4B48CA249CEC51C4E89EAC7B5EE3A23349C0CA55102"
"GUI_MFC_Legacy\x64\Release _F03_Test\coreprogram\01-正向仿真\03-输出文件\output\frame_000690_geometry.dat","213E588FE197DF8013E1F2B9E1CF47300301868B4D0113419C1F3510BB1BD35A"
"GUI_MFC_Legacy\x64\Release _F03_Test\coreprogram\01-正向仿真\03-输出文件\output\frame_000690_sphere_temperature.dat","813ED17CA8CAC96C755978037A1768A5E5E500C4961CBE94365E34C9261761EC"
"GUI_MFC_Legacy\x64\Release _F03_Test\coreprogram\01-正向仿真\03-输出文件\output\frame_000700_geometry.dat","347A845A712061BFEA93DA7398F464406EF5592F4705CD295790E5258E2194C3"
"GUI_MFC_Legacy\x64\Release _F03_Test\coreprogram\01-正向仿真\03-输出文件\output\frame_000700_sphere_temperature.dat","6343FEEC5F89863840C2E7B2699A2A30787F9D62046C065620754D40C2DE96BE"
"GUI_MFC_Legacy\x64\Release _F03_Test\coreprogram\01-正向仿真\03-输出文件\output\frame_000710_geometry.dat","F090E931A64C7B0B6D024C4A66EC21493415036E79FF8D6C1D4294A6BAF0E0D2"
"GUI_MFC_Legacy\x64\Release _F03_Test\coreprogram\01-正向仿真\03-输出文件\output\frame_000710_sphere_temperature.dat","5F261FF2B3280C19A8CBEB984D6298E8597C4EE626A49193862C25A241554C19"
"GUI_MFC_Legacy\x64\Release _F03_Test\coreprogram\01-正向仿真\03-输出文件\output\frame_000720_geometry.dat","18F160C501696C5E363F3C221B631774B2539C834C36806C20CCC384236105FD"
"GUI_MFC_Legacy\x64\Release _F03_Test\coreprogram\01-正向仿真\03-输出文件\output\frame_000720_sphere_temperature.dat","EB98913EECBE5008C4867E3D6DC7EC6EBB03D7EACD902709631DF22ACFED3CE0"
"GUI_MFC_Legacy\x64\Release _F03_Test\coreprogram\01-正向仿真\03-输出文件\output\frame_000730_geometry.dat","395FE2D61F6433ECAA653E821B5D160CFDF263380D7322096262DBCF4EAD6050"
"GUI_MFC_Legacy\x64\Release _F03_Test\coreprogram\01-正向仿真\03-输出文件\output\frame_000730_sphere_temperature.dat","4DC3A0ADC6294DCBD19C87613B7F3C39484DF2A77C4CD91CADC486ED0DAEFB0A"
"GUI_MFC_Legacy\x64\Release _F03_Test\coreprogram\01-正向仿真\03-输出文件\output\frame_000740_geometry.dat","61206F6F83B62D7F7E9DB3A3ADC6F840C00F890C528E1FEEA6C1FF2824CE4A2F"
"GUI_MFC_Legacy\x64\Release _F03_Test\coreprogram\01-正向仿真\03-输出文件\output\frame_000740_sphere_temperature.dat","4DFAF4C90EC486B48B85B664B9D8F38EF68C1145FD253BD402FDD1905C225D0C"
"GUI_MFC_Legacy\x64\Release _F03_Test\coreprogram\01-正向仿真\03-输出文件\output\frame_000750_geometry.dat","8FE644DFF6865F2B3281A2DF549560992983DFBF4F5CDBBFE0B5021A8DA25331"
"GUI_MFC_Legacy\x64\Release _F03_Test\coreprogram\01-正向仿真\03-输出文件\output\frame_000750_sphere_temperature.dat","AD4078EB36426C3E30F99E0E9E6AD246FB7027CDA78C481B6CEBFE1A99E15937"
"GUI_MFC_Legacy\x64\Release _F03_Test\coreprogram\01-正向仿真\03-输出文件\output\frame_000760_geometry.dat","838F8426353D616DED32FF0AD6AE234E5A45E2490DE10C03F7658BF12A273856"
"GUI_MFC_Legacy\x64\Release _F03_Test\coreprogram\01-正向仿真\03-输出文件\output\frame_000760_sphere_temperature.dat","A89D78D4FF118562C26091EE1A478F131C48EB990ED94EA9618F5DCE3D1278F5"
"GUI_MFC_Legacy\x64\Release _F03_Test\coreprogram\01-正向仿真\03-输出文件\output\frame_000770_geometry.dat","644602A7250E2214910E8EDE609D0D398DD9A48EF06D894019632D35E422C82F"
"GUI_MFC_Legacy\x64\Release _F03_Test\coreprogram\01-正向仿真\03-输出文件\output\frame_000770_sphere_temperature.dat","8F431772956C9DE6CDFE874D679D8157AF03EBD77A066DF3DB0E4CEE471FC608"
"GUI_MFC_Legacy\x64\Release _F03_Test\coreprogram\01-正向仿真\03-输出文件\output\frame_000780_geometry.dat","CB35826DBB6A9A64CFB103E1C946432534B3C5E512033CD0C5DE1E4BE911EDC5"
"GUI_MFC_Legacy\x64\Release _F03_Test\coreprogram\01-正向仿真\03-输出文件\output\frame_000780_sphere_temperature.dat","198804DEB1F5F4599673377CA43A2EF0BE223EBA3E6FC985270949DB50216974"
"GUI_MFC_Legacy\x64\Release _F03_Test\coreprogram\01-正向仿真\03-输出文件\output\frame_000790_geometry.dat","0742B297045A24E7AA26F0544C1F97FFFDAB2B52D2D23826E225D21F990FECEC"
"GUI_MFC_Legacy\x64\Release _F03_Test\coreprogram\01-正向仿真\03-输出文件\output\frame_000790_sphere_temperature.dat","627B873765E6C8E7ED007DA1118B3CFA9A97EC888213DA71EEE0852778038F73"
"GUI_MFC_Legacy\x64\Release _F03_Test\coreprogram\01-正向仿真\03-输出文件\output\frame_000800_geometry.dat","C7EC07A94C01AE99F7EC5973649ADF65276F3D14B5BC3C001700CBF8987DF0E0"
"GUI_MFC_Legacy\x64\Release _F03_Test\coreprogram\01-正向仿真\03-输出文件\output\frame_000800_sphere_temperature.dat","6F38554FE7D6F96D778063500C38CFF1623522EE2DF6F68D962D665B87E7E95D"
"GUI_MFC_Legacy\x64\Release _F03_Test\coreprogram\01-正向仿真\03-输出文件\output\frame_000810_geometry.dat","797501138D0FB39AF677C7C96BD73F5338E3D7583FF441256A2EAF9AD9752947"
"GUI_MFC_Legacy\x64\Release _F03_Test\coreprogram\01-正向仿真\03-输出文件\output\frame_000810_sphere_temperature.dat","C8D5CD5D01C2F92029ABB338126A54AAB4FDFE81E21276E65C3C2E3666200801"
"GUI_MFC_Legacy\x64\Release _F03_Test\coreprogram\01-正向仿真\03-输出文件\output\frame_000820_geometry.dat","4CAAA2C1DC8DAF38C750B9A6529F517020350B4EFFAD41176034664E60A86282"
"GUI_MFC_Legacy\x64\Release _F03_Test\coreprogram\01-正向仿真\03-输出文件\output\frame_000820_sphere_temperature.dat","97AF6AFD23B657B5D816D7D3E5B347AB20FDE06624D8B1B83AAE78326A50DE6A"
"GUI_MFC_Legacy\x64\Release _F03_Test\coreprogram\01-正向仿真\03-输出文件\output\frame_000830_geometry.dat","BA39FE82B5ADE00306F42E0C5133FF3D10932069174ACFD16BE19B9A8F6FF66C"
"GUI_MFC_Legacy\x64\Release _F03_Test\coreprogram\01-正向仿真\03-输出文件\output\frame_000830_sphere_temperature.dat","262620CD37A851304BBAE0865BEAA973CCB455410CCCD8EF5A44004B21F1D452"
"GUI_MFC_Legacy\x64\Release _F03_Test\coreprogram\01-正向仿真\03-输出文件\output\frame_000840_geometry.dat","AE2ECE6E48F625B2D43AEC3736000DA5B2512304E5400A76FEA3A11DD5C7AA09"
"GUI_MFC_Legacy\x64\Release _F03_Test\coreprogram\01-正向仿真\03-输出文件\output\frame_000840_sphere_temperature.dat","E0571596203360D38616DEE6EE596CCF2FD632F7A0D435D11E0BBFDF7DB7CC8D"
"GUI_MFC_Legacy\x64\Release _F03_Test\coreprogram\01-正向仿真\03-输出文件\output\frame_000850_geometry.dat","464474407433374FA1C6CE35E855D9241A1200AE7447D93D8FE13FB213C2D674"
"GUI_MFC_Legacy\x64\Release _F03_Test\coreprogram\01-正向仿真\03-输出文件\output\frame_000850_sphere_temperature.dat","65AD7833D5A423804D49E4C15875F33A3FC5FEFCE507BD61C103177BD702A01C"
"GUI_MFC_Legacy\x64\Release _F03_Test\coreprogram\01-正向仿真\03-输出文件\output\frame_000860_geometry.dat","F1CAC5D3155994D112B5BFB1CF70EF1FE59F1C2066313768CFD84671454CCC98"
"GUI_MFC_Legacy\x64\Release _F03_Test\coreprogram\01-正向仿真\03-输出文件\output\frame_000860_sphere_temperature.dat","17A069D0695E64A7FC5F9D6F40F38C14AD7CE350C92147076AFCCF4AA2FBCD11"
"GUI_MFC_Legacy\x64\Release _F03_Test\coreprogram\01-正向仿真\03-输出文件\output\frame_000870_geometry.dat","F6BA423EFCC2FE089C0294ADCBB6F251662E78DCF7DD2CC237DA1308515D60C8"
"GUI_MFC_Legacy\x64\Release _F03_Test\coreprogram\01-正向仿真\03-输出文件\output\frame_000870_sphere_temperature.dat","9985CBFA223FE69208C8FF22B00786360796D1AC3A27FE91129547E1EA1D76E9"
"GUI_MFC_Legacy\x64\Release _F03_Test\coreprogram\01-正向仿真\03-输出文件\output\frame_000880_geometry.dat","14D0B61954E2B51D62C618AB230CBC214280F1DACEBF398DBF189B715E110078"
"GUI_MFC_Legacy\x64\Release _F03_Test\coreprogram\01-正向仿真\03-输出文件\output\frame_000880_sphere_temperature.dat","560009217FA7272A3789E923B34EC6A7A09F77B54F6C0A31009A48762FA6A4AE"
"GUI_MFC_Legacy\x64\Release _F03_Test\coreprogram\01-正向仿真\03-输出文件\output\frame_000890_geometry.dat","E1227E612FB158DC89945495858A3B046F0DAFAA35B721AD4FD14053AE9E7C8A"
"GUI_MFC_Legacy\x64\Release _F03_Test\coreprogram\01-正向仿真\03-输出文件\output\frame_000890_sphere_temperature.dat","F8B2BF59DB681999AEA49FD5A34A5F0463C0D687B75040AF3558D74B034AD766"
"GUI_MFC_Legacy\x64\Release _F03_Test\coreprogram\01-正向仿真\03-输出文件\output\frame_000900_geometry.dat","15E6AEF0AD0913B25B8CADCC44675C7023791A4D7005E44AA9AEA52477569B45"
"GUI_MFC_Legacy\x64\Release _F03_Test\coreprogram\01-正向仿真\03-输出文件\output\frame_000900_sphere_temperature.dat","E224B91B8C01BF6C560FA0689CEFCF180F4D1A1D3ED3FAD4B6167EB3DEED7DE7"
"GUI_MFC_Legacy\x64\Release _F03_Test\coreprogram\01-正向仿真\03-输出文件\output\frame_000910_geometry.dat","0E9B1826A284B9B0515291D13BB423D6EBC63DC0AD565521D9FB21869BB24ABE"
"GUI_MFC_Legacy\x64\Release _F03_Test\coreprogram\01-正向仿真\03-输出文件\output\frame_000910_sphere_temperature.dat","A3B75944E877FCF8BC3D996D8B06AE0C62CF8909CE4E977366B36CD2D9C6022F"
"GUI_MFC_Legacy\x64\Release _F03_Test\coreprogram\01-正向仿真\03-输出文件\output\frame_000920_geometry.dat","D989059B1231DA61E9545AFDEDA7ACCFA22EC8DF0F22CC1EEEE8615B1AD647E3"
"GUI_MFC_Legacy\x64\Release _F03_Test\coreprogram\01-正向仿真\03-输出文件\output\frame_000920_sphere_temperature.dat","D1B0D60CC0E9911129AA6CDBA56E968F1C17676B346E03F5D5166EB2A15FDB48"
"GUI_MFC_Legacy\x64\Release _F03_Test\coreprogram\01-正向仿真\03-输出文件\output\frame_000930_geometry.dat","9EE6506C444900B32C4C7D9AEA89D6A64EB7DD7BFA604C36C81B1DF82BC52B41"
"GUI_MFC_Legacy\x64\Release _F03_Test\coreprogram\01-正向仿真\03-输出文件\output\frame_000930_sphere_temperature.dat","DA068E4EE960A67ADC32379ED5583ACC49CCBACAED79827C2D3AAD58ED2C2160"
"GUI_MFC_Legacy\x64\Release _F03_Test\coreprogram\01-正向仿真\03-输出文件\output\frame_000940_geometry.dat","DAE0B739AE8414BD3FAE166F9189B993A1E0A6316B6E78DBC901AF709B3AB886"
"GUI_MFC_Legacy\x64\Release _F03_Test\coreprogram\01-正向仿真\03-输出文件\output\frame_000940_sphere_temperature.dat","53AD5636451CFE37647149702B6F060997EC89D3018E3B18519FC5DB7C3ABD02"
"GUI_MFC_Legacy\x64\Release _F03_Test\coreprogram\01-正向仿真\03-输出文件\output\frame_000950_geometry.dat","D71A56244984240583E51AA57F2678D10670E3D705427F431E48184CFFCDF6B6"
"GUI_MFC_Legacy\x64\Release _F03_Test\coreprogram\01-正向仿真\03-输出文件\output\frame_000950_sphere_temperature.dat","636C9BEE3F6B1D01B2A9F9A2A9B0FFCA3F83ACC92962BA00DA9F9B3B2597B2D7"
"GUI_MFC_Legacy\x64\Release _F03_Test\coreprogram\01-正向仿真\03-输出文件\output\frame_000960_geometry.dat","65B0D2ECE3E8B09052A8A417036B022CD57E1736839ADF96BBDEC99145CCE1BF"
"GUI_MFC_Legacy\x64\Release _F03_Test\coreprogram\01-正向仿真\03-输出文件\output\frame_000960_sphere_temperature.dat","1A24B4D1EEAC2F893EB6A95E4FD8EC07163DA2944C8A6B3967020548BAA737D0"
"GUI_MFC_Legacy\x64\Release _F03_Test\coreprogram\01-正向仿真\03-输出文件\output\frame_000970_geometry.dat","FC6C4803525E877277FDC360DCCB54C8ACADF4735A1B77E24AAF1F37AE3B8B7A"
"GUI_MFC_Legacy\x64\Release _F03_Test\coreprogram\01-正向仿真\03-输出文件\output\frame_000970_sphere_temperature.dat","323AF5B92B037F71A6C192B48A7F7111AF28B52CECD1A1FDBFC151DCACE98E81"
"GUI_MFC_Legacy\x64\Release _F03_Test\coreprogram\01-正向仿真\03-输出文件\output\frame_000980_geometry.dat","0B1FF8B8FB38BBB70210E59C6A1AA2BD4FA2C515D1B4261796334DA0AEBD595D"
"GUI_MFC_Legacy\x64\Release _F03_Test\coreprogram\01-正向仿真\03-输出文件\output\frame_000980_sphere_temperature.dat","FF084464B9821EEC5B444115E79E1EF05DACD94D75B1375BBE1711DAF3DA7ECD"
"GUI_MFC_Legacy\x64\Release _F03_Test\coreprogram\01-正向仿真\03-输出文件\output\frame_000990_geometry.dat","DB6105581406CF8E7173FCD0A5D50FA90EA9F7ACA71D4C7FF13966CB132713A3"
"GUI_MFC_Legacy\x64\Release _F03_Test\coreprogram\01-正向仿真\03-输出文件\output\frame_000990_sphere_temperature.dat","7CAEEECA078B784FB9373B3B77D26C239C398B708F84E9ECCD96B1E1533A5D0A"
"GUI_MFC_Legacy\x64\Release _F03_Test\coreprogram\01-正向仿真\03-输出文件\output\frame_001000_geometry.dat","E494B0D0BABC7F96539B56EB2DED31CA2F00FB7D41BAABE51161E6C624FA9FEA"
"GUI_MFC_Legacy\x64\Release _F03_Test\coreprogram\01-正向仿真\03-输出文件\output\frame_001000_sphere_temperature.dat","2C19B3DEA9B4F4CBE6B8C2FE4D31281597D3CCE078F9480E70D5CC947DC0BFF4"
"GUI_MFC_Legacy\x64\Release _F03_Test\coreprogram\01-正向仿真\03-输出文件\output\frame_summary.csv","53E64713EA320D624AC033D6AB129270C42AB1DCC4D8A6663C36833BB5BC9564"
"GUI_MFC_Legacy\x64\Release _F03_Test\coreprogram\01-正向仿真\03-输出文件\output\geometry_history.dat","AFA0DB1D2876E22FD088BB7DF01B29DEFFBA2BAAA9D2C95AD9486AA34FFE430A"
"GUI_MFC_Legacy\x64\Release _F03_Test\coreprogram\01-正向仿真\03-输出文件\output\infrared_characteristics.csv","438EF557FD7493FBDA6250BA4A215FB4019DFD2A9858351909D74A9B78561771"
"GUI_MFC_Legacy\x64\Release _F03_Test\coreprogram\01-正向仿真\03-输出文件\output\input_parameters_summary.txt","7CA2EA20A071746CBDB09C9D316BC8E03B5CA9D65522D07C6502E2680369D34C"
"GUI_MFC_Legacy\x64\Release _F03_Test\coreprogram\01-正向仿真\03-输出文件\output\mc_debug.log","EDF449169DC4602DFC171882B1C38E5722676639B832588C1FBC2ABEFE7F31CE"
"GUI_MFC_Legacy\x64\Release _F03_Test\coreprogram\01-正向仿真\03-输出文件\output\mc_statistics.txt","9E168176CC6DE70928B7D83465A844D617AD3808F731E8E531AB820BB2020A1D"
"GUI_MFC_Legacy\x64\Release _F03_Test\coreprogram\01-正向仿真\03-输出文件\output\runtime_summary.txt","515114BEF840E79701B683F20AE5408A8DF27C9500131D00A206F411EA0F93A3"
"GUI_MFC_Legacy\x64\Release _F03_Test\coreprogram\01-正向仿真\03-输出文件\output\screen_history.dat","FD52A3C2B9B35C20B06D3AE8BC5CAF7B40CEB7671D2D381F4BE1607011201C14"
"GUI_MFC_Legacy\x64\Release _F03_Test\coreprogram\01-正向仿真\03-输出文件\output\similarity_evaluation.csv","46260F1B04FF2EDD4F0CF7550E7C4A6F4414BA6F97E910E9988F5BD75B9F2B20"
"GUI_MFC_Legacy\x64\Release _F03_Test\coreprogram\01-正向仿真\03-输出文件\output\sphere_temperature.dat","2C19B3DEA9B4F4CBE6B8C2FE4D31281597D3CCE078F9480E70D5CC947DC0BFF4"
"GUI_MFC_Legacy\x64\Release _F03_Test\coreprogram\01-正向仿真\03-输出文件\output\spot_debug.log","7F7C7E0254C48AA8F4EBB02BE52DFE2367F93592C1533E35251495CBCFBBCC6E"
"GUI_MFC_Legacy\x64\Release _F03_Test\coreprogram\01-正向仿真\03-输出文件\output\spot_image.dat","C3CD18BE4EEBD45C8FED561F49F2346C373F88C882396ACBCE4257CA4D533E07"
"GUI_MFC_Legacy\x64\Release _F03_Test\coreprogram\01-正向仿真\03-输出文件\output\spot_point_history.csv","6D38B517F3631D3957ABB8511550F035F58377E198854053391919ECDD2CF850"
"GUI_MFC_Legacy\x64\Release _F03_Test\coreprogram\01-正向仿真\03-输出文件\output\temperature_history.csv","E3B0C44298FC1C149AFBF4C8996FB92427AE41E4649B934CA495991B7852B855"
"GUI_MFC_Legacy\x64\Release _F03_Test\coreprogram\01-正向仿真\03-输出文件\output\trajectory_output.csv","1C57B408E71C4F29AD1967EE60C3D84FD80B5B285296F6040F764FB1589ECC8B"
"GUI_MFC_Legacy\x64\Release _F03_Test\coreprogram\01-正向仿真\03-输出文件\output\verification_report.txt","CF560C4FD5E39FED7B99B5E771A1672469DA8D9D52C773256EB8B785D0282D48"
"GUI_MFC_Legacy\x64\Release _F03_Test\coreprogram\01-正向仿真\03-输出文件\runs\run_20260910_164751_04d0e923\input.dat","D6D203A20467CAA8D39FF093508C3EDED655DDFD8457B3FB4A6DFE230EFFD988"
"GUI_MFC_Legacy\x64\Release _F03_Test\coreprogram\01-正向仿真\03-输出文件\runs\run_20260910_164751_04d0e923\request.json","80E1BE329C1429F65AC2D8913A5BE1AFAD05E7949142859BDC0D668233B7B382"
"GUI_MFC_Legacy\x64\Release _F03_Test\coreprogram\01-正向仿真\03-输出文件\runs\run_20260910_164751_04d0e923\stdout.txt","E3B0C44298FC1C149AFBF4C8996FB92427AE41E4649B934CA495991B7852B855"
"GUI_MFC_Legacy\x64\Release _F03_Test\coreprogram\01-正向仿真\03-输出文件\runs\run_20260910_164751_04d0e923\output\beta_unbiasedness_report.txt","5A8B121136D4006E4EDEE14DF9E38A4BE412FEBEF2861D3EAD21C8F252A8E784"
"GUI_MFC_Legacy\x64\Release _F03_Test\coreprogram\01-正向仿真\03-输出文件\runs\run_20260910_164751_04d0e923\output\frame_000000_geometry.dat","BE283595E8C1F4DD9D0262D6692EA8EA1C07974830F889786453F285EE408187"
"GUI_MFC_Legacy\x64\Release _F03_Test\coreprogram\01-正向仿真\03-输出文件\runs\run_20260910_164751_04d0e923\output\frame_000000_sphere_temperature.dat","2164B83833CCE5E93C37A9C2084075E55633D3EA270F7C29B12B78603843AD97"
"GUI_MFC_Legacy\x64\Release _F03_Test\coreprogram\01-正向仿真\03-输出文件\runs\run_20260910_164751_04d0e923\output\frame_000000_spot_image.dat","3D48270ED0E32ACC0D74E506E8D10FC873F8165AA5EF94A3AD8E8859205D23D7"
"GUI_MFC_Legacy\x64\Release _F03_Test\coreprogram\01-正向仿真\03-输出文件\runs\run_20260910_164751_04d0e923\output\frame_summary.csv","E31105BC7DC394C5748A8180103334348A2B32500D0C17C82A67BBD89263ED2F"
"GUI_MFC_Legacy\x64\Release _F03_Test\coreprogram\01-正向仿真\03-输出文件\runs\run_20260910_164751_04d0e923\output\geometry_history.dat","82DB46B924286F6430A8DC8414F82F5A70AD652811AF3239732F0F272D6E1147"
"GUI_MFC_Legacy\x64\Release _F03_Test\coreprogram\01-正向仿真\03-输出文件\runs\run_20260910_164751_04d0e923\output\infrared_characteristics.csv","95D3671DCFB23D29DAF31641DF691E01A216191E412E38C775550B3BD580BF2C"
"GUI_MFC_Legacy\x64\Release _F03_Test\coreprogram\01-正向仿真\03-输出文件\runs\run_20260910_164751_04d0e923\output\input_parameters_summary.txt","D5F8E62727F6DD887CE08CDFA8DB21CF2710FA658C8BAEE2EA56ABB546C7A909"
"GUI_MFC_Legacy\x64\Release _F03_Test\coreprogram\01-正向仿真\03-输出文件\runs\run_20260910_164751_04d0e923\output\mc_debug.log","564FC90EA17B559458E714196A68D6540DAA98315F3060CFBDABD058782E31D8"
"GUI_MFC_Legacy\x64\Release _F03_Test\coreprogram\01-正向仿真\03-输出文件\runs\run_20260910_164751_04d0e923\output\mc_statistics.txt","EA24AED3AF59A95AD871D8D29F727FAD3638F7EE866B32506B8F84D51C872FDF"
"GUI_MFC_Legacy\x64\Release _F03_Test\coreprogram\01-正向仿真\03-输出文件\runs\run_20260910_164751_04d0e923\output\runtime_summary.txt","4590BBF337EBF7B263B920DF0F47B9EC8935BB08A9343545998771ACE4267E97"
"GUI_MFC_Legacy\x64\Release _F03_Test\coreprogram\01-正向仿真\03-输出文件\runs\run_20260910_164751_04d0e923\output\screen_history.dat","CF9178B49972F30A9D4FABBBFB9C111F60E1AC68A39090BC5547EFE79B66B5F4"
"GUI_MFC_Legacy\x64\Release _F03_Test\coreprogram\01-正向仿真\03-输出文件\runs\run_20260910_164751_04d0e923\output\similarity_evaluation.csv","16A15D270AC6D031B0DBE8EC030B19351D649C39DFBBF1C2F2FD12D13E7A06E6"
"GUI_MFC_Legacy\x64\Release _F03_Test\coreprogram\01-正向仿真\03-输出文件\runs\run_20260910_164751_04d0e923\output\sphere_temperature.dat","2164B83833CCE5E93C37A9C2084075E55633D3EA270F7C29B12B78603843AD97"
"GUI_MFC_Legacy\x64\Release _F03_Test\coreprogram\01-正向仿真\03-输出文件\runs\run_20260910_164751_04d0e923\output\spot_debug.log","2164BB7A1408E4720CA02B5E26612245E352429E070DAB2CBD4646A4A15E9BD4"
"GUI_MFC_Legacy\x64\Release _F03_Test\coreprogram\01-正向仿真\03-输出文件\runs\run_20260910_164751_04d0e923\output\spot_image.dat","3D48270ED0E32ACC0D74E506E8D10FC873F8165AA5EF94A3AD8E8859205D23D7"
"GUI_MFC_Legacy\x64\Release _F03_Test\coreprogram\01-正向仿真\03-输出文件\runs\run_20260910_164751_04d0e923\output\spot_point_history.csv","D12E4AD4CD4B85F8968BE3DC77BC4E6489151FEDE5D1EEE8A74B63A050CA2470"
"GUI_MFC_Legacy\x64\Release _F03_Test\coreprogram\01-正向仿真\03-输出文件\runs\run_20260910_164751_04d0e923\output\temperature_history.csv","E3B0C44298FC1C149AFBF4C8996FB92427AE41E4649B934CA495991B7852B855"
"GUI_MFC_Legacy\x64\Release _F03_Test\coreprogram\01-正向仿真\03-输出文件\runs\run_20260910_164751_04d0e923\output\trajectory_output.csv","B80607BA727BC55F521504F85B857A8742EBB19D4B2E65E62372E57401028098"
"GUI_MFC_Legacy\x64\Release _F03_Test\coreprogram\01-正向仿真\03-输出文件\runs\run_20260910_164751_04d0e923\output\verification_report.txt","EC589A5A0ABF249163C591CF52890B80A03A88D84A6922508FB5C9F5494AA5E4"
"GUI_MFC_Legacy\x64\Release _F03_Test\coreprogram\01-正向仿真\03-输出文件\runs\run_20260910_183748_f18eb513\input.dat","D6D203A20467CAA8D39FF093508C3EDED655DDFD8457B3FB4A6DFE230EFFD988"
"GUI_MFC_Legacy\x64\Release _F03_Test\coreprogram\01-正向仿真\03-输出文件\runs\run_20260910_183748_f18eb513\request.json","80E1BE329C1429F65AC2D8913A5BE1AFAD05E7949142859BDC0D668233B7B382"
"GUI_MFC_Legacy\x64\Release _F03_Test\coreprogram\01-正向仿真\03-输出文件\runs\run_20260910_183748_f18eb513\stdout.txt","E3B0C44298FC1C149AFBF4C8996FB92427AE41E4649B934CA495991B7852B855"
"GUI_MFC_Legacy\x64\Release _F03_Test\coreprogram\01-正向仿真\03-输出文件\runs\run_20260910_183748_f18eb513\output\beta_unbiasedness_report.txt","BB61FAB6B54E6D7662CE484A29CDE25F404ABF9A688270FCED19A20C59D6C650"
"GUI_MFC_Legacy\x64\Release _F03_Test\coreprogram\01-正向仿真\03-输出文件\runs\run_20260910_183748_f18eb513\output\frame_000000_geometry.dat","BE283595E8C1F4DD9D0262D6692EA8EA1C07974830F889786453F285EE408187"
"GUI_MFC_Legacy\x64\Release _F03_Test\coreprogram\01-正向仿真\03-输出文件\runs\run_20260910_183748_f18eb513\output\frame_000000_sphere_temperature.dat","2164B83833CCE5E93C37A9C2084075E55633D3EA270F7C29B12B78603843AD97"
"GUI_MFC_Legacy\x64\Release _F03_Test\coreprogram\01-正向仿真\03-输出文件\runs\run_20260910_183748_f18eb513\output\frame_000000_spot_image.dat","3D48270ED0E32ACC0D74E506E8D10FC873F8165AA5EF94A3AD8E8859205D23D7"
"GUI_MFC_Legacy\x64\Release _F03_Test\coreprogram\01-正向仿真\03-输出文件\runs\run_20260910_183748_f18eb513\output\frame_000010_geometry.dat","095D4CC53E33C5444084910FBBC3D22F7EA3B11269A08FB375297B52730D3D66"
"GUI_MFC_Legacy\x64\Release _F03_Test\coreprogram\01-正向仿真\03-输出文件\runs\run_20260910_183748_f18eb513\output\frame_000010_sphere_temperature.dat","38C87F74FB14039E827B7328A31F18D8290CC5BE4CFDCE7946938A2BE54CAC8A"
"GUI_MFC_Legacy\x64\Release _F03_Test\coreprogram\01-正向仿真\03-输出文件\runs\run_20260910_183748_f18eb513\output\frame_000020_geometry.dat","8D0AEF1725B339DA9C23E994D9D1D89F122036FC970CEE13DAAC149EB1AE84F2"
"GUI_MFC_Legacy\x64\Release _F03_Test\coreprogram\01-正向仿真\03-输出文件\runs\run_20260910_183748_f18eb513\output\frame_000020_sphere_temperature.dat","7B95D1F77D1DE087D893EF478C253DCC6A71AEFFFCA39CAD106B9AD47AAA9A43"
"GUI_MFC_Legacy\x64\Release _F03_Test\coreprogram\01-正向仿真\03-输出文件\runs\run_20260910_183748_f18eb513\output\frame_000030_geometry.dat","1AADA14DC1A8563599636E05BBC04CB0DA64F0B991CD670CF178B9EDBF2F8EE5"
"GUI_MFC_Legacy\x64\Release _F03_Test\coreprogram\01-正向仿真\03-输出文件\runs\run_20260910_183748_f18eb513\output\frame_000030_sphere_temperature.dat","02C0BBA623C5498E0262339AD9365ACF4CBE824D1A22C49C3CEEA0EE50F201DD"
"GUI_MFC_Legacy\x64\Release _F03_Test\coreprogram\01-正向仿真\03-输出文件\runs\run_20260910_183748_f18eb513\output\frame_000040_geometry.dat","54D3FA7B0D97A449B523579220C3A2837E84C917BC442FCD0F77CA0DFC4AEF41"
"GUI_MFC_Legacy\x64\Release _F03_Test\coreprogram\01-正向仿真\03-输出文件\runs\run_20260910_183748_f18eb513\output\frame_000040_sphere_temperature.dat","7003901C7C08E51BCC3C1F49A40EB9E1AE994EA59AE37BF41A65EC95E75EAC28"
"GUI_MFC_Legacy\x64\Release _F03_Test\coreprogram\01-正向仿真\03-输出文件\runs\run_20260910_183748_f18eb513\output\frame_000050_geometry.dat","AE7A81A9AA3522EFE3BA0499584D901F67A34BB20EAF71FA8B7DC46D01D63646"
"GUI_MFC_Legacy\x64\Release _F03_Test\coreprogram\01-正向仿真\03-输出文件\runs\run_20260910_183748_f18eb513\output\frame_000050_sphere_temperature.dat","D22C7E90C62846ABB7333F36196D9724E2B502DC2F9B8C522AACB65F4946F1C6"
"GUI_MFC_Legacy\x64\Release _F03_Test\coreprogram\01-正向仿真\03-输出文件\runs\run_20260910_183748_f18eb513\output\frame_summary.csv","98E630481D0B564035E632339FBF6CE5357273632AA8049044E65C75CB5AD8FC"
"GUI_MFC_Legacy\x64\Release _F03_Test\coreprogram\01-正向仿真\03-输出文件\runs\run_20260910_183748_f18eb513\output\geometry_history.dat","43EEC152E2545F198126A74AAEE4380FCBCFCD1C2CB4936EF15769BFB645DBFD"
"GUI_MFC_Legacy\x64\Release _F03_Test\coreprogram\01-正向仿真\03-输出文件\runs\run_20260910_183748_f18eb513\output\infrared_characteristics.csv","6C3DED0520FB3A36A15D037155025564C7FB0E467F9057981AC18402A57F3986"
"GUI_MFC_Legacy\x64\Release _F03_Test\coreprogram\01-正向仿真\03-输出文件\runs\run_20260910_183748_f18eb513\output\input_parameters_summary.txt","0AFB19CB35A21DFE218B5C2C237CC9170D925B074FB4B6FDD7B84359DA01279C"
"GUI_MFC_Legacy\x64\Release _F03_Test\coreprogram\01-正向仿真\03-输出文件\runs\run_20260910_183748_f18eb513\output\mc_debug.log","CA89475769109EAD577919EF15A71FE0AFA3DE708C612AB458A3770F727C3C22"
"GUI_MFC_Legacy\x64\Release _F03_Test\coreprogram\01-正向仿真\03-输出文件\runs\run_20260910_183748_f18eb513\output\mc_statistics.txt","86A59663320939F1F24A6F9FF691769FA330F92BE5E3C54AA8FFBF342540FF89"
"GUI_MFC_Legacy\x64\Release _F03_Test\coreprogram\01-正向仿真\03-输出文件\runs\run_20260910_183748_f18eb513\output\runtime_summary.txt","3CA918CCC2D356D3FF504F292171E4A55A823577BDE82F55282F3DDAA8669095"
"GUI_MFC_Legacy\x64\Release _F03_Test\coreprogram\01-正向仿真\03-输出文件\runs\run_20260910_183748_f18eb513\output\screen_history.dat","C40B0B0A4C48E642A6EECD0C9FF78344C84C6318729FE5F800083C830F596645"
"GUI_MFC_Legacy\x64\Release _F03_Test\coreprogram\01-正向仿真\03-输出文件\runs\run_20260910_183748_f18eb513\output\similarity_evaluation.csv","13A6E3DCC2658CEBFFEE046F35FAAA04E348A4847A0FCB9EC133F338970CF818"
"GUI_MFC_Legacy\x64\Release _F03_Test\coreprogram\01-正向仿真\03-输出文件\runs\run_20260910_183748_f18eb513\output\sphere_temperature.dat","D22C7E90C62846ABB7333F36196D9724E2B502DC2F9B8C522AACB65F4946F1C6"
"GUI_MFC_Legacy\x64\Release _F03_Test\coreprogram\01-正向仿真\03-输出文件\runs\run_20260910_183748_f18eb513\output\spot_debug.log","8E7CCA0F2CF66E797209E4E4C31A2807EB6C18DA59A01F47D94CCC190833F4C6"
"GUI_MFC_Legacy\x64\Release _F03_Test\coreprogram\01-正向仿真\03-输出文件\runs\run_20260910_183748_f18eb513\output\spot_image.dat","3FA64C357EE57183B1C5EE50D6102DA0F5D43BEF42A0F7C6F43434A456493657"
"GUI_MFC_Legacy\x64\Release _F03_Test\coreprogram\01-正向仿真\03-输出文件\runs\run_20260910_183748_f18eb513\output\spot_point_history.csv","C2CD493EBD92FDE6714DA6C5562F8C49C4656BA200638650E5EC7CBE6BDE4C20"
"GUI_MFC_Legacy\x64\Release _F03_Test\coreprogram\01-正向仿真\03-输出文件\runs\run_20260910_183748_f18eb513\output\temperature_history.csv","E3B0C44298FC1C149AFBF4C8996FB92427AE41E4649B934CA495991B7852B855"
"GUI_MFC_Legacy\x64\Release _F03_Test\coreprogram\01-正向仿真\03-输出文件\runs\run_20260910_183748_f18eb513\output\trajectory_output.csv","F975F8944249702C1980AAACCF02C31329DDD1F82CB2931E99775B83604BA244"
"GUI_MFC_Legacy\x64\Release _F03_Test\coreprogram\01-正向仿真\03-输出文件\runs\run_20260910_183748_f18eb513\output\verification_report.txt","243451F5FB0FEC234C415A9D1D711EDCBD5669E007179C6C39B649C43A324EDB"
"GUI_MFC_Legacy\x64\Release _F03_Test\coreprogram\01-正向仿真\03-输出文件\runs\run_20260911_102028_de62db01\input.dat","8CFB6C1259AC2A3C52AFC218D3D3F774DE8E6A1F0B534883107C055B7B9E1369"
"GUI_MFC_Legacy\x64\Release _F03_Test\coreprogram\01-正向仿真\03-输出文件\runs\run_20260911_102028_de62db01\request.json","DCB42418A1B6A72F7B73769FAF2D978A3455C49BED49BBE6CE084DC676086AC6"
"GUI_MFC_Legacy\x64\Release _F03_Test\coreprogram\01-正向仿真\03-输出文件\runs\run_20260911_102028_de62db01\result.json","BD29B98F9AEA93547AE2DF0496068EC2698C6C5F8E69B84F9CD3265C9A0C3E16"
"GUI_MFC_Legacy\x64\Release _F03_Test\coreprogram\01-正向仿真\03-输出文件\runs\run_20260911_102028_de62db01\sphere1_temperature.csv","D3EC64975D53AB215BFAB8A900A7D995791D274978864B3617889D55190752EE"
"GUI_MFC_Legacy\x64\Release _F03_Test\coreprogram\01-正向仿真\03-输出文件\runs\run_20260911_102028_de62db01\stderr.txt","E3B0C44298FC1C149AFBF4C8996FB92427AE41E4649B934CA495991B7852B855"
"GUI_MFC_Legacy\x64\Release _F03_Test\coreprogram\01-正向仿真\03-输出文件\runs\run_20260911_102028_de62db01\stdout.txt","31F707FE41EF3CA47310351CB255367DFCCCB36AEE7C74C29F43426324942541"
"GUI_MFC_Legacy\x64\Release _F03_Test\coreprogram\01-正向仿真\03-输出文件\runs\run_20260911_102028_de62db01\output\beta_unbiasedness_report.txt","AE802C3FAD4137FE6780E4412836EF0DF0DCBDCFDEF2D2059DF6298BF6821D92"
"GUI_MFC_Legacy\x64\Release _F03_Test\coreprogram\01-正向仿真\03-输出文件\runs\run_20260911_102028_de62db01\output\frame_000000_geometry.dat","BE283595E8C1F4DD9D0262D6692EA8EA1C07974830F889786453F285EE408187"
"GUI_MFC_Legacy\x64\Release _F03_Test\coreprogram\01-正向仿真\03-输出文件\runs\run_20260911_102028_de62db01\output\frame_000000_sphere_temperature.dat","5E2E0BF6AF4763D5F4EB1EDEA40A23722A3E159693EC20376E26C58EC822EB88"
"GUI_MFC_Legacy\x64\Release _F03_Test\coreprogram\01-正向仿真\03-输出文件\runs\run_20260911_102028_de62db01\output\frame_000000_spot_image.dat","A973DF99E9252DFC63A52A5072E25D4945C20A865126E5BAB0A3264D4E03E39B"
"GUI_MFC_Legacy\x64\Release _F03_Test\coreprogram\01-正向仿真\03-输出文件\runs\run_20260911_102028_de62db01\output\frame_000010_geometry.dat","095D4CC53E33C5444084910FBBC3D22F7EA3B11269A08FB375297B52730D3D66"
"GUI_MFC_Legacy\x64\Release _F03_Test\coreprogram\01-正向仿真\03-输出文件\runs\run_20260911_102028_de62db01\output\frame_000010_sphere_temperature.dat","655B1C7343F1D04FA5C90E33F8DADB3C762EA4C8F655B6F135F34CB3B094452D"
"GUI_MFC_Legacy\x64\Release _F03_Test\coreprogram\01-正向仿真\03-输出文件\runs\run_20260911_102028_de62db01\output\frame_000020_geometry.dat","8D0AEF1725B339DA9C23E994D9D1D89F122036FC970CEE13DAAC149EB1AE84F2"
"GUI_MFC_Legacy\x64\Release _F03_Test\coreprogram\01-正向仿真\03-输出文件\runs\run_20260911_102028_de62db01\output\frame_000020_sphere_temperature.dat","5F7037515F3E0817C31B1F699A4C1A662E7D12F6E21C9E424212A8DFB0C6B463"
"GUI_MFC_Legacy\x64\Release _F03_Test\coreprogram\01-正向仿真\03-输出文件\runs\run_20260911_102028_de62db01\output\frame_000030_geometry.dat","1AADA14DC1A8563599636E05BBC04CB0DA64F0B991CD670CF178B9EDBF2F8EE5"
"GUI_MFC_Legacy\x64\Release _F03_Test\coreprogram\01-正向仿真\03-输出文件\runs\run_20260911_102028_de62db01\output\frame_000030_sphere_temperature.dat","080C63DD43EBE34D64B83BFAE846A12298735C159379208FE77B12D4D8B207FE"
"GUI_MFC_Legacy\x64\Release _F03_Test\coreprogram\01-正向仿真\03-输出文件\runs\run_20260911_102028_de62db01\output\frame_000040_geometry.dat","54D3FA7B0D97A449B523579220C3A2837E84C917BC442FCD0F77CA0DFC4AEF41"
"GUI_MFC_Legacy\x64\Release _F03_Test\coreprogram\01-正向仿真\03-输出文件\runs\run_20260911_102028_de62db01\output\frame_000040_sphere_temperature.dat","778E1B8224AC45713804D1070CBFADB37000341621EC53E5CF86C9DF642F6F3F"
"GUI_MFC_Legacy\x64\Release _F03_Test\coreprogram\01-正向仿真\03-输出文件\runs\run_20260911_102028_de62db01\output\frame_000050_geometry.dat","AE7A81A9AA3522EFE3BA0499584D901F67A34BB20EAF71FA8B7DC46D01D63646"
"GUI_MFC_Legacy\x64\Release _F03_Test\coreprogram\01-正向仿真\03-输出文件\runs\run_20260911_102028_de62db01\output\frame_000050_sphere_temperature.dat","733FE8C5EAF8906FFB58C8E2E0D63AD96223D0C86C6E51BE1281AB0C4B449D81"
"GUI_MFC_Legacy\x64\Release _F03_Test\coreprogram\01-正向仿真\03-输出文件\runs\run_20260911_102028_de62db01\output\frame_000060_geometry.dat","F259B0B52AC7EA79709372F03413DF3642B28F86805E3BC962844A61ACF7E43D"
"GUI_MFC_Legacy\x64\Release _F03_Test\coreprogram\01-正向仿真\03-输出文件\runs\run_20260911_102028_de62db01\output\frame_000060_sphere_temperature.dat","F8C5674AC18160D1D910BFF32F4FD6B9C4C6FA7D124D1456ED970415C881767E"
"GUI_MFC_Legacy\x64\Release _F03_Test\coreprogram\01-正向仿真\03-输出文件\runs\run_20260911_102028_de62db01\output\frame_000070_geometry.dat","5C06ED7638C0EB967EDE3A8917828C183E908287533CC50656F26847B93C4D5C"
"GUI_MFC_Legacy\x64\Release _F03_Test\coreprogram\01-正向仿真\03-输出文件\runs\run_20260911_102028_de62db01\output\frame_000070_sphere_temperature.dat","80D5ACB50CB5E571B109BF6C85709554DF834CEEE2425479887E099FC9AB887E"
"GUI_MFC_Legacy\x64\Release _F03_Test\coreprogram\01-正向仿真\03-输出文件\runs\run_20260911_102028_de62db01\output\frame_000080_geometry.dat","CD712987218C4A31590DAA68F4C1E1B5D1F60A03FFCAA92FF8585C80EB97F177"
"GUI_MFC_Legacy\x64\Release _F03_Test\coreprogram\01-正向仿真\03-输出文件\runs\run_20260911_102028_de62db01\output\frame_000080_sphere_temperature.dat","D65E29C37531A3ADA509BB1B2465ABB8FAAAE303E8F76955B0BF4C0B88C608BC"
"GUI_MFC_Legacy\x64\Release _F03_Test\coreprogram\01-正向仿真\03-输出文件\runs\run_20260911_102028_de62db01\output\frame_000090_geometry.dat","2170CE99DDAA24E70BC9C79328A4D68B7F019D3E6A859C436C502BCB50C9E9D5"
"GUI_MFC_Legacy\x64\Release _F03_Test\coreprogram\01-正向仿真\03-输出文件\runs\run_20260911_102028_de62db01\output\frame_000090_sphere_temperature.dat","6C11F7878FA49B8B6365EEA723083E3C3E73367D5B2FC58531D693008CA5BBD2"
"GUI_MFC_Legacy\x64\Release _F03_Test\coreprogram\01-正向仿真\03-输出文件\runs\run_20260911_102028_de62db01\output\frame_000100_geometry.dat","E861770579D59C5DEBD47BB6E0BE4D3D1F94E447CD881AFC202178198CA160C7"
"GUI_MFC_Legacy\x64\Release _F03_Test\coreprogram\01-正向仿真\03-输出文件\runs\run_20260911_102028_de62db01\output\frame_000100_sphere_temperature.dat","426495D635E10C136EF7E6862EF11C886D3059D5265757529140BB2F733DAF8E"
"GUI_MFC_Legacy\x64\Release _F03_Test\coreprogram\01-正向仿真\03-输出文件\runs\run_20260911_102028_de62db01\output\frame_000100_spot_image.dat","9BC76DE02CA3A055ECB402E54E38601F7B202E42FA8999C1F48EC49D65F0C7C0"
"GUI_MFC_Legacy\x64\Release _F03_Test\coreprogram\01-正向仿真\03-输出文件\runs\run_20260911_102028_de62db01\output\frame_000110_geometry.dat","E12F81E1151974682F1E4379CEC222DEFFF2D6B5E97FC45C1D5BF4FA42F95AFC"
"GUI_MFC_Legacy\x64\Release _F03_Test\coreprogram\01-正向仿真\03-输出文件\runs\run_20260911_102028_de62db01\output\frame_000110_sphere_temperature.dat","046C2A1AF9D46CC9D7FF0D5DAD23CA16EE5710823E9F2715E6375EFE8E942DAD"
"GUI_MFC_Legacy\x64\Release _F03_Test\coreprogram\01-正向仿真\03-输出文件\runs\run_20260911_102028_de62db01\output\frame_000120_geometry.dat","31A2D0153CB7516B8AA2BA69F6E55DAE78FE1CDDB5BDED4DF349DE3C24DC1725"
"GUI_MFC_Legacy\x64\Release _F03_Test\coreprogram\01-正向仿真\03-输出文件\runs\run_20260911_102028_de62db01\output\frame_000120_sphere_temperature.dat","28BFAB550E0C3EC0F52D76940657965EC25E733CB3F00356CB7A708CB892DD6A"
"GUI_MFC_Legacy\x64\Release _F03_Test\coreprogram\01-正向仿真\03-输出文件\runs\run_20260911_102028_de62db01\output\frame_000130_geometry.dat","09C32FFA39B9D5E968844291702213D7E61BFF417556E170CF2C2A0AF030831C"
"GUI_MFC_Legacy\x64\Release _F03_Test\coreprogram\01-正向仿真\03-输出文件\runs\run_20260911_102028_de62db01\output\frame_000130_sphere_temperature.dat","9219D8673969DC2A3564E07B1EF0383AA2262106BAFA5B7C278A1AD67725FFFB"
"GUI_MFC_Legacy\x64\Release _F03_Test\coreprogram\01-正向仿真\03-输出文件\runs\run_20260911_102028_de62db01\output\frame_000140_geometry.dat","3952E8ED4CB2535F79077FF9486B313383263AA21A6E29A0D445D90AB1F50522"
"GUI_MFC_Legacy\x64\Release _F03_Test\coreprogram\01-正向仿真\03-输出文件\runs\run_20260911_102028_de62db01\output\frame_000140_sphere_temperature.dat","1DE945A4788A762957ABF0FD3F33DD76D3758E74A6C383E95CEE954C2BCE0E80"
"GUI_MFC_Legacy\x64\Release _F03_Test\coreprogram\01-正向仿真\03-输出文件\runs\run_20260911_102028_de62db01\output\frame_000150_geometry.dat","8C9C7A68045574DDDD604F9297C0797EB61595BC811FF8E9F46162146793722A"
"GUI_MFC_Legacy\x64\Release _F03_Test\coreprogram\01-正向仿真\03-输出文件\runs\run_20260911_102028_de62db01\output\frame_000150_sphere_temperature.dat","9A1BBE3A523BA0518A1E63D9611AF7E90C1AFBCCD483A0E40A58422F031CADBC"
"GUI_MFC_Legacy\x64\Release _F03_Test\coreprogram\01-正向仿真\03-输出文件\runs\run_20260911_102028_de62db01\output\frame_000160_geometry.dat","E4E6DEFC42D1F8B1CB49F32F6854836AF2533C43F83FDD98B0AAEFDFB3B52BA8"
"GUI_MFC_Legacy\x64\Release _F03_Test\coreprogram\01-正向仿真\03-输出文件\runs\run_20260911_102028_de62db01\output\frame_000160_sphere_temperature.dat","1E08B823D0F04D5FD49D1B0D85A52349A1F73B455811C6FCC9A099D82C78FB95"
"GUI_MFC_Legacy\x64\Release _F03_Test\coreprogram\01-正向仿真\03-输出文件\runs\run_20260911_102028_de62db01\output\frame_000170_geometry.dat","5B0CD1A032F4983310C4B405E9EA3FD29E3E4F233E0EF5E72D39DBCA8FE1DE01"
"GUI_MFC_Legacy\x64\Release _F03_Test\coreprogram\01-正向仿真\03-输出文件\runs\run_20260911_102028_de62db01\output\frame_000170_sphere_temperature.dat","67F29D5B3CB1F3B306FCA36E95BEA40F193793FD958FAA109B3A66CD3876E94E"
"GUI_MFC_Legacy\x64\Release _F03_Test\coreprogram\01-正向仿真\03-输出文件\runs\run_20260911_102028_de62db01\output\frame_000180_geometry.dat","B4F824D7BD4209EEB0941BCC2224BFBC64DCF8F1577D44DA1983A6662CB08947"
"GUI_MFC_Legacy\x64\Release _F03_Test\coreprogram\01-正向仿真\03-输出文件\runs\run_20260911_102028_de62db01\output\frame_000180_sphere_temperature.dat","C86EF29A5BAAF28BAD5F64314053E1DCC54E397ECB172ED3E26E09D20DCAE553"
"GUI_MFC_Legacy\x64\Release _F03_Test\coreprogram\01-正向仿真\03-输出文件\runs\run_20260911_102028_de62db01\output\frame_000190_geometry.dat","7F25BA6FE69165B8344C300DBAD8137DF3C1424A837576B6B769A0D386C2CC95"
"GUI_MFC_Legacy\x64\Release _F03_Test\coreprogram\01-正向仿真\03-输出文件\runs\run_20260911_102028_de62db01\output\frame_000190_sphere_temperature.dat","80D6272BEB6ADA0ACB4319AD9535B5085EE2522A874A733FDA25A770BC8636F5"
"GUI_MFC_Legacy\x64\Release _F03_Test\coreprogram\01-正向仿真\03-输出文件\runs\run_20260911_102028_de62db01\output\frame_000200_geometry.dat","856B8F0D0F7D2FA7CF05A22AB99AEFC486221C53A368EC33F99CC4AFA155408C"
"GUI_MFC_Legacy\x64\Release _F03_Test\coreprogram\01-正向仿真\03-输出文件\runs\run_20260911_102028_de62db01\output\frame_000200_sphere_temperature.dat","C01E29340F8AB9C231178FDAD5AFEB3C08FA605B2CB95AD94955C4DA2A97C0BE"
"GUI_MFC_Legacy\x64\Release _F03_Test\coreprogram\01-正向仿真\03-输出文件\runs\run_20260911_102028_de62db01\output\frame_000200_spot_image.dat","82179AF7021CD4CB6DDA8BCDCB9B7D5BF217946B791FD95C08493880A90A5C2A"
"GUI_MFC_Legacy\x64\Release _F03_Test\coreprogram\01-正向仿真\03-输出文件\runs\run_20260911_102028_de62db01\output\frame_000210_geometry.dat","275CA38C75398D25FBFEA2F5BDD45170059B6DD7104D55D965B22F86898278A8"
"GUI_MFC_Legacy\x64\Release _F03_Test\coreprogram\01-正向仿真\03-输出文件\runs\run_20260911_102028_de62db01\output\frame_000210_sphere_temperature.dat","7AFB7C9A50223AD2FB28FD20F23A63D6924AFC2AA1CF471BB9754746AD29DD1B"
"GUI_MFC_Legacy\x64\Release _F03_Test\coreprogram\01-正向仿真\03-输出文件\runs\run_20260911_102028_de62db01\output\frame_000220_geometry.dat","7623F8A434EFA239EC7F2530F5CBE7D0984B1614EBD03809651B0EADCFE19F27"
"GUI_MFC_Legacy\x64\Release _F03_Test\coreprogram\01-正向仿真\03-输出文件\runs\run_20260911_102028_de62db01\output\frame_000220_sphere_temperature.dat","8DDC5FD3C07040FE4DC718F7D7FA0C31FA874EF202FA5FFC9625166021774471"
"GUI_MFC_Legacy\x64\Release _F03_Test\coreprogram\01-正向仿真\03-输出文件\runs\run_20260911_102028_de62db01\output\frame_000230_geometry.dat","7A92AFADFAF09B06AF834E1AAAE1AB51E85D817A7B96626531FA96E4D70CF6C2"
"GUI_MFC_Legacy\x64\Release _F03_Test\coreprogram\01-正向仿真\03-输出文件\runs\run_20260911_102028_de62db01\output\frame_000230_sphere_temperature.dat","151287E6AADD472040EB84B97B11A98830A2AAA5C00DB49DD6696AB14697B175"
"GUI_MFC_Legacy\x64\Release _F03_Test\coreprogram\01-正向仿真\03-输出文件\runs\run_20260911_102028_de62db01\output\frame_000240_geometry.dat","E23EAD683236420ADD7A6B5C014C1EE1F4E2E760879BDC47CF5EEC8DFCB7156C"
"GUI_MFC_Legacy\x64\Release _F03_Test\coreprogram\01-正向仿真\03-输出文件\runs\run_20260911_102028_de62db01\output\frame_000240_sphere_temperature.dat","44A82A1DB25969EBF174BE7CB1D558FFE91D09DBBB81EC255AD5BD1C2C3DF546"
"GUI_MFC_Legacy\x64\Release _F03_Test\coreprogram\01-正向仿真\03-输出文件\runs\run_20260911_102028_de62db01\output\frame_000250_geometry.dat","1430B3A47C980D96B017B4059282815A12639109CEA04875FAA216F339F36C77"
"GUI_MFC_Legacy\x64\Release _F03_Test\coreprogram\01-正向仿真\03-输出文件\runs\run_20260911_102028_de62db01\output\frame_000250_sphere_temperature.dat","5C442F6BE4F51459AEB6AE584B63021082E2319199BBEB33C9F2F8E999685EE9"
"GUI_MFC_Legacy\x64\Release _F03_Test\coreprogram\01-正向仿真\03-输出文件\runs\run_20260911_102028_de62db01\output\frame_000260_geometry.dat","BF3586846E1BB47C9F8EC429B14EDAF78B45FB73CC53623EA2EF9F97E56D01A4"
"GUI_MFC_Legacy\x64\Release _F03_Test\coreprogram\01-正向仿真\03-输出文件\runs\run_20260911_102028_de62db01\output\frame_000260_sphere_temperature.dat","DC0A1C3EB3DB5F1D25B2B64D768FC010368ABE2C51CF4E41938180D5CAC721B7"
"GUI_MFC_Legacy\x64\Release _F03_Test\coreprogram\01-正向仿真\03-输出文件\runs\run_20260911_102028_de62db01\output\frame_000270_geometry.dat","3503E679C5C63E407E04025142BFB84CE26DDFC7DC3728219C61984A6FB00BEE"
"GUI_MFC_Legacy\x64\Release _F03_Test\coreprogram\01-正向仿真\03-输出文件\runs\run_20260911_102028_de62db01\output\frame_000270_sphere_temperature.dat","20C0D7C2837E5AD31261D663121D96DDCA67EADA59897E61A6018D2BC543B275"
"GUI_MFC_Legacy\x64\Release _F03_Test\coreprogram\01-正向仿真\03-输出文件\runs\run_20260911_102028_de62db01\output\frame_000280_geometry.dat","B21FB4D554D2EF57A74988A6AC787D315E6D778BC31171827241DAE63320C1E7"
"GUI_MFC_Legacy\x64\Release _F03_Test\coreprogram\01-正向仿真\03-输出文件\runs\run_20260911_102028_de62db01\output\frame_000280_sphere_temperature.dat","6D161CE4AF79D4922BF97493E18EE4217305F10C0B1116C5515C81A34E53DB6B"
"GUI_MFC_Legacy\x64\Release _F03_Test\coreprogram\01-正向仿真\03-输出文件\runs\run_20260911_102028_de62db01\output\frame_000290_geometry.dat","118B218D56580AA365A389D40BF9AE9D6064922353117C8DD3BF4578143AB649"
"GUI_MFC_Legacy\x64\Release _F03_Test\coreprogram\01-正向仿真\03-输出文件\runs\run_20260911_102028_de62db01\output\frame_000290_sphere_temperature.dat","C47F0006FF5D7B46938E84A1C55B8B6E69991249261BA3C4B3FB8C52441E1643"
"GUI_MFC_Legacy\x64\Release _F03_Test\coreprogram\01-正向仿真\03-输出文件\runs\run_20260911_102028_de62db01\output\frame_000300_geometry.dat","6C73263284013FB32E9379A474541F759EE10B47B2089602C079107E0FD76C13"
"GUI_MFC_Legacy\x64\Release _F03_Test\coreprogram\01-正向仿真\03-输出文件\runs\run_20260911_102028_de62db01\output\frame_000300_sphere_temperature.dat","92AAC09064B4F49371956E859023896DAC8ED1302FF305BB8080DD6547C373FF"
"GUI_MFC_Legacy\x64\Release _F03_Test\coreprogram\01-正向仿真\03-输出文件\runs\run_20260911_102028_de62db01\output\frame_000300_spot_image.dat","549899D5E644A19F5C284BF111CE560BFEF8925F04F6767D3244B3C7D1A98820"
"GUI_MFC_Legacy\x64\Release _F03_Test\coreprogram\01-正向仿真\03-输出文件\runs\run_20260911_102028_de62db01\output\frame_000310_geometry.dat","120E5C787C0DFE5B4FF5FBC340DBD057B0CDA91F45382431FE1975E59910DDA3"
"GUI_MFC_Legacy\x64\Release _F03_Test\coreprogram\01-正向仿真\03-输出文件\runs\run_20260911_102028_de62db01\output\frame_000310_sphere_temperature.dat","4EE449552763575F0969604112461F0FFCBB7197FA50726B7E86BB6988074F1E"
"GUI_MFC_Legacy\x64\Release _F03_Test\coreprogram\01-正向仿真\03-输出文件\runs\run_20260911_102028_de62db01\output\frame_000320_geometry.dat","AA0906641D5BA4470F5DE760B8315903978D833D3BD0D88E684084229E38C959"
"GUI_MFC_Legacy\x64\Release _F03_Test\coreprogram\01-正向仿真\03-输出文件\runs\run_20260911_102028_de62db01\output\frame_000320_sphere_temperature.dat","B855BEEBC6E994040D574FEB3E00312AA8D931CC7C31E522E048066F8E7CF649"
"GUI_MFC_Legacy\x64\Release _F03_Test\coreprogram\01-正向仿真\03-输出文件\runs\run_20260911_102028_de62db01\output\frame_000330_geometry.dat","179E1BB74A8C60002620133B1C9D39299D268ED98F5C2A3A8E89134F47F3D48A"
"GUI_MFC_Legacy\x64\Release _F03_Test\coreprogram\01-正向仿真\03-输出文件\runs\run_20260911_102028_de62db01\output\frame_000330_sphere_temperature.dat","BB649E164150D9C2B787F1BA50E8AC6686231B91C06503D82D6DFA65BF0018E4"
"GUI_MFC_Legacy\x64\Release _F03_Test\coreprogram\01-正向仿真\03-输出文件\runs\run_20260911_102028_de62db01\output\frame_000340_geometry.dat","4C3B43A25982644D85F7B0323007540A727A28E00D2D1E9D9A07D7D41C5D436F"
"GUI_MFC_Legacy\x64\Release _F03_Test\coreprogram\01-正向仿真\03-输出文件\runs\run_20260911_102028_de62db01\output\frame_000340_sphere_temperature.dat","1D04A986D77A8CD86D7FD9A02DC2894C87E2CAF39A9A4504ACD47BA7805DD997"
"GUI_MFC_Legacy\x64\Release _F03_Test\coreprogram\01-正向仿真\03-输出文件\runs\run_20260911_102028_de62db01\output\frame_000350_geometry.dat","B56A2EA3EAA0BEA3285E93E3D2C708B48CB1062B0C3F7FBEE0F61C9D45F9D54D"
"GUI_MFC_Legacy\x64\Release _F03_Test\coreprogram\01-正向仿真\03-输出文件\runs\run_20260911_102028_de62db01\output\frame_000350_sphere_temperature.dat","59F4EB86B61B6872885F23FFA999FF03644621FC4C28A26EE1A037013D4B6A86"
"GUI_MFC_Legacy\x64\Release _F03_Test\coreprogram\01-正向仿真\03-输出文件\runs\run_20260911_102028_de62db01\output\frame_000360_geometry.dat","C92442930DF03E6FB3444DD6692EB649ACDBFD20DFBA4D0258646BB601249699"
"GUI_MFC_Legacy\x64\Release _F03_Test\coreprogram\01-正向仿真\03-输出文件\runs\run_20260911_102028_de62db01\output\frame_000360_sphere_temperature.dat","EF223351F9E409ADEF1FF5729072C188BB7FAF7EA105D1D0079DCAA387DB9C15"
"GUI_MFC_Legacy\x64\Release _F03_Test\coreprogram\01-正向仿真\03-输出文件\runs\run_20260911_102028_de62db01\output\frame_000370_geometry.dat","3F9B4D36B2AD094FC0D365A3D4B46F933CEF63C6D8FE6189BA05587AA40A2437"
"GUI_MFC_Legacy\x64\Release _F03_Test\coreprogram\01-正向仿真\03-输出文件\runs\run_20260911_102028_de62db01\output\frame_000370_sphere_temperature.dat","33EAB4F76C8750B9CFBB54507B6D8A2A7B3017899640FFE27AB927B8DFF4336C"
"GUI_MFC_Legacy\x64\Release _F03_Test\coreprogram\01-正向仿真\03-输出文件\runs\run_20260911_102028_de62db01\output\frame_000380_geometry.dat","B32A4C0277A569C0EC5110F5236A3780BC223B70D243CDE187984F1C91BBE35A"
"GUI_MFC_Legacy\x64\Release _F03_Test\coreprogram\01-正向仿真\03-输出文件\runs\run_20260911_102028_de62db01\output\frame_000380_sphere_temperature.dat","A91B9D6EA1BB94E6BB6DC92F530E1B818C8E947798D1136E46C653B5FE1A5230"
"GUI_MFC_Legacy\x64\Release _F03_Test\coreprogram\01-正向仿真\03-输出文件\runs\run_20260911_102028_de62db01\output\frame_000390_geometry.dat","EDF533A6041F4529D2669D20A39542537CF6BE15D690E9F3EF33F6A7FB2399B0"
"GUI_MFC_Legacy\x64\Release _F03_Test\coreprogram\01-正向仿真\03-输出文件\runs\run_20260911_102028_de62db01\output\frame_000390_sphere_temperature.dat","EF0F391CA3E89F603D372ADB7B35E96DB5F95DBEEC04C8032DD53307B812D2B5"
"GUI_MFC_Legacy\x64\Release _F03_Test\coreprogram\01-正向仿真\03-输出文件\runs\run_20260911_102028_de62db01\output\frame_000400_geometry.dat","F103B6DF030DC232584F09EBC3FEC0B4F16C047F776A9203E2D1B0E96EFEE9D1"
"GUI_MFC_Legacy\x64\Release _F03_Test\coreprogram\01-正向仿真\03-输出文件\runs\run_20260911_102028_de62db01\output\frame_000400_sphere_temperature.dat","13E9AFDA39AA7669E86D2293A15EDDCADB2AFC3C50132C9680A80373FE3E101C"
"GUI_MFC_Legacy\x64\Release _F03_Test\coreprogram\01-正向仿真\03-输出文件\runs\run_20260911_102028_de62db01\output\frame_000400_spot_image.dat","262BBFFBA7C64DCFFE1E34069F91CCE7508BD62942BD5CCD0276734BC6138D16"
"GUI_MFC_Legacy\x64\Release _F03_Test\coreprogram\01-正向仿真\03-输出文件\runs\run_20260911_102028_de62db01\output\frame_000410_geometry.dat","CE30068A2886C0955E6D1F61CEAE35FD3E1DBC8FA1A6DAB0D24B66A49B8B6FC9"
"GUI_MFC_Legacy\x64\Release _F03_Test\coreprogram\01-正向仿真\03-输出文件\runs\run_20260911_102028_de62db01\output\frame_000410_sphere_temperature.dat","9EB2E6FD32017CA9AECE80D13CD496D320710351B1A228F777BA43AC3DBE20F3"
"GUI_MFC_Legacy\x64\Release _F03_Test\coreprogram\01-正向仿真\03-输出文件\runs\run_20260911_102028_de62db01\output\frame_000420_geometry.dat","1473878774B2DD598E4635B55B185BA34F1125DAC9AE41C48A5BE92932EFCAE5"
"GUI_MFC_Legacy\x64\Release _F03_Test\coreprogram\01-正向仿真\03-输出文件\runs\run_20260911_102028_de62db01\output\frame_000420_sphere_temperature.dat","6389F663E6D549AA88C953D9DD6DF3DE2BCCBD651775092C876F4A7CED2F55D9"
"GUI_MFC_Legacy\x64\Release _F03_Test\coreprogram\01-正向仿真\03-输出文件\runs\run_20260911_102028_de62db01\output\frame_000430_geometry.dat","0925D6E00DF523C4D37722D6CC56BCAA00874545E368FFF2740D2C6AA5E11901"
"GUI_MFC_Legacy\x64\Release _F03_Test\coreprogram\01-正向仿真\03-输出文件\runs\run_20260911_102028_de62db01\output\frame_000430_sphere_temperature.dat","33732D1362B851A77784CB505FCDCD1C4E758DB8851FD19963A42D7AE5FBFA24"
"GUI_MFC_Legacy\x64\Release _F03_Test\coreprogram\01-正向仿真\03-输出文件\runs\run_20260911_102028_de62db01\output\frame_000440_geometry.dat","89DD0124DB6CE836B664C76B4C2E376307DAD0FA854F7DBC559103120C8BB3D7"
"GUI_MFC_Legacy\x64\Release _F03_Test\coreprogram\01-正向仿真\03-输出文件\runs\run_20260911_102028_de62db01\output\frame_000440_sphere_temperature.dat","EC9EACD296F34FB7405061FD6DBFC32A53239F896A0A22970B3E9C394BEA6063"
"GUI_MFC_Legacy\x64\Release _F03_Test\coreprogram\01-正向仿真\03-输出文件\runs\run_20260911_102028_de62db01\output\frame_000450_geometry.dat","6F4E4ACA61BDAB040B637DEB43766D3D03D4707B34BD6823E24704BA76D446A1"
"GUI_MFC_Legacy\x64\Release _F03_Test\coreprogram\01-正向仿真\03-输出文件\runs\run_20260911_102028_de62db01\output\frame_000450_sphere_temperature.dat","C61FD9EFFE5B2BEA342EC228B9429CEF770FD9B1BD0D5CE17D4689097375E9ED"
"GUI_MFC_Legacy\x64\Release _F03_Test\coreprogram\01-正向仿真\03-输出文件\runs\run_20260911_102028_de62db01\output\frame_000460_geometry.dat","B58D928B16B181CD102D8B038789A0E01920A115460D66794160D70A26297EDB"
"GUI_MFC_Legacy\x64\Release _F03_Test\coreprogram\01-正向仿真\03-输出文件\runs\run_20260911_102028_de62db01\output\frame_000460_sphere_temperature.dat","CBB7CBAB4F5523BA35528E7D514F489E733832AE4F795C7420686818A4FAC52F"
"GUI_MFC_Legacy\x64\Release _F03_Test\coreprogram\01-正向仿真\03-输出文件\runs\run_20260911_102028_de62db01\output\frame_000470_geometry.dat","D980F28231092D1E4CB64B091A8C4A021BB3B7F00F2EE4820A1CC3A8162A63D0"
"GUI_MFC_Legacy\x64\Release _F03_Test\coreprogram\01-正向仿真\03-输出文件\runs\run_20260911_102028_de62db01\output\frame_000470_sphere_temperature.dat","68078C768C5F305697F0F8B768E47A271B8096A702762FA4F34D256E3CDE8265"
"GUI_MFC_Legacy\x64\Release _F03_Test\coreprogram\01-正向仿真\03-输出文件\runs\run_20260911_102028_de62db01\output\frame_000480_geometry.dat","77921BDFC1C75F306AD355C2A32C627145191A0D26CAE394BA91A7A36DAF5E98"
"GUI_MFC_Legacy\x64\Release _F03_Test\coreprogram\01-正向仿真\03-输出文件\runs\run_20260911_102028_de62db01\output\frame_000480_sphere_temperature.dat","8B468704F47A0FB8F3BCD6AFC1EC3BC96661A4D732522E1D79CF5DC26F81EF49"
"GUI_MFC_Legacy\x64\Release _F03_Test\coreprogram\01-正向仿真\03-输出文件\runs\run_20260911_102028_de62db01\output\frame_000490_geometry.dat","D25DBFC5D21FF7009A87BC28627CAE662AE1B7297390249B6189B8C929A67A42"
"GUI_MFC_Legacy\x64\Release _F03_Test\coreprogram\01-正向仿真\03-输出文件\runs\run_20260911_102028_de62db01\output\frame_000490_sphere_temperature.dat","11D4AB43B8496E9340A5F99EF1FAF4B5BC6F5E489746F76738230682DE09ACD0"
"GUI_MFC_Legacy\x64\Release _F03_Test\coreprogram\01-正向仿真\03-输出文件\runs\run_20260911_102028_de62db01\output\frame_000500_geometry.dat","0D09A5D21B151633FABAEF404A4CEF1E205AD3C00C4DA9313E2AB8D4ED7C3AC5"
"GUI_MFC_Legacy\x64\Release _F03_Test\coreprogram\01-正向仿真\03-输出文件\runs\run_20260911_102028_de62db01\output\frame_000500_sphere_temperature.dat","24C1CDC1AF8E3C445A28D59A5B23A177D0E433F4387778A7D8E4E81BE2F75775"
"GUI_MFC_Legacy\x64\Release _F03_Test\coreprogram\01-正向仿真\03-输出文件\runs\run_20260911_102028_de62db01\output\frame_000510_geometry.dat","152F6B7E95DCBC7E424339B08EA8D8420EEB4CD8011213C9457D3C8933FA8E6A"
"GUI_MFC_Legacy\x64\Release _F03_Test\coreprogram\01-正向仿真\03-输出文件\runs\run_20260911_102028_de62db01\output\frame_000510_sphere_temperature.dat","462653CFABC9B19EAF346A815C8B6BF40D9741BBA64E50189DF9008AE276B7F8"
"GUI_MFC_Legacy\x64\Release _F03_Test\coreprogram\01-正向仿真\03-输出文件\runs\run_20260911_102028_de62db01\output\frame_000520_geometry.dat","7B2105002E64F24AE753CEAE48D02587DC1B3D7F49E4842BC75A0C59E7384664"
"GUI_MFC_Legacy\x64\Release _F03_Test\coreprogram\01-正向仿真\03-输出文件\runs\run_20260911_102028_de62db01\output\frame_000520_sphere_temperature.dat","537D41E6B47B4D065285A4F83BC8321BCDC261F50C7DF93A89E8DA1F78B4BF87"
"GUI_MFC_Legacy\x64\Release _F03_Test\coreprogram\01-正向仿真\03-输出文件\runs\run_20260911_102028_de62db01\output\frame_000530_geometry.dat","EBE862A93C651ED4B33046D2818C9A1D7AE0F0DC7B8AEFEB354B2816A2013AA9"
"GUI_MFC_Legacy\x64\Release _F03_Test\coreprogram\01-正向仿真\03-输出文件\runs\run_20260911_102028_de62db01\output\frame_000530_sphere_temperature.dat","C50B961E419BD775DBFB46A0358781F9644ACE965F33BE417ADB03AAC4E2379D"
"GUI_MFC_Legacy\x64\Release _F03_Test\coreprogram\01-正向仿真\03-输出文件\runs\run_20260911_102028_de62db01\output\frame_000540_geometry.dat","7D8F11AA17986B4C40C5B2B526DE068D790CA50FEA9E16040736305DED26AB83"
"GUI_MFC_Legacy\x64\Release _F03_Test\coreprogram\01-正向仿真\03-输出文件\runs\run_20260911_102028_de62db01\output\frame_000540_sphere_temperature.dat","2C368D5462BC6FB37C23F1E4DD2C4AD53EC8E2072F9FAA4161E44EA7B77EB4F9"
"GUI_MFC_Legacy\x64\Release _F03_Test\coreprogram\01-正向仿真\03-输出文件\runs\run_20260911_102028_de62db01\output\frame_000550_geometry.dat","9C45CC400680157D85EA478666E1DF02FD9AF89D7E2A031C4E627FCEB3EF5EBA"
"GUI_MFC_Legacy\x64\Release _F03_Test\coreprogram\01-正向仿真\03-输出文件\runs\run_20260911_102028_de62db01\output\frame_000550_sphere_temperature.dat","D99AF971C5117B906F411104F004A512F1BD0C71FD3840E92BF9495CB1AA5F16"
"GUI_MFC_Legacy\x64\Release _F03_Test\coreprogram\01-正向仿真\03-输出文件\runs\run_20260911_102028_de62db01\output\frame_000560_geometry.dat","1AE614256FE3F0D138940322E93DD94853B706405424CFF8F902A3EA57E54E29"
"GUI_MFC_Legacy\x64\Release _F03_Test\coreprogram\01-正向仿真\03-输出文件\runs\run_20260911_102028_de62db01\output\frame_000560_sphere_temperature.dat","BC7D5E8C7C26550B345BAE4C4E0CC2A8E92BF32397D05BD28DF8FDA333B1928A"
"GUI_MFC_Legacy\x64\Release _F03_Test\coreprogram\01-正向仿真\03-输出文件\runs\run_20260911_102028_de62db01\output\frame_000570_geometry.dat","53A3AE5B3E834484A1B9980395704ABB50E3E4866DE1A5F31FD6E9C99E62617B"
"GUI_MFC_Legacy\x64\Release _F03_Test\coreprogram\01-正向仿真\03-输出文件\runs\run_20260911_102028_de62db01\output\frame_000570_sphere_temperature.dat","2D5BD24C2EAD364C48ABA64B8C77E0CB6C215AD792C70D01DCF304300067D7E2"
"GUI_MFC_Legacy\x64\Release _F03_Test\coreprogram\01-正向仿真\03-输出文件\runs\run_20260911_102028_de62db01\output\frame_000580_geometry.dat","53C5C35C71DDD54AE5B1DD963E479D05061397A5DEA398F7BF7C0D5C71B181E0"
"GUI_MFC_Legacy\x64\Release _F03_Test\coreprogram\01-正向仿真\03-输出文件\runs\run_20260911_102028_de62db01\output\frame_000580_sphere_temperature.dat","8A26C7A0EFF43D7A25375C5A3738C6FD221DFCCC0DE42FE43968B00E6D591A32"
"GUI_MFC_Legacy\x64\Release _F03_Test\coreprogram\01-正向仿真\03-输出文件\runs\run_20260911_102028_de62db01\output\frame_000590_geometry.dat","D1B38400A37A53F45763B857F0F0798A3548156AB75AA05DFD33C69DA9364F69"
"GUI_MFC_Legacy\x64\Release _F03_Test\coreprogram\01-正向仿真\03-输出文件\runs\run_20260911_102028_de62db01\output\frame_000590_sphere_temperature.dat","A792940A11C09022133C3C5ABAAE4D9B87D4A0D73808F53695B49D3C14F96783"
"GUI_MFC_Legacy\x64\Release _F03_Test\coreprogram\01-正向仿真\03-输出文件\runs\run_20260911_102028_de62db01\output\frame_000600_geometry.dat","DFE63E131865B81F402898301338B56BC44FC0D5FDEEC051190D196C06DA68F8"
"GUI_MFC_Legacy\x64\Release _F03_Test\coreprogram\01-正向仿真\03-输出文件\runs\run_20260911_102028_de62db01\output\frame_000600_sphere_temperature.dat","C4C4F20FCDC49E7506475445D6F15569B19A6FCE8555077599C8626EA270E4C2"
"GUI_MFC_Legacy\x64\Release _F03_Test\coreprogram\01-正向仿真\03-输出文件\runs\run_20260911_102028_de62db01\output\frame_000610_geometry.dat","5C00E1DF1E1C8D11983D14E6AEE8788246BCD1F9E8A367AD12E5A1632A519EC8"
"GUI_MFC_Legacy\x64\Release _F03_Test\coreprogram\01-正向仿真\03-输出文件\runs\run_20260911_102028_de62db01\output\frame_000610_sphere_temperature.dat","62DD0BDD55C8259E1120DECBC8E14C057CE402432D97FFC0AD78556E8D4C6EBF"
"GUI_MFC_Legacy\x64\Release _F03_Test\coreprogram\01-正向仿真\03-输出文件\runs\run_20260911_102028_de62db01\output\frame_000620_geometry.dat","960E1465A8D426401D631097B3209D0A66A1A3E01FF09D974609168FE6A36CF7"
"GUI_MFC_Legacy\x64\Release _F03_Test\coreprogram\01-正向仿真\03-输出文件\runs\run_20260911_102028_de62db01\output\frame_000620_sphere_temperature.dat","A05B080D0104FD384D2A3C1904FA800B5B5F62C4AB4F0398D44FC9AB780C33C2"
"GUI_MFC_Legacy\x64\Release _F03_Test\coreprogram\01-正向仿真\03-输出文件\runs\run_20260911_102028_de62db01\output\frame_000630_geometry.dat","F54EDC15FA73A1D4A2A1D4CB5A57754E27A23991D8F042919E679A0AD1CB742F"
"GUI_MFC_Legacy\x64\Release _F03_Test\coreprogram\01-正向仿真\03-输出文件\runs\run_20260911_102028_de62db01\output\frame_000630_sphere_temperature.dat","56E5F07DE2591CD2861651F18E8F9E07E1E332D99C1E9AF055D8ABEFE7AEED8C"
"GUI_MFC_Legacy\x64\Release _F03_Test\coreprogram\01-正向仿真\03-输出文件\runs\run_20260911_102028_de62db01\output\frame_000640_geometry.dat","BB3D61DE1792E85B78749A90B1CDCD140F799C2AAE3AE64AD6B28EA39865798E"
"GUI_MFC_Legacy\x64\Release _F03_Test\coreprogram\01-正向仿真\03-输出文件\runs\run_20260911_102028_de62db01\output\frame_000640_sphere_temperature.dat","2E8098CEDA3A684711543396A91FD0D81B67911EFFB616EA2537FE983AF9BC05"
"GUI_MFC_Legacy\x64\Release _F03_Test\coreprogram\01-正向仿真\03-输出文件\runs\run_20260911_102028_de62db01\output\frame_000650_geometry.dat","54ED25D194164F2131CD5460782B2D4782D169ACB0C491D435A40F9D66FB744D"
"GUI_MFC_Legacy\x64\Release _F03_Test\coreprogram\01-正向仿真\03-输出文件\runs\run_20260911_102028_de62db01\output\frame_000650_sphere_temperature.dat","02791710F9F81225E5AE6713DC08190C35A1560007B79D94D1E36B015B40C43F"
"GUI_MFC_Legacy\x64\Release _F03_Test\coreprogram\01-正向仿真\03-输出文件\runs\run_20260911_102028_de62db01\output\frame_000660_geometry.dat","7F0C2CD5C3F0C782CE10B378F3361DCCFBEE0A4C2F8E6CCDCAD064CC95196414"
"GUI_MFC_Legacy\x64\Release _F03_Test\coreprogram\01-正向仿真\03-输出文件\runs\run_20260911_102028_de62db01\output\frame_000660_sphere_temperature.dat","9DA8CB6C17472AB1512304A2BC5EC175DF865926CFF2D221C99044CCB3101DE0"
"GUI_MFC_Legacy\x64\Release _F03_Test\coreprogram\01-正向仿真\03-输出文件\runs\run_20260911_102028_de62db01\output\frame_000670_geometry.dat","7FE26C324DF8C7433052F9A8D8453130CB716EE4C985F9EEEA8964538A8C4D98"
"GUI_MFC_Legacy\x64\Release _F03_Test\coreprogram\01-正向仿真\03-输出文件\runs\run_20260911_102028_de62db01\output\frame_000670_sphere_temperature.dat","85920F6393DB5912DE2594AAABDAF0C2C27741C516B2137FED690C98F44247ED"
"GUI_MFC_Legacy\x64\Release _F03_Test\coreprogram\01-正向仿真\03-输出文件\runs\run_20260911_102028_de62db01\output\frame_000680_geometry.dat","94C6910334895D022DCA819D482FCB83BC99F15EDEF0DE41C9D6B36E82D558B3"
"GUI_MFC_Legacy\x64\Release _F03_Test\coreprogram\01-正向仿真\03-输出文件\runs\run_20260911_102028_de62db01\output\frame_000680_sphere_temperature.dat","ADB2D56FC85AD2A081BE887D1656C47DCEB0FDD52BC28ADFC9511F6404AA3B4C"
"GUI_MFC_Legacy\x64\Release _F03_Test\coreprogram\01-正向仿真\03-输出文件\runs\run_20260911_102028_de62db01\output\frame_000690_geometry.dat","3DFFA5D4A1ACF3B526F73E108FBC312FAA741B8B7E0359F0239E1C2775A72091"
"GUI_MFC_Legacy\x64\Release _F03_Test\coreprogram\01-正向仿真\03-输出文件\runs\run_20260911_102028_de62db01\output\frame_000690_sphere_temperature.dat","7FDA64EAB63E9B031ECA55724DCF864921E315ED5858987FEFD7DD7BE03F2CB4"
"GUI_MFC_Legacy\x64\Release _F03_Test\coreprogram\01-正向仿真\03-输出文件\runs\run_20260911_102028_de62db01\output\frame_000700_geometry.dat","BD3ECCE29E5A9DDC64156FF1B92AA436A75D16446BD0E4BE50CDA46E60BBA78C"
"GUI_MFC_Legacy\x64\Release _F03_Test\coreprogram\01-正向仿真\03-输出文件\runs\run_20260911_102028_de62db01\output\frame_000700_sphere_temperature.dat","C0843F10A1C057805DC11834163C53C6BDD5FB5C2E7235A7A3A5FC7EBD1E8E6A"
"GUI_MFC_Legacy\x64\Release _F03_Test\coreprogram\01-正向仿真\03-输出文件\runs\run_20260911_102028_de62db01\output\frame_000710_geometry.dat","E2DF8374C46480A076B3F26E8434D7FD00CF748E81D39B5DC51C262F04598D8F"
"GUI_MFC_Legacy\x64\Release _F03_Test\coreprogram\01-正向仿真\03-输出文件\runs\run_20260911_102028_de62db01\output\frame_000710_sphere_temperature.dat","B7C6A9419352298F5E9B2C08352831BB9BB50B0CE18D42EB68B2609216F17932"
"GUI_MFC_Legacy\x64\Release _F03_Test\coreprogram\01-正向仿真\03-输出文件\runs\run_20260911_102028_de62db01\output\frame_000720_geometry.dat","3AAEDF010CE4F8FC50A6DAF57C0C83FF147D8350F4F42BD4896E828483565EA1"
"GUI_MFC_Legacy\x64\Release _F03_Test\coreprogram\01-正向仿真\03-输出文件\runs\run_20260911_102028_de62db01\output\frame_000720_sphere_temperature.dat","9A7424FE5813FCF85E591ADE03C7A4F113FEA4C630313736E067A74B800782EA"
"GUI_MFC_Legacy\x64\Release _F03_Test\coreprogram\01-正向仿真\03-输出文件\runs\run_20260911_102028_de62db01\output\frame_000730_geometry.dat","6BEBEB75D5AC3D4DCAF5ED9672A23BB8F8D243291C193F857E2B5E93A78A3758"
"GUI_MFC_Legacy\x64\Release _F03_Test\coreprogram\01-正向仿真\03-输出文件\runs\run_20260911_102028_de62db01\output\frame_000730_sphere_temperature.dat","8F0A3A7DA6DDCC807D301A5875F2360F62CE2739851BED0A93074A6A740BBA6D"
"GUI_MFC_Legacy\x64\Release _F03_Test\coreprogram\01-正向仿真\03-输出文件\runs\run_20260911_102028_de62db01\output\frame_000740_geometry.dat","A6D10DC3976DE64F5B820834992B9354E3166409A1490E0807F6BB459C84ACC7"
"GUI_MFC_Legacy\x64\Release _F03_Test\coreprogram\01-正向仿真\03-输出文件\runs\run_20260911_102028_de62db01\output\frame_000740_sphere_temperature.dat","58637A77A8DC09D2A810ECAE184D1424AB0D1BF48C4DF4AB2B2244793AE423BA"
"GUI_MFC_Legacy\x64\Release _F03_Test\coreprogram\01-正向仿真\03-输出文件\runs\run_20260911_102028_de62db01\output\frame_000750_geometry.dat","EC08DE2339A06809B58C3CC493B4965C5DED402D72C82A30BE5FF5F877D3C777"
"GUI_MFC_Legacy\x64\Release _F03_Test\coreprogram\01-正向仿真\03-输出文件\runs\run_20260911_102028_de62db01\output\frame_000750_sphere_temperature.dat","52326AE0D2386845B8F92958EEC2274771818378308D7E480E6E49948BDB1CCC"
"GUI_MFC_Legacy\x64\Release _F03_Test\coreprogram\01-正向仿真\03-输出文件\runs\run_20260911_102028_de62db01\output\frame_000760_geometry.dat","838F8426353D616DED32FF0AD6AE234E5A45E2490DE10C03F7658BF12A273856"
"GUI_MFC_Legacy\x64\Release _F03_Test\coreprogram\01-正向仿真\03-输出文件\runs\run_20260911_102028_de62db01\output\frame_000760_sphere_temperature.dat","E0B478A8D99450151FB8416F907523F50CAC0BB6F2C55D1149306D4CBEC08F90"
"GUI_MFC_Legacy\x64\Release _F03_Test\coreprogram\01-正向仿真\03-输出文件\runs\run_20260911_102028_de62db01\output\frame_000770_geometry.dat","A85397E7640940AC367CA2EFDA4B5B69947D5A40E70A0CBE709AA716CFCFA074"
"GUI_MFC_Legacy\x64\Release _F03_Test\coreprogram\01-正向仿真\03-输出文件\runs\run_20260911_102028_de62db01\output\frame_000770_sphere_temperature.dat","50DB49AC533F3725B17551ED4CA22FD16AAD4F02F0FB7FABB0FC6CDAE84C89AF"
"GUI_MFC_Legacy\x64\Release _F03_Test\coreprogram\01-正向仿真\03-输出文件\runs\run_20260911_102028_de62db01\output\frame_000780_geometry.dat","2CB13DB846FC9E60BEEC06679E1B492E535EC26DEEEE3262D90E04CFE046E0CA"
"GUI_MFC_Legacy\x64\Release _F03_Test\coreprogram\01-正向仿真\03-输出文件\runs\run_20260911_102028_de62db01\output\frame_000780_sphere_temperature.dat","A9289C1517C672F7897DE8E91C5273EB05D29D8A2102EB35103F53A51319C95E"
"GUI_MFC_Legacy\x64\Release _F03_Test\coreprogram\01-正向仿真\03-输出文件\runs\run_20260911_102028_de62db01\output\frame_000790_geometry.dat","76A8DC0F8C87A80645B10811CB999340F10BA4724F96631F39D35C0B1527E48B"
"GUI_MFC_Legacy\x64\Release _F03_Test\coreprogram\01-正向仿真\03-输出文件\runs\run_20260911_102028_de62db01\output\frame_000790_sphere_temperature.dat","02439FEBF6C2BAF53E6B11C0A50E008EA6B0456B221B0542752218A64E55385F"
"GUI_MFC_Legacy\x64\Release _F03_Test\coreprogram\01-正向仿真\03-输出文件\runs\run_20260911_102028_de62db01\output\frame_000800_geometry.dat","593A6D8CCCA4D1D622E7313541001EA140279DDBA821A75A947FB45B82332CA4"
"GUI_MFC_Legacy\x64\Release _F03_Test\coreprogram\01-正向仿真\03-输出文件\runs\run_20260911_102028_de62db01\output\frame_000800_sphere_temperature.dat","C9E0D91FD91270D841294452ADC90D0CFF498526BFEBA4656AAC54CEA4C74118"
"GUI_MFC_Legacy\x64\Release _F03_Test\coreprogram\01-正向仿真\03-输出文件\runs\run_20260911_102028_de62db01\output\frame_000810_geometry.dat","BB813A98CA239FE5CAFB0519F3DF6EC8067876CEB715F10BC4CD3DF32F1CE0F9"
"GUI_MFC_Legacy\x64\Release _F03_Test\coreprogram\01-正向仿真\03-输出文件\runs\run_20260911_102028_de62db01\output\frame_000810_sphere_temperature.dat","966F6EA56CA61090A39EB68FB713515D1B2252B8D07D237D1081B3783C372454"
"GUI_MFC_Legacy\x64\Release _F03_Test\coreprogram\01-正向仿真\03-输出文件\runs\run_20260911_102028_de62db01\output\frame_000820_geometry.dat","5CED69F4F01ED5DBC2C93136FB9ADD59FAA0AB34C21F97BA2E370760FD76A06E"
"GUI_MFC_Legacy\x64\Release _F03_Test\coreprogram\01-正向仿真\03-输出文件\runs\run_20260911_102028_de62db01\output\frame_000820_sphere_temperature.dat","A93E98DD756A524992F9CA040D8F7473AEF2917E541E60A76065D2AA4FF5CAF1"
"GUI_MFC_Legacy\x64\Release _F03_Test\coreprogram\01-正向仿真\03-输出文件\runs\run_20260911_102028_de62db01\output\frame_000830_geometry.dat","2AFDF9881EE4FFEA73D332A95495E7F0A1341A96193313F830F31C4212E8B823"
"GUI_MFC_Legacy\x64\Release _F03_Test\coreprogram\01-正向仿真\03-输出文件\runs\run_20260911_102028_de62db01\output\frame_000830_sphere_temperature.dat","EF4206DDA8E5FB568CFD4B82B7B104CCF20EBCC292551AC413A26321594E072B"
"GUI_MFC_Legacy\x64\Release _F03_Test\coreprogram\01-正向仿真\03-输出文件\runs\run_20260911_102028_de62db01\output\frame_000840_geometry.dat","161DB872151B47EF4BED405BCE6C7A017D8C094056AD2A89BCC2170E00A59EAE"
"GUI_MFC_Legacy\x64\Release _F03_Test\coreprogram\01-正向仿真\03-输出文件\runs\run_20260911_102028_de62db01\output\frame_000840_sphere_temperature.dat","2CFD53AC7F8553346F0C9BA64813689CF88FFD9BD279A1ADD38C059BBD2D9274"
"GUI_MFC_Legacy\x64\Release _F03_Test\coreprogram\01-正向仿真\03-输出文件\runs\run_20260911_102028_de62db01\output\frame_000850_geometry.dat","464474407433374FA1C6CE35E855D9241A1200AE7447D93D8FE13FB213C2D674"
"GUI_MFC_Legacy\x64\Release _F03_Test\coreprogram\01-正向仿真\03-输出文件\runs\run_20260911_102028_de62db01\output\frame_000850_sphere_temperature.dat","2C91E246843712FE0C04077E6C91A0F847CB4BE540D0BD1F81F3942700B86BB6"
"GUI_MFC_Legacy\x64\Release _F03_Test\coreprogram\01-正向仿真\03-输出文件\runs\run_20260911_102028_de62db01\output\frame_000860_geometry.dat","CD735AFD3740527C3AC8CAF3CEBD488B3E2C4AE5E83EFD3873AE3D9370DD4A6E"
"GUI_MFC_Legacy\x64\Release _F03_Test\coreprogram\01-正向仿真\03-输出文件\runs\run_20260911_102028_de62db01\output\frame_000860_sphere_temperature.dat","9A1F4ACAF51583C7BA5CE54435160467FCDEE2C67D94FCC37D7334CC3EDFEF10"
"GUI_MFC_Legacy\x64\Release _F03_Test\coreprogram\01-正向仿真\03-输出文件\runs\run_20260911_102028_de62db01\output\frame_000870_geometry.dat","F5B668C890E7D444D90DC09CF2A1ABE0A900288A87220312C6674CF54BE68582"
"GUI_MFC_Legacy\x64\Release _F03_Test\coreprogram\01-正向仿真\03-输出文件\runs\run_20260911_102028_de62db01\output\frame_000870_sphere_temperature.dat","6410143F0B70F310DB61F770CE6EEE69AD046B71A452F40ECAA467FC505BAB9D"
"GUI_MFC_Legacy\x64\Release _F03_Test\coreprogram\01-正向仿真\03-输出文件\runs\run_20260911_102028_de62db01\output\frame_000880_geometry.dat","4EBCC3F2DE54A109BB226AD5B702480279302D3B05AEE47BA8FAB9A4CA8D6C70"
"GUI_MFC_Legacy\x64\Release _F03_Test\coreprogram\01-正向仿真\03-输出文件\runs\run_20260911_102028_de62db01\output\frame_000880_sphere_temperature.dat","EFB2EC6B590E8AACE5F69CE151C5858CAEAAB3528155577537CECA317A65B208"
"GUI_MFC_Legacy\x64\Release _F03_Test\coreprogram\01-正向仿真\03-输出文件\runs\run_20260911_102028_de62db01\output\frame_000890_geometry.dat","E1227E612FB158DC89945495858A3B046F0DAFAA35B721AD4FD14053AE9E7C8A"
"GUI_MFC_Legacy\x64\Release _F03_Test\coreprogram\01-正向仿真\03-输出文件\runs\run_20260911_102028_de62db01\output\frame_000890_sphere_temperature.dat","5362243343CF0B01875EEF7029CC8AEF4A1B8DEBFBE2CE820CD65A131583A26B"
"GUI_MFC_Legacy\x64\Release _F03_Test\coreprogram\01-正向仿真\03-输出文件\runs\run_20260911_102028_de62db01\output\frame_000900_geometry.dat","E97FC9AA931EC6B3AB6DFDEE97D95017E6C69D6964A3A21ECF25DC356B7F7606"
"GUI_MFC_Legacy\x64\Release _F03_Test\coreprogram\01-正向仿真\03-输出文件\runs\run_20260911_102028_de62db01\output\frame_000900_sphere_temperature.dat","E0FC79FA38BC0DB94B53C5D0B17F517B2C7F82A881A56531597506C7530FAF1F"
"GUI_MFC_Legacy\x64\Release _F03_Test\coreprogram\01-正向仿真\03-输出文件\runs\run_20260911_102028_de62db01\output\frame_000910_geometry.dat","48E93A805F4CF16BBF56F21D31A662DB29F9CA1A56D9251A38F233DD01B16DE0"
"GUI_MFC_Legacy\x64\Release _F03_Test\coreprogram\01-正向仿真\03-输出文件\runs\run_20260911_102028_de62db01\output\frame_000910_sphere_temperature.dat","8F112636552784C849757F3D051B2E47686901BEBDDD400874FE6410E75F8B15"
"GUI_MFC_Legacy\x64\Release _F03_Test\coreprogram\01-正向仿真\03-输出文件\runs\run_20260911_102028_de62db01\output\frame_000920_geometry.dat","63E322D66CD6A369E2F820A9B8067169922CC9C139602E6071851927D9F37D01"
"GUI_MFC_Legacy\x64\Release _F03_Test\coreprogram\01-正向仿真\03-输出文件\runs\run_20260911_102028_de62db01\output\frame_000920_sphere_temperature.dat","C30A30DFB2670F3585ED46194C0AA9E9C5CC37EF2FF64E15CF125B047FC7F30F"
"GUI_MFC_Legacy\x64\Release _F03_Test\coreprogram\01-正向仿真\03-输出文件\runs\run_20260911_102028_de62db01\output\frame_000930_geometry.dat","C54963B16A971C25E10F88892B430CC07672BF98F52D309DCB9F3214613B2420"
"GUI_MFC_Legacy\x64\Release _F03_Test\coreprogram\01-正向仿真\03-输出文件\runs\run_20260911_102028_de62db01\output\frame_000930_sphere_temperature.dat","42F074FB1C62DFB9CBABE73A5FC6CC0E72E8053379D4DB8B7FD64CC59AE16CD9"
"GUI_MFC_Legacy\x64\Release _F03_Test\coreprogram\01-正向仿真\03-输出文件\runs\run_20260911_102028_de62db01\output\frame_000940_geometry.dat","3FB4CD154A8C908C03F0CB2B98D8DA19CE7059C8B52D9A87285BFF7CD277CED3"
"GUI_MFC_Legacy\x64\Release _F03_Test\coreprogram\01-正向仿真\03-输出文件\runs\run_20260911_102028_de62db01\output\frame_000940_sphere_temperature.dat","D696BBE610E34F05CDFDBF4C997C16571BA39BB49D2D5DCCE41702DBF7A20CC5"
"GUI_MFC_Legacy\x64\Release _F03_Test\coreprogram\01-正向仿真\03-输出文件\runs\run_20260911_102028_de62db01\output\frame_000950_geometry.dat","EF832F397EDAD9FC6A32B5C28217ACDEF762C7B563A6B85ABD586E98F49D4791"
"GUI_MFC_Legacy\x64\Release _F03_Test\coreprogram\01-正向仿真\03-输出文件\runs\run_20260911_102028_de62db01\output\frame_000950_sphere_temperature.dat","4FA3E049DFD4C2BC702CE56C041E5A518780E59CF2C9A9A5B1993A6763354F49"
"GUI_MFC_Legacy\x64\Release _F03_Test\coreprogram\01-正向仿真\03-输出文件\runs\run_20260911_102028_de62db01\output\frame_000960_geometry.dat","3574CF46A930D4DD665009ED835B5C02508A2C31BA71615F0B4497941293DFCD"
"GUI_MFC_Legacy\x64\Release _F03_Test\coreprogram\01-正向仿真\03-输出文件\runs\run_20260911_102028_de62db01\output\frame_000960_sphere_temperature.dat","ACDB40A203213E9BA81DF727715F14938DC0D97FB913C80EF1FD5BBADDCF670D"
"GUI_MFC_Legacy\x64\Release _F03_Test\coreprogram\01-正向仿真\03-输出文件\runs\run_20260911_102028_de62db01\output\frame_000970_geometry.dat","26AACC305C6D7F1B77B2047DA266C26CE4804219A4AFE5B2D9137B9B2486BB21"
"GUI_MFC_Legacy\x64\Release _F03_Test\coreprogram\01-正向仿真\03-输出文件\runs\run_20260911_102028_de62db01\output\frame_000970_sphere_temperature.dat","5676A3C7744CF16BDC2466352B50E65300BA96EC2E3A81239F2F90020E32096E"
"GUI_MFC_Legacy\x64\Release _F03_Test\coreprogram\01-正向仿真\03-输出文件\runs\run_20260911_102028_de62db01\output\frame_000980_geometry.dat","E6893C59142557FCC392AA51B29F441174F91CFB0289C8BF54F05423A58C7034"
"GUI_MFC_Legacy\x64\Release _F03_Test\coreprogram\01-正向仿真\03-输出文件\runs\run_20260911_102028_de62db01\output\frame_000980_sphere_temperature.dat","9155B4C748F9254B42439E4F359B5DD14CE85ADB8AD253F7AAF0A45F8B7195F4"
"GUI_MFC_Legacy\x64\Release _F03_Test\coreprogram\01-正向仿真\03-输出文件\runs\run_20260911_102028_de62db01\output\frame_000990_geometry.dat","8AB82B74C14D98F237C47DD2F7D1E2C106237CB18E7BBB92CF14618CCD1185A6"
"GUI_MFC_Legacy\x64\Release _F03_Test\coreprogram\01-正向仿真\03-输出文件\runs\run_20260911_102028_de62db01\output\frame_000990_sphere_temperature.dat","47842D3F194424F09117182E703089A97B3639602F2FEB5918EAEBA4BF88EAEA"
"GUI_MFC_Legacy\x64\Release _F03_Test\coreprogram\01-正向仿真\03-输出文件\runs\run_20260911_102028_de62db01\output\frame_001000_geometry.dat","E494B0D0BABC7F96539B56EB2DED31CA2F00FB7D41BAABE51161E6C624FA9FEA"
"GUI_MFC_Legacy\x64\Release _F03_Test\coreprogram\01-正向仿真\03-输出文件\runs\run_20260911_102028_de62db01\output\frame_001000_sphere_temperature.dat","9B8772BF25D8E77045BC76F15F2B7ABB533780F172BFEAD47D3F9AB1971F9D81"
"GUI_MFC_Legacy\x64\Release _F03_Test\coreprogram\01-正向仿真\03-输出文件\runs\run_20260911_102028_de62db01\output\frame_summary.csv","A91D9FE54FB7A488EC4AD5CCC118E0C5B46E09F9B13A1301C8D835D27666954B"
"GUI_MFC_Legacy\x64\Release _F03_Test\coreprogram\01-正向仿真\03-输出文件\runs\run_20260911_102028_de62db01\output\geometry_history.dat","ADD3B90A4FAC84E4A2D36EDA26FCE955B3F1E7B0AB6517C9BE1A34EDFDA0BA89"
"GUI_MFC_Legacy\x64\Release _F03_Test\coreprogram\01-正向仿真\03-输出文件\runs\run_20260911_102028_de62db01\output\infrared_characteristics.csv","C275AB4B444C1FCC8955657FA49F57655363A1B71253656396A5B67F7C97D277"
"GUI_MFC_Legacy\x64\Release _F03_Test\coreprogram\01-正向仿真\03-输出文件\runs\run_20260911_102028_de62db01\output\input_parameters_summary.txt","E94548417FFA9EA604A7A88BAF8569FC1E5283D23ADEA8D0BE801BA6AA220C0D"
"GUI_MFC_Legacy\x64\Release _F03_Test\coreprogram\01-正向仿真\03-输出文件\runs\run_20260911_102028_de62db01\output\mc_debug.log","97000BF22379BCAC7C0F52D4D136B465C41A404A4C24724B9D9F77FEDFC7F862"
"GUI_MFC_Legacy\x64\Release _F03_Test\coreprogram\01-正向仿真\03-输出文件\runs\run_20260911_102028_de62db01\output\mc_statistics.txt","DE55F6B95EEDAC3101085289CF28A4393F114648961302303D5F52CA865057BB"
"GUI_MFC_Legacy\x64\Release _F03_Test\coreprogram\01-正向仿真\03-输出文件\runs\run_20260911_102028_de62db01\output\runtime_summary.txt","7D262ED6983C3409886045B07CDA02B8BFF4817751506BC3CAB233A17B6B66C3"
"GUI_MFC_Legacy\x64\Release _F03_Test\coreprogram\01-正向仿真\03-输出文件\runs\run_20260911_102028_de62db01\output\screen_history.dat","02ED14B792D369163399C046BEDE8091D6F81CA62F42178AFAB69923015163E4"
"GUI_MFC_Legacy\x64\Release _F03_Test\coreprogram\01-正向仿真\03-输出文件\runs\run_20260911_102028_de62db01\output\similarity_evaluation.csv","7A5A463BA4156693077E9C9374FBCD50F681778C2220BFADC15DB33F5DF9C86A"
"GUI_MFC_Legacy\x64\Release _F03_Test\coreprogram\01-正向仿真\03-输出文件\runs\run_20260911_102028_de62db01\output\sphere_temperature.dat","9B8772BF25D8E77045BC76F15F2B7ABB533780F172BFEAD47D3F9AB1971F9D81"
"GUI_MFC_Legacy\x64\Release _F03_Test\coreprogram\01-正向仿真\03-输出文件\runs\run_20260911_102028_de62db01\output\spot_debug.log","840D8FCCECABAFDA1428C9786A0465B62AA8BBA3FF952F9E8B09A841248F68C6"
"GUI_MFC_Legacy\x64\Release _F03_Test\coreprogram\01-正向仿真\03-输出文件\runs\run_20260911_102028_de62db01\output\spot_image.dat","79D8EB1E2FC057073ADEB4F37D27D6D5E8AA0B5DE0942B009371ED5DC063265B"
"GUI_MFC_Legacy\x64\Release _F03_Test\coreprogram\01-正向仿真\03-输出文件\runs\run_20260911_102028_de62db01\output\spot_point_history.csv","CC523A8900888385ACE086A01730AED2156C5D431DF48A702B5245AFF75FC2B3"
"GUI_MFC_Legacy\x64\Release _F03_Test\coreprogram\01-正向仿真\03-输出文件\runs\run_20260911_102028_de62db01\output\temperature_history.csv","E3B0C44298FC1C149AFBF4C8996FB92427AE41E4649B934CA495991B7852B855"
"GUI_MFC_Legacy\x64\Release _F03_Test\coreprogram\01-正向仿真\03-输出文件\runs\run_20260911_102028_de62db01\output\trajectory_output.csv","76479D2D5F3EAF21D09E02B09562F8CE9067EF0FAAB26EEB2EC2472E486A6871"
"GUI_MFC_Legacy\x64\Release _F03_Test\coreprogram\01-正向仿真\03-输出文件\runs\run_20260911_102028_de62db01\output\verification_report.txt","D58BD55FC672C6B72A0AAF8205E4D54AF328F5C577121AADD81918038A9CE696"
"GUI_MFC_Legacy\x64\Release _F03_Test\coreprogram\01-正向仿真\03-输出文件\runs\run_20260911_102806_e387aee6\input.dat","8CFB6C1259AC2A3C52AFC218D3D3F774DE8E6A1F0B534883107C055B7B9E1369"
"GUI_MFC_Legacy\x64\Release _F03_Test\coreprogram\01-正向仿真\03-输出文件\runs\run_20260911_102806_e387aee6\request.json","DCB42418A1B6A72F7B73769FAF2D978A3455C49BED49BBE6CE084DC676086AC6"
"GUI_MFC_Legacy\x64\Release _F03_Test\coreprogram\01-正向仿真\03-输出文件\runs\run_20260911_102806_e387aee6\output\beta_unbiasedness_report.txt","8205DFAE308820633D009E8898B2FA7B748A665289E6EFBDEB25D077E8EA4902"
"GUI_MFC_Legacy\x64\Release _F03_Test\coreprogram\01-正向仿真\03-输出文件\runs\run_20260911_102806_e387aee6\output\frame_000000_geometry.dat","BE283595E8C1F4DD9D0262D6692EA8EA1C07974830F889786453F285EE408187"
"GUI_MFC_Legacy\x64\Release _F03_Test\coreprogram\01-正向仿真\03-输出文件\runs\run_20260911_102806_e387aee6\output\frame_000000_sphere_temperature.dat","5E2E0BF6AF4763D5F4EB1EDEA40A23722A3E159693EC20376E26C58EC822EB88"
"GUI_MFC_Legacy\x64\Release _F03_Test\coreprogram\01-正向仿真\03-输出文件\runs\run_20260911_102806_e387aee6\output\frame_000000_spot_image.dat","A973DF99E9252DFC63A52A5072E25D4945C20A865126E5BAB0A3264D4E03E39B"
"GUI_MFC_Legacy\x64\Release _F03_Test\coreprogram\01-正向仿真\03-输出文件\runs\run_20260911_102806_e387aee6\output\frame_000010_geometry.dat","095D4CC53E33C5444084910FBBC3D22F7EA3B11269A08FB375297B52730D3D66"
"GUI_MFC_Legacy\x64\Release _F03_Test\coreprogram\01-正向仿真\03-输出文件\runs\run_20260911_102806_e387aee6\output\frame_000010_sphere_temperature.dat","655B1C7343F1D04FA5C90E33F8DADB3C762EA4C8F655B6F135F34CB3B094452D"
"GUI_MFC_Legacy\x64\Release _F03_Test\coreprogram\01-正向仿真\03-输出文件\runs\run_20260911_102806_e387aee6\output\frame_000020_geometry.dat","8D0AEF1725B339DA9C23E994D9D1D89F122036FC970CEE13DAAC149EB1AE84F2"
"GUI_MFC_Legacy\x64\Release _F03_Test\coreprogram\01-正向仿真\03-输出文件\runs\run_20260911_102806_e387aee6\output\frame_000020_sphere_temperature.dat","5F7037515F3E0817C31B1F699A4C1A662E7D12F6E21C9E424212A8DFB0C6B463"
"GUI_MFC_Legacy\x64\Release _F03_Test\coreprogram\01-正向仿真\03-输出文件\runs\run_20260911_102806_e387aee6\output\frame_000030_geometry.dat","1AADA14DC1A8563599636E05BBC04CB0DA64F0B991CD670CF178B9EDBF2F8EE5"
"GUI_MFC_Legacy\x64\Release _F03_Test\coreprogram\01-正向仿真\03-输出文件\runs\run_20260911_102806_e387aee6\output\frame_000030_sphere_temperature.dat","080C63DD43EBE34D64B83BFAE846A12298735C159379208FE77B12D4D8B207FE"
"GUI_MFC_Legacy\x64\Release _F03_Test\coreprogram\01-正向仿真\03-输出文件\runs\run_20260911_102806_e387aee6\output\frame_000040_geometry.dat","54D3FA7B0D97A449B523579220C3A2837E84C917BC442FCD0F77CA0DFC4AEF41"
"GUI_MFC_Legacy\x64\Release _F03_Test\coreprogram\01-正向仿真\03-输出文件\runs\run_20260911_102806_e387aee6\output\frame_000040_sphere_temperature.dat","778E1B8224AC45713804D1070CBFADB37000341621EC53E5CF86C9DF642F6F3F"
"GUI_MFC_Legacy\x64\Release _F03_Test\coreprogram\01-正向仿真\03-输出文件\runs\run_20260911_102806_e387aee6\output\frame_000050_geometry.dat","AE7A81A9AA3522EFE3BA0499584D901F67A34BB20EAF71FA8B7DC46D01D63646"
"GUI_MFC_Legacy\x64\Release _F03_Test\coreprogram\01-正向仿真\03-输出文件\runs\run_20260911_102806_e387aee6\output\frame_000050_sphere_temperature.dat","733FE8C5EAF8906FFB58C8E2E0D63AD96223D0C86C6E51BE1281AB0C4B449D81"
"GUI_MFC_Legacy\x64\Release _F03_Test\coreprogram\01-正向仿真\03-输出文件\runs\run_20260911_102806_e387aee6\output\frame_000060_geometry.dat","F259B0B52AC7EA79709372F03413DF3642B28F86805E3BC962844A61ACF7E43D"
"GUI_MFC_Legacy\x64\Release _F03_Test\coreprogram\01-正向仿真\03-输出文件\runs\run_20260911_102806_e387aee6\output\frame_000060_sphere_temperature.dat","F8C5674AC18160D1D910BFF32F4FD6B9C4C6FA7D124D1456ED970415C881767E"
"GUI_MFC_Legacy\x64\Release _F03_Test\coreprogram\01-正向仿真\03-输出文件\runs\run_20260911_102806_e387aee6\output\frame_000070_geometry.dat","5C06ED7638C0EB967EDE3A8917828C183E908287533CC50656F26847B93C4D5C"
"GUI_MFC_Legacy\x64\Release _F03_Test\coreprogram\01-正向仿真\03-输出文件\runs\run_20260911_102806_e387aee6\output\frame_000070_sphere_temperature.dat","80D5ACB50CB5E571B109BF6C85709554DF834CEEE2425479887E099FC9AB887E"
"GUI_MFC_Legacy\x64\Release _F03_Test\coreprogram\01-正向仿真\03-输出文件\runs\run_20260911_102806_e387aee6\output\frame_000080_geometry.dat","CD712987218C4A31590DAA68F4C1E1B5D1F60A03FFCAA92FF8585C80EB97F177"
"GUI_MFC_Legacy\x64\Release _F03_Test\coreprogram\01-正向仿真\03-输出文件\runs\run_20260911_102806_e387aee6\output\frame_000080_sphere_temperature.dat","D65E29C37531A3ADA509BB1B2465ABB8FAAAE303E8F76955B0BF4C0B88C608BC"
"GUI_MFC_Legacy\x64\Release _F03_Test\coreprogram\01-正向仿真\03-输出文件\runs\run_20260911_102806_e387aee6\output\frame_000090_geometry.dat","2170CE99DDAA24E70BC9C79328A4D68B7F019D3E6A859C436C502BCB50C9E9D5"
"GUI_MFC_Legacy\x64\Release _F03_Test\coreprogram\01-正向仿真\03-输出文件\runs\run_20260911_102806_e387aee6\output\frame_000090_sphere_temperature.dat","6C11F7878FA49B8B6365EEA723083E3C3E73367D5B2FC58531D693008CA5BBD2"
"GUI_MFC_Legacy\x64\Release _F03_Test\coreprogram\01-正向仿真\03-输出文件\runs\run_20260911_102806_e387aee6\output\frame_000100_geometry.dat","E861770579D59C5DEBD47BB6E0BE4D3D1F94E447CD881AFC202178198CA160C7"
"GUI_MFC_Legacy\x64\Release _F03_Test\coreprogram\01-正向仿真\03-输出文件\runs\run_20260911_102806_e387aee6\output\frame_000100_sphere_temperature.dat","426495D635E10C136EF7E6862EF11C886D3059D5265757529140BB2F733DAF8E"
"GUI_MFC_Legacy\x64\Release _F03_Test\coreprogram\01-正向仿真\03-输出文件\runs\run_20260911_102806_e387aee6\output\frame_000100_spot_image.dat","9BC76DE02CA3A055ECB402E54E38601F7B202E42FA8999C1F48EC49D65F0C7C0"
"GUI_MFC_Legacy\x64\Release _F03_Test\coreprogram\01-正向仿真\03-输出文件\runs\run_20260911_102806_e387aee6\output\frame_000110_geometry.dat","E12F81E1151974682F1E4379CEC222DEFFF2D6B5E97FC45C1D5BF4FA42F95AFC"
"GUI_MFC_Legacy\x64\Release _F03_Test\coreprogram\01-正向仿真\03-输出文件\runs\run_20260911_102806_e387aee6\output\frame_000110_sphere_temperature.dat","046C2A1AF9D46CC9D7FF0D5DAD23CA16EE5710823E9F2715E6375EFE8E942DAD"
"GUI_MFC_Legacy\x64\Release _F03_Test\coreprogram\01-正向仿真\03-输出文件\runs\run_20260911_102806_e387aee6\output\frame_000120_geometry.dat","31A2D0153CB7516B8AA2BA69F6E55DAE78FE1CDDB5BDED4DF349DE3C24DC1725"
"GUI_MFC_Legacy\x64\Release _F03_Test\coreprogram\01-正向仿真\03-输出文件\runs\run_20260911_102806_e387aee6\output\frame_000120_sphere_temperature.dat","28BFAB550E0C3EC0F52D76940657965EC25E733CB3F00356CB7A708CB892DD6A"
"GUI_MFC_Legacy\x64\Release _F03_Test\coreprogram\01-正向仿真\03-输出文件\runs\run_20260911_102806_e387aee6\output\frame_000130_geometry.dat","09C32FFA39B9D5E968844291702213D7E61BFF417556E170CF2C2A0AF030831C"
"GUI_MFC_Legacy\x64\Release _F03_Test\coreprogram\01-正向仿真\03-输出文件\runs\run_20260911_102806_e387aee6\output\frame_000130_sphere_temperature.dat","9219D8673969DC2A3564E07B1EF0383AA2262106BAFA5B7C278A1AD67725FFFB"
"GUI_MFC_Legacy\x64\Release _F03_Test\coreprogram\01-正向仿真\03-输出文件\runs\run_20260911_102806_e387aee6\output\frame_000140_geometry.dat","3952E8ED4CB2535F79077FF9486B313383263AA21A6E29A0D445D90AB1F50522"
"GUI_MFC_Legacy\x64\Release _F03_Test\coreprogram\01-正向仿真\03-输出文件\runs\run_20260911_102806_e387aee6\output\frame_000140_sphere_temperature.dat","1DE945A4788A762957ABF0FD3F33DD76D3758E74A6C383E95CEE954C2BCE0E80"
"GUI_MFC_Legacy\x64\Release _F03_Test\coreprogram\01-正向仿真\03-输出文件\runs\run_20260911_102806_e387aee6\output\frame_000150_geometry.dat","8C9C7A68045574DDDD604F9297C0797EB61595BC811FF8E9F46162146793722A"
"GUI_MFC_Legacy\x64\Release _F03_Test\coreprogram\01-正向仿真\03-输出文件\runs\run_20260911_102806_e387aee6\output\frame_000150_sphere_temperature.dat","9A1BBE3A523BA0518A1E63D9611AF7E90C1AFBCCD483A0E40A58422F031CADBC"
"GUI_MFC_Legacy\x64\Release _F03_Test\coreprogram\01-正向仿真\03-输出文件\runs\run_20260911_102806_e387aee6\output\frame_000160_geometry.dat","E4E6DEFC42D1F8B1CB49F32F6854836AF2533C43F83FDD98B0AAEFDFB3B52BA8"
"GUI_MFC_Legacy\x64\Release _F03_Test\coreprogram\01-正向仿真\03-输出文件\runs\run_20260911_102806_e387aee6\output\frame_000160_sphere_temperature.dat","1E08B823D0F04D5FD49D1B0D85A52349A1F73B455811C6FCC9A099D82C78FB95"
"GUI_MFC_Legacy\x64\Release _F03_Test\coreprogram\01-正向仿真\03-输出文件\runs\run_20260911_102806_e387aee6\output\frame_000170_geometry.dat","5B0CD1A032F4983310C4B405E9EA3FD29E3E4F233E0EF5E72D39DBCA8FE1DE01"
"GUI_MFC_Legacy\x64\Release _F03_Test\coreprogram\01-正向仿真\03-输出文件\runs\run_20260911_102806_e387aee6\output\frame_000170_sphere_temperature.dat","67F29D5B3CB1F3B306FCA36E95BEA40F193793FD958FAA109B3A66CD3876E94E"
"GUI_MFC_Legacy\x64\Release _F03_Test\coreprogram\01-正向仿真\03-输出文件\runs\run_20260911_102806_e387aee6\output\frame_000180_geometry.dat","B4F824D7BD4209EEB0941BCC2224BFBC64DCF8F1577D44DA1983A6662CB08947"
"GUI_MFC_Legacy\x64\Release _F03_Test\coreprogram\01-正向仿真\03-输出文件\runs\run_20260911_102806_e387aee6\output\frame_000180_sphere_temperature.dat","C86EF29A5BAAF28BAD5F64314053E1DCC54E397ECB172ED3E26E09D20DCAE553"
"GUI_MFC_Legacy\x64\Release _F03_Test\coreprogram\01-正向仿真\03-输出文件\runs\run_20260911_102806_e387aee6\output\frame_summary.csv","378DC7CD168B800D32613F188C3C629BEEFC06E7877088CBBA585C8022252D8B"
"GUI_MFC_Legacy\x64\Release _F03_Test\coreprogram\01-正向仿真\03-输出文件\runs\run_20260911_102806_e387aee6\output\geometry_history.dat","A5A18EB6AABBDDF7154D377EBC64E1F722C2817661DA81D6712DD3CA8E672A9C"
"GUI_MFC_Legacy\x64\Release _F03_Test\coreprogram\01-正向仿真\03-输出文件\runs\run_20260911_102806_e387aee6\output\infrared_characteristics.csv","0C92254DEC712B282B841F13FA027327D49878163652246092A71A0B9EE70EE0"
"GUI_MFC_Legacy\x64\Release _F03_Test\coreprogram\01-正向仿真\03-输出文件\runs\run_20260911_102806_e387aee6\output\input_parameters_summary.txt","4AA1AA523B1161F3966EF869A9A9F7D7EEA0BB4FF1CED886A3E63E4F72F16FAE"
"GUI_MFC_Legacy\x64\Release _F03_Test\coreprogram\01-正向仿真\03-输出文件\runs\run_20260911_102806_e387aee6\output\mc_debug.log","095020F046C63F13D98564740FD66EEB220E46F154EEEED7E1D8EB8B5351AA59"
"GUI_MFC_Legacy\x64\Release _F03_Test\coreprogram\01-正向仿真\03-输出文件\runs\run_20260911_102806_e387aee6\output\mc_statistics.txt","543D62191C91412C2DD42061F79417A9D0EB5CE39378A264A101B41F432F7939"
"GUI_MFC_Legacy\x64\Release _F03_Test\coreprogram\01-正向仿真\03-输出文件\runs\run_20260911_102806_e387aee6\output\runtime_summary.txt","CD2D4D825BD55F89CEFC7F47A98C352C1E3D171F45164E44E53FF2E18C2B4126"
"GUI_MFC_Legacy\x64\Release _F03_Test\coreprogram\01-正向仿真\03-输出文件\runs\run_20260911_102806_e387aee6\output\screen_history.dat","2FDB472DACB96209303CE121FA818C33280A78973FC8EA3A8A12900088BCC537"
"GUI_MFC_Legacy\x64\Release _F03_Test\coreprogram\01-正向仿真\03-输出文件\runs\run_20260911_102806_e387aee6\output\similarity_evaluation.csv","C74E00C84558C23AE4B5824C8AED87D9AC8ED84CB9CD52BCF605B13C4391AADA"
"GUI_MFC_Legacy\x64\Release _F03_Test\coreprogram\01-正向仿真\03-输出文件\runs\run_20260911_102806_e387aee6\output\sphere_temperature.dat","C86EF29A5BAAF28BAD5F64314053E1DCC54E397ECB172ED3E26E09D20DCAE553"
"GUI_MFC_Legacy\x64\Release _F03_Test\coreprogram\01-正向仿真\03-输出文件\runs\run_20260911_102806_e387aee6\output\spot_debug.log","221370FEE99B874C5BB6296A1FBB1F3B26DF78AECDBDD39C3B6647FA8DDC9962"
"GUI_MFC_Legacy\x64\Release _F03_Test\coreprogram\01-正向仿真\03-输出文件\runs\run_20260911_102806_e387aee6\output\spot_image.dat","80A491F79B0A53AA9DA5DA2414A379E9D9207BBE9F6FAE9D3A1A5EDDC2DD6BA2"
"GUI_MFC_Legacy\x64\Release _F03_Test\coreprogram\01-正向仿真\03-输出文件\runs\run_20260911_102806_e387aee6\output\spot_point_history.csv","394382A57E1BF9212F76216B6E7119FAF906610E0F18D05EC148FA8966505424"
"GUI_MFC_Legacy\x64\Release _F03_Test\coreprogram\01-正向仿真\03-输出文件\runs\run_20260911_102806_e387aee6\output\temperature_history.csv","E3B0C44298FC1C149AFBF4C8996FB92427AE41E4649B934CA495991B7852B855"
"GUI_MFC_Legacy\x64\Release _F03_Test\coreprogram\01-正向仿真\03-输出文件\runs\run_20260911_102806_e387aee6\output\trajectory_output.csv","596003D7A188A2003CE4B62AD6E4A6BC15967F295CDE2710B344A94B420B1B58"
"GUI_MFC_Legacy\x64\Release _F03_Test\coreprogram\01-正向仿真\03-输出文件\runs\run_20260911_102806_e387aee6\output\verification_report.txt","6D4FAF38F1061AE83DC61277412DBB1E1C417624FDCBEA01D2C467EE0D10DC3D"
"GUI_MFC_Legacy\x64\Release _F03_Test\coreprogram\01-正向仿真\03-输出文件\runs\run_20260911_105227_c7defb21\input.dat","8CFB6C1259AC2A3C52AFC218D3D3F774DE8E6A1F0B534883107C055B7B9E1369"
"GUI_MFC_Legacy\x64\Release _F03_Test\coreprogram\01-正向仿真\03-输出文件\runs\run_20260911_105227_c7defb21\request.json","DCB42418A1B6A72F7B73769FAF2D978A3455C49BED49BBE6CE084DC676086AC6"
"GUI_MFC_Legacy\x64\Release _F03_Test\coreprogram\01-正向仿真\03-输出文件\runs\run_20260911_105227_c7defb21\stdout.txt","E3B0C44298FC1C149AFBF4C8996FB92427AE41E4649B934CA495991B7852B855"
"GUI_MFC_Legacy\x64\Release _F03_Test\coreprogram\01-正向仿真\03-输出文件\runs\run_20260911_105227_c7defb21\output\beta_unbiasedness_report.txt","5A8B121136D4006E4EDEE14DF9E38A4BE412FEBEF2861D3EAD21C8F252A8E784"
"GUI_MFC_Legacy\x64\Release _F03_Test\coreprogram\01-正向仿真\03-输出文件\runs\run_20260911_105227_c7defb21\output\frame_000000_geometry.dat","BE283595E8C1F4DD9D0262D6692EA8EA1C07974830F889786453F285EE408187"
"GUI_MFC_Legacy\x64\Release _F03_Test\coreprogram\01-正向仿真\03-输出文件\runs\run_20260911_105227_c7defb21\output\frame_000000_sphere_temperature.dat","5E2E0BF6AF4763D5F4EB1EDEA40A23722A3E159693EC20376E26C58EC822EB88"
"GUI_MFC_Legacy\x64\Release _F03_Test\coreprogram\01-正向仿真\03-输出文件\runs\run_20260911_105227_c7defb21\output\frame_000000_spot_image.dat","A973DF99E9252DFC63A52A5072E25D4945C20A865126E5BAB0A3264D4E03E39B"
"GUI_MFC_Legacy\x64\Release _F03_Test\coreprogram\01-正向仿真\03-输出文件\runs\run_20260911_105227_c7defb21\output\frame_summary.csv","B1BB9D672C61AF5B1AAAC362F22FE42E75B8F0CA680D582AB77DA0496BBE1C3B"
"GUI_MFC_Legacy\x64\Release _F03_Test\coreprogram\01-正向仿真\03-输出文件\runs\run_20260911_105227_c7defb21\output\geometry_history.dat","82DB46B924286F6430A8DC8414F82F5A70AD652811AF3239732F0F272D6E1147"
"GUI_MFC_Legacy\x64\Release _F03_Test\coreprogram\01-正向仿真\03-输出文件\runs\run_20260911_105227_c7defb21\output\infrared_characteristics.csv","B849187EF8334C8CB389611BE7E5D02A639A1447E8FB0CEC0DABEFCE244875C7"
"GUI_MFC_Legacy\x64\Release _F03_Test\coreprogram\01-正向仿真\03-输出文件\runs\run_20260911_105227_c7defb21\output\input_parameters_summary.txt","A67E62F921105B776F1E62C2D7F31FB967E958741191D440C347804596AF3EBD"
"GUI_MFC_Legacy\x64\Release _F03_Test\coreprogram\01-正向仿真\03-输出文件\runs\run_20260911_105227_c7defb21\output\mc_debug.log","564FC90EA17B559458E714196A68D6540DAA98315F3060CFBDABD058782E31D8"
"GUI_MFC_Legacy\x64\Release _F03_Test\coreprogram\01-正向仿真\03-输出文件\runs\run_20260911_105227_c7defb21\output\mc_statistics.txt","2BD44ADA911F1E9090B02CA410E249BDAA4F70380789499C5752CBA923BAEE6D"
"GUI_MFC_Legacy\x64\Release _F03_Test\coreprogram\01-正向仿真\03-输出文件\runs\run_20260911_105227_c7defb21\output\runtime_summary.txt","6E93D712233709A6B17CB770CB8AF530C43B8763EC81FEEAD402096A9F4AB6CA"
"GUI_MFC_Legacy\x64\Release _F03_Test\coreprogram\01-正向仿真\03-输出文件\runs\run_20260911_105227_c7defb21\output\screen_history.dat","5A7EC9BA5C70D76566B4F271D826ACEA2B03D59041E9C75FB9CA4044865278C3"
"GUI_MFC_Legacy\x64\Release _F03_Test\coreprogram\01-正向仿真\03-输出文件\runs\run_20260911_105227_c7defb21\output\similarity_evaluation.csv","62FCB952141AE2D78E6502707D1DB4529081D595ADDC9F721BAC89C4007D9B86"
"GUI_MFC_Legacy\x64\Release _F03_Test\coreprogram\01-正向仿真\03-输出文件\runs\run_20260911_105227_c7defb21\output\sphere_temperature.dat","5E2E0BF6AF4763D5F4EB1EDEA40A23722A3E159693EC20376E26C58EC822EB88"
"GUI_MFC_Legacy\x64\Release _F03_Test\coreprogram\01-正向仿真\03-输出文件\runs\run_20260911_105227_c7defb21\output\spot_debug.log","55019A0C234C6B0E62FF69F708E9AF195F421060E7D6123EA715E3FDBC12FF7D"
"GUI_MFC_Legacy\x64\Release _F03_Test\coreprogram\01-正向仿真\03-输出文件\runs\run_20260911_105227_c7defb21\output\spot_image.dat","A973DF99E9252DFC63A52A5072E25D4945C20A865126E5BAB0A3264D4E03E39B"
"GUI_MFC_Legacy\x64\Release _F03_Test\coreprogram\01-正向仿真\03-输出文件\runs\run_20260911_105227_c7defb21\output\spot_point_history.csv","4E819622EE84B0B74C4EF90FBE9B89A1CFA339C5527D491663ACCFE30588BCC8"
"GUI_MFC_Legacy\x64\Release _F03_Test\coreprogram\01-正向仿真\03-输出文件\runs\run_20260911_105227_c7defb21\output\temperature_history.csv","E3B0C44298FC1C149AFBF4C8996FB92427AE41E4649B934CA495991B7852B855"
"GUI_MFC_Legacy\x64\Release _F03_Test\coreprogram\01-正向仿真\03-输出文件\runs\run_20260911_105227_c7defb21\output\trajectory_output.csv","B80607BA727BC55F521504F85B857A8742EBB19D4B2E65E62372E57401028098"
"GUI_MFC_Legacy\x64\Release _F03_Test\coreprogram\01-正向仿真\03-输出文件\runs\run_20260911_105227_c7defb21\output\verification_report.txt","3EFA4E4727536F15A2328C0188B6643E6E3092AE64E6D1BB4D1DD1A528AE2861"
"GUI_MFC_Legacy\x64\Release _F03_Test\coreprogram\01-正向仿真\03-输出文件\runs\run_20260911_105940_f98cfb78\input.dat","8CFB6C1259AC2A3C52AFC218D3D3F774DE8E6A1F0B534883107C055B7B9E1369"
"GUI_MFC_Legacy\x64\Release _F03_Test\coreprogram\01-正向仿真\03-输出文件\runs\run_20260911_105940_f98cfb78\request.json","DCB42418A1B6A72F7B73769FAF2D978A3455C49BED49BBE6CE084DC676086AC6"
"GUI_MFC_Legacy\x64\Release _F03_Test\coreprogram\01-正向仿真\03-输出文件\runs\run_20260911_105940_f98cfb78\output\beta_unbiasedness_report.txt","1505C2524989A6740B25C0DAD385177747707B77972CEAA0CC51A6F630F608F0"
"GUI_MFC_Legacy\x64\Release _F03_Test\coreprogram\01-正向仿真\03-输出文件\runs\run_20260911_105940_f98cfb78\output\frame_000000_geometry.dat","BE283595E8C1F4DD9D0262D6692EA8EA1C07974830F889786453F285EE408187"
"GUI_MFC_Legacy\x64\Release _F03_Test\coreprogram\01-正向仿真\03-输出文件\runs\run_20260911_105940_f98cfb78\output\frame_000000_sphere_temperature.dat","5E2E0BF6AF4763D5F4EB1EDEA40A23722A3E159693EC20376E26C58EC822EB88"
"GUI_MFC_Legacy\x64\Release _F03_Test\coreprogram\01-正向仿真\03-输出文件\runs\run_20260911_105940_f98cfb78\output\frame_000000_spot_image.dat","A973DF99E9252DFC63A52A5072E25D4945C20A865126E5BAB0A3264D4E03E39B"
"GUI_MFC_Legacy\x64\Release _F03_Test\coreprogram\01-正向仿真\03-输出文件\runs\run_20260911_105940_f98cfb78\output\frame_000010_geometry.dat","095D4CC53E33C5444084910FBBC3D22F7EA3B11269A08FB375297B52730D3D66"
"GUI_MFC_Legacy\x64\Release _F03_Test\coreprogram\01-正向仿真\03-输出文件\runs\run_20260911_105940_f98cfb78\output\frame_000010_sphere_temperature.dat","655B1C7343F1D04FA5C90E33F8DADB3C762EA4C8F655B6F135F34CB3B094452D"
"GUI_MFC_Legacy\x64\Release _F03_Test\coreprogram\01-正向仿真\03-输出文件\runs\run_20260911_105940_f98cfb78\output\frame_summary.csv","49D716C3F6ED714D65DF4BF5E42F8985349EB341F3EC5C4891598C30E116F788"
"GUI_MFC_Legacy\x64\Release _F03_Test\coreprogram\01-正向仿真\03-输出文件\runs\run_20260911_105940_f98cfb78\output\geometry_history.dat","0B32AAC1486EF42428BEF5C0AC7EA4E1190B57C02A1E9BBF3B384576B9ECE1AD"
"GUI_MFC_Legacy\x64\Release _F03_Test\coreprogram\01-正向仿真\03-输出文件\runs\run_20260911_105940_f98cfb78\output\infrared_characteristics.csv","04D6BEC84092388E367696D72DDDC22A5A67C55CDED15806C976809FAE64A0A4"
"GUI_MFC_Legacy\x64\Release _F03_Test\coreprogram\01-正向仿真\03-输出文件\runs\run_20260911_105940_f98cfb78\output\input_parameters_summary.txt","4E555A1873C8B13AEF281515BBDC86A99CDF865545E54DC9199DE01823020871"
"GUI_MFC_Legacy\x64\Release _F03_Test\coreprogram\01-正向仿真\03-输出文件\runs\run_20260911_105940_f98cfb78\output\mc_debug.log","63247D19AEB677C0863DBFA8A1A1B20349517B3F507137766F9DF95990C4F648"
"GUI_MFC_Legacy\x64\Release _F03_Test\coreprogram\01-正向仿真\03-输出文件\runs\run_20260911_105940_f98cfb78\output\mc_statistics.txt","9D740FE205A2752B46651F8EC109AD88C9187627818D0526E45C759C49DEA33E"
"GUI_MFC_Legacy\x64\Release _F03_Test\coreprogram\01-正向仿真\03-输出文件\runs\run_20260911_105940_f98cfb78\output\runtime_summary.txt","3BE7B7587387848D17C8F1F71C8C3B2A5684D3F840A02E82A9B128BF919F1F75"
"GUI_MFC_Legacy\x64\Release _F03_Test\coreprogram\01-正向仿真\03-输出文件\runs\run_20260911_105940_f98cfb78\output\screen_history.dat","F2C8F3EE1B353FB7D941677DD1C41F3413A62F4443CF6FC8293202AF37C77DCE"
"GUI_MFC_Legacy\x64\Release _F03_Test\coreprogram\01-正向仿真\03-输出文件\runs\run_20260911_105940_f98cfb78\output\similarity_evaluation.csv","18BDC55595723931DB1D4A7115569C2087B82AD3A338BE1A8A1BEF00A7C252D9"
"GUI_MFC_Legacy\x64\Release _F03_Test\coreprogram\01-正向仿真\03-输出文件\runs\run_20260911_105940_f98cfb78\output\sphere_temperature.dat","655B1C7343F1D04FA5C90E33F8DADB3C762EA4C8F655B6F135F34CB3B094452D"
"GUI_MFC_Legacy\x64\Release _F03_Test\coreprogram\01-正向仿真\03-输出文件\runs\run_20260911_105940_f98cfb78\output\spot_debug.log","84A6BB2602E62FB69ACF76A3AF013A7FC6D6E2D20BDDA7B30AE6775D90159A5D"
"GUI_MFC_Legacy\x64\Release _F03_Test\coreprogram\01-正向仿真\03-输出文件\runs\run_20260911_105940_f98cfb78\output\spot_image.dat","377475E3A98B86C5D41DBD7DD7C839FFDCF2137FC20E8BCB133D3E28BA40D627"
"GUI_MFC_Legacy\x64\Release _F03_Test\coreprogram\01-正向仿真\03-输出文件\runs\run_20260911_105940_f98cfb78\output\spot_point_history.csv","21D5D6ECFCE08B826336A3AD983EEB3DC25DEDC3AFD00A365DB5080F9C415D35"
"GUI_MFC_Legacy\x64\Release _F03_Test\coreprogram\01-正向仿真\03-输出文件\runs\run_20260911_105940_f98cfb78\output\temperature_history.csv","E3B0C44298FC1C149AFBF4C8996FB92427AE41E4649B934CA495991B7852B855"
"GUI_MFC_Legacy\x64\Release _F03_Test\coreprogram\01-正向仿真\03-输出文件\runs\run_20260911_105940_f98cfb78\output\trajectory_output.csv","A942097A75A1D2BCD4F3D71D3D139806D838C07C8CCCA93D1173570F2E988484"
"GUI_MFC_Legacy\x64\Release _F03_Test\coreprogram\01-正向仿真\03-输出文件\runs\run_20260911_105940_f98cfb78\output\verification_report.txt","882FB39A80BA8C7C93848544391CF1FF3949258E18C2DFE3894D750452926CE4"
"GUI_MFC_Legacy\x64\Release _F03_Test\coreprogram\01-正向仿真\03-输出文件\runs\run_20260911_111106_d29de561\input.dat","C67959344B71135CAF3E895D2B1BFB75CBF9F637F87EF1DA122CF89DDDBA2A5F"
"GUI_MFC_Legacy\x64\Release _F03_Test\coreprogram\01-正向仿真\03-输出文件\runs\run_20260911_111106_d29de561\request.json","DF0AA25D0B3644784C0049B30C8AFF318FE02EC4A62D35785237DAAECDBA2CC9"
"GUI_MFC_Legacy\x64\Release _F03_Test\coreprogram\01-正向仿真\03-输出文件\runs\run_20260911_111106_d29de561\output\beta_unbiasedness_report.txt","1505C2524989A6740B25C0DAD385177747707B77972CEAA0CC51A6F630F608F0"
"GUI_MFC_Legacy\x64\Release _F03_Test\coreprogram\01-正向仿真\03-输出文件\runs\run_20260911_111106_d29de561\output\frame_000000_geometry.dat","BE283595E8C1F4DD9D0262D6692EA8EA1C07974830F889786453F285EE408187"
"GUI_MFC_Legacy\x64\Release _F03_Test\coreprogram\01-正向仿真\03-输出文件\runs\run_20260911_111106_d29de561\output\frame_000000_sphere_temperature.dat","63F4C2DE6D8B72628F8506A34B95D197F1736C594844DD24B3808D6683F1635A"
"GUI_MFC_Legacy\x64\Release _F03_Test\coreprogram\01-正向仿真\03-输出文件\runs\run_20260911_111106_d29de561\output\frame_000000_spot_image.dat","5486294F61D308E4B6C1AC03F8A5E9F74DA301B28992C9EC47E37067FF0B2C06"
"GUI_MFC_Legacy\x64\Release _F03_Test\coreprogram\01-正向仿真\03-输出文件\runs\run_20260911_111106_d29de561\output\frame_000010_geometry.dat","095D4CC53E33C5444084910FBBC3D22F7EA3B11269A08FB375297B52730D3D66"
"GUI_MFC_Legacy\x64\Release _F03_Test\coreprogram\01-正向仿真\03-输出文件\runs\run_20260911_111106_d29de561\output\frame_000010_sphere_temperature.dat","1BA6354EE4D20F0FF1A45FF95A56A23A049F3CE958159956CD18279C105A0AF3"
"GUI_MFC_Legacy\x64\Release _F03_Test\coreprogram\01-正向仿真\03-输出文件\runs\run_20260911_111106_d29de561\output\frame_summary.csv","FB722321108C62D18CA98AD4F52589DA98275BFB07CFA6E8C022A4C05363F1C9"
"GUI_MFC_Legacy\x64\Release _F03_Test\coreprogram\01-正向仿真\03-输出文件\runs\run_20260911_111106_d29de561\output\geometry_history.dat","0B32AAC1486EF42428BEF5C0AC7EA4E1190B57C02A1E9BBF3B384576B9ECE1AD"
"GUI_MFC_Legacy\x64\Release _F03_Test\coreprogram\01-正向仿真\03-输出文件\runs\run_20260911_111106_d29de561\output\infrared_characteristics.csv","269BC150E3D94C10631FB874EEA03943D88BF9A2725D84417EE5E059EBDCF2B7"
"GUI_MFC_Legacy\x64\Release _F03_Test\coreprogram\01-正向仿真\03-输出文件\runs\run_20260911_111106_d29de561\output\input_parameters_summary.txt","2ECB5C8D60FBE8FA154E8ED491F3033EA2A8E454F01F581880B5F645DFF8E068"
"GUI_MFC_Legacy\x64\Release _F03_Test\coreprogram\01-正向仿真\03-输出文件\runs\run_20260911_111106_d29de561\output\mc_debug.log","0613BCE870DD9D913CC81E2085CE4A696EBDF47A0AEED7831F396988E1708A05"
"GUI_MFC_Legacy\x64\Release _F03_Test\coreprogram\01-正向仿真\03-输出文件\runs\run_20260911_111106_d29de561\output\mc_statistics.txt","4A9E554DD76E0020AB6CB153CD9B08796E5088A0716930FA1D808D55F9F48D53"
"GUI_MFC_Legacy\x64\Release _F03_Test\coreprogram\01-正向仿真\03-输出文件\runs\run_20260911_111106_d29de561\output\runtime_summary.txt","AA1B50E25268AF94F568A8D8AB3DA28D3991414583A85C86B89BEDDB6A6DD724"
"GUI_MFC_Legacy\x64\Release _F03_Test\coreprogram\01-正向仿真\03-输出文件\runs\run_20260911_111106_d29de561\output\screen_history.dat","0161BC3B1FE57A725DCA7E4926C1CBE4FFCE029AAB01811C02E1B85B3B889E54"
"GUI_MFC_Legacy\x64\Release _F03_Test\coreprogram\01-正向仿真\03-输出文件\runs\run_20260911_111106_d29de561\output\similarity_evaluation.csv","A532619CA3534FC01BD6A1B50EB4BE584127F911EAAF090C3FEBFD704BCCC79D"
"GUI_MFC_Legacy\x64\Release _F03_Test\coreprogram\01-正向仿真\03-输出文件\runs\run_20260911_111106_d29de561\output\sphere_temperature.dat","1BA6354EE4D20F0FF1A45FF95A56A23A049F3CE958159956CD18279C105A0AF3"
"GUI_MFC_Legacy\x64\Release _F03_Test\coreprogram\01-正向仿真\03-输出文件\runs\run_20260911_111106_d29de561\output\spot_debug.log","1F34D721A2ADCA572DE207E5C7CF251972A198E471F607FEC6C42B9DA01FD317"
"GUI_MFC_Legacy\x64\Release _F03_Test\coreprogram\01-正向仿真\03-输出文件\runs\run_20260911_111106_d29de561\output\spot_image.dat","201FDDF6C3B9614E22CA9F1E53E80FE5E78FB3F366A0190497A882ABBC1CF4AE"
"GUI_MFC_Legacy\x64\Release _F03_Test\coreprogram\01-正向仿真\03-输出文件\runs\run_20260911_111106_d29de561\output\spot_point_history.csv","D67F465106B29643705EDB42F367093B4204A80A2B7A2AC6C209A9D43364417A"
"GUI_MFC_Legacy\x64\Release _F03_Test\coreprogram\01-正向仿真\03-输出文件\runs\run_20260911_111106_d29de561\output\temperature_history.csv","E3B0C44298FC1C149AFBF4C8996FB92427AE41E4649B934CA495991B7852B855"
"GUI_MFC_Legacy\x64\Release _F03_Test\coreprogram\01-正向仿真\03-输出文件\runs\run_20260911_111106_d29de561\output\trajectory_output.csv","A942097A75A1D2BCD4F3D71D3D139806D838C07C8CCCA93D1173570F2E988484"
"GUI_MFC_Legacy\x64\Release _F03_Test\coreprogram\01-正向仿真\03-输出文件\runs\run_20260911_111106_d29de561\output\verification_report.txt","FE9843D7218AEEAB161A038C9ABFFD48F18BDD0DDE3B1DBEA351D287C1923D37"
"GUI_MFC_Legacy\x64\Release _F03_Test\coreprogram\01-正向仿真\03-输出文件\runs\run_20260911_111227_7c676e41\input.dat","D6D203A20467CAA8D39FF093508C3EDED655DDFD8457B3FB4A6DFE230EFFD988"
"GUI_MFC_Legacy\x64\Release _F03_Test\coreprogram\01-正向仿真\03-输出文件\runs\run_20260911_111227_7c676e41\request.json","80E1BE329C1429F65AC2D8913A5BE1AFAD05E7949142859BDC0D668233B7B382"
"GUI_MFC_Legacy\x64\Release _F03_Test\coreprogram\01-正向仿真\03-输出文件\runs\run_20260911_111227_7c676e41\output\beta_unbiasedness_report.txt","C511BF37FE8003302E0CD12F9B442DEC3C06E99DDD6667334184F8BA11BE6569"
"GUI_MFC_Legacy\x64\Release _F03_Test\coreprogram\01-正向仿真\03-输出文件\runs\run_20260911_111227_7c676e41\output\frame_000000_geometry.dat","BE283595E8C1F4DD9D0262D6692EA8EA1C07974830F889786453F285EE408187"
"GUI_MFC_Legacy\x64\Release _F03_Test\coreprogram\01-正向仿真\03-输出文件\runs\run_20260911_111227_7c676e41\output\frame_000000_sphere_temperature.dat","2164B83833CCE5E93C37A9C2084075E55633D3EA270F7C29B12B78603843AD97"
"GUI_MFC_Legacy\x64\Release _F03_Test\coreprogram\01-正向仿真\03-输出文件\runs\run_20260911_111227_7c676e41\output\frame_000000_spot_image.dat","3D48270ED0E32ACC0D74E506E8D10FC873F8165AA5EF94A3AD8E8859205D23D7"
"GUI_MFC_Legacy\x64\Release _F03_Test\coreprogram\01-正向仿真\03-输出文件\runs\run_20260911_111227_7c676e41\output\frame_000010_geometry.dat","095D4CC53E33C5444084910FBBC3D22F7EA3B11269A08FB375297B52730D3D66"
"GUI_MFC_Legacy\x64\Release _F03_Test\coreprogram\01-正向仿真\03-输出文件\runs\run_20260911_111227_7c676e41\output\frame_000010_sphere_temperature.dat","38C87F74FB14039E827B7328A31F18D8290CC5BE4CFDCE7946938A2BE54CAC8A"
"GUI_MFC_Legacy\x64\Release _F03_Test\coreprogram\01-正向仿真\03-输出文件\runs\run_20260911_111227_7c676e41\output\frame_000020_geometry.dat","8D0AEF1725B339DA9C23E994D9D1D89F122036FC970CEE13DAAC149EB1AE84F2"
"GUI_MFC_Legacy\x64\Release _F03_Test\coreprogram\01-正向仿真\03-输出文件\runs\run_20260911_111227_7c676e41\output\frame_000020_sphere_temperature.dat","7B95D1F77D1DE087D893EF478C253DCC6A71AEFFFCA39CAD106B9AD47AAA9A43"
"GUI_MFC_Legacy\x64\Release _F03_Test\coreprogram\01-正向仿真\03-输出文件\runs\run_20260911_111227_7c676e41\output\frame_summary.csv","065CA5DE24EB098C96E2C35FE07103FAAF32D6604E45F171C21D2FB40216FF59"
"GUI_MFC_Legacy\x64\Release _F03_Test\coreprogram\01-正向仿真\03-输出文件\runs\run_20260911_111227_7c676e41\output\geometry_history.dat","D23E53828984357581D815912D85B81E1218A3C45BA3E20DAAB1ADF0898E3964"
"GUI_MFC_Legacy\x64\Release _F03_Test\coreprogram\01-正向仿真\03-输出文件\runs\run_20260911_111227_7c676e41\output\infrared_characteristics.csv","49378A8FCFEE90BFC710C8E48E698E726E501A1C2C46127435184CD3F70BB297"
"GUI_MFC_Legacy\x64\Release _F03_Test\coreprogram\01-正向仿真\03-输出文件\runs\run_20260911_111227_7c676e41\output\input_parameters_summary.txt","5F48D5CE228038393928BEB7B635135B358DC85A3088A958504AA96D64088D59"
"GUI_MFC_Legacy\x64\Release _F03_Test\coreprogram\01-正向仿真\03-输出文件\runs\run_20260911_111227_7c676e41\output\mc_debug.log","EE67AC01537ED0CB9756585AB5CFEB3D1245C8DAA6AED5DBDFA2CF91F7363AF3"
"GUI_MFC_Legacy\x64\Release _F03_Test\coreprogram\01-正向仿真\03-输出文件\runs\run_20260911_111227_7c676e41\output\mc_statistics.txt","705304CFE0278A819913FE5D772564B0E1786B38373F272FD6B639ABA4C09461"
"GUI_MFC_Legacy\x64\Release _F03_Test\coreprogram\01-正向仿真\03-输出文件\runs\run_20260911_111227_7c676e41\output\runtime_summary.txt","FC48F282167F5C711617094B955A2D89DA4FD35E76480FAD89E2BB23DF3AB754"
"GUI_MFC_Legacy\x64\Release _F03_Test\coreprogram\01-正向仿真\03-输出文件\runs\run_20260911_111227_7c676e41\output\screen_history.dat","17AAC827B5407A2C739A9524663A7CFBFB889716885065D23D9107B9673E0B9B"
"GUI_MFC_Legacy\x64\Release _F03_Test\coreprogram\01-正向仿真\03-输出文件\runs\run_20260911_111227_7c676e41\output\similarity_evaluation.csv","18CE5E293990111BB1809716F90DEC56B2CF8FF93F07941A0E0B586978F029CA"
"GUI_MFC_Legacy\x64\Release _F03_Test\coreprogram\01-正向仿真\03-输出文件\runs\run_20260911_111227_7c676e41\output\sphere_temperature.dat","7B95D1F77D1DE087D893EF478C253DCC6A71AEFFFCA39CAD106B9AD47AAA9A43"
"GUI_MFC_Legacy\x64\Release _F03_Test\coreprogram\01-正向仿真\03-输出文件\runs\run_20260911_111227_7c676e41\output\spot_debug.log","7DED63B4D1A7AB19C4314A76F8A16DA83199188FCD59392D60DF99625CAD986A"
"GUI_MFC_Legacy\x64\Release _F03_Test\coreprogram\01-正向仿真\03-输出文件\runs\run_20260911_111227_7c676e41\output\spot_image.dat","5F3569E87C624B3C80CC24FE4DB0B8A538991F896276EBE47B0F73FA89B753F5"
"GUI_MFC_Legacy\x64\Release _F03_Test\coreprogram\01-正向仿真\03-输出文件\runs\run_20260911_111227_7c676e41\output\spot_point_history.csv","A2701FB5FFEDF2A68AA043998CBF31F269CFE9930CEDB0581ABA6E1E343EAD83"
"GUI_MFC_Legacy\x64\Release _F03_Test\coreprogram\01-正向仿真\03-输出文件\runs\run_20260911_111227_7c676e41\output\temperature_history.csv","E3B0C44298FC1C149AFBF4C8996FB92427AE41E4649B934CA495991B7852B855"
"GUI_MFC_Legacy\x64\Release _F03_Test\coreprogram\01-正向仿真\03-输出文件\runs\run_20260911_111227_7c676e41\output\trajectory_output.csv","428D68476CAC8E1AE2BF5AC732AD6FDD852334825E41459C433B1E19A6106744"
"GUI_MFC_Legacy\x64\Release _F03_Test\coreprogram\01-正向仿真\03-输出文件\runs\run_20260911_111227_7c676e41\output\verification_report.txt","5F71EDF7BD653B4FB6AB8DCCD5ED28771CD535A89280BEF526FAD3F2FB44121F"
"GUI_MFC_Legacy\x64\Release _F03_Test\coreprogram\01-正向仿真\03-输出文件\runs\run_20260911_111651_85769ab5\input.dat","D6D203A20467CAA8D39FF093508C3EDED655DDFD8457B3FB4A6DFE230EFFD988"
"GUI_MFC_Legacy\x64\Release _F03_Test\coreprogram\01-正向仿真\03-输出文件\runs\run_20260911_111651_85769ab5\request.json","80E1BE329C1429F65AC2D8913A5BE1AFAD05E7949142859BDC0D668233B7B382"
"GUI_MFC_Legacy\x64\Release _F03_Test\coreprogram\01-正向仿真\03-输出文件\runs\run_20260911_111651_85769ab5\output\beta_unbiasedness_report.txt","5A8B121136D4006E4EDEE14DF9E38A4BE412FEBEF2861D3EAD21C8F252A8E784"
"GUI_MFC_Legacy\x64\Release _F03_Test\coreprogram\01-正向仿真\03-输出文件\runs\run_20260911_111651_85769ab5\output\frame_000000_geometry.dat","BE283595E8C1F4DD9D0262D6692EA8EA1C07974830F889786453F285EE408187"
"GUI_MFC_Legacy\x64\Release _F03_Test\coreprogram\01-正向仿真\03-输出文件\runs\run_20260911_111651_85769ab5\output\frame_000000_sphere_temperature.dat","2164B83833CCE5E93C37A9C2084075E55633D3EA270F7C29B12B78603843AD97"
"GUI_MFC_Legacy\x64\Release _F03_Test\coreprogram\01-正向仿真\03-输出文件\runs\run_20260911_111651_85769ab5\output\frame_000000_spot_image.dat","3D48270ED0E32ACC0D74E506E8D10FC873F8165AA5EF94A3AD8E8859205D23D7"
"GUI_MFC_Legacy\x64\Release _F03_Test\coreprogram\01-正向仿真\03-输出文件\runs\run_20260911_111651_85769ab5\output\frame_summary.csv","611D82867C4A27F0139CA8FE6A9A2A1E3392CE3DB5D48305899AA656E04EF0DE"
"GUI_MFC_Legacy\x64\Release _F03_Test\coreprogram\01-正向仿真\03-输出文件\runs\run_20260911_111651_85769ab5\output\geometry_history.dat","82DB46B924286F6430A8DC8414F82F5A70AD652811AF3239732F0F272D6E1147"
"GUI_MFC_Legacy\x64\Release _F03_Test\coreprogram\01-正向仿真\03-输出文件\runs\run_20260911_111651_85769ab5\output\infrared_characteristics.csv","95D3671DCFB23D29DAF31641DF691E01A216191E412E38C775550B3BD580BF2C"
"GUI_MFC_Legacy\x64\Release _F03_Test\coreprogram\01-正向仿真\03-输出文件\runs\run_20260911_111651_85769ab5\output\input_parameters_summary.txt","1B168AF769FCFF0525B5350F84146A603AAB06C5F2809BB295BD25B47BA6558D"
"GUI_MFC_Legacy\x64\Release _F03_Test\coreprogram\01-正向仿真\03-输出文件\runs\run_20260911_111651_85769ab5\output\mc_debug.log","66BA43C8607BAF9B2397DA65EDFAD95139F648C4FD814841C0650780D07AE608"
"GUI_MFC_Legacy\x64\Release _F03_Test\coreprogram\01-正向仿真\03-输出文件\runs\run_20260911_111651_85769ab5\output\mc_statistics.txt","EA24AED3AF59A95AD871D8D29F727FAD3638F7EE866B32506B8F84D51C872FDF"
"GUI_MFC_Legacy\x64\Release _F03_Test\coreprogram\01-正向仿真\03-输出文件\runs\run_20260911_111651_85769ab5\output\runtime_summary.txt","355423858048BF66948EC9698174FF1DF02A9A95465A5034542B0F5F07E6BF91"
"GUI_MFC_Legacy\x64\Release _F03_Test\coreprogram\01-正向仿真\03-输出文件\runs\run_20260911_111651_85769ab5\output\screen_history.dat","CF9178B49972F30A9D4FABBBFB9C111F60E1AC68A39090BC5547EFE79B66B5F4"
"GUI_MFC_Legacy\x64\Release _F03_Test\coreprogram\01-正向仿真\03-输出文件\runs\run_20260911_111651_85769ab5\output\similarity_evaluation.csv","16A15D270AC6D031B0DBE8EC030B19351D649C39DFBBF1C2F2FD12D13E7A06E6"
"GUI_MFC_Legacy\x64\Release _F03_Test\coreprogram\01-正向仿真\03-输出文件\runs\run_20260911_111651_85769ab5\output\sphere_temperature.dat","2164B83833CCE5E93C37A9C2084075E55633D3EA270F7C29B12B78603843AD97"
"GUI_MFC_Legacy\x64\Release _F03_Test\coreprogram\01-正向仿真\03-输出文件\runs\run_20260911_111651_85769ab5\output\spot_debug.log","342A0B62F916B0CFEC15094DCD20BDB7E28D8D4B883BE144C12175999E56CC74"
"GUI_MFC_Legacy\x64\Release _F03_Test\coreprogram\01-正向仿真\03-输出文件\runs\run_20260911_111651_85769ab5\output\spot_image.dat","3D48270ED0E32ACC0D74E506E8D10FC873F8165AA5EF94A3AD8E8859205D23D7"
"GUI_MFC_Legacy\x64\Release _F03_Test\coreprogram\01-正向仿真\03-输出文件\runs\run_20260911_111651_85769ab5\output\spot_point_history.csv","910A44550D408C05D05A050C15FCD260FCAE4BCAD053B9CB6DF068DFF210E67A"
"GUI_MFC_Legacy\x64\Release _F03_Test\coreprogram\01-正向仿真\03-输出文件\runs\run_20260911_111651_85769ab5\output\temperature_history.csv","E3B0C44298FC1C149AFBF4C8996FB92427AE41E4649B934CA495991B7852B855"
"GUI_MFC_Legacy\x64\Release _F03_Test\coreprogram\01-正向仿真\03-输出文件\runs\run_20260911_111651_85769ab5\output\trajectory_output.csv","B80607BA727BC55F521504F85B857A8742EBB19D4B2E65E62372E57401028098"
"GUI_MFC_Legacy\x64\Release _F03_Test\coreprogram\01-正向仿真\03-输出文件\runs\run_20260911_111651_85769ab5\output\verification_report.txt","D9FF1CF610A78860B1A975073488054832FA955452AA6B6D2230169693873582"
"GUI_MFC_Legacy\x64\Release _F03_Test\coreprogram\01-正向仿真\03-输出文件\runs\run_20260911_115616_b3ef0daf\input.dat","D6D203A20467CAA8D39FF093508C3EDED655DDFD8457B3FB4A6DFE230EFFD988"
"GUI_MFC_Legacy\x64\Release _F03_Test\coreprogram\01-正向仿真\03-输出文件\runs\run_20260911_115616_b3ef0daf\request.json","80E1BE329C1429F65AC2D8913A5BE1AFAD05E7949142859BDC0D668233B7B382"
"GUI_MFC_Legacy\x64\Release _F03_Test\coreprogram\01-正向仿真\03-输出文件\runs\run_20260911_115704_29124a90\input.dat","D6D203A20467CAA8D39FF093508C3EDED655DDFD8457B3FB4A6DFE230EFFD988"
"GUI_MFC_Legacy\x64\Release _F03_Test\coreprogram\01-正向仿真\03-输出文件\runs\run_20260911_115704_29124a90\request.json","80E1BE329C1429F65AC2D8913A5BE1AFAD05E7949142859BDC0D668233B7B382"
"GUI_MFC_Legacy\x64\Release _F03_Test\coreprogram\01-正向仿真\03-输出文件\runs\run_20260911_120519_a71e15e7\input.dat","D6D203A20467CAA8D39FF093508C3EDED655DDFD8457B3FB4A6DFE230EFFD988"
"GUI_MFC_Legacy\x64\Release _F03_Test\coreprogram\01-正向仿真\03-输出文件\runs\run_20260911_120519_a71e15e7\request.json","80E1BE329C1429F65AC2D8913A5BE1AFAD05E7949142859BDC0D668233B7B382"
"GUI_MFC_Legacy\x64\Release _F03_Test\coreprogram\01-正向仿真\03-输出文件\runs\run_20260911_120519_a71e15e7\output\beta_unbiasedness_report.txt","1505C2524989A6740B25C0DAD385177747707B77972CEAA0CC51A6F630F608F0"
"GUI_MFC_Legacy\x64\Release _F03_Test\coreprogram\01-正向仿真\03-输出文件\runs\run_20260911_120519_a71e15e7\output\frame_000000_geometry.dat","BE283595E8C1F4DD9D0262D6692EA8EA1C07974830F889786453F285EE408187"
"GUI_MFC_Legacy\x64\Release _F03_Test\coreprogram\01-正向仿真\03-输出文件\runs\run_20260911_120519_a71e15e7\output\frame_000000_sphere_temperature.dat","2164B83833CCE5E93C37A9C2084075E55633D3EA270F7C29B12B78603843AD97"
"GUI_MFC_Legacy\x64\Release _F03_Test\coreprogram\01-正向仿真\03-输出文件\runs\run_20260911_120519_a71e15e7\output\frame_000000_spot_image.dat","3D48270ED0E32ACC0D74E506E8D10FC873F8165AA5EF94A3AD8E8859205D23D7"
"GUI_MFC_Legacy\x64\Release _F03_Test\coreprogram\01-正向仿真\03-输出文件\runs\run_20260911_120519_a71e15e7\output\frame_000010_geometry.dat","095D4CC53E33C5444084910FBBC3D22F7EA3B11269A08FB375297B52730D3D66"
"GUI_MFC_Legacy\x64\Release _F03_Test\coreprogram\01-正向仿真\03-输出文件\runs\run_20260911_120519_a71e15e7\output\frame_000010_sphere_temperature.dat","38C87F74FB14039E827B7328A31F18D8290CC5BE4CFDCE7946938A2BE54CAC8A"
"GUI_MFC_Legacy\x64\Release _F03_Test\coreprogram\01-正向仿真\03-输出文件\runs\run_20260911_120519_a71e15e7\output\frame_summary.csv","C2966464B04FD83F59D803321F494AAEE3C1906256DFEDD93CDB0B779308F72C"
"GUI_MFC_Legacy\x64\Release _F03_Test\coreprogram\01-正向仿真\03-输出文件\runs\run_20260911_120519_a71e15e7\output\geometry_history.dat","0B32AAC1486EF42428BEF5C0AC7EA4E1190B57C02A1E9BBF3B384576B9ECE1AD"
"GUI_MFC_Legacy\x64\Release _F03_Test\coreprogram\01-正向仿真\03-输出文件\runs\run_20260911_120519_a71e15e7\output\infrared_characteristics.csv","DF9478089F600130788A294DCEFE7C19DE6B5394D3C5A5DAA08B2C4DEE7487DA"
"GUI_MFC_Legacy\x64\Release _F03_Test\coreprogram\01-正向仿真\03-输出文件\runs\run_20260911_120519_a71e15e7\output\input_parameters_summary.txt","6A5A23EC1C6E481669BB042FB9ABB3A7D204FDAADA0EFCAE299F780B8A98ED0D"
"GUI_MFC_Legacy\x64\Release _F03_Test\coreprogram\01-正向仿真\03-输出文件\runs\run_20260911_120519_a71e15e7\output\mc_debug.log","9112C5CBAB8188E9847DBDE917C1CB62C18845C66C40549013905C8F7C5B9EF8"
"GUI_MFC_Legacy\x64\Release _F03_Test\coreprogram\01-正向仿真\03-输出文件\runs\run_20260911_120519_a71e15e7\output\mc_statistics.txt","A8CDD819BD56EC5BCF66A7961F7522C7E55B02EE23C295E9CE9B27E005548C57"
"GUI_MFC_Legacy\x64\Release _F03_Test\coreprogram\01-正向仿真\03-输出文件\runs\run_20260911_120519_a71e15e7\output\runtime_summary.txt","B0445F0D359BB1117967B4349483D540ABB54D13FC5AA525E168C65C41D0B7CD"
"GUI_MFC_Legacy\x64\Release _F03_Test\coreprogram\01-正向仿真\03-输出文件\runs\run_20260911_120519_a71e15e7\output\screen_history.dat","EC0192DFD424F7D03DB6CCCC6099058109FA73366D92EAEEC03EAB56AAF184AB"
"GUI_MFC_Legacy\x64\Release _F03_Test\coreprogram\01-正向仿真\03-输出文件\runs\run_20260911_120519_a71e15e7\output\similarity_evaluation.csv","92D6DE1E7F2220E0592272060AC0152B56FC5B6EABCB0F6EEC9E9AFD8B0B02AB"
"GUI_MFC_Legacy\x64\Release _F03_Test\coreprogram\01-正向仿真\03-输出文件\runs\run_20260911_120519_a71e15e7\output\sphere_temperature.dat","38C87F74FB14039E827B7328A31F18D8290CC5BE4CFDCE7946938A2BE54CAC8A"
"GUI_MFC_Legacy\x64\Release _F03_Test\coreprogram\01-正向仿真\03-输出文件\runs\run_20260911_120519_a71e15e7\output\spot_debug.log","F601BCBAF3A7798E1088F7C2CEEA34D5B1A0C7FA74C8550D65AD2D17E5F05150"
"GUI_MFC_Legacy\x64\Release _F03_Test\coreprogram\01-正向仿真\03-输出文件\runs\run_20260911_120519_a71e15e7\output\spot_image.dat","060BF9A31CA15460FCA4A360FF00EE546506CBAC03A44E6A45EFBA875C149199"
"GUI_MFC_Legacy\x64\Release _F03_Test\coreprogram\01-正向仿真\03-输出文件\runs\run_20260911_120519_a71e15e7\output\spot_point_history.csv","69405B8043834A657D930524B2EFB81C878A8524C296F32C99736CB85A7BA528"
"GUI_MFC_Legacy\x64\Release _F03_Test\coreprogram\01-正向仿真\03-输出文件\runs\run_20260911_120519_a71e15e7\output\temperature_history.csv","E3B0C44298FC1C149AFBF4C8996FB92427AE41E4649B934CA495991B7852B855"
"GUI_MFC_Legacy\x64\Release _F03_Test\coreprogram\01-正向仿真\03-输出文件\runs\run_20260911_120519_a71e15e7\output\trajectory_output.csv","A942097A75A1D2BCD4F3D71D3D139806D838C07C8CCCA93D1173570F2E988484"
"GUI_MFC_Legacy\x64\Release _F03_Test\coreprogram\01-正向仿真\03-输出文件\runs\run_20260911_120519_a71e15e7\output\verification_report.txt","D46E7B8004A70433D49E8383008C740BFBED7E8E54DA878D645DF6E5B53BD871"
"GUI_MFC_Legacy\x64\Release _F03_Test\coreprogram\01-正向仿真\03-输出文件\runs\run_20260911_122442_d66f653b\input.dat","D6D203A20467CAA8D39FF093508C3EDED655DDFD8457B3FB4A6DFE230EFFD988"
"GUI_MFC_Legacy\x64\Release _F03_Test\coreprogram\01-正向仿真\03-输出文件\runs\run_20260911_122442_d66f653b\request.json","80E1BE329C1429F65AC2D8913A5BE1AFAD05E7949142859BDC0D668233B7B382"
"GUI_MFC_Legacy\x64\Release _F03_Test\coreprogram\02-智能预测\01-输入文件\02_formal_target_curves.csv","5A408BFDBE6882E7EA9FD4FCCA49902166A1C6C161F41DC222B2FE03C815551E"
"GUI_MFC_Legacy\x64\Release _F03_Test\coreprogram\02-智能预测\01-输入文件\04_global_parameter_pool_10000.csv","D58D09E324911B6D98B500282641BA2484AADE8F58CCF144707143ACED313D27"
"GUI_MFC_Legacy\x64\Release _F03_Test\coreprogram\02-智能预测\01-输入文件\12_representative_targets_and_topk.csv","AB0F41644E6D244F440C599F47620E029CF1C3297410FE305A9985E874C36524"
"GUI_MFC_Legacy\x64\Release _F03_Test\coreprogram\02-智能预测\01-输入文件\gui_input_example.json","B7F11DFB5864DABC91B983239F8A9FD48A813B40686832315133E117FC53B5AB"
"GUI_MFC_Legacy\x64\Release _F03_Test\coreprogram\02-智能预测\01-输入文件\point_image_scene_template.csv","5F47EC4CF5B2281030F539AB8B1084FA8691F4956CFFFE5390431E1BD4803467"
"GUI_MFC_Legacy\x64\Release _F03_Test\coreprogram\02-智能预测\01-输入文件\point_image_scene_template_manifest.json","B36C77F8E59A2EB659C062A0E1AF659DF54A579EC660EC924B3187BE1DA7FC78"
"GUI_MFC_Legacy\x64\Release _F03_Test\coreprogram\02-智能预测\01-输入文件\README_点图像模板.txt","BB32B6738F1F33CBB96EFE58369859D32815B484B544079764C288848E9ADD66"
"GUI_MFC_Legacy\x64\Release _F03_Test\coreprogram\02-智能预测\01-输入文件\request.json","EC6E7918F7CA7E2A94941600C1271114E6307AA0E32C6E33937CF611F87F3840"
"GUI_MFC_Legacy\x64\Release _F03_Test\coreprogram\02-智能预测\02-程序\forward_bridge_optuna_ranker.py","A205408A15A5262D51B75AFC46405055632C7795990D83034319E7C5757901E7"
"GUI_MFC_Legacy\x64\Release _F03_Test\coreprogram\02-智能预测\02-程序\request.json","80E1BE329C1429F65AC2D8913A5BE1AFAD05E7949142859BDC0D668233B7B382"
"GUI_MFC_Legacy\x64\Release _F03_Test\coreprogram\02-智能预测\02-程序\stage_c_run_m2_temperature_inference_v1.py","ADFC37D6762564029C53F6AF2A2C8D696ACF5B768C09877E2EE5A89F7B715DCA"
"GUI_MFC_Legacy\x64\Release _F03_Test\coreprogram\02-智能预测\02-程序\stage_f_run_point_image_candidate_evaluation_v1.py","3BAA3D523AB6A637BA57C098719A8D995C7829462A5CBFC6B182F43618D7B2AD"
"GUI_MFC_Legacy\x64\Release _F03_Test\coreprogram\02-智能预测\02-程序\stage_utils.py","33CABB8FDFF4EE472DBFF09749F97C0B1C528EB1B9BE31480AD4CED6833CCE34"
"GUI_MFC_Legacy\x64\Release _F03_Test\coreprogram\02-智能预测\02-程序\surrogate_prediction_runner.py","4E4514162B44E4E899C104EC15F3B21100895354C43012DCEF9B901F174E93BD"
"GUI_MFC_Legacy\x64\Release _F03_Test\coreprogram\02-智能预测\02-程序\thermal_optuna_best_model.py","32440D1738824714AD20CD7F7953F883B6D62124C11B769FB753CBE05CBCC138"
"GUI_MFC_Legacy\x64\Release _F03_Test\coreprogram\02-智能预测\02-程序\入口程序使用说明.txt","04386A7F5B1DEBCED1D5C7F7A86A7EB407B4DFD5AE50F882A41D76C726C7F128"
"GUI_MFC_Legacy\x64\Release _F03_Test\coreprogram\02-智能预测\02-程序\__pycache__\stage_f_run_point_image_candidate_evaluation_v1.cpython-313.pyc","0BF88EC6D9808F85F1A345E80CE64027B639E062D3A7F0C677D6818379273CD2"
"GUI_MFC_Legacy\x64\Release _F03_Test\coreprogram\02-智能预测\02-程序\__pycache__\stage_utils.cpython-313.pyc","3C5BCA10129B93B71421620917D7F950716170297BF281E41DC60995CBE8B5B8"
"GUI_MFC_Legacy\x64\Release _F03_Test\coreprogram\02-智能预测\03-模型文件\best_model.keras","0D77A38F4457ADF1A34275A9B7309AC1AA3E5E880542B19A59A0155F54C31135"
"GUI_MFC_Legacy\x64\Release _F03_Test\coreprogram\02-智能预测\03-模型文件\formal_configured_target_temperature_extratrees.joblib","7AAE9E013ED816E35C73A48FBBE53F6D4331298090E77C1C1A2D04CC2F13AD7A"
"GUI_MFC_Legacy\x64\Release _F03_Test\coreprogram\02-智能预测\03-模型文件\scalers.json","98A4DD66D29DD64AA6EF4771CD0CEA337B6AD590B847E14D2635BAFC7180D92A"
"GUI_MFC_Legacy\x64\Release _F03_Test\coreprogram\02-智能预测\04-输出文件\06_m2_predictions_long.csv.gz","216BBD38CFDF8BBF7E27E57EF16BD8A0700DF3510960A6BB7F1DF093FB9B1841"
"GUI_MFC_Legacy\x64\Release _F03_Test\coreprogram\02-智能预测\04-输出文件\README_输出目录.txt","BD9E5BFCD9765A447B699A18BCE99C45F3A976EBDC3C10ED5C121F0425F21AF5"
"GUI_MFC_Legacy\x64\Release _F03_Test\coreprogram\02-智能预测\04-输出文件\test_token_predictions.csv","DC26F859D770E61F2F9D46F07EFE7C09A1AC325B75F96A340E1C5E3F7A2E71B7"
"GUI_MFC_Legacy\x64\Release _F03_Test\coreprogram\02-智能预测\04-输出文件\runs\run_20260911_120529_8be6953f\point_image_frame_metrics.csv","0DA329ABD1F15D0DAA11FC1C498E99DA3C0A873691E304755DC1AECCA1C74D79"
"GUI_MFC_Legacy\x64\Release _F03_Test\coreprogram\02-智能预测\04-输出文件\runs\run_20260911_120529_8be6953f\point_image_reconstruction_contract.json","AA378A5003BF0F0259AB317D9677B86B4A8D795509E4B05AF40090D8A34FC149"
"GUI_MFC_Legacy\x64\Release _F03_Test\coreprogram\02-智能预测\04-输出文件\runs\run_20260911_120529_8be6953f\point_token_predictions.csv.gz","0967982020E26807DFAA29497EA35D1193DE85296B62ACEE48DA641B0C77B9D3"
"GUI_MFC_Legacy\x64\Release _F03_Test\coreprogram\02-智能预测\04-输出文件\runs\run_20260911_120529_8be6953f\prediction_summary.json","70584D3728B9C8F432FB1435121D533E9AC63E32D4ADF05BD1E9F15E52C846AE"
"GUI_MFC_Legacy\x64\Release _F03_Test\coreprogram\02-智能预测\04-输出文件\runs\run_20260911_120529_8be6953f\request.json","43D41C7A41173A176EF3D9374D8E6BF8DADC0D1B721F9AE8730B32C5137EDB7F"
"GUI_MFC_Legacy\x64\Release _F03_Test\coreprogram\02-智能预测\04-输出文件\runs\run_20260911_120529_8be6953f\temperature_prediction.csv","5755ADA1D6C842B09C3D39F31F134D3C7DF9375994A4DE575F3E1D674E779313"
"GUI_MFC_Legacy\x64\Release _F03_Test\coreprogram\02-智能预测\04-输出文件\runs\run_20260911_122326_f35e784f\request.json","43D41C7A41173A176EF3D9374D8E6BF8DADC0D1B721F9AE8730B32C5137EDB7F"
"GUI_MFC_Legacy\x64\Release _F03_Test\coreprogram\03-相似度评估\01-输入文件\02_formal_target_curves.csv","5A408BFDBE6882E7EA9FD4FCCA49902166A1C6C161F41DC222B2FE03C815551E"
"GUI_MFC_Legacy\x64\Release _F03_Test\coreprogram\03-相似度评估\02-程序\forward_bridge_optuna_ranker.py","A205408A15A5262D51B75AFC46405055632C7795990D83034319E7C5757901E7"
"GUI_MFC_Legacy\x64\Release _F03_Test\coreprogram\03-相似度评估\02-程序\similarity_evaluator.py","4B4031025A15B9E6CFB539A295804448999F1411C76434EC526D013ED927A4A3"
"GUI_MFC_Legacy\x64\Release _F03_Test\coreprogram\03-相似度评估\02-程序\stage_d_apply_screening_rules_v1.py","96A0FB947C721F50BB5C90EDDF2A73D6C0B8DB9CF1235488BBB0BA1AB7F8A8D1"
"GUI_MFC_Legacy\x64\Release _F03_Test\coreprogram\03-相似度评估\02-程序\stage_utils.py","33CABB8FDFF4EE472DBFF09749F97C0B1C528EB1B9BE31480AD4CED6833CCE34"
"GUI_MFC_Legacy\x64\Release _F03_Test\coreprogram\03-相似度评估\02-程序\入口程序使用说明.txt","EB5FF6C2D41392FFED41D914D5616C49487852F3FCDC8A3F742D326FE23480D5"
"GUI_MFC_Legacy\x64\Release _F03_Test\coreprogram\03-相似度评估\03-输出文件\07_candidate_target_metrics.csv","877B488B12054F725E3424756E11CC4160E497D8DA59688462A9431E1587D0CE"
"GUI_MFC_Legacy\x64\Release _F03_Test\coreprogram\03-相似度评估\03-输出文件\README_输出目录.txt","0F3C76344E9B5CD0D6773B68B732F7C12197408925ED5AF45492978C849ACDB7"
"GUI_MFC_Legacy\x64\Release _F03_Test\coreprogram\04-红外场景构建\01-输入文件\02_formal_target_curves.csv","5A408BFDBE6882E7EA9FD4FCCA49902166A1C6C161F41DC222B2FE03C815551E"
"GUI_MFC_Legacy\x64\Release _F03_Test\coreprogram\04-红外场景构建\01-输入文件\04_global_parameter_pool_10000.csv","D58D09E324911B6D98B500282641BA2484AADE8F58CCF144707143ACED313D27"
"GUI_MFC_Legacy\x64\Release _F03_Test\coreprogram\04-红外场景构建\01-输入文件\scene_search_config.json","439B811FB0D16ABA0152736886331C868D100D93AE18A73F144B465D242E4469"
"GUI_MFC_Legacy\x64\Release _F03_Test\coreprogram\04-红外场景构建\02-程序\forward_bridge_optuna_ranker.py","A205408A15A5262D51B75AFC46405055632C7795990D83034319E7C5757901E7"
"GUI_MFC_Legacy\x64\Release _F03_Test\coreprogram\04-红外场景构建\02-程序\scene_search_controller.py","12B8442450186D97C164A543EF22040658C150D62C23B62E6CD618A5E8266F36"
"GUI_MFC_Legacy\x64\Release _F03_Test\coreprogram\04-红外场景构建\02-程序\stage_b_generate_global_parameter_pool_v1.py","556F295C65EBF9EC879BF09E523D1A98223247CFB1774BB3DEE4BA8C22FA2E86"
"GUI_MFC_Legacy\x64\Release _F03_Test\coreprogram\04-红外场景构建\02-程序\stage_c_run_m2_temperature_inference_v1.py","ADFC37D6762564029C53F6AF2A2C8D696ACF5B768C09877E2EE5A89F7B715DCA"
"GUI_MFC_Legacy\x64\Release _F03_Test\coreprogram\04-红外场景构建\02-程序\stage_d_apply_screening_rules_v1.py","96A0FB947C721F50BB5C90EDDF2A73D6C0B8DB9CF1235488BBB0BA1AB7F8A8D1"
"GUI_MFC_Legacy\x64\Release _F03_Test\coreprogram\04-红外场景构建\02-程序\stage_f_run_point_image_candidate_evaluation_v1.py","BD219F9AA367F5C110C1A3FA03314104F542C521563176D1BD53FF85548E190C"
"GUI_MFC_Legacy\x64\Release _F03_Test\coreprogram\04-红外场景构建\02-程序\stage_g_run_source_case_forward_recheck_v1.py","83A59B3DB15ED1462DF87E333B3546495198B02077CCCFA8EA6D789E46879D66"
"GUI_MFC_Legacy\x64\Release _F03_Test\coreprogram\04-红外场景构建\02-程序\stage_utils.py","33CABB8FDFF4EE472DBFF09749F97C0B1C528EB1B9BE31480AD4CED6833CCE34"
"GUI_MFC_Legacy\x64\Release _F03_Test\coreprogram\04-红外场景构建\02-程序\入口程序使用说明.txt","A099B629444BA5611CC6E411D56282D5689ED58E8B073A7B6D5BC82CAF8BBC11"
"GUI_MFC_Legacy\x64\Release _F03_Test\coreprogram\04-红外场景构建\03-输出文件\07_candidate_target_metrics.csv","877B488B12054F725E3424756E11CC4160E497D8DA59688462A9431E1587D0CE"
"GUI_MFC_Legacy\x64\Release _F03_Test\coreprogram\04-红外场景构建\03-输出文件\08_screening_results_all.csv","A3789D7A2577C23A694A7E8DF0A562C705B20FA5560E7270F7706D00267A065D"
"GUI_MFC_Legacy\x64\Release _F03_Test\coreprogram\04-红外场景构建\03-输出文件\15_forward_recheck_results.csv","838F689F2710D2CE4744C9A8DF0521DBB780C7BEAD2FDD46BB0DABAA4A43191A"
"GUI_MFC_Legacy\x64\Release _F03_Test\coreprogram\04-红外场景构建\03-输出文件\17_runtime_benchmark.csv","9BECA677DDD3D3753FE8E6F767A9226EE800D1EC3CAD464292646852BD6D77FA"
"GUI_MFC_Legacy\x64\Release _F03_Test\coreprogram\04-红外场景构建\03-输出文件\README_输出目录.txt","F1989C46944B9EE4DC937032FBB87602E422A55EA1801C2CB0A68C32F96F828E"
".docs\00_project_brief.md","056841BB19A5F26B09B8E73A252464CC890973E16DC1FD2F99E129BB1F3FB8D5"
".docs\01_architecture.md","E31B822583F5D4A6D560B0EAC8B0340B33F61F08CC4CF6D93539985D8AFE9F1B"
".docs\02_workflow.md","9A9A48DE8FFE1FFDE981357BA6B091F3B9AE73C02608EF9BA1CB7D3DF1EC3832"
".docs\03_experiments.md","C7340B253720DE0627981A377BBC3D9FBB1210FA38D269FC007CB77660C1A301"
".docs\04_decisions.md","462B23F112D0B96856C464A6ADE211E9A6DCA5F00E95ECDF25C5312324C6491B"
".docs\05_known_issues.md","3D0BE1DC858DC717077C299220E98FF66248680054567CF825F3E33374712033"
".docs\06_prompt_log.md","0DDB418E91F868E46802A60F3F3A95AF636D99B50D4FAD52983362B4D629A8CC"
".docs\07_task_editor_v1_report.md","713C1DD0E0E25710CC037C5AD59BA5404807002076DECDC1EFBCE23853E925B2"
".docs\README.md","6AAC936D118F9391E1A58D9F330ED5B7A3E76CEA7483EBF6B8FC9F6C27AE4E13"
"GUI_WPF\PreProcess.Wpf\PreProcess.Wpf.sln","408EE9B9641913127A6CF00A1823EE4BD57865BB96A352E32FDFCB8C2EFE6DFD"
"GUI_WPF\PreProcess.Wpf\MapperTest\MapperTest.csproj","83A8339D214060E12E0970F6AF52952382699F866AB8460537FD5E9D1F5084E1"
"GUI_WPF\PreProcess.Wpf\MapperTest\Program.cs","B1A6C00F75F033CB0BF33E16CBEF4DB0E4EA8BBD6CEC13FCAAA397169D0B75C7"
"GUI_WPF\PreProcess.Wpf\MapperTest\bin\Release\MapperTest.exe","40424FF808886D20F00E3355F54A51A2A6DC041F85A948DD09D23055DB962FF2"
"GUI_WPF\PreProcess.Wpf\MapperTest\bin\Release\MapperTest.pdb","D27D221173A13863FD2B55CC4A66534DBD2EA6DDDB85F4F15A126899936265DD"
"GUI_WPF\PreProcess.Wpf\MapperTest\bin\Release\PreProcess.Wpf.exe","1BFA8A40E266742F28FF422DDAEA8D58D68DE2843A63D0E87EA70F535AB7CC02"
"GUI_WPF\PreProcess.Wpf\MapperTest\bin\Release\PreProcess.Wpf.exe.config","226B0F9BC5102FECDCEF403A4F9063A92356D8A4AD882059995634F966784CFE"
"GUI_WPF\PreProcess.Wpf\MapperTest\bin\Release\PreProcess.Wpf.pdb","480343DF427775619776D4CEB218F375CABB1DE0DC5974DEF19C992567908634"
"GUI_WPF\PreProcess.Wpf\MapperTest\obj\Release\.NETFramework,Version=v4.8.AssemblyAttributes.cs","AF4C24EFDD16C0CB3946E8E148FB6DF4FC9C501C71CC718738B4728808737373"
"GUI_WPF\PreProcess.Wpf\MapperTest\obj\Release\MapperTest.csproj.AssemblyReference.cache","87339733AB57D8B04B371CE95232101FD28DEF6106FD787AE2C4F12471710CAE"
"GUI_WPF\PreProcess.Wpf\MapperTest\obj\Release\MapperTest.csproj.CopyComplete","E3B0C44298FC1C149AFBF4C8996FB92427AE41E4649B934CA495991B7852B855"
"GUI_WPF\PreProcess.Wpf\MapperTest\obj\Release\MapperTest.csproj.CoreCompileInputs.cache","226B6E13BB48E9196E0FF250660ECDAAC5D3BF7771B9A80F4FAF966376DFF79F"
"GUI_WPF\PreProcess.Wpf\MapperTest\obj\Release\MapperTest.csproj.FileListAbsolute.txt","E3A1ACA0EB935EB4CADB43A08BF067B18FE96207E5105F6B790A14BF1453F3BD"
"GUI_WPF\PreProcess.Wpf\MapperTest\obj\Release\MapperTest.exe","40424FF808886D20F00E3355F54A51A2A6DC041F85A948DD09D23055DB962FF2"
"GUI_WPF\PreProcess.Wpf\MapperTest\obj\Release\MapperTest.pdb","D27D221173A13863FD2B55CC4A66534DBD2EA6DDDB85F4F15A126899936265DD"
"GUI_WPF\PreProcess.Wpf\PreProcess.Wpf\App.config","226B0F9BC5102FECDCEF403A4F9063A92356D8A4AD882059995634F966784CFE"
"GUI_WPF\PreProcess.Wpf\PreProcess.Wpf\App.xaml","CDFA8274D722F12CEF897DAF539EB4E860741D16C94E9CE38B31CF102A6580BE"
"GUI_WPF\PreProcess.Wpf\PreProcess.Wpf\App.xaml.cs","938615E982740E588B6CE2CF6E5BF2E9ED4AF9B627C04FD61D59DA6511095C85"
"GUI_WPF\PreProcess.Wpf\PreProcess.Wpf\MainWindow.xaml","22F2AB4AB49B82218634FC4CE89E01450F6DDC3C730AC2FD97E938D1E526BF03"
"GUI_WPF\PreProcess.Wpf\PreProcess.Wpf\MainWindow.xaml.cs","D05DAD270E33986078378C82ED7DCDF456F256A2D4794A238A23E0763CF7AA9B"
"GUI_WPF\PreProcess.Wpf\PreProcess.Wpf\PreProcess.Wpf.csproj","696B807124D0E778DD9A79B333A51D98DF978B3D97B22A7D01189EAF788DEBD7"
"GUI_WPF\PreProcess.Wpf\PreProcess.Wpf\bin\Debug\PreProcess.Wpf.exe","4A81916B9FFBB45FE41DF036F9222364940C0F29D7E43EB416B5483B8EAFA239"
"GUI_WPF\PreProcess.Wpf\PreProcess.Wpf\bin\Debug\PreProcess.Wpf.exe.config","47E5A0F101AF4151D7F13D2D6BFA9B847D5B5E4A98D1F4674B7C015772746CDF"
"GUI_WPF\PreProcess.Wpf\PreProcess.Wpf\bin\Debug\PreProcess.Wpf.pdb","1B301D401C7945EE3FF098DD4A71784D5D28BE97F51DACC3E7B75DFEC9ABF014"
"GUI_WPF\PreProcess.Wpf\PreProcess.Wpf\bin\P2_1_Release\PreProcess.Wpf.exe","5D86A338211FE7B0B1072F4D84F6F37782891D70F0DEF1F6E6482C3DD83A3B25"
"GUI_WPF\PreProcess.Wpf\PreProcess.Wpf\bin\P2_1_Release\PreProcess.Wpf.exe.config","226B0F9BC5102FECDCEF403A4F9063A92356D8A4AD882059995634F966784CFE"
"GUI_WPF\PreProcess.Wpf\PreProcess.Wpf\bin\P2_1_Release\PreProcess.Wpf.pdb","2B5E512DFF397CBEC4699EF2E1DDA6F9755262EA776859BDDC7BBB74D6A666C7"
"GUI_WPF\PreProcess.Wpf\PreProcess.Wpf\bin\Release\PreProcess.Wpf.exe","1BFA8A40E266742F28FF422DDAEA8D58D68DE2843A63D0E87EA70F535AB7CC02"
"GUI_WPF\PreProcess.Wpf\PreProcess.Wpf\bin\Release\PreProcess.Wpf.exe.config","226B0F9BC5102FECDCEF403A4F9063A92356D8A4AD882059995634F966784CFE"
"GUI_WPF\PreProcess.Wpf\PreProcess.Wpf\bin\Release\PreProcess.Wpf.pdb","480343DF427775619776D4CEB218F375CABB1DE0DC5974DEF19C992567908634"
"GUI_WPF\PreProcess.Wpf\PreProcess.Wpf\Models\BindableModel.cs","1A25BF8DAF9E8F85FF5355E47722F4747EEE1678DC3252A3C2FCAF72DC991702"
"GUI_WPF\PreProcess.Wpf\PreProcess.Wpf\Models\CalculationSettings.cs","E8FFCD521AA833EC729ABA052CC15B7BF21D1CFAF7700774F5107727C5F22A5D"
"GUI_WPF\PreProcess.Wpf\PreProcess.Wpf\Models\EnvironmentObservationSettings.cs","AB9005C353D2CB16EA9CFDDEEF2407DDE80E98F253FE9A2F21C9400FDFDE64BE"
"GUI_WPF\PreProcess.Wpf\PreProcess.Wpf\Models\README.md","6647650174122A10CC6E67B0801AB71CCC2F6E61CB817EE681CE9A7944449C31"
"GUI_WPF\PreProcess.Wpf\PreProcess.Wpf\Models\SceneMotionSettings.cs","730656007B34E1CDA6212AEF26C129C37BCF23D09B950AA2636FCA52784B07D0"
"GUI_WPF\PreProcess.Wpf\PreProcess.Wpf\Models\TargetGeometrySettings.cs","2CDFA20EEF68B4D4F62DAF75B3631E6406E8955C02EDAADD62D738D183FDDF5B"
"GUI_WPF\PreProcess.Wpf\PreProcess.Wpf\Models\TargetPhysics.cs","08DF8419A1DAED26D5C8DE8AF03188D32F74DF27C6E12CE01E56A319CA064048"
"GUI_WPF\PreProcess.Wpf\PreProcess.Wpf\Models\TaskModel.cs","4D3EBBC5280B428540CFC08DB08B6E546F298D353B25D7B401549D8657AF0653"
"GUI_WPF\PreProcess.Wpf\PreProcess.Wpf\Models\Vector3.cs","5D495108212167BA30B7CD630E86792BB0F43DAEDC5067886489A5FCAB697FCF"
"GUI_WPF\PreProcess.Wpf\PreProcess.Wpf\obj\Debug\.NETFramework,Version=v4.7.2.AssemblyAttributes.cs","621199557E90FB1661E401CC9A973163C850B4B7E65BBC8D100F67F6699EEF70"
"GUI_WPF\PreProcess.Wpf\PreProcess.Wpf\obj\Debug\App.g.cs","398FAFE388106952100DAEA894FDA0CDB88C6DDC2398C696F49BDE558A1BCB87"
"GUI_WPF\PreProcess.Wpf\PreProcess.Wpf\obj\Debug\App.g.i.cs","398FAFE388106952100DAEA894FDA0CDB88C6DDC2398C696F49BDE558A1BCB87"
"GUI_WPF\PreProcess.Wpf\PreProcess.Wpf\obj\Debug\DesignTimeResolveAssemblyReferencesInput.cache","FE3D473CEBDD0C4AFC81A1409BB11DCCADEA5C3233EBB928CCEB6AEA5D950CD0"
"GUI_WPF\PreProcess.Wpf\PreProcess.Wpf\obj\Debug\MainWindow.baml","61A0DE25E4DBF2C6E10C5B232D7381587B8139711D799D47F3BC26E64730E374"
"GUI_WPF\PreProcess.Wpf\PreProcess.Wpf\obj\Debug\MainWindow.g.cs","BE74013D18D27B33C8AF2F5A04B9606B012DC5ACEE9770378D204F222E8001F0"
"GUI_WPF\PreProcess.Wpf\PreProcess.Wpf\obj\Debug\MainWindow.g.i.cs","BE74013D18D27B33C8AF2F5A04B9606B012DC5ACEE9770378D204F222E8001F0"
"GUI_WPF\PreProcess.Wpf\PreProcess.Wpf\obj\Debug\PreProcess.Wpf.csproj.AssemblyReference.cache","2A5B0F0F3E6E30AEFADFCB37172320E80DF9195D0D2412234305FBB957F9CD84"
"GUI_WPF\PreProcess.Wpf\PreProcess.Wpf\obj\Debug\PreProcess.Wpf.csproj.CoreCompileInputs.cache","B709505BF04159C835A0049849AC39EC3ABD28A8DEF181908F546B0CDCF7642C"
"GUI_WPF\PreProcess.Wpf\PreProcess.Wpf\obj\Debug\PreProcess.Wpf.csproj.FileListAbsolute.txt","BB76B74BCA1B1F7DB41547787B73466444D0C624AB0EF58BC1BCA1D8AB81418B"
"GUI_WPF\PreProcess.Wpf\PreProcess.Wpf\obj\Debug\PreProcess.Wpf.csproj.GenerateResource.cache","25CA03504A6B14C5B57731F7C0B7B2CD506097B7CDAFD6DF113E2CA6C96EBA06"
"GUI_WPF\PreProcess.Wpf\PreProcess.Wpf\obj\Debug\PreProcess.Wpf.exe","4A81916B9FFBB45FE41DF036F9222364940C0F29D7E43EB416B5483B8EAFA239"
"GUI_WPF\PreProcess.Wpf\PreProcess.Wpf\obj\Debug\PreProcess.Wpf.g.resources","A7EE1431995AF45E74271248E386E1A2085AF7359E808EEC414B339E2313EB79"
"GUI_WPF\PreProcess.Wpf\PreProcess.Wpf\obj\Debug\PreProcess.Wpf.pdb","1B301D401C7945EE3FF098DD4A71784D5D28BE97F51DACC3E7B75DFEC9ABF014"
"GUI_WPF\PreProcess.Wpf\PreProcess.Wpf\obj\Debug\PreProcess.Wpf.Properties.Resources.resources","E13ED2C59366D0EEA74863FD71A81F0CB977CCE1EDFDE304FC538690A4F6AC89"
"GUI_WPF\PreProcess.Wpf\PreProcess.Wpf\obj\Debug\PreProcess.Wpf_MarkupCompile.cache","3A3C712D7B328CB9DE0B496AB6070278471D127870BCFAA72E7524C9A2B245CF"
"GUI_WPF\PreProcess.Wpf\PreProcess.Wpf\obj\Debug\PreProcess.Wpf_MarkupCompile.i.cache","B60097954E96B3D02931256B0B821AAB6963488717B1D753C994D0E0CE095719"
"GUI_WPF\PreProcess.Wpf\PreProcess.Wpf\obj\Debug\PreProcess.Wpf_MarkupCompile.i.lref","BF2D8133E3BBCEC2EFFB9FA9CE5944CF48F7EF584B0B34C2DF69C27143C688CA"
"GUI_WPF\PreProcess.Wpf\PreProcess.Wpf\obj\Debug\PreProcess.Wpf_MarkupCompile.lref","BF2D8133E3BBCEC2EFFB9FA9CE5944CF48F7EF584B0B34C2DF69C27143C688CA"
"GUI_WPF\PreProcess.Wpf\PreProcess.Wpf\obj\Debug\TempPE\Properties.Resources.Designer.cs.dll","68C060956D080D07290DD96A066A9E49641F5C92D710E5240B976EC0E081ADBB"
"GUI_WPF\PreProcess.Wpf\PreProcess.Wpf\obj\Release\.NETFramework,Version=v4.8.AssemblyAttributes.cs","AF4C24EFDD16C0CB3946E8E148FB6DF4FC9C501C71CC718738B4728808737373"
"GUI_WPF\PreProcess.Wpf\PreProcess.Wpf\obj\Release\App.baml","295A8302E5AE1A8D38B21C7D16A3853D075F9090E316D76FE74DA616140C7ED9"
"GUI_WPF\PreProcess.Wpf\PreProcess.Wpf\obj\Release\App.g.cs","AFF4350E0CD2AA7DF9CF83AD02D76AD8951FB083A7342BB7C4DAB7D8D87E42AC"
"GUI_WPF\PreProcess.Wpf\PreProcess.Wpf\obj\Release\GeneratedInternalTypeHelper.g.cs","60116575BB1B6772ED22BA93BFA53BEF0A772667DA1812C1C3FC0A46CD93BC3E"
"GUI_WPF\PreProcess.Wpf\PreProcess.Wpf\obj\Release\MainWindow.baml","989272AA1E2B6A62F5BBD0AB3727130F07A0B0CE44B2EDA52D30E56E116785BB"
"GUI_WPF\PreProcess.Wpf\PreProcess.Wpf\obj\Release\MainWindow.g.cs","3A71E836DA129149C2DE594E7DCB71657C320561A61C0F73D33D6AF330E16025"
"GUI_WPF\PreProcess.Wpf\PreProcess.Wpf\obj\Release\PreProcess.Wpf.csproj.AssemblyReference.cache","6AD1034B7D37C500B0B06A782659049C00A7BCEFC7D8215AEBC5C0646FE2108E"
"GUI_WPF\PreProcess.Wpf\PreProcess.Wpf\obj\Release\PreProcess.Wpf.csproj.CoreCompileInputs.cache","880B75830A3DAAE1582AFB8509378A214470DCF241B3D379D2A858D727CA446E"
"GUI_WPF\PreProcess.Wpf\PreProcess.Wpf\obj\Release\PreProcess.Wpf.csproj.FileListAbsolute.txt","C85F8C3B24566EEA6C45E678F5FFCC89D8016032AC85C9C9FA0E2CDD5B93BF96"
"GUI_WPF\PreProcess.Wpf\PreProcess.Wpf\obj\Release\PreProcess.Wpf.csproj.GenerateResource.cache","25CA03504A6B14C5B57731F7C0B7B2CD506097B7CDAFD6DF113E2CA6C96EBA06"
"GUI_WPF\PreProcess.Wpf\PreProcess.Wpf\obj\Release\PreProcess.Wpf.exe","1BFA8A40E266742F28FF422DDAEA8D58D68DE2843A63D0E87EA70F535AB7CC02"
"GUI_WPF\PreProcess.Wpf\PreProcess.Wpf\obj\Release\PreProcess.Wpf.g.resources","4159D46D8F1692A515B69F3F1962C1C1AF1CE2812F3837054B13F281B2AB17BC"
"GUI_WPF\PreProcess.Wpf\PreProcess.Wpf\obj\Release\PreProcess.Wpf.pdb","480343DF427775619776D4CEB218F375CABB1DE0DC5974DEF19C992567908634"
"GUI_WPF\PreProcess.Wpf\PreProcess.Wpf\obj\Release\PreProcess.Wpf.Properties.Resources.resources","E13ED2C59366D0EEA74863FD71A81F0CB977CCE1EDFDE304FC538690A4F6AC89"
"GUI_WPF\PreProcess.Wpf\PreProcess.Wpf\obj\Release\PreProcess.Wpf_MarkupCompile.cache","A8C2E625BACE1C044971E853A8C5F7D1919A605375C1815261D31929EA025C74"
"GUI_WPF\PreProcess.Wpf\PreProcess.Wpf\obj\Release\PreProcess.Wpf_MarkupCompile.lref","A993EA4CDAFC91D2538DC446064C21309F405D7080CED62BE248B2C1EC3CF8FC"
"GUI_WPF\PreProcess.Wpf\PreProcess.Wpf\obj\Release\Resources\WorkbenchStyles.baml","14F4FFE8B7A41A422697CDB6A0DFD18C9E9A2B7AAC309E23B5D5C9EA0070CF4D"
"GUI_WPF\PreProcess.Wpf\PreProcess.Wpf\obj\Release\Views\CalculationOutputView.baml","84BFCA01A93DC63F29A67B6B3DC41CD419D550068DB1BF1B6CA5B0849B37D9D0"
"GUI_WPF\PreProcess.Wpf\PreProcess.Wpf\obj\Release\Views\CalculationOutputView.g.cs","9768B4D8A605ACEAC4E1C8FA3F5A8DA223ABD738481AFE320F385712A5263BB2"
"GUI_WPF\PreProcess.Wpf\PreProcess.Wpf\obj\Release\Views\EnvironmentObservationView.baml","F0B31DF1BC10E4AB9D8BD43FA39CC2E0F5A74A0C3AF2C29FCAC761A90BE66589"
"GUI_WPF\PreProcess.Wpf\PreProcess.Wpf\obj\Release\Views\EnvironmentObservationView.g.cs","97E174BAECCA92422835EAC36DB7BA256A3FAD67272CA7B44F670D52DCCEE4AD"
"GUI_WPF\PreProcess.Wpf\PreProcess.Wpf\obj\Release\Views\PlaceholderPage.baml","797989DF47FD4AAB561270F651409B71310C519C200260C631FCD0C5EA87F032"
"GUI_WPF\PreProcess.Wpf\PreProcess.Wpf\obj\Release\Views\PlaceholderPage.g.cs","0DE6423C8CD1FCD9712C29A8E380A72F774234816E910B4680A54DFE90C2B594"
"GUI_WPF\PreProcess.Wpf\PreProcess.Wpf\obj\Release\Views\SceneMotionView.baml","E2968F5602ADD5C0A740CAED251F7B54C84C454C31C466F5351BAFF39E753AD0"
"GUI_WPF\PreProcess.Wpf\PreProcess.Wpf\obj\Release\Views\SceneMotionView.g.cs","25349F581E1E322C3CBB6D1994FEE42FCFEE21E3B05CBD54314F1757ECEC1131"
"GUI_WPF\PreProcess.Wpf\PreProcess.Wpf\obj\Release\Views\TargetPhysicsEditor.baml","BF8D213FA0FC5C0F2062DFC48CD18B68F0CF8FBD8866EBDD8B80A9476780EF49"
"GUI_WPF\PreProcess.Wpf\PreProcess.Wpf\obj\Release\Views\TargetPhysicsEditor.g.cs","1DEB714430E2033CD1F703B1D0CAC53627ABBAB4EAA99A47C8DD74359B943AB1"
"GUI_WPF\PreProcess.Wpf\PreProcess.Wpf\obj\Release\Views\TargetSettingsView.baml","83E74A6B2DDDC26EDD8D442162CC6C4BFCE3956B3F23C9B16FD9A2B8758E7035"
"GUI_WPF\PreProcess.Wpf\PreProcess.Wpf\obj\Release\Views\TargetSettingsView.g.cs","299DFAA7B846B6B47E886D3DBD9D2CEF9AAC69D2FEE7E974EBE36F950528D40E"
"GUI_WPF\PreProcess.Wpf\PreProcess.Wpf\obj\Release\Views\TaskSettingsView.baml","8AA6497520BB9D8F07ACFCBADCAC4B2046CF9D0715EF8A4CB3807A4BF933B42C"
"GUI_WPF\PreProcess.Wpf\PreProcess.Wpf\obj\Release\Views\TaskSettingsView.g.cs","30741371EA46EF334D3995988E49DFC71F751441D7E09DDCBB5CFD8B658A64CE"
"GUI_WPF\PreProcess.Wpf\PreProcess.Wpf\obj\Release\Views\Vector3Editor.baml","F6DD7AFB3C314B0CE3CA8964A10C91A3E25A9B418FFFA1990F1EA6C493E3C55E"
"GUI_WPF\PreProcess.Wpf\PreProcess.Wpf\obj\Release\Views\Vector3Editor.g.cs","E7A70B99A7865658485A23610BEB06AF5A451B002F35D6AD791159E71F2CB1CA"
"GUI_WPF\PreProcess.Wpf\PreProcess.Wpf\Properties\AssemblyInfo.cs","423D6FED427E7153185CEF3D3981D08AFBF523107785A19CE3D62DC497C11BE5"
"GUI_WPF\PreProcess.Wpf\PreProcess.Wpf\Properties\Resources.Designer.cs","890A4AFCE26F77CA418BC2FCD59D9E2625307973EC90E5DD9A8B5FAC7DECDE89"
"GUI_WPF\PreProcess.Wpf\PreProcess.Wpf\Properties\Resources.resx","66B5EBD1B0FC73F041BA669CE2184F6F471D5E3524EFA34CA31233E9F5395262"
"GUI_WPF\PreProcess.Wpf\PreProcess.Wpf\Properties\Settings.Designer.cs","9E9ECE1865A45F256684818F7F00180971DA71FA04FA7C8623DED401BF21DC68"
"GUI_WPF\PreProcess.Wpf\PreProcess.Wpf\Properties\Settings.settings","106B3F631D8B6CC259B560F24669740333A27D279E05944A4394E67800FA4F8C"
"GUI_WPF\PreProcess.Wpf\PreProcess.Wpf\Requests\ForwardSimulationRequest.cs","021C49393C42BD65444D6C56238896FB314A7D3FD01AE3B66AAE9BBF8535AAD5"
"GUI_WPF\PreProcess.Wpf\PreProcess.Wpf\Requests\ModuleRequests.cs","36F90323D8887806B1288BE77CEF1A315CD4AF5B6216AE858918BF2173B86DEE"
"GUI_WPF\PreProcess.Wpf\PreProcess.Wpf\Resources\forward_request_schema.json","F4D19F1F517626BF2403F9F2B6A458363645A7A7E9E94F09ECF07919A3196C08"
"GUI_WPF\PreProcess.Wpf\PreProcess.Wpf\Resources\WorkbenchStyles.xaml","7DA41ECBF58EE2526667FFC3644E18B2EE3CDE2706595EEF698A87742902A4D1"
"GUI_WPF\PreProcess.Wpf\PreProcess.Wpf\Services\ForwardRequestValidator.cs","2FF1B2BF1BD17C3599A93052F989B8ABFE69ADDB11253481817901A2377D2C3E"
"GUI_WPF\PreProcess.Wpf\PreProcess.Wpf\Services\README.md","0C46D15F54091C4D751D092B4EA5907D0A1CFBC04022075FDC333ADB7853B2D6"
"GUI_WPF\PreProcess.Wpf\PreProcess.Wpf\Services\RequestGenerator.cs","239259769AC3F2DBC6A9D80603667B2605E1912663A4D5BFDCA1EE414D2AD89F"
"GUI_WPF\PreProcess.Wpf\PreProcess.Wpf\Services\Mappers\ForwardSimulationMapper.cs","5CD2C9AD452A80A9EF129C9654B7CDFC17D7B721E47D66C6CA0029A733E5F8E9"
"GUI_WPF\PreProcess.Wpf\PreProcess.Wpf\Services\Mappers\PredictionMapper.cs","DF8EC1EC4F7DDCA454B6D5252B9BFA9CCFC4A1E125B0801BD5DE65316AD69D31"
"GUI_WPF\PreProcess.Wpf\PreProcess.Wpf\Services\Mappers\SceneBuildMapper.cs","F6681339FA358B87688D982DD46BFB6C0D219CEEA67185606E977E5B6174C2A6"
"GUI_WPF\PreProcess.Wpf\PreProcess.Wpf\Services\Mappers\SimilarityEvaluationMapper.cs","5B82699D426D2011C0CF81FFFC17DD38138A69F63966CA07258A66937869300D"
"GUI_WPF\PreProcess.Wpf\PreProcess.Wpf\Services\Mappers\TrajectoryMapper.cs","54F7A881B3E9EE0575DA2F5F5CFE4DC98EA158FD872FAEB13D7D9B16560F2FEC"
"GUI_WPF\PreProcess.Wpf\PreProcess.Wpf\Validation\CapabilityValidator.cs","48CEC6C02A8719C634E9C87EDEA4A3245946B6B4AEEC2965D8F493DD097BC2F4"
"GUI_WPF\PreProcess.Wpf\PreProcess.Wpf\ViewModels\MainWindowViewModel.cs","A9FDE3ADA8DDFA5ECE16CAF4AE329255741C8C06B86AEA83FE68F5C60A7D24E4"
"GUI_WPF\PreProcess.Wpf\PreProcess.Wpf\ViewModels\NavigationItemViewModel.cs","E378EC633AC4AD0621281A02586BE46201D8F04A1D5BD14F0B7506FAA21AA862"
"GUI_WPF\PreProcess.Wpf\PreProcess.Wpf\ViewModels\ObservableObject.cs","5078600662D40FBA81CD889DC94468C675300F3DF4F1725CECF758DCB23BC9CB"
"GUI_WPF\PreProcess.Wpf\PreProcess.Wpf\ViewModels\RelayCommand.cs","7CDB11CA0976F695D4A529AB948F22C272C16340934280536C79355B0A92F01A"
"GUI_WPF\PreProcess.Wpf\PreProcess.Wpf\ViewModels\TaskEditorViewModel.cs","EDD82652CEE9968C32B2A6229C1CB051E1207D547AF35780CDE717AF9F8108C7"
"GUI_WPF\PreProcess.Wpf\PreProcess.Wpf\Views\CalculationOutputView.xaml","B655D752DEE356B9ED05D65D53761F01AEC698EC80C7D59C196026A53D477B94"
"GUI_WPF\PreProcess.Wpf\PreProcess.Wpf\Views\CalculationOutputView.xaml.cs","E9EF68C1CB06E3104EC73696DF9C9AE8A73D736470E72CE12C82B72CBCAFC1B9"
"GUI_WPF\PreProcess.Wpf\PreProcess.Wpf\Views\EnvironmentObservationView.xaml","0CE58FDDD3302589C7197ACE40102C95391F4ABF3790D645E73A7C1D878FAB61"
"GUI_WPF\PreProcess.Wpf\PreProcess.Wpf\Views\EnvironmentObservationView.xaml.cs","826BAAF30E5E1DBA668D2996E11CC443752CB228AC9C651B3019E7D7D60DB9FA"
"GUI_WPF\PreProcess.Wpf\PreProcess.Wpf\Views\PlaceholderPage.xaml","39CC6E283CCE6C980A217B28B073C91DBD0097987F8551AFEAC514AB91A53377"
"GUI_WPF\PreProcess.Wpf\PreProcess.Wpf\Views\PlaceholderPage.xaml.cs","A2C684B1AE7B390E5372423AFD967121A708BFCFF559D291CF3770CE1D0C1583"
"GUI_WPF\PreProcess.Wpf\PreProcess.Wpf\Views\SceneMotionView.xaml","E93E9A8FB4B42FF0CCFBF8B6AB9BEB120B4721EE290D9A7F36A6A0B23D892141"
"GUI_WPF\PreProcess.Wpf\PreProcess.Wpf\Views\SceneMotionView.xaml.cs","DFEB077B03096907312FB456EFA3C33BAF1E6D63AE095B8D8CA2064FD452CF8E"
"GUI_WPF\PreProcess.Wpf\PreProcess.Wpf\Views\TargetPhysicsEditor.xaml","5640AC6C78108B913AA928F2CEAC55706287B67ED2F336560338DB6FF7B60D5B"
"GUI_WPF\PreProcess.Wpf\PreProcess.Wpf\Views\TargetPhysicsEditor.xaml.cs","2C1B9430C43C00A02517934BC166E10228621CC39CD40EF1FC9D7B4A960AEA0E"
"GUI_WPF\PreProcess.Wpf\PreProcess.Wpf\Views\TargetSettingsView.xaml","155DF581FEEAFD6D85EF4AB1EB1398436FFF8DA039B793191DF3DB95B8F82AEC"
"GUI_WPF\PreProcess.Wpf\PreProcess.Wpf\Views\TargetSettingsView.xaml.cs","E2FF2B6217936F1AD4B053FBABF9D582C5E7023370104A24FDFA6C954EB05763"
"GUI_WPF\PreProcess.Wpf\PreProcess.Wpf\Views\TaskSettingsView.xaml","78693D8FBE114985E515ADA27BC5711BC082B0C401622F23020C009E010E3B59"
"GUI_WPF\PreProcess.Wpf\PreProcess.Wpf\Views\TaskSettingsView.xaml.cs","30437B052A972F1FC3A5761C5BE67C0D4B79A22855DCDB814AB1C55E501FC358"
"GUI_WPF\PreProcess.Wpf\PreProcess.Wpf\Views\Vector3Editor.xaml","D52E70A437E788AED46410634A3F67F37EB14E795224848D693F7C6F7C745C2E"
"GUI_WPF\PreProcess.Wpf\PreProcess.Wpf\Views\Vector3Editor.xaml.cs","05BBC5F7466D38A8FE6049F8E2F09452C637FE1B2D29B6BB57039742F4BB3F06"
