scene_template_id,frame_id,sphere_id,time_s,distance_to_detector,sphere_id_norm,active_flag,sphere_init_x,sphere_init_y,sphere_init_z,sphere_vx,sphere_vy,sphere_vz,sphere_release_time,sphere_age_s,sphere_released_flag,sphere_pos_x,sphere_pos_y,sphere_pos_z,input_GRID_NX,input_GRID_NY,input_SPOT_PLANE_SIZE
default_fixed_scene_v1,0,1,0.0,223605.5,0.0625,1.0,0.0,0.0,0.0,0.0,0.0,0.0,0.0,0.0,1.0,0.0,0.0,0.0,256,256,0.0128
default_fixed_scene_v1,0,2,0.0,223605.5,0.125,1.0,0.0,0.0,0.0,4.9956754,0.0,0.20791169,20.0,0.0,0.0,0.0,0.0,0.0,256,256,0.0128
default_fixed_scene_v1,0,3,0.0,223605.5,0.1875,1.0,0.0,0.0,0.0,4.5360553,2.0195819,0.58778525,25.0,0.0,0.0,0.0,0.0,0.0,256,256,0.0128
default_fixed_scene_v1,0,4,0.0,223605.5,0.25,1.0,0.0,0.0,0.0,3.2950861,3.6595639,0.8660254,30.0,0.0,0.0,0.0,0.0,0.0,256,256,0.0128
default_fixed_scene_v1,0,5,0.0,223605.5,0.3125,1.0,0.0,0.0,0.0,1.5142125,4.6602668,0.9945219,35.0,0.0,0.0,0.0,0.0,0.0,256,256,0.0128
default_fixed_scene_v1,0,6,0.0,223605.5,0.375,1.0,0.0,0.0,0.0,-0.51310053,4.8818254,0.95105652,40.0,0.0,0.0,0.0,0.0,0.0,256,256,0.0128
default_fixed_scene_v1,0,7,0.0,223605.5,0.4375,1.0,0.0,0.0,0.0,-2.4722326,4.2820324,0.74314483,45.0,0.0,0.0,0.0,0.0,0.0,256,256,0.0128
default_fixed_scene_v1,0,8,0.0,223605.5,0.5,1.0,0.0,0.0,0.0,-4.0316788,2.9291861,0.40673664,50.0,0.0,0.0,0.0,0.0,0.0,256,256,0.0128
default_fixed_scene_v1,0,9,0.0,223605.5,0.5625,1.0,0.0,0.0,0.0,-4.890738,1.0395585,5.665538900000001e-16,55.0,0.0,0.0,0.0,0.0,0.0,256,256,0.0128
default_fixed_scene_v1,0,10,0.0,223605.5,0.625,1.0,0.0,0.0,0.0,-4.8745292,-1.0361132,-0.40673664,60.0,0.0,0.0,0.0,0.0,0.0,256,256,0.0128
default_fixed_scene_v1,0,11,0.0,223605.5,0.6875,1.0,0.0,0.0,0.0,-4.0001563,-2.9062837,-0.74314483,65.0,0.0,0.0,0.0,0.0,0.0,256,256,0.0128
default_fixed_scene_v1,0,12,0.0,223605.5,0.75,1.0,0.0,0.0,0.0,-2.4543579,-4.2510726,-0.95105652,70.0,0.0,0.0,0.0,0.0,0.0,256,256,0.0128
default_fixed_scene_v1,0,13,0.0,223605.5,0.8125,1.0,0.0,0.0,0.0,-0.51219935,-4.8732513,-0.9945219,75.0,0.0,0.0,0.0,0.0,0.0,256,256,0.0128
default_fixed_scene_v1,0,14,0.0,223605.5,0.875,1.0,0.0,0.0,0.0,1.5217322,-4.6834102,-0.8660254,80.0,0.0,0.0,0.0,0.0,0.0,256,256,0.0128
default_fixed_scene_v1,0,15,0.0,223605.5,0.9375,1.0,0.0,0.0,0.0,3.3224547,-3.6899598,-0.58778525,85.0,0.0,0.0,0.0,0.0,0.0,256,256,0.0128
default_fixed_scene_v1,0,16,0.0,223605.5,1.0,1.0,0.0,0.0,0.0,4.5637766,-2.0319242,-0.20791169,90.0,0.0,0.0,0.0,0.0,0.0,256,256,0.0128
default_fixed_scene_v1,10,1,10.0,159904.6,0.0625,1.0,0.0,0.0,0.0,0.0,0.0,0.0,0.0,10.0,1.0,0.0,0.0,0.0,256,256,0.0128
default_fixed_scene_v1,10,2,10.0,159904.6,0.125,1.0,0.0,0.0,0.0,4.9956754,0.0,0.20791169,20.0,0.0,0.0,0.0,0.0,0.0,256,256,0.0128
default_fixed_scene_v1,10,3,10.0,159904.6,0.1875,1.0,0.0,0.0,0.0,4.5360553,2.0195819,0.58778525,25.0,0.0,0.0,0.0,0.0,0.0,256,256,0.0128
default_fixed_scene_v1,10,4,10.0,159904.6,0.25,1.0,0.0,0.0,0.0,3.2950861,3.6595639,0.8660254,30.0,0.0,0.0,0.0,0.0,0.0,256,256,0.0128
default_fixed_scene_v1,10,5,10.0,159904.6,0.3125,1.0,0.0,0.0,0.0,1.5142125,4.6602668,0.9945219,35.0,0.0,0.0,0.0,0.0,0.0,256,256,0.0128
default_fixed_scene_v1,10,6,10.0,159904.6,0.375,1.0,0.0,0.0,0.0,-0.51310053,4.8818254,0.95105652,40.0,0.0,0.0,0.0,0.0,0.0,256,256,0.0128
default_fixed_scene_v1,10,7,10.0,159904.6,0.4375,1.0,0.0,0.0,0.0,-2.4722326,4.2820324,0.74314483,45.0,0.0,0.0,0.0,0.0,0.0,256,256,0.0128
default_fixed_scene_v1,10,8,10.0,159904.6,0.5,1.0,0.0,0.0,0.0,-4.0316788,2.9291861,0.40673664,50.0,0.0,0.0,0.0,0.0,0.0,256,256,0.0128
default_fixed_scene_v1,10,9,10.0,159904.6,0.5625,1.0,0.0,0.0,0.0,-4.890738,1.0395585,5.665538900000001e-16,55.0,0.0,0.0,0.0,0.0,0.0,256,256,0.0128
default_fixed_scene_v1,10,10,10.0,159904.6,0.625,1.0,0.0,0.0,0.0,-4.8745292,-1.0361132,-0.40673664,60.0,0.0,0.0,0.0,0.0,0.0,256,256,0.0128
default_fixed_scene_v1,10,11,10.0,159904.6,0.6875,1.0,0.0,0.0,0.0,-4.0001563,-2.9062837,-0.74314483,65.0,0.0,0.0,0.0,0.0,0.0,256,256,0.0128
default_fixed_scene_v1,10,12,10.0,159904.6,0.75,1.0,0.0,0.0,0.0,-2.4543579,-4.2510726,-0.95105652,70.0,0.0,0.0,0.0,0.0,0.0,256,256,0.0128
default_fixed_scene_v1,10,13,10.0,159904.6,0.8125,1.0,0.0,0.0,0.0,-0.51219935,-4.8732513,-0.9945219,75.0,0.0,0.0,0.0,0.0,0.0,256,256,0.0128
default_fixed_scene_v1,10,14,10.0,159904.6,0.875,1.0,0.0,0.0,0.0,1.5217322,-4.6834102,-0.8660254,80.0,0.0,0.0,0.0,0.0,0.0,256,256,0.0128
default_fixed_scene_v1,10,15,10.0,159904.6,0.9375,1.0,0.0,0.0,0.0,3.3224547,-3.6899598,-0.58778525,85.0,0.0,0.0,0.0,0.0,0.0,256,256,0.0128
default_fixed_scene_v1,10,16,10.0,159904.6,1.0,1.0,0.0,0.0,0.0,4.5637766,-2.0319242,-0.20791169,90.0,0.0,0.0,0.0,0.0,0.0,256,256,0.0128
default_fixed_scene_v1,20,1,20.0,97361.82,0.0625,1.0,0.0,0.0,0.0,0.0,0.0,0.0,0.0,20.0,1.0,0.0,0.0,0.0,256,256,0.0128
default_fixed_scene_v1,20,2,20.0,97361.82,0.125,1.0,0.0,0.0,0.0,4.9956754,0.0,0.20791169,20.0,0.0,1.0,0.0,0.0,0.0,256,256,0.0128
default_fixed_scene_v1,20,3,20.0,97361.82,0.1875,1.0,0.0,0.0,0.0,4.5360553,2.0195819,0.58778525,25.0,0.0,0.0,0.0,0.0,0.0,256,256,0.0128
default_fixed_scene_v1,20,4,20.0,97361.82,0.25,1.0,0.0,0.0,0.0,3.2950861,3.6595639,0.8660254,30.0,0.0,0.0,0.0,0.0,0.0,256,256,0.0128
default_fixed_scene_v1,20,5,20.0,97361.82,0.3125,1.0,0.0,0.0,0.0,1.5142125,4.6602668,0.9945219,35.0,0.0,0.0,0.0,0.0,0.0,256,256,0.0128
default_fixed_scene_v1,20,6,20.0,97361.82,0.375,1.0,0.0,0.0,0.0,-0.51310053,4.8818254,0.95105652,40.0,0.0,0.0,0.0,0.0,0.0,256,256,0.0128
default_fixed_scene_v1,20,7,20.0,97361.82,0.4375,1.0,0.0,0.0,0.0,-2.4722326,4.2820324,0.74314483,45.0,0.0,0.0,0.0,0.0,0.0,256,256,0.0128
default_fixed_scene_v1,20,8,20.0,97361.82,0.5,1.0,0.0,0.0,0.0,-4.0316788,2.9291861,0.40673664,50.0,0.0,0.0,0.0,0.0,0.0,256,256,0.0128
default_fixed_scene_v1,20,9,20.0,97361.82,0.5625,1.0,0.0,0.0,0.0,-4.890738,1.0395585,5.665538900000001e-16,55.0,0.0,0.0,0.0,0.0,0.0,256,256,0.0128
default_fixed_scene_v1,20,10,20.0,97361.82,0.625,1.0,0.0,0.0,0.0,-4.8745292,-1.0361132,-0.40673664,60.0,0.0,0.0,0.0,0.0,0.0,256,256,0.0128
default_fixed_scene_v1,20,11,20.0,97361.82,0.6875,1.0,0.0,0.0,0.0,-4.0001563,-2.9062837,-0.74314483,65.0,0.0,0.0,0.0,0.0,0.0,256,256,0.0128
default_fixed_scene_v1,20,12,20.0,97361.82,0.75,1.0,0.0,0.0,0.0,-2.4543579,-4.2510726,-0.95105652,70.0,0.0,0.0,0.0,0.0,0.0,256,256,0.0128
default_fixed_scene_v1,20,13,20.0,97361.82,0.8125,1.0,0.0,0.0,0.0,-0.51219935,-4.8732513,-0.9945219,75.0,0.0,0.0,0.0,0.0,0.0,256,256,0.0128
default_fixed_scene_v1,20,14,20.0,97361.82,0.875,1.0,0.0,0.0,0.0,1.5217322,-4.6834102,-0.8660254,80.0,0.0,0.0,0.0,0.0,0.0,256,256,0.0128
default_fixed_scene_v1,20,15,20.0,97361.82,0.9375,1.0,0.0,0.0,0.0,3.3224547,-3.6899598,-0.58778525,85.0,0.0,0.0,0.0,0.0,0.0,256,256,0.0128
default_fixed_scene_v1,20,16,20.0,97361.82,1.0,1.0,0.0,0.0,0.0,4.5637766,-2.0319242,-0.20791169,90.0,0.0,0.0,0.0,0.0,0.0,256,256,0.0128
default_fixed_scene_v1,30,1,30.0,41580.69,0.0625,1.0,0.0,0.0,0.0,0.0,0.0,0.0,0.0,30.0,1.0,0.0,0.0,0.0,256,256,0.0128
default_fixed_scene_v1,30,2,30.0,41536.66,0.125,1.0,0.0,0.0,0.0,4.9956754,0.0,0.20791169,20.0,10.0,1.0,49.956754,0.0,2.0791169000000003,256,256,0.0128
default_fixed_scene_v1,30,3,30.0,41565.23,0.1875,1.0,0.0,0.0,0.0,4.5360553,2.0195819,0.58778525,25.0,5.0,1.0,22.6802765,10.0979095,2.93892625,256,256,0.0128
default_fixed_scene_v1,30,4,30.0,41580.69,0.25,1.0,0.0,0.0,0.0,3.2950861,3.6595639,0.8660254,30.0,0.0,1.0,0.0,0.0,0.0,256,256,0.0128
default_fixed_scene_v1,30,5,30.0,41580.69,0.3125,1.0,0.0,0.0,0.0,1.5142125,4.6602668,0.9945219,35.0,0.0,0.0,0.0,0.0,0.0,256,256,0.0128
default_fixed_scene_v1,30,6,30.0,41580.69,0.375,1.0,0.0,0.0,0.0,-0.51310053,4.8818254,0.95105652,40.0,0.0,0.0,0.0,0.0,0.0,256,256,0.0128
default_fixed_scene_v1,30,7,30.0,41580.69,0.4375,1.0,0.0,0.0,0.0,-2.4722326,4.2820324,0.74314483,45.0,0.0,0.0,0.0,0.0,0.0,256,256,0.0128
default_fixed_scene_v1,30,8,30.0,41580.69,0.5,1.0,0.0,0.0,0.0,-4.0316788,2.9291861,0.40673664,50.0,0.0,0.0,0.0,0.0,0.0,256,256,0.0128
default_fixed_scene_v1,30,9,30.0,41580.69,0.5625,1.0,0.0,0.0,0.0,-4.890738,1.0395585,5.665538900000001e-16,55.0,0.0,0.0,0.0,0.0,0.0,256,256,0.0128
default_fixed_scene_v1,30,10,30.0,41580.69,0.625,1.0,0.0,0.0,0.0,-4.8745292,-1.0361132,-0.40673664,60.0,0.0,0.0,0.0,0.0,0.0,256,256,0.0128
default_fixed_scene_v1,30,11,30.0,41580.69,0.6875,1.0,0.0,0.0,0.0,-4.0001563,-2.9062837,-0.74314483,65.0,0.0,0.0,0.0,0.0,0.0,256,256,0.0128
default_fixed_scene_v1,30,12,30.0,41580.69,0.75,1.0,0.0,0.0,0.0,-2.4543579,-4.2510726,-0.95105652,70.0,0.0,0.0,0.0,0.0,0.0,256,256,0.0128
default_fixed_scene_v1,30,13,30.0,41580.69,0.8125,1.0,0.0,0.0,0.0,-0.51219935,-4.8732513,-0.9945219,75.0,0.0,0.0,0.0,0.0,0.0,256,256,0.0128
default_fixed_scene_v1,30,14,30.0,41580.69,0.875,1.0,0.0,0.0,0.0,1.5217322,-4.6834102,-0.8660254,80.0,0.0,0.0,0.0,0.0,0.0,256,256,0.0128
default_fixed_scene_v1,30,15,30.0,41580.69,0.9375,1.0,0.0,0.0,0.0,3.3224547,-3.6899598,-0.58778525,85.0,0.0,0.0,0.0,0.0,0.0,256,256,0.0128
default_fixed_scene_v1,30,16,30.0,41580.69,1.0,1.0,0.0,0.0,0.0,4.5637766,-2.0319242,-0.20791169,90.0,0.0,0.0,0.0,0.0,0.0,256,256,0.0128
default_fixed_scene_v1,40,1,40.0,48147.78,0.0625,1.0,0.0,0.0,0.0,0.0,0.0,0.0,0.0,40.0,1.0,0.0,0.0,0.0,256,256,0.0128
default_fixed_scene_v1,40,2,40.0,48115.64,0.125,1.0,0.0,0.0,0.0,4.9956754,0.0,0.20791169,20.0,20.0,1.0,99.913508,0.0,4.1582338000000005,256,256,0.0128
default_fixed_scene_v1,40,3,40.0,48099.58,0.1875,1.0,0.0,0.0,0.0,4.5360553,2.0195819,0.58778525,25.0,15.0,1.0,68.0408295,30.2937285,8.816778750000001,256,256,0.0128
default_fixed_scene_v1,40,4,40.0,48105.42,0.25,1.0,0.0,0.0,0.0,3.2950861,3.6595639,0.8660254,30.0,10.0,1.0,32.950860999999996,36.595639000000006,8.660254,256,256,0.0128
default_fixed_scene_v1,40,5,40.0,48125.13,0.3125,1.0,0.0,0.0,0.0,1.5142125,4.6602668,0.9945219,35.0,5.0,1.0,7.5710625,23.301333999999997,4.9726095,256,256,0.0128
default_fixed_scene_v1,40,6,40.0,48147.78,0.375,1.0,0.0,0.0,0.0,-0.51310053,4.8818254,0.95105652,40.0,0.0,1.0,0.0,0.0,0.0,256,256,0.0128
default_fixed_scene_v1,40,7,40.0,48147.78,0.4375,1.0,0.0,0.0,0.0,-2.4722326,4.2820324,0.74314483,45.0,0.0,0.0,0.0,0.0,0.0,256,256,0.0128
default_fixed_scene_v1,40,8,40.0,48147.78,0.5,1.0,0.0,0.0,0.0,-4.0316788,2.9291861,0.40673664,50.0,0.0,0.0,0.0,0.0,0.0,256,256,0.0128
default_fixed_scene_v1,40,9,40.0,48147.78,0.5625,1.0,0.0,0.0,0.0,-4.890738,1.0395585,5.665538900000001e-16,55.0,0.0,0.0,0.0,0.0,0.0,256,256,0.0128
default_fixed_scene_v1,40,10,40.0,48147.78,0.625,1.0,0.0,0.0,0.0,-4.8745292,-1.0361132,-0.40673664,60.0,0.0,0.0,0.0,0.0,0.0,256,256,0.0128
default_fixed_scene_v1,40,11,40.0,48147.78,0.6875,1.0,0.0,0.0,0.0,-4.0001563,-2.9062837,-0.74314483,65.0,0.0,0.0,0.0,0.0,0.0,256,256,0.0128
default_fixed_scene_v1,40,12,40.0,48147.78,0.75,1.0,0.0,0.0,0.0,-2.4543579,-4.2510726,-0.95105652,70.0,0.0,0.0,0.0,0.0,0.0,256,256,0.0128
default_fixed_scene_v1,40,13,40.0,48147.78,0.8125,1.0,0.0,0.0,0.0,-0.51219935,-4.8732513,-0.9945219,75.0,0.0,0.0,0.0,0.0,0.0,256,256,0.0128
default_fixed_scene_v1,40,14,40.0,48147.78,0.875,1.0,0.0,0.0,0.0,1.5217322,-4.6834102,-0.8660254,80.0,0.0,0.0,0.0,0.0,0.0,256,256,0.0128
default_fixed_scene_v1,40,15,40.0,48147.78,0.9375,1.0,0.0,0.0,0.0,3.3224547,-3.6899598,-0.58778525,85.0,0.0,0.0,0.0,0.0,0.0,256,256,0.0128
default_fixed_scene_v1,40,16,40.0,48147.78,1.0,1.0,0.0,0.0,0.0,4.5637766,-2.0319242,-0.20791169,90.0,0.0,0.0,0.0,0.0,0.0,256,256,0.0128
default_fixed_scene_v1,50,1,50.0,106052.4,0.0625,1.0,0.0,0.0,0.0,0.0,0.0,0.0,0.0,50.0,1.0,0.0,0.0,0.0,256,256,0.0128
default_fixed_scene_v1,50,2,50.0,106060.4,0.125,1.0,0.0,0.0,0.0,4.9956754,0.0,0.20791169,20.0,30.0,1.0,149.870262,0.0,6.2373507,256,256,0.0128
default_fixed_scene_v1,50,3,50.0,106009.8,0.1875,1.0,0.0,0.0,0.0,4.5360553,2.0195819,0.58778525,25.0,25.0,1.0,113.4013825,50.4895475,14.69463125,256,256,0.0128
default_fixed_scene_v1,50,4,50.0,105985.4,0.25,1.0,0.0,0.0,0.0,3.2950861,3.6595639,0.8660254,30.0,20.0,1.0,65.90172199999999,73.19127800000001,17.320508,256,256,0.0128
default_fixed_scene_v1,50,5,50.0,105986.3,0.3125,1.0,0.0,0.0,0.0,1.5142125,4.6602668,0.9945219,35.0,15.0,1.0,22.7131875,69.90400199999999,14.917828499999999,256,256,0.0128
default_fixed_scene_v1,50,6,50.0,106005.1,0.375,1.0,0.0,0.0,0.0,-0.51310053,4.8818254,0.95105652,40.0,10.0,1.0,-5.1310053,48.818254,9.5105652,256,256,0.0128
default_fixed_scene_v1,50,7,50.0,106031.1,0.4375,1.0,0.0,0.0,0.0,-2.4722326,4.2820324,0.74314483,45.0,5.0,1.0,-12.361163,21.410162,3.71572415,256,256,0.0128
default_fixed_scene_v1,50,8,50.0,106052.4,0.5,1.0,0.0,0.0,0.0,-4.0316788,2.9291861,0.40673664,50.0,0.0,1.0,0.0,0.0,0.0,256,256,0.0128
default_fixed_scene_v1,50,9,50.0,106052.4,0.5625,1.0,0.0,0.0,0.0,-4.890738,1.0395585,5.665538900000001e-16,55.0,0.0,0.0,0.0,0.0,0.0,256,256,0.0128
default_fixed_scene_v1,50,10,50.0,106052.4,0.625,1.0,0.0,0.0,0.0,-4.8745292,-1.0361132,-0.40673664,60.0,0.0,0.0,0.0,0.0,0.0,256,256,0.0128
default_fixed_scene_v1,50,11,50.0,106052.4,0.6875,1.0,0.0,0.0,0.0,-4.0001563,-2.9062837,-0.74314483,65.0,0.0,0.0,0.0,0.0,0.0,256,256,0.0128
default_fixed_scene_v1,50,12,50.0,106052.4,0.75,1.0,0.0,0.0,0.0,-2.4543579,-4.2510726,-0.95105652,70.0,0.0,0.0,0.0,0.0,0.0,256,256,0.0128
default_fixed_scene_v1,50,13,50.0,106052.4,0.8125,1.0,0.0,0.0,0.0,-0.51219935,-4.8732513,-0.9945219,75.0,0.0,0.0,0.0,0.0,0.0,256,256,0.0128
default_fixed_scene_v1,50,14,50.0,106052.4,0.875,1.0,0.0,0.0,0.0,1.5217322,-4.6834102,-0.8660254,80.0,0.0,0.0,0.0,0.0,0.0,256,256,0.0128
default_fixed_scene_v1,50,15,50.0,106052.4,0.9375,1.0,0.0,0.0,0.0,3.3224547,-3.6899598,-0.58778525,85.0,0.0,0.0,0.0,0.0,0.0,256,256,0.0128
default_fixed_scene_v1,50,16,50.0,106052.4,1.0,1.0,0.0,0.0,0.0,4.5637766,-2.0319242,-0.20791169,90.0,0.0,0.0,0.0,0.0,0.0,256,256,0.0128
default_fixed_scene_v1,60,1,60.0,168866.2,0.0625,1.0,0.0,0.0,0.0,0.0,0.0,0.0,0.0,60.0,1.0,0.0,0.0,0.0,256,256,0.0128
default_fixed_scene_v1,60,2,60.0,168898.0,0.125,1.0,0.0,0.0,0.0,4.9956754,0.0,0.20791169,20.0,40.0,1.0,199.827016,0.0,8.316467600000001,256,256,0.0128
default_fixed_scene_v1,60,3,60.0,168823.3,0.1875,1.0,0.0,0.0,0.0,4.5360553,2.0195819,0.58778525,25.0,35.0,1.0,158.7619355,70.6853665,20.57248375,256,256,0.0128
default_fixed_scene_v1,60,4,60.0,168776.2,0.25,1.0,0.0,0.0,0.0,3.2950861,3.6595639,0.8660254,30.0,30.0,1.0,98.852583,109.786917,25.980762,256,256,0.0128
default_fixed_scene_v1,60,5,60.0,168760.0,0.3125,1.0,0.0,0.0,0.0,1.5142125,4.6602668,0.9945219,35.0,25.0,1.0,37.8553125,116.50666999999999,24.8630475,256,256,0.0128
default_fixed_scene_v1,60,6,60.0,168770.6,0.375,1.0,0.0,0.0,0.0,-0.51310053,4.8818254,0.95105652,40.0,20.0,1.0,-10.2620106,97.636508,19.0211304,256,256,0.0128
default_fixed_scene_v1,60,7,60.0,168798.5,0.4375,1.0,0.0,0.0,0.0,-2.4722326,4.2820324,0.74314483,45.0,15.0,1.0,-37.083489,64.230486,11.14717245,256,256,0.0128
default_fixed_scene_v1,60,8,60.0,168831.6,0.5,1.0,0.0,0.0,0.0,-4.0316788,2.9291861,0.40673664,50.0,10.0,1.0,-40.316788,29.291860999999997,4.0673664,256,256,0.0128
default_fixed_scene_v1,60,9,60.0,168857.4,0.5625,1.0,0.0,0.0,0.0,-4.890738,1.0395585,5.665538900000001e-16,55.0,5.0,1.0,-24.453689999999998,5.1977925,2.8327694500000006e-15,256,256,0.0128
default_fixed_scene_v1,60,10,60.0,168866.2,0.625,1.0,0.0,0.0,0.0,-4.8745292,-1.0361132,-0.40673664,60.0,0.0,1.0,0.0,0.0,0.0,256,256,0.0128
default_fixed_scene_v1,60,11,60.0,168866.2,0.6875,1.0,0.0,0.0,0.0,-4.0001563,-2.9062837,-0.74314483,65.0,0.0,0.0,0.0,0.0,0.0,256,256,0.0128
default_fixed_scene_v1,60,12,60.0,168866.2,0.75,1.0,0.0,0.0,0.0,-2.4543579,-4.2510726,-0.95105652,70.0,0.0,0.0,0.0,0.0,0.0,256,256,0.0128
default_fixed_scene_v1,60,13,60.0,168866.2,0.8125,1.0,0.0,0.0,0.0,-0.51219935,-4.8732513,-0.9945219,75.0,0.0,0.0,0.0,0.0,0.0,256,256,0.0128
default_fixed_scene_v1,60,14,60.0,168866.2,0.875,1.0,0.0,0.0,0.0,1.5217322,-4.6834102,-0.8660254,80.0,0.0,0.0,0.0,0.0,0.0,256,256,0.0128
default_fixed_scene_v1,60,15,60.0,168866.2,0.9375,1.0,0.0,0.0,0.0,3.3224547,-3.6899598,-0.58778525,85.0,0.0,0.0,0.0,0.0,0.0,256,256,0.0128
default_fixed_scene_v1,60,16,60.0,168866.2,1.0,1.0,0.0,0.0,0.0,4.5637766,-2.0319242,-0.20791169,90.0,0.0,0.0,0.0,0.0,0.0,256,256,0.0128
default_fixed_scene_v1,70,1,70.0,232646.3,0.0625,1.0,0.0,0.0,0.0,0.0,0.0,0.0,0.0,70.0,1.0,0.0,0.0,0.0,256,256,0.0128
default_fixed_scene_v1,70,2,70.0,232697.7,0.125,1.0,0.0,0.0,0.0,4.9956754,0.0,0.20791169,20.0,50.0,1.0,249.78376999999998,0.0,10.3955845,256,256,0.0128
default_fixed_scene_v1,70,3,70.0,232601.2,0.1875,1.0,0.0,0.0,0.0,4.5360553,2.0195819,0.58778525,25.0,45.0,1.0,204.1224885,90.8811855,26.450336250000003,256,256,0.0128
default_fixed_scene_v1,70,4,70.0,232533.1,0.25,1.0,0.0,0.0,0.0,3.2950861,3.6595639,0.8660254,30.0,40.0,1.0,131.80344399999998,146.38255600000002,34.641016,256,256,0.0128
default_fixed_scene_v1,70,5,70.0,232500.8,0.3125,1.0,0.0,0.0,0.0,1.5142125,4.6602668,0.9945219,35.0,35.0,1.0,52.9974375,163.10933799999998,34.8082665,256,256,0.0128
default_fixed_scene_v1,70,6,70.0,232502.7,0.375,1.0,0.0,0.0,0.0,-0.51310053,4.8818254,0.95105652,40.0,30.0,1.0,-15.3930159,146.45476200000002,28.5316956,256,256,0.0128
default_fixed_scene_v1,70,7,70.0,232530.9,0.4375,1.0,0.0,0.0,0.0,-2.4722326,4.2820324,0.74314483,45.0,25.0,1.0,-61.805814999999996,107.05081000000001,18.57862075,256,256,0.0128
default_fixed_scene_v1,70,8,70.0,232573.5,0.5,1.0,0.0,0.0,0.0,-4.0316788,2.9291861,0.40673664,50.0,20.0,1.0,-80.633576,58.583721999999995,8.1347328,256,256,0.0128
default_fixed_scene_v1,70,9,70.0,232616.2,0.5625,1.0,0.0,0.0,0.0,-4.890738,1.0395585,5.665538900000001e-16,55.0,15.0,1.0,-73.36107,15.5933775,8.498308350000002e-15,256,256,0.0128
default_fixed_scene_v1,70,10,70.0,232646.2,0.625,1.0,0.0,0.0,0.0,-4.8745292,-1.0361132,-0.40673664,60.0,10.0,1.0,-48.74529199999999,-10.361132,-4.0673664,256,256,0.0128
default_fixed_scene_v1,70,11,70.0,232656.1,0.6875,1.0,0.0,0.0,0.0,-4.0001563,-2.9062837,-0.74314483,65.0,5.0,1.0,-20.000781500000002,-14.5314185,-3.71572415,256,256,0.0128
default_fixed_scene_v1,70,12,70.0,232646.3,0.75,1.0,0.0,0.0,0.0,-2.4543579,-4.2510726,-0.95105652,70.0,0.0,1.0,0.0,0.0,0.0,256,256,0.0128
default_fixed_scene_v1,70,13,70.0,232646.3,0.8125,1.0,0.0,0.0,0.0,-0.51219935,-4.8732513,-0.9945219,75.0,0.0,0.0,0.0,0.0,0.0,256,256,0.0128
default_fixed_scene_v1,70,14,70.0,232646.3,0.875,1.0,0.0,0.0,0.0,1.5217322,-4.6834102,-0.8660254,80.0,0.0,0.0,0.0,0.0,0.0,256,256,0.0128
default_fixed_scene_v1,70,15,70.0,232646.3,0.9375,1.0,0.0,0.0,0.0,3.3224547,-3.6899598,-0.58778525,85.0,0.0,0.0,0.0,0.0,0.0,256,256,0.0128
default_fixed_scene_v1,70,16,70.0,232646.3,1.0,1.0,0.0,0.0,0.0,4.5637766,-2.0319242,-0.20791169,90.0,0.0,0.0,0.0,0.0,0.0,256,256,0.0128
default_fixed_scene_v1,80,1,80.0,296770.2,0.0625,1.0,0.0,0.0,0.0,0.0,0.0,0.0,0.0,80.0,1.0,0.0,0.0,0.0,256,256,0.0128
default_fixed_scene_v1,80,2,80.0,296840.0,0.125,1.0,0.0,0.0,0.0,4.9956754,0.0,0.20791169,20.0,60.0,1.0,299.740524,0.0,12.4747014,256,256,0.0128
default_fixed_scene_v1,80,3,80.0,296722.1,0.1875,1.0,0.0,0.0,0.0,4.5360553,2.0195819,0.58778525,25.0,55.0,1.0,249.4830415,111.0770045,32.32818875,256,256,0.0128
default_fixed_scene_v1,80,4,80.0,296633.7,0.25,1.0,0.0,0.0,0.0,3.2950861,3.6595639,0.8660254,30.0,50.0,1.0,164.754305,182.978195,43.301269999999995,256,256,0.0128
default_fixed_scene_v1,80,5,80.0,296585.7,0.3125,1.0,0.0,0.0,0.0,1.5142125,4.6602668,0.9945219,35.0,45.0,1.0,68.1395625,209.71200599999997,44.7534855,256,256,0.0128
default_fixed_scene_v1,80,6,80.0,296578.9,0.375,1.0,0.0,0.0,0.0,-0.51310053,4.8818254,0.95105652,40.0,40.0,1.0,-20.5240212,195.273016,38.0422608,256,256,0.0128
default_fixed_scene_v1,80,7,80.0,296606.9,0.4375,1.0,0.0,0.0,0.0,-2.4722326,4.2820324,0.74314483,45.0,35.0,1.0,-86.52814099999999,149.871134,26.01006905,256,256,0.0128
default_fixed_scene_v1,80,8,80.0,296658.2,0.5,1.0,0.0,0.0,0.0,-4.0316788,2.9291861,0.40673664,50.0,30.0,1.0,-120.950364,87.87558299999999,12.2020992,256,256,0.0128
default_fixed_scene_v1,80,9,80.0,296717.0,0.5625,1.0,0.0,0.0,0.0,-4.890738,1.0395585,5.665538900000001e-16,55.0,25.0,1.0,-122.26845,25.9889625,1.4163847250000003e-14,256,256,0.0128
default_fixed_scene_v1,80,10,80.0,296767.4,0.625,1.0,0.0,0.0,0.0,-4.8745292,-1.0361132,-0.40673664,60.0,20.0,1.0,-97.49058399999998,-20.722264,-8.1347328,256,256,0.0128
default_fixed_scene_v1,80,11,80.0,296797.9,0.6875,1.0,0.0,0.0,0.0,-4.0001563,-2.9062837,-0.74314483,65.0,15.0,1.0,-60.00234450000001,-43.594255499999996,-11.14717245,256,256,0.0128
default_fixed_scene_v1,80,12,80.0,296805.1,0.75,1.0,0.0,0.0,0.0,-2.4543579,-4.2510726,-0.95105652,70.0,10.0,1.0,-24.543579,-42.510726,-9.5105652,256,256,0.0128
default_fixed_scene_v1,80,13,80.0,296792.9,0.8125,1.0,0.0,0.0,0.0,-0.51219935,-4.8732513,-0.9945219,75.0,5.0,1.0,-2.56099675,-24.3662565,-4.9726095,256,256,0.0128
default_fixed_scene_v1,80,14,80.0,296770.2,0.875,1.0,0.0,0.0,0.0,1.5217322,-4.6834102,-0.8660254,80.0,0.0,1.0,0.0,0.0,0.0,256,256,0.0128
default_fixed_scene_v1,80,15,80.0,296770.2,0.9375,1.0,0.0,0.0,0.0,3.3224547,-3.6899598,-0.58778525,85.0,0.0,0.0,0.0,0.0,0.0,256,256,0.0128
default_fixed_scene_v1,80,16,80.0,296770.2,1.0,1.0,0.0,0.0,0.0,4.5637766,-2.0319242,-0.20791169,90.0,0.0,0.0,0.0,0.0,0.0,256,256,0.0128
default_fixed_scene_v1,90,1,90.0,361054.9,0.0625,1.0,0.0,0.0,0.0,0.0,0.0,0.0,0.0,90.0,1.0,0.0,0.0,0.0,256,256,0.0128
default_fixed_scene_v1,90,2,90.0,361142.2,0.125,1.0,0.0,0.0,0.0,4.9956754,0.0,0.20791169,20.0,70.0,1.0,349.697278,0.0,14.553818300000001,256,256,0.0128
default_fixed_scene_v1,90,3,90.0,361003.5,0.1875,1.0,0.0,0.0,0.0,4.5360553,2.0195819,0.58778525,25.0,65.0,1.0,294.8435945,131.2728235,38.206041250000006,256,256,0.0128
default_fixed_scene_v1,90,4,90.0,360895.1,0.25,1.0,0.0,0.0,0.0,3.2950861,3.6595639,0.8660254,30.0,60.0,1.0,197.705166,219.573834,51.961524,256,256,0.0128
default_fixed_scene_v1,90,5,90.0,360831.5,0.3125,1.0,0.0,0.0,0.0,1.5142125,4.6602668,0.9945219,35.0,55.0,1.0,83.2816875,256.31467399999997,54.6987045,256,256,0.0128
default_fixed_scene_v1,90,6,90.0,360815.9,0.375,1.0,0.0,0.0,0.0,-0.51310053,4.8818254,0.95105652,40.0,50.0,1.0,-25.655026499999998,244.09127,47.552825999999996,256,256,0.0128
default_fixed_scene_v1,90,7,90.0,360843.5,0.4375,1.0,0.0,0.0,0.0,-2.4722326,4.2820324,0.74314483,45.0,45.0,1.0,-111.250467,192.691458,33.44151735,256,256,0.0128
default_fixed_scene_v1,90,8,90.0,360903.0,0.5,1.0,0.0,0.0,0.0,-4.0316788,2.9291861,0.40673664,50.0,40.0,1.0,-161.267152,117.16744399999999,16.2694656,256,256,0.0128
default_fixed_scene_v1,90,9,90.0,360977.5,0.5625,1.0,0.0,0.0,0.0,-4.890738,1.0395585,5.665538900000001e-16,55.0,35.0,1.0,-171.17583,36.384547500000004,1.9829386150000004e-14,256,256,0.0128
default_fixed_scene_v1,90,10,90.0,361048.0,0.625,1.0,0.0,0.0,0.0,-4.8745292,-1.0361132,-0.40673664,60.0,30.0,1.0,-146.235876,-31.083396,-12.2020992,256,256,0.0128
default_fixed_scene_v1,90,11,90.0,361099.2,0.6875,1.0,0.0,0.0,0.0,-4.0001563,-2.9062837,-0.74314483,65.0,25.0,1.0,-100.00390750000001,-72.6570925,-18.57862075,256,256,0.0128
default_fixed_scene_v1,90,12,90.0,361123.6,0.75,1.0,0.0,0.0,0.0,-2.4543579,-4.2510726,-0.95105652,70.0,20.0,1.0,-49.087158,-85.021452,-19.0211304,256,256,0.0128
default_fixed_scene_v1,90,13,90.0,361122.6,0.8125,1.0,0.0,0.0,0.0,-0.51219935,-4.8732513,-0.9945219,75.0,15.0,1.0,-7.6829902500000005,-73.0987695,-14.917828499999999,256,256,0.0128
default_fixed_scene_v1,90,14,90.0,361103.3,0.875,1.0,0.0,0.0,0.0,1.5217322,-4.6834102,-0.8660254,80.0,10.0,1.0,15.217322,-46.834102,-8.660254,256,256,0.0128
default_fixed_scene_v1,90,15,90.0,361076.6,0.9375,1.0,0.0,0.0,0.0,3.3224547,-3.6899598,-0.58778525,85.0,5.0,1.0,16.6122735,-18.449799,-2.93892625,256,256,0.0128
default_fixed_scene_v1,90,16,90.0,361054.9,1.0,1.0,0.0,0.0,0.0,4.5637766,-2.0319242,-0.20791169,90.0,0.0,1.0,0.0,0.0,0.0,256,256,0.0128
default_fixed_scene_v1,100,1,100.0,425427.4,0.0625,1.0,0.0,0.0,0.0,0.0,0.0,0.0,0.0,100.0,1.0,0.0,0.0,0.0,256,256,0.0128
default_fixed_scene_v1,100,2,100.0,425532.0,0.125,1.0,0.0,0.0,0.0,4.9956754,0.0,0.20791169,20.0,80.0,1.0,399.654032,0.0,16.632935200000002,256,256,0.0128
default_fixed_scene_v1,100,3,100.0,425372.5,0.1875,1.0,0.0,0.0,0.0,4.5360553,2.0195819,0.58778525,25.0,75.0,1.0,340.20414750000003,151.4686425,44.08389375,256,256,0.0128
default_fixed_scene_v1,100,4,100.0,425244.3,0.25,1.0,0.0,0.0,0.0,3.2950861,3.6595639,0.8660254,30.0,70.0,1.0,230.656027,256.16947300000004,60.621778,256,256,0.0128
default_fixed_scene_v1,100,5,100.0,425165.2,0.3125,1.0,0.0,0.0,0.0,1.5142125,4.6602668,0.9945219,35.0,65.0,1.0,98.4238125,302.91734199999996,64.6439235,256,256,0.0128
default_fixed_scene_v1,100,6,100.0,425140.9,0.375,1.0,0.0,0.0,0.0,-0.51310053,4.8818254,0.95105652,40.0,60.0,1.0,-30.7860318,292.90952400000003,57.0633912,256,256,0.0128
default_fixed_scene_v1,100,7,100.0,425168.0,0.4375,1.0,0.0,0.0,0.0,-2.4722326,4.2820324,0.74314483,45.0,55.0,1.0,-135.972793,235.511782,40.87296565,256,256,0.0128
default_fixed_scene_v1,100,8,100.0,425235.5,0.5,1.0,0.0,0.0,0.0,-4.0316788,2.9291861,0.40673664,50.0,50.0,1.0,-201.58393999999998,146.459305,20.336831999999998,256,256,0.0128
default_fixed_scene_v1,100,9,100.0,425325.5,0.5625,1.0,0.0,0.0,0.0,-4.890738,1.0395585,5.665538900000001e-16,55.0,45.0,1.0,-220.08320999999998,46.7801325,2.5494925050000005e-14,256,256,0.0128
default_fixed_scene_v1,100,10,100.0,425415.9,0.625,1.0,0.0,0.0,0.0,-4.8745292,-1.0361132,-0.40673664,60.0,40.0,1.0,-194.98116799999997,-41.444528,-16.2694656,256,256,0.0128
default_fixed_scene_v1,100,11,100.0,425487.5,0.6875,1.0,0.0,0.0,0.0,-4.0001563,-2.9062837,-0.74314483,65.0,35.0,1.0,-140.0054705,-101.71992949999999,-26.01006905,256,256,0.0128
default_fixed_scene_v1,100,12,100.0,425529.4,0.75,1.0,0.0,0.0,0.0,-2.4543579,-4.2510726,-0.95105652,70.0,30.0,1.0,-73.63073700000001,-127.53217799999999,-28.5316956,256,256,0.0128
default_fixed_scene_v1,100,13,100.0,425539.9,0.8125,1.0,0.0,0.0,0.0,-0.51219935,-4.8732513,-0.9945219,75.0,25.0,1.0,-12.804983750000002,-121.83128249999999,-24.8630475,256,256,0.0128
default_fixed_scene_v1,100,14,100.0,425524.4,0.875,1.0,0.0,0.0,0.0,1.5217322,-4.6834102,-0.8660254,80.0,20.0,1.0,30.434644,-93.668204,-17.320508,256,256,0.0128
default_fixed_scene_v1,100,15,100.0,425493.0,0.9375,1.0,0.0,0.0,0.0,3.3224547,-3.6899598,-0.58778525,85.0,15.0,1.0,49.8368205,-55.349397,-8.816778750000001,256,256,0.0128
default_fixed_scene_v1,100,16,100.0,425458.6,1.0,1.0,0.0,0.0,0.0,4.5637766,-2.0319242,-0.20791169,90.0,10.0,1.0,45.637766,-20.319242000000003,-2.0791169000000003,256,256,0.0128
default_fixed_scene_v1,110,1,110.0,489853.2,0.0625,1.0,0.0,0.0,0.0,0.0,0.0,0.0,0.0,110.0,1.0,0.0,0.0,0.0,256,256,0.0128
default_fixed_scene_v1,110,2,110.0,489974.8,0.125,1.0,0.0,0.0,0.0,4.9956754,0.0,0.20791169,20.0,90.0,1.0,449.61078599999996,0.0,18.7120521,256,256,0.0128
default_fixed_scene_v1,110,3,110.0,489794.5,0.1875,1.0,0.0,0.0,0.0,4.5360553,2.0195819,0.58778525,25.0,85.0,1.0,385.5647005,171.6644615,49.961746250000004,256,256,0.0128
default_fixed_scene_v1,110,4,110.0,489646.6,0.25,1.0,0.0,0.0,0.0,3.2950861,3.6595639,0.8660254,30.0,80.0,1.0,263.60688799999997,292.76511200000004,69.282032,256,256,0.0128
default_fixed_scene_v1,110,5,110.0,489552.2,0.3125,1.0,0.0,0.0,0.0,1.5142125,4.6602668,0.9945219,35.0,75.0,1.0,113.5659375,349.52000999999996,74.5891425,256,256,0.0128
default_fixed_scene_v1,110,6,110.0,489519.2,0.375,1.0,0.0,0.0,0.0,-0.51310053,4.8818254,0.95105652,40.0,70.0,1.0,-35.9170371,341.727778,66.5739564,256,256,0.0128
default_fixed_scene_v1,110,7,110.0,489545.6,0.4375,1.0,0.0,0.0,0.0,-2.4722326,4.2820324,0.74314483,45.0,65.0,1.0,-160.695119,278.332106,48.30441395,256,256,0.0128
default_fixed_scene_v1,110,8,110.0,489621.1,0.5,1.0,0.0,0.0,0.0,-4.0316788,2.9291861,0.40673664,50.0,60.0,1.0,-241.900728,175.75116599999998,24.4041984,256,256,0.0128
default_fixed_scene_v1,110,9,110.0,489726.3,0.5625,1.0,0.0,0.0,0.0,-4.890738,1.0395585,5.665538900000001e-16,55.0,55.0,1.0,-268.99059,57.175717500000005,3.116046395e-14,256,256,0.0128
default_fixed_scene_v1,110,10,110.0,489836.6,0.625,1.0,0.0,0.0,0.0,-4.8745292,-1.0361132,-0.40673664,60.0,50.0,1.0,-243.72645999999997,-51.805659999999996,-20.336831999999998,256,256,0.0128
default_fixed_scene_v1,110,11,110.0,489928.7,0.6875,1.0,0.0,0.0,0.0,-4.0001563,-2.9062837,-0.74314483,65.0,45.0,1.0,-180.00703350000003,-130.7827665,-33.44151735,256,256,0.0128
default_fixed_scene_v1,110,12,110.0,489988.0,0.75,1.0,0.0,0.0,0.0,-2.4543579,-4.2510726,-0.95105652,70.0,40.0,1.0,-98.174316,-170.042904,-38.0422608,256,256,0.0128
default_fixed_scene_v1,110,13,110.0,490010.2,0.8125,1.0,0.0,0.0,0.0,-0.51219935,-4.8732513,-0.9945219,75.0,35.0,1.0,-17.92697725,-170.5637955,-34.8082665,256,256,0.0128
default_fixed_scene_v1,110,14,110.0,489998.8,0.875,1.0,0.0,0.0,0.0,1.5217322,-4.6834102,-0.8660254,80.0,30.0,1.0,45.651966,-140.502306,-25.980762,256,256,0.0128
default_fixed_scene_v1,110,15,110.0,489963.1,0.9375,1.0,0.0,0.0,0.0,3.3224547,-3.6899598,-0.58778525,85.0,25.0,1.0,83.0613675,-92.248995,-14.69463125,256,256,0.0128
default_fixed_scene_v1,110,16,110.0,489916.4,1.0,1.0,0.0,0.0,0.0,4.5637766,-2.0319242,-0.20791169,90.0,20.0,1.0,91.275532,-40.638484000000005,-4.1582338000000005,256,256,0.0128
default_fixed_scene_v1,120,1,120.0,554313.6,0.0625,1.0,0.0,0.0,0.0,0.0,0.0,0.0,0.0,120.0,1.0,0.0,0.0,0.0,256,256,0.0128
default_fixed_scene_v1,120,2,120.0,554452.0,0.125,1.0,0.0,0.0,0.0,4.9956754,0.0,0.20791169,20.0,100.0,1.0,499.56753999999995,0.0,20.791169,256,256,0.0128
default_fixed_scene_v1,120,3,120.0,554251.2,0.1875,1.0,0.0,0.0,0.0,4.5360553,2.0195819,0.58778525,25.0,95.0,1.0,430.9252535,191.8602805,55.83959875,256,256,0.0128
default_fixed_scene_v1,120,4,120.0,554083.7,0.25,1.0,0.0,0.0,0.0,3.2950861,3.6595639,0.8660254,30.0,90.0,1.0,296.557749,329.360751,77.942286,256,256,0.0128
default_fixed_scene_v1,120,5,120.0,553973.9,0.3125,1.0,0.0,0.0,0.0,1.5142125,4.6602668,0.9945219,35.0,85.0,1.0,128.70806249999998,396.12267799999995,84.5343615,256,256,0.0128
default_fixed_scene_v1,120,6,120.0,553932.1,0.375,1.0,0.0,0.0,0.0,-0.51310053,4.8818254,0.95105652,40.0,80.0,1.0,-41.0480424,390.546032,76.0845216,256,256,0.0128
default_fixed_scene_v1,120,7,120.0,553957.9,0.4375,1.0,0.0,0.0,0.0,-2.4722326,4.2820324,0.74314483,45.0,75.0,1.0,-185.417445,321.15243000000004,55.73586225,256,256,0.0128
default_fixed_scene_v1,120,8,120.0,554041.2,0.5,1.0,0.0,0.0,0.0,-4.0316788,2.9291861,0.40673664,50.0,70.0,1.0,-282.217516,205.043027,28.4715648,256,256,0.0128
default_fixed_scene_v1,120,9,120.0,554161.6,0.5625,1.0,0.0,0.0,0.0,-4.890738,1.0395585,5.665538900000001e-16,55.0,65.0,1.0,-317.89797,67.5713025,3.6826002850000004e-14,256,256,0.0128
default_fixed_scene_v1,120,10,120.0,554291.6,0.625,1.0,0.0,0.0,0.0,-4.8745292,-1.0361132,-0.40673664,60.0,60.0,1.0,-292.471752,-62.166792,-24.4041984,256,256,0.0128
default_fixed_scene_v1,120,11,120.0,554404.2,0.6875,1.0,0.0,0.0,0.0,-4.0001563,-2.9062837,-0.74314483,65.0,55.0,1.0,-220.0085965,-159.84560349999998,-40.87296565,256,256,0.0128
default_fixed_scene_v1,120,12,120.0,554481.1,0.75,1.0,0.0,0.0,0.0,-2.4543579,-4.2510726,-0.95105652,70.0,50.0,1.0,-122.71789500000001,-212.55362999999997,-47.552825999999996,256,256,0.0128
default_fixed_scene_v1,120,13,120.0,554515.0,0.8125,1.0,0.0,0.0,0.0,-0.51219935,-4.8732513,-0.9945219,75.0,45.0,1.0,-23.048970750000002,-219.29630849999998,-44.7534855,256,256,0.0128
default_fixed_scene_v1,120,14,120.0,554508.0,0.875,1.0,0.0,0.0,0.0,1.5217322,-4.6834102,-0.8660254,80.0,40.0,1.0,60.869288,-187.336408,-34.641016,256,256,0.0128
default_fixed_scene_v1,120,15,120.0,554468.2,0.9375,1.0,0.0,0.0,0.0,3.3224547,-3.6899598,-0.58778525,85.0,35.0,1.0,116.2859145,-129.148593,-20.57248375,256,256,0.0128
default_fixed_scene_v1,120,16,120.0,554409.3,1.0,1.0,0.0,0.0,0.0,4.5637766,-2.0319242,-0.20791169,90.0,30.0,1.0,136.913298,-60.95772600000001,-6.2373507,256,256,0.0128
default_fixed_scene_v1,130,1,130.0,618797.9,0.0625,1.0,0.0,0.0,0.0,0.0,0.0,0.0,0.0,130.0,1.0,0.0,0.0,0.0,256,256,0.0128
default_fixed_scene_v1,130,2,130.0,618953.1,0.125,1.0,0.0,0.0,0.0,4.9956754,0.0,0.20791169,20.0,110.0,1.0,549.5242939999999,0.0,22.870285900000002,256,256,0.0128
default_fixed_scene_v1,130,3,130.0,618731.7,0.1875,1.0,0.0,0.0,0.0,4.5360553,2.0195819,0.58778525,25.0,105.0,1.0,476.28580650000004,212.0560995,61.71745125,256,256,0.0128
default_fixed_scene_v1,130,4,130.0,618544.5,0.25,1.0,0.0,0.0,0.0,3.2950861,3.6595639,0.8660254,30.0,100.0,1.0,329.50861,365.95639,86.60253999999999,256,256,0.0128
default_fixed_scene_v1,130,5,130.0,618419.4,0.3125,1.0,0.0,0.0,0.0,1.5142125,4.6602668,0.9945219,35.0,95.0,1.0,143.8501875,442.72534599999994,94.4795805,256,256,0.0128
default_fixed_scene_v1,130,6,130.0,618369.0,0.375,1.0,0.0,0.0,0.0,-0.51310053,4.8818254,0.95105652,40.0,90.0,1.0,-46.1790477,439.36428600000005,85.59508679999999,256,256,0.0128
default_fixed_scene_v1,130,7,130.0,618394.0,0.4375,1.0,0.0,0.0,0.0,-2.4722326,4.2820324,0.74314483,45.0,85.0,1.0,-210.139771,363.972754,63.167310549999996,256,256,0.0128
default_fixed_scene_v1,130,8,130.0,618485.1,0.5,1.0,0.0,0.0,0.0,-4.0316788,2.9291861,0.40673664,50.0,80.0,1.0,-322.534304,234.33488799999998,32.5389312,256,256,0.0128
default_fixed_scene_v1,130,9,130.0,618620.7,0.5625,1.0,0.0,0.0,0.0,-4.890738,1.0395585,5.665538900000001e-16,55.0,75.0,1.0,-366.80535,77.9668875,4.2491541750000005e-14,256,256,0.0128
default_fixed_scene_v1,130,10,130.0,618770.4,0.625,1.0,0.0,0.0,0.0,-4.8745292,-1.0361132,-0.40673664,60.0,70.0,1.0,-341.217044,-72.527924,-28.4715648,256,256,0.0128
default_fixed_scene_v1,130,11,130.0,618903.4,0.6875,1.0,0.0,0.0,0.0,-4.0001563,-2.9062837,-0.74314483,65.0,65.0,1.0,-260.01015950000004,-188.90844049999998,-48.30441395,256,256,0.0128
default_fixed_scene_v1,130,12,130.0,618997.8,0.75,1.0,0.0,0.0,0.0,-2.4543579,-4.2510726,-0.95105652,70.0,60.0,1.0,-147.26147400000002,-255.06435599999998,-57.0633912,256,256,0.0128
default_fixed_scene_v1,130,13,130.0,619043.6,0.8125,1.0,0.0,0.0,0.0,-0.51219935,-4.8732513,-0.9945219,75.0,55.0,1.0,-28.170964250000004,-268.0288215,-54.6987045,256,256,0.0128
default_fixed_scene_v1,130,14,130.0,619041.0,0.875,1.0,0.0,0.0,0.0,1.5217322,-4.6834102,-0.8660254,80.0,50.0,1.0,76.08661,-234.17051,-43.301269999999995,256,256,0.0128
default_fixed_scene_v1,130,15,130.0,618997.2,0.9375,1.0,0.0,0.0,0.0,3.3224547,-3.6899598,-0.58778525,85.0,45.0,1.0,149.51046150000002,-166.048191,-26.450336250000003,256,256,0.0128
default_fixed_scene_v1,130,16,130.0,618926.3,1.0,1.0,0.0,0.0,0.0,4.5637766,-2.0319242,-0.20791169,90.0,40.0,1.0,182.551064,-81.27696800000001,-8.316467600000001,256,256,0.0128
default_fixed_scene_v1,140,1,140.0,683299.2,0.0625,1.0,0.0,0.0,0.0,0.0,0.0,0.0,0.0,140.0,1.0,0.0,0.0,0.0,256,256,0.0128
default_fixed_scene_v1,140,2,140.0,683471.1,0.125,1.0,0.0,0.0,0.0,4.9956754,0.0,0.20791169,20.0,120.0,1.0,599.481048,0.0,24.9494028,256,256,0.0128
default_fixed_scene_v1,140,3,140.0,683229.1,0.1875,1.0,0.0,0.0,0.0,4.5360553,2.0195819,0.58778525,25.0,115.0,1.0,521.6463595,232.2519185,67.59530375,256,256,0.0128
default_fixed_scene_v1,140,4,140.0,683022.5,0.25,1.0,0.0,0.0,0.0,3.2950861,3.6595639,0.8660254,30.0,110.0,1.0,362.45947099999995,402.552029,95.262794,256,256,0.0128
default_fixed_scene_v1,140,5,140.0,682882.1,0.3125,1.0,0.0,0.0,0.0,1.5142125,4.6602668,0.9945219,35.0,105.0,1.0,158.9923125,489.32801399999994,104.42479949999999,256,256,0.0128
default_fixed_scene_v1,140,6,140.0,682822.9,0.375,1.0,0.0,0.0,0.0,-0.51310053,4.8818254,0.95105652,40.0,100.0,1.0,-51.310052999999996,488.18254,95.10565199999999,256,256,0.0128
default_fixed_scene_v1,140,7,140.0,682847.3,0.4375,1.0,0.0,0.0,0.0,-2.4722326,4.2820324,0.74314483,45.0,95.0,1.0,-234.86209699999998,406.79307800000004,70.59875885,256,256,0.0128
default_fixed_scene_v1,140,8,140.0,682946.0,0.5,1.0,0.0,0.0,0.0,-4.0316788,2.9291861,0.40673664,50.0,90.0,1.0,-362.851092,263.626749,36.6062976,256,256,0.0128
default_fixed_scene_v1,140,9,140.0,683096.7,0.5625,1.0,0.0,0.0,0.0,-4.890738,1.0395585,5.665538900000001e-16,55.0,85.0,1.0,-415.71272999999997,88.36247250000001,4.8157080650000007e-14,256,256,0.0128
default_fixed_scene_v1,140,10,140.0,683266.1,0.625,1.0,0.0,0.0,0.0,-4.8745292,-1.0361132,-0.40673664,60.0,80.0,1.0,-389.96233599999994,-82.889056,-32.5389312,256,256,0.0128
default_fixed_scene_v1,140,11,140.0,683419.5,0.6875,1.0,0.0,0.0,0.0,-4.0001563,-2.9062837,-0.74314483,65.0,75.0,1.0,-300.0117225,-217.97127749999999,-55.73586225,256,256,0.0128
default_fixed_scene_v1,140,12,140.0,683531.5,0.75,1.0,0.0,0.0,0.0,-2.4543579,-4.2510726,-0.95105652,70.0,70.0,1.0,-171.80505300000002,-297.57508199999995,-66.5739564,256,256,0.0128
default_fixed_scene_v1,140,13,140.0,683589.2,0.8125,1.0,0.0,0.0,0.0,-0.51219935,-4.8732513,-0.9945219,75.0,65.0,1.0,-33.29295775000001,-316.7613345,-64.6439235,256,256,0.0128
default_fixed_scene_v1,140,14,140.0,683591.1,0.875,1.0,0.0,0.0,0.0,1.5217322,-4.6834102,-0.8660254,80.0,60.0,1.0,91.303932,-281.004612,-51.961524,256,256,0.0128
default_fixed_scene_v1,140,15,140.0,683543.5,0.9375,1.0,0.0,0.0,0.0,3.3224547,-3.6899598,-0.58778525,85.0,55.0,1.0,182.73500850000002,-202.947789,-32.32818875,256,256,0.0128
default_fixed_scene_v1,140,16,140.0,683460.7,1.0,1.0,0.0,0.0,0.0,4.5637766,-2.0319242,-0.20791169,90.0,50.0,1.0,228.18883,-101.59621000000001,-10.3955845,256,256,0.0128
default_fixed_scene_v1,150,1,150.0,747813.2,0.0625,1.0,0.0,0.0,0.0,0.0,0.0,0.0,0.0,150.0,1.0,0.0,0.0,0.0,256,256,0.0128
default_fixed_scene_v1,150,2,150.0,748001.7,0.125,1.0,0.0,0.0,0.0,4.9956754,0.0,0.20791169,20.0,130.0,1.0,649.4378019999999,0.0,27.0285197,256,256,0.0128
default_fixed_scene_v1,150,3,150.0,747739.3,0.1875,1.0,0.0,0.0,0.0,4.5360553,2.0195819,0.58778525,25.0,125.0,1.0,567.0069125,252.4477375,73.47315625,256,256,0.0128
default_fixed_scene_v1,150,4,150.0,747513.1,0.25,1.0,0.0,0.0,0.0,3.2950861,3.6595639,0.8660254,30.0,120.0,1.0,395.410332,439.147668,103.923048,256,256,0.0128
default_fixed_scene_v1,150,5,150.0,747357.4,0.3125,1.0,0.0,0.0,0.0,1.5142125,4.6602668,0.9945219,35.0,115.0,1.0,174.1344375,535.9306819999999,114.3700185,256,256,0.0128
default_fixed_scene_v1,150,6,150.0,747289.5,0.375,1.0,0.0,0.0,0.0,-0.51310053,4.8818254,0.95105652,40.0,110.0,1.0,-56.4410583,537.000794,104.6162172,256,256,0.0128
default_fixed_scene_v1,150,7,150.0,747313.1,0.4375,1.0,0.0,0.0,0.0,-2.4722326,4.2820324,0.74314483,45.0,105.0,1.0,-259.584423,449.613402,78.03020715,256,256,0.0128
default_fixed_scene_v1,150,8,150.0,747419.6,0.5,1.0,0.0,0.0,0.0,-4.0316788,2.9291861,0.40673664,50.0,100.0,1.0,-403.16787999999997,292.91861,40.673663999999995,256,256,0.0128
default_fixed_scene_v1,150,9,150.0,747585.3,0.5625,1.0,0.0,0.0,0.0,-4.890738,1.0395585,5.665538900000001e-16,55.0,95.0,1.0,-464.62010999999995,98.7580575,5.382261955000001e-14,256,256,0.0128
default_fixed_scene_v1,150,10,150.0,747774.3,0.625,1.0,0.0,0.0,0.0,-4.8745292,-1.0361132,-0.40673664,60.0,90.0,1.0,-438.70762799999994,-93.250188,-36.6062976,256,256,0.0128
default_fixed_scene_v1,150,11,150.0,747948.2,0.6875,1.0,0.0,0.0,0.0,-4.0001563,-2.9062837,-0.74314483,65.0,85.0,1.0,-340.01328550000005,-247.0341145,-63.167310549999996,256,256,0.0128
default_fixed_scene_v1,150,12,150.0,748077.7,0.75,1.0,0.0,0.0,0.0,-2.4543579,-4.2510726,-0.95105652,70.0,80.0,1.0,-196.348632,-340.085808,-76.0845216,256,256,0.0128
default_fixed_scene_v1,150,13,150.0,748147.5,0.8125,1.0,0.0,0.0,0.0,-0.51219935,-4.8732513,-0.9945219,75.0,75.0,1.0,-38.41495125,-365.49384749999996,-74.5891425,256,256,0.0128
default_fixed_scene_v1,150,14,150.0,748153.9,0.875,1.0,0.0,0.0,0.0,1.5217322,-4.6834102,-0.8660254,80.0,70.0,1.0,106.521254,-327.838714,-60.621778,256,256,0.0128
default_fixed_scene_v1,150,15,150.0,748102.5,0.9375,1.0,0.0,0.0,0.0,3.3224547,-3.6899598,-0.58778525,85.0,65.0,1.0,215.95955550000002,-239.847387,-38.206041250000006,256,256,0.0128
default_fixed_scene_v1,150,16,150.0,748007.8,1.0,1.0,0.0,0.0,0.0,4.5637766,-2.0319242,-0.20791169,90.0,60.0,1.0,273.826596,-121.91545200000002,-12.4747014,256,256,0.0128
default_fixed_scene_v1,160,1,160.0,812336.9,0.0625,1.0,0.0,0.0,0.0,0.0,0.0,0.0,0.0,160.0,1.0,0.0,0.0,0.0,256,256,0.0128
default_fixed_scene_v1,160,2,160.0,812542.0,0.125,1.0,0.0,0.0,0.0,4.9956754,0.0,0.20791169,20.0,140.0,1.0,699.394556,0.0,29.107636600000003,256,256,0.0128
default_fixed_scene_v1,160,3,160.0,812259.0,0.1875,1.0,0.0,0.0,0.0,4.5360553,2.0195819,0.58778525,25.0,135.0,1.0,612.3674655,272.6435565,79.35100875,256,256,0.0128
default_fixed_scene_v1,160,4,160.0,812013.3,0.25,1.0,0.0,0.0,0.0,3.2950861,3.6595639,0.8660254,30.0,130.0,1.0,428.36119299999996,475.743307,112.58330199999999,256,256,0.0128
default_fixed_scene_v1,160,5,160.0,811842.4,0.3125,1.0,0.0,0.0,0.0,1.5142125,4.6602668,0.9945219,35.0,125.0,1.0,189.27656249999998,582.5333499999999,124.3152375,256,256,0.0128
default_fixed_scene_v1,160,6,160.0,811765.7,0.375,1.0,0.0,0.0,0.0,-0.51310053,4.8818254,0.95105652,40.0,120.0,1.0,-61.5720636,585.8190480000001,114.1267824,256,256,0.0128
default_fixed_scene_v1,160,7,160.0,811788.6,0.4375,1.0,0.0,0.0,0.0,-2.4722326,4.2820324,0.74314483,45.0,115.0,1.0,-284.30674899999997,492.43372600000004,85.46165545,256,256,0.0128
default_fixed_scene_v1,160,8,160.0,811902.8,0.5,1.0,0.0,0.0,0.0,-4.0316788,2.9291861,0.40673664,50.0,110.0,1.0,-443.484668,322.210471,44.7410304,256,256,0.0128
default_fixed_scene_v1,160,9,160.0,812083.6,0.5625,1.0,0.0,0.0,0.0,-4.890738,1.0395585,5.665538900000001e-16,55.0,105.0,1.0,-513.52749,109.1536425,5.948815845000001e-14,256,256,0.0128
default_fixed_scene_v1,160,10,160.0,812292.2,0.625,1.0,0.0,0.0,0.0,-4.8745292,-1.0361132,-0.40673664,60.0,100.0,1.0,-487.45291999999995,-103.61131999999999,-40.673663999999995,256,256,0.0128
default_fixed_scene_v1,160,11,160.0,812486.5,0.6875,1.0,0.0,0.0,0.0,-4.0001563,-2.9062837,-0.74314483,65.0,95.0,1.0,-380.0148485,-276.0969515,-70.59875885,256,256,0.0128
default_fixed_scene_v1,160,12,160.0,812633.5,0.75,1.0,0.0,0.0,0.0,-2.4543579,-4.2510726,-0.95105652,70.0,90.0,1.0,-220.89221100000003,-382.59653399999996,-85.59508679999999,256,256,0.0128
default_fixed_scene_v1,160,13,160.0,812715.3,0.8125,1.0,0.0,0.0,0.0,-0.51219935,-4.8732513,-0.9945219,75.0,85.0,1.0,-43.53694475,-414.2263605,-84.5343615,256,256,0.0128
default_fixed_scene_v1,160,14,160.0,812726.3,0.875,1.0,0.0,0.0,0.0,1.5217322,-4.6834102,-0.8660254,80.0,80.0,1.0,121.738576,-374.672816,-69.282032,256,256,0.0128
default_fixed_scene_v1,160,15,160.0,812671.2,0.9375,1.0,0.0,0.0,0.0,3.3224547,-3.6899598,-0.58778525,85.0,75.0,1.0,249.18410250000002,-276.746985,-44.08389375,256,256,0.0128
default_fixed_scene_v1,160,16,160.0,812564.8,1.0,1.0,0.0,0.0,0.0,4.5637766,-2.0319242,-0.20791169,90.0,70.0,1.0,319.464362,-142.23469400000002,-14.553818300000001,256,256,0.0128
default_fixed_scene_v1,170,1,170.0,876868.1,0.0625,1.0,0.0,0.0,0.0,0.0,0.0,0.0,0.0,170.0,1.0,0.0,0.0,0.0,256,256,0.0128
default_fixed_scene_v1,170,2,170.0,877089.7,0.125,1.0,0.0,0.0,0.0,4.9956754,0.0,0.20791169,20.0,150.0,1.0,749.3513099999999,0.0,31.186753500000002,256,256,0.0128
default_fixed_scene_v1,170,3,170.0,876786.3,0.1875,1.0,0.0,0.0,0.0,4.5360553,2.0195819,0.58778525,25.0,145.0,1.0,657.7280185,292.8393755,85.22886125000001,256,256,0.0128
default_fixed_scene_v1,170,4,170.0,876521.1,0.25,1.0,0.0,0.0,0.0,3.2950861,3.6595639,0.8660254,30.0,140.0,1.0,461.312054,512.3389460000001,121.243556,256,256,0.0128
default_fixed_scene_v1,170,5,170.0,876334.9,0.3125,1.0,0.0,0.0,0.0,1.5142125,4.6602668,0.9945219,35.0,135.0,1.0,204.4186875,629.1360179999999,134.2604565,256,256,0.0128
default_fixed_scene_v1,170,6,170.0,876249.5,0.375,1.0,0.0,0.0,0.0,-0.51310053,4.8818254,0.95105652,40.0,130.0,1.0,-66.7030689,634.6373020000001,123.6373476,256,256,0.0128
default_fixed_scene_v1,170,7,170.0,876271.7,0.4375,1.0,0.0,0.0,0.0,-2.4722326,4.2820324,0.74314483,45.0,125.0,1.0,-309.029075,535.25405,92.89310375,256,256,0.0128
default_fixed_scene_v1,170,8,170.0,876393.5,0.5,1.0,0.0,0.0,0.0,-4.0316788,2.9291861,0.40673664,50.0,120.0,1.0,-483.801456,351.50233199999997,48.8083968,256,256,0.0128
default_fixed_scene_v1,170,9,170.0,876589.3,0.5625,1.0,0.0,0.0,0.0,-4.890738,1.0395585,5.665538900000001e-16,55.0,115.0,1.0,-562.4348699999999,119.5492275,6.515369735000002e-14,256,256,0.0128
default_fixed_scene_v1,170,10,170.0,876817.4,0.625,1.0,0.0,0.0,0.0,-4.8745292,-1.0361132,-0.40673664,60.0,110.0,1.0,-536.1982119999999,-113.97245199999999,-44.7410304,256,256,0.0128
default_fixed_scene_v1,170,11,170.0,877032.1,0.6875,1.0,0.0,0.0,0.0,-4.0001563,-2.9062837,-0.74314483,65.0,105.0,1.0,-420.01641150000006,-305.1597885,-78.03020715,256,256,0.0128
default_fixed_scene_v1,170,12,170.0,877196.8,0.75,1.0,0.0,0.0,0.0,-2.4543579,-4.2510726,-0.95105652,70.0,100.0,1.0,-245.43579000000003,-425.10725999999994,-95.10565199999999,256,256,0.0128
default_fixed_scene_v1,170,13,170.0,877290.6,0.8125,1.0,0.0,0.0,0.0,-0.51219935,-4.8732513,-0.9945219,75.0,95.0,1.0,-48.658938250000006,-462.9588735,-94.4795805,256,256,0.0128
default_fixed_scene_v1,170,14,170.0,877306.3,0.875,1.0,0.0,0.0,0.0,1.5217322,-4.6834102,-0.8660254,80.0,90.0,1.0,136.955898,-421.506918,-77.942286,256,256,0.0128
default_fixed_scene_v1,170,15,170.0,877247.5,0.9375,1.0,0.0,0.0,0.0,3.3224547,-3.6899598,-0.58778525,85.0,85.0,1.0,282.4086495,-313.646583,-49.961746250000004,256,256,0.0128
default_fixed_scene_v1,170,16,170.0,877129.4,1.0,1.0,0.0,0.0,0.0,4.5637766,-2.0319242,-0.20791169,90.0,80.0,1.0,365.102128,-162.55393600000002,-16.632935200000002,256,256,0.0128
default_fixed_scene_v1,180,1,180.0,941405.2,0.0625,1.0,0.0,0.0,0.0,0.0,0.0,0.0,0.0,180.0,1.0,0.0,0.0,0.0,256,256,0.0128
default_fixed_scene_v1,180,2,180.0,941643.4,0.125,1.0,0.0,0.0,0.0,4.9956754,0.0,0.20791169,20.0,160.0,1.0,799.308064,0.0,33.265870400000004,256,256,0.0128
default_fixed_scene_v1,180,3,180.0,941319.5,0.1875,1.0,0.0,0.0,0.0,4.5360553,2.0195819,0.58778525,25.0,155.0,1.0,703.0885715000001,313.0351945,91.10671375000001,256,256,0.0128
default_fixed_scene_v1,180,4,180.0,941034.8,0.25,1.0,0.0,0.0,0.0,3.2950861,3.6595639,0.8660254,30.0,150.0,1.0,494.26291499999996,548.9345850000001,129.90381,256,256,0.0128
default_fixed_scene_v1,180,5,180.0,940833.3,0.3125,1.0,0.0,0.0,0.0,1.5142125,4.6602668,0.9945219,35.0,145.0,1.0,219.5608125,675.7386859999999,144.20567549999998,256,256,0.0128
default_fixed_scene_v1,180,6,180.0,940739.3,0.375,1.0,0.0,0.0,0.0,-0.51310053,4.8818254,0.95105652,40.0,140.0,1.0,-71.8340742,683.455556,133.1479128,256,256,0.0128
default_fixed_scene_v1,180,7,180.0,940760.7,0.4375,1.0,0.0,0.0,0.0,-2.4722326,4.2820324,0.74314483,45.0,135.0,1.0,-333.751401,578.074374,100.32455205,256,256,0.0128
default_fixed_scene_v1,180,8,180.0,940890.1,0.5,1.0,0.0,0.0,0.0,-4.0316788,2.9291861,0.40673664,50.0,130.0,1.0,-524.118244,380.794193,52.875763199999994,256,256,0.0128
default_fixed_scene_v1,180,9,180.0,941100.9,0.5625,1.0,0.0,0.0,0.0,-4.890738,1.0395585,5.665538900000001e-16,55.0,125.0,1.0,-611.3422499999999,129.9448125,7.081923625000001e-14,256,256,0.0128
default_fixed_scene_v1,180,10,180.0,941348.7,0.625,1.0,0.0,0.0,0.0,-4.8745292,-1.0361132,-0.40673664,60.0,120.0,1.0,-584.943504,-124.333584,-48.8083968,256,256,0.0128
default_fixed_scene_v1,180,11,180.0,941583.8,0.6875,1.0,0.0,0.0,0.0,-4.0001563,-2.9062837,-0.74314483,65.0,115.0,1.0,-460.01797450000004,-334.2226255,-85.46165545,256,256,0.0128
default_fixed_scene_v1,180,12,180.0,941766.0,0.75,1.0,0.0,0.0,0.0,-2.4543579,-4.2510726,-0.95105652,70.0,110.0,1.0,-269.979369,-467.617986,-104.6162172,256,256,0.0128
default_fixed_scene_v1,180,13,180.0,941871.9,0.8125,1.0,0.0,0.0,0.0,-0.51219935,-4.8732513,-0.9945219,75.0,105.0,1.0,-53.78093175000001,-511.69138649999996,-104.42479949999999,256,256,0.0128
default_fixed_scene_v1,180,14,180.0,941892.3,0.875,1.0,0.0,0.0,0.0,1.5217322,-4.6834102,-0.8660254,80.0,100.0,1.0,152.17322,-468.34102,-86.60253999999999,256,256,0.0128
default_fixed_scene_v1,180,15,180.0,941829.8,0.9375,1.0,0.0,0.0,0.0,3.3224547,-3.6899598,-0.58778525,85.0,95.0,1.0,315.6331965,-350.546181,-55.83959875,256,256,0.0128
default_fixed_scene_v1,180,16,180.0,941700.0,1.0,1.0,0.0,0.0,0.0,4.5637766,-2.0319242,-0.20791169,90.0,90.0,1.0,410.739894,-182.87317800000002,-18.7120521,256,256,0.0128
default_fixed_scene_v1,190,1,190.0,1005947.0,0.0625,1.0,0.0,0.0,0.0,0.0,0.0,0.0,0.0,190.0,1.0,0.0,0.0,0.0,256,256,0.0128
default_fixed_scene_v1,190,2,190.0,1006202.0,0.125,1.0,0.0,0.0,0.0,4.9956754,0.0,0.20791169,20.0,170.0,1.0,849.264818,0.0,35.3449873,256,256,0.0128
default_fixed_scene_v1,190,3,190.0,1005857.0,0.1875,1.0,0.0,0.0,0.0,4.5360553,2.0195819,0.58778525,25.0,165.0,1.0,748.4491245,333.23101349999996,96.98456625,256,256,0.0128
default_fixed_scene_v1,190,4,190.0,1005553.0,0.25,1.0,0.0,0.0,0.0,3.2950861,3.6595639,0.8660254,30.0,160.0,1.0,527.2137759999999,585.5302240000001,138.564064,256,256,0.0128
default_fixed_scene_v1,190,5,190.0,1005337.0,0.3125,1.0,0.0,0.0,0.0,1.5142125,4.6602668,0.9945219,35.0,155.0,1.0,234.7029375,722.3413539999999,154.1508945,256,256,0.0128
default_fixed_scene_v1,190,6,190.0,1005234.0,0.375,1.0,0.0,0.0,0.0,-0.51310053,4.8818254,0.95105652,40.0,150.0,1.0,-76.9650795,732.27381,142.658478,256,256,0.0128
default_fixed_scene_v1,190,7,190.0,1005254.0,0.4375,1.0,0.0,0.0,0.0,-2.4722326,4.2820324,0.74314483,45.0,145.0,1.0,-358.473727,620.8946980000001,107.75600035,256,256,0.0128
default_fixed_scene_v1,190,8,190.0,1005392.0,0.5,1.0,0.0,0.0,0.0,-4.0316788,2.9291861,0.40673664,50.0,140.0,1.0,-564.435032,410.086054,56.9431296,256,256,0.0128
default_fixed_scene_v1,190,9,190.0,1005617.0,0.5625,1.0,0.0,0.0,0.0,-4.890738,1.0395585,5.665538900000001e-16,55.0,135.0,1.0,-660.24963,140.3403975,7.648477515000002e-14,256,256,0.0128
default_fixed_scene_v1,190,10,190.0,1005885.0,0.625,1.0,0.0,0.0,0.0,-4.8745292,-1.0361132,-0.40673664,60.0,130.0,1.0,-633.6887959999999,-134.694716,-52.875763199999994,256,256,0.0128
default_fixed_scene_v1,190,11,190.0,1006140.0,0.6875,1.0,0.0,0.0,0.0,-4.0001563,-2.9062837,-0.74314483,65.0,125.0,1.0,-500.01953750000007,-363.2854625,-92.89310375,256,256,0.0128
default_fixed_scene_v1,190,12,190.0,1006340.0,0.75,1.0,0.0,0.0,0.0,-2.4543579,-4.2510726,-0.95105652,70.0,120.0,1.0,-294.52294800000004,-510.12871199999995,-114.1267824,256,256,0.0128
default_fixed_scene_v1,190,13,190.0,1006458.0,0.8125,1.0,0.0,0.0,0.0,-0.51219935,-4.8732513,-0.9945219,75.0,115.0,1.0,-58.90292525,-560.4238995,-114.3700185,256,256,0.0128
default_fixed_scene_v1,190,14,190.0,1006483.0,0.875,1.0,0.0,0.0,0.0,1.5217322,-4.6834102,-0.8660254,80.0,110.0,1.0,167.390542,-515.175122,-95.262794,256,256,0.0128
default_fixed_scene_v1,190,15,190.0,1006417.0,0.9375,1.0,0.0,0.0,0.0,3.3224547,-3.6899598,-0.58778525,85.0,105.0,1.0,348.8577435,-387.445779,-61.71745125,256,256,0.0128
default_fixed_scene_v1,190,16,190.0,1006276.0,1.0,1.0,0.0,0.0,0.0,4.5637766,-2.0319242,-0.20791169,90.0,100.0,1.0,456.37766,-203.19242000000003,-20.791169,256,256,0.0128
default_fixed_scene_v1,200,1,200.0,1070493.0,0.0625,1.0,0.0,0.0,0.0,0.0,0.0,0.0,0.0,200.0,1.0,0.0,0.0,0.0,256,256,0.0128
default_fixed_scene_v1,200,2,200.0,1070764.0,0.125,1.0,0.0,0.0,0.0,4.9956754,0.0,0.20791169,20.0,180.0,1.0,899.2215719999999,0.0,37.4241042,256,256,0.0128
default_fixed_scene_v1,200,3,200.0,1070399.0,0.1875,1.0,0.0,0.0,0.0,4.5360553,2.0195819,0.58778525,25.0,175.0,1.0,793.8096775,353.4268325,102.86241875,256,256,0.0128
default_fixed_scene_v1,200,4,200.0,1070076.0,0.25,1.0,0.0,0.0,0.0,3.2950861,3.6595639,0.8660254,30.0,170.0,1.0,560.164637,622.125863,147.22431799999998,256,256,0.0128
default_fixed_scene_v1,200,5,200.0,1069844.0,0.3125,1.0,0.0,0.0,0.0,1.5142125,4.6602668,0.9945219,35.0,165.0,1.0,249.84506249999998,768.9440219999999,164.0961135,256,256,0.0128
default_fixed_scene_v1,200,6,200.0,1069732.0,0.375,1.0,0.0,0.0,0.0,-0.51310053,4.8818254,0.95105652,40.0,160.0,1.0,-82.0960848,781.092064,152.1690432,256,256,0.0128
default_fixed_scene_v1,200,7,200.0,1069752.0,0.4375,1.0,0.0,0.0,0.0,-2.4722326,4.2820324,0.74314483,45.0,155.0,1.0,-383.196053,663.7150220000001,115.18744865,256,256,0.0128
default_fixed_scene_v1,200,8,200.0,1069897.0,0.5,1.0,0.0,0.0,0.0,-4.0316788,2.9291861,0.40673664,50.0,150.0,1.0,-604.75182,439.377915,61.010495999999996,256,256,0.0128
default_fixed_scene_v1,200,9,200.0,1070138.0,0.5625,1.0,0.0,0.0,0.0,-4.890738,1.0395585,5.665538900000001e-16,55.0,145.0,1.0,-709.15701,150.7359825,8.215031405000001e-14,256,256,0.0128
default_fixed_scene_v1,200,10,200.0,1070425.0,0.625,1.0,0.0,0.0,0.0,-4.8745292,-1.0361132,-0.40673664,60.0,140.0,1.0,-682.434088,-145.055848,-56.9431296,256,256,0.0128
default_fixed_scene_v1,200,11,200.0,1070700.0,0.6875,1.0,0.0,0.0,0.0,-4.0001563,-2.9062837,-0.74314483,65.0,135.0,1.0,-540.0211005000001,-392.3482995,-100.32455205,256,256,0.0128
default_fixed_scene_v1,200,12,200.0,1070918.0,0.75,1.0,0.0,0.0,0.0,-2.4543579,-4.2510726,-0.95105652,70.0,130.0,1.0,-319.066527,-552.6394379999999,-123.6373476,256,256,0.0128
default_fixed_scene_v1,200,13,200.0,1071048.0,0.8125,1.0,0.0,0.0,0.0,-0.51219935,-4.8732513,-0.9945219,75.0,125.0,1.0,-64.02491875000001,-609.1564125,-124.3152375,256,256,0.0128
default_fixed_scene_v1,200,14,200.0,1071078.0,0.875,1.0,0.0,0.0,0.0,1.5217322,-4.6834102,-0.8660254,80.0,120.0,1.0,182.607864,-562.009224,-103.923048,256,256,0.0128
default_fixed_scene_v1,200,15,200.0,1071008.0,0.9375,1.0,0.0,0.0,0.0,3.3224547,-3.6899598,-0.58778525,85.0,115.0,1.0,382.0822905,-424.345377,-67.59530375,256,256,0.0128
default_fixed_scene_v1,200,16,200.0,1070855.0,1.0,1.0,0.0,0.0,0.0,4.5637766,-2.0319242,-0.20791169,90.0,110.0,1.0,502.015426,-223.51166200000003,-22.870285900000002,256,256,0.0128
default_fixed_scene_v1,210,1,210.0,1135042.0,0.0625,1.0,0.0,0.0,0.0,0.0,0.0,0.0,0.0,210.0,1.0,0.0,0.0,0.0,256,256,0.0128
default_fixed_scene_v1,210,2,210.0,1135330.0,0.125,1.0,0.0,0.0,0.0,4.9956754,0.0,0.20791169,20.0,190.0,1.0,949.178326,0.0,39.503221100000005,256,256,0.0128
default_fixed_scene_v1,210,3,210.0,1134945.0,0.1875,1.0,0.0,0.0,0.0,4.5360553,2.0195819,0.58778525,25.0,185.0,1.0,839.1702305,373.62265149999996,108.74027125,256,256,0.0128
default_fixed_scene_v1,210,4,210.0,1134602.0,0.25,1.0,0.0,0.0,0.0,3.2950861,3.6595639,0.8660254,30.0,180.0,1.0,593.115498,658.721502,155.884572,256,256,0.0128
default_fixed_scene_v1,210,5,210.0,1134354.0,0.3125,1.0,0.0,0.0,0.0,1.5142125,4.6602668,0.9945219,35.0,175.0,1.0,264.9871875,815.5466899999999,174.04133249999998,256,256,0.0128
default_fixed_scene_v1,210,6,210.0,1134234.0,0.375,1.0,0.0,0.0,0.0,-0.51310053,4.8818254,0.95105652,40.0,170.0,1.0,-87.2270901,829.9103180000001,161.6796084,256,256,0.0128
default_fixed_scene_v1,210,7,210.0,1134253.0,0.4375,1.0,0.0,0.0,0.0,-2.4722326,4.2820324,0.74314483,45.0,165.0,1.0,-407.91837899999996,706.535346,122.61889694999999,256,256,0.0128
default_fixed_scene_v1,210,8,210.0,1134406.0,0.5,1.0,0.0,0.0,0.0,-4.0316788,2.9291861,0.40673664,50.0,160.0,1.0,-645.068608,468.66977599999996,65.0778624,256,256,0.0128
default_fixed_scene_v1,210,9,210.0,1134661.0,0.5625,1.0,0.0,0.0,0.0,-4.890738,1.0395585,5.665538900000001e-16,55.0,155.0,1.0,-758.06439,161.13156750000002,8.781585295000002e-14,256,256,0.0128
default_fixed_scene_v1,210,10,210.0,1134968.0,0.625,1.0,0.0,0.0,0.0,-4.8745292,-1.0361132,-0.40673664,60.0,150.0,1.0,-731.1793799999999,-155.41698,-61.010495999999996,256,256,0.0128
default_fixed_scene_v1,210,11,210.0,1135264.0,0.6875,1.0,0.0,0.0,0.0,-4.0001563,-2.9062837,-0.74314483,65.0,145.0,1.0,-580.0226635,-421.4111365,-107.75600035,256,256,0.0128
default_fixed_scene_v1,210,12,210.0,1135499.0,0.75,1.0,0.0,0.0,0.0,-2.4543579,-4.2510726,-0.95105652,70.0,140.0,1.0,-343.61010600000003,-595.1501639999999,-133.1479128,256,256,0.0128
default_fixed_scene_v1,210,13,210.0,1135641.0,0.8125,1.0,0.0,0.0,0.0,-0.51219935,-4.8732513,-0.9945219,75.0,135.0,1.0,-69.14691225000001,-657.8889254999999,-134.2604565,256,256,0.0128
default_fixed_scene_v1,210,14,210.0,1135676.0,0.875,1.0,0.0,0.0,0.0,1.5217322,-4.6834102,-0.8660254,80.0,130.0,1.0,197.825186,-608.843326,-112.58330199999999,256,256,0.0128
default_fixed_scene_v1,210,15,210.0,1135603.0,0.9375,1.0,0.0,0.0,0.0,3.3224547,-3.6899598,-0.58778525,85.0,125.0,1.0,415.30683750000003,-461.244975,-73.47315625,256,256,0.0128
default_fixed_scene_v1,210,16,210.0,1135438.0,1.0,1.0,0.0,0.0,0.0,4.5637766,-2.0319242,-0.20791169,90.0,120.0,1.0,547.653192,-243.83090400000003,-24.9494028,256,256,0.0128
default_fixed_scene_v1,220,1,220.0,1199594.0,0.0625,1.0,0.0,0.0,0.0,0.0,0.0,0.0,0.0,220.0,1.0,0.0,0.0,0.0,256,256,0.0128
default_fixed_scene_v1,220,2,220.0,1199898.0,0.125,1.0,0.0,0.0,0.0,4.9956754,0.0,0.20791169,20.0,200.0,1.0,999.1350799999999,0.0,41.582338,256,256,0.0128
default_fixed_scene_v1,220,3,220.0,1199493.0,0.1875,1.0,0.0,0.0,0.0,4.5360553,2.0195819,0.58778525,25.0,195.0,1.0,884.5307835,393.8184705,114.61812375000001,256,256,0.0128
default_fixed_scene_v1,220,4,220.0,1199130.0,0.25,1.0,0.0,0.0,0.0,3.2950861,3.6595639,0.8660254,30.0,190.0,1.0,626.0663589999999,695.317141,164.544826,256,256,0.0128
default_fixed_scene_v1,220,5,220.0,1198868.0,0.3125,1.0,0.0,0.0,0.0,1.5142125,4.6602668,0.9945219,35.0,185.0,1.0,280.12931249999997,862.1493579999999,183.9865515,256,256,0.0128
default_fixed_scene_v1,220,6,220.0,1198739.0,0.375,1.0,0.0,0.0,0.0,-0.51310053,4.8818254,0.95105652,40.0,180.0,1.0,-92.3580954,878.7285720000001,171.19017359999998,256,256,0.0128
default_fixed_scene_v1,220,7,220.0,1198757.0,0.4375,1.0,0.0,0.0,0.0,-2.4722326,4.2820324,0.74314483,45.0,175.0,1.0,-432.64070499999997,749.35567,130.05034525,256,256,0.0128
default_fixed_scene_v1,220,8,220.0,1198917.0,0.5,1.0,0.0,0.0,0.0,-4.0316788,2.9291861,0.40673664,50.0,170.0,1.0,-685.385396,497.961637,69.1452288,256,256,0.0128
default_fixed_scene_v1,220,9,220.0,1199188.0,0.5625,1.0,0.0,0.0,0.0,-4.890738,1.0395585,5.665538900000001e-16,55.0,165.0,1.0,-806.97177,171.5271525,9.348139185000002e-14,256,256,0.0128
default_fixed_scene_v1,220,10,220.0,1199514.0,0.625,1.0,0.0,0.0,0.0,-4.8745292,-1.0361132,-0.40673664,60.0,160.0,1.0,-779.9246719999999,-165.778112,-65.0778624,256,256,0.0128
default_fixed_scene_v1,220,11,220.0,1199830.0,0.6875,1.0,0.0,0.0,0.0,-4.0001563,-2.9062837,-0.74314483,65.0,155.0,1.0,-620.0242265,-450.4739735,-115.18744865,256,256,0.0128
default_fixed_scene_v1,220,12,220.0,1200083.0,0.75,1.0,0.0,0.0,0.0,-2.4543579,-4.2510726,-0.95105652,70.0,150.0,1.0,-368.15368500000005,-637.66089,-142.658478,256,256,0.0128
default_fixed_scene_v1,220,13,220.0,1200237.0,0.8125,1.0,0.0,0.0,0.0,-0.51219935,-4.8732513,-0.9945219,75.0,145.0,1.0,-74.26890575,-706.6214385,-144.20567549999998,256,256,0.0128
default_fixed_scene_v1,220,14,220.0,1200277.0,0.875,1.0,0.0,0.0,0.0,1.5217322,-4.6834102,-0.8660254,80.0,140.0,1.0,213.042508,-655.677428,-121.243556,256,256,0.0128
default_fixed_scene_v1,220,15,220.0,1200200.0,0.9375,1.0,0.0,0.0,0.0,3.3224547,-3.6899598,-0.58778525,85.0,135.0,1.0,448.5313845,-498.144573,-79.35100875,256,256,0.0128
default_fixed_scene_v1,220,16,220.0,1200024.0,1.0,1.0,0.0,0.0,0.0,4.5637766,-2.0319242,-0.20791169,90.0,130.0,1.0,593.2909579999999,-264.150146,-27.0285197,256,256,0.0128
default_fixed_scene_v1,230,1,230.0,1264149.0,0.0625,1.0,0.0,0.0,0.0,0.0,0.0,0.0,0.0,230.0,1.0,0.0,0.0,0.0,256,256,0.0128
default_fixed_scene_v1,230,2,230.0,1264469.0,0.125,1.0,0.0,0.0,0.0,4.9956754,0.0,0.20791169,20.0,210.0,1.0,1049.0918339999998,0.0,43.6614549,256,256,0.0128
default_fixed_scene_v1,230,3,230.0,1264043.0,0.1875,1.0,0.0,0.0,0.0,4.5360553,2.0195819,0.58778525,25.0,205.0,1.0,929.8913365000001,414.01428949999996,120.49597625000001,256,256,0.0128
default_fixed_scene_v1,230,4,230.0,1263661.0,0.25,1.0,0.0,0.0,0.0,3.2950861,3.6595639,0.8660254,30.0,200.0,1.0,659.01722,731.91278,173.20507999999998,256,256,0.0128
default_fixed_scene_v1,230,5,230.0,1263383.0,0.3125,1.0,0.0,0.0,0.0,1.5142125,4.6602668,0.9945219,35.0,195.0,1.0,295.2714375,908.7520259999999,193.9317705,256,256,0.0128
default_fixed_scene_v1,230,6,230.0,1263246.0,0.375,1.0,0.0,0.0,0.0,-0.51310053,4.8818254,0.95105652,40.0,190.0,1.0,-97.4891007,927.546826,180.70073879999998,256,256,0.0128
default_fixed_scene_v1,230,7,230.0,1263263.0,0.4375,1.0,0.0,0.0,0.0,-2.4722326,4.2820324,0.74314483,45.0,185.0,1.0,-457.363031,792.1759940000001,137.48179355,256,256,0.0128
default_fixed_scene_v1,230,8,230.0,1263431.0,0.5,1.0,0.0,0.0,0.0,-4.0316788,2.9291861,0.40673664,50.0,180.0,1.0,-725.702184,527.253498,73.2125952,256,256,0.0128
default_fixed_scene_v1,230,9,230.0,1263716.0,0.5625,1.0,0.0,0.0,0.0,-4.890738,1.0395585,5.665538900000001e-16,55.0,175.0,1.0,-855.87915,181.9227375,9.914693075000001e-14,256,256,0.0128
default_fixed_scene_v1,230,10,230.0,1264062.0,0.625,1.0,0.0,0.0,0.0,-4.8745292,-1.0361132,-0.40673664,60.0,170.0,1.0,-828.6699639999999,-176.139244,-69.1452288,256,256,0.0128
default_fixed_scene_v1,230,11,230.0,1264399.0,0.6875,1.0,0.0,0.0,0.0,-4.0001563,-2.9062837,-0.74314483,65.0,165.0,1.0,-660.0257895000001,-479.5368105,-122.61889694999999,256,256,0.0128
default_fixed_scene_v1,230,12,230.0,1264669.0,0.75,1.0,0.0,0.0,0.0,-2.4543579,-4.2510726,-0.95105652,70.0,160.0,1.0,-392.697264,-680.171616,-152.1690432,256,256,0.0128
default_fixed_scene_v1,230,13,230.0,1264836.0,0.8125,1.0,0.0,0.0,0.0,-0.51219935,-4.8732513,-0.9945219,75.0,155.0,1.0,-79.39089925,-755.3539515,-154.1508945,256,256,0.0128
default_fixed_scene_v1,230,14,230.0,1264880.0,0.875,1.0,0.0,0.0,0.0,1.5217322,-4.6834102,-0.8660254,80.0,150.0,1.0,228.25983,-702.51153,-129.90381,256,256,0.0128
default_fixed_scene_v1,230,15,230.0,1264799.0,0.9375,1.0,0.0,0.0,0.0,3.3224547,-3.6899598,-0.58778525,85.0,145.0,1.0,481.75593150000003,-535.044171,-85.22886125000001,256,256,0.0128
default_fixed_scene_v1,230,16,230.0,1264611.0,1.0,1.0,0.0,0.0,0.0,4.5637766,-2.0319242,-0.20791169,90.0,140.0,1.0,638.928724,-284.46938800000004,-29.107636600000003,256,256,0.0128
default_fixed_scene_v1,240,1,240.0,1328705.0,0.0625,1.0,0.0,0.0,0.0,0.0,0.0,0.0,0.0,240.0,1.0,0.0,0.0,0.0,256,256,0.0128
default_fixed_scene_v1,240,2,240.0,1329042.0,0.125,1.0,0.0,0.0,0.0,4.9956754,0.0,0.20791169,20.0,220.0,1.0,1099.0485879999999,0.0,45.740571800000005,256,256,0.0128
default_fixed_scene_v1,240,3,240.0,1328595.0,0.1875,1.0,0.0,0.0,0.0,4.5360553,2.0195819,0.58778525,25.0,215.0,1.0,975.2518895000001,434.2101085,126.37382875,256,256,0.0128
default_fixed_scene_v1,240,4,240.0,1328194.0,0.25,1.0,0.0,0.0,0.0,3.2950861,3.6595639,0.8660254,30.0,210.0,1.0,691.968081,768.508419,181.865334,256,256,0.0128
default_fixed_scene_v1,240,5,240.0,1327901.0,0.3125,1.0,0.0,0.0,0.0,1.5142125,4.6602668,0.9945219,35.0,205.0,1.0,310.4135625,955.3546939999999,203.87698949999998,256,256,0.0128
default_fixed_scene_v1,240,6,240.0,1327755.0,0.375,1.0,0.0,0.0,0.0,-0.51310053,4.8818254,0.95105652,40.0,200.0,1.0,-102.62010599999999,976.36508,190.21130399999998,256,256,0.0128
default_fixed_scene_v1,240,7,240.0,1327771.0,0.4375,1.0,0.0,0.0,0.0,-2.4722326,4.2820324,0.74314483,45.0,195.0,1.0,-482.085357,834.9963180000001,144.91324185,256,256,0.0128
default_fixed_scene_v1,240,8,240.0,1327947.0,0.5,1.0,0.0,0.0,0.0,-4.0316788,2.9291861,0.40673664,50.0,190.0,1.0,-766.018972,556.545359,77.2799616,256,256,0.0128
default_fixed_scene_v1,240,9,240.0,1328247.0,0.5625,1.0,0.0,0.0,0.0,-4.890738,1.0395585,5.665538900000001e-16,55.0,185.0,1.0,-904.78653,192.31832250000002,1.0481246965000002e-13,256,256,0.0128
default_fixed_scene_v1,240,10,240.0,1328612.0,0.625,1.0,0.0,0.0,0.0,-4.8745292,-1.0361132,-0.40673664,60.0,180.0,1.0,-877.4152559999999,-186.500376,-73.2125952,256,256,0.0128
default_fixed_scene_v1,240,11,240.0,1328970.0,0.6875,1.0,0.0,0.0,0.0,-4.0001563,-2.9062837,-0.74314483,65.0,175.0,1.0,-700.0273525000001,-508.5996475,-130.05034525,256,256,0.0128
default_fixed_scene_v1,240,12,240.0,1329257.0,0.75,1.0,0.0,0.0,0.0,-2.4543579,-4.2510726,-0.95105652,70.0,170.0,1.0,-417.24084300000004,-722.682342,-161.6796084,256,256,0.0128
default_fixed_scene_v1,240,13,240.0,1329436.0,0.8125,1.0,0.0,0.0,0.0,-0.51219935,-4.8732513,-0.9945219,75.0,165.0,1.0,-84.51289275,-804.0864644999999,-164.0961135,256,256,0.0128
default_fixed_scene_v1,240,14,240.0,1329485.0,0.875,1.0,0.0,0.0,0.0,1.5217322,-4.6834102,-0.8660254,80.0,160.0,1.0,243.477152,-749.345632,-138.564064,256,256,0.0128
default_fixed_scene_v1,240,15,240.0,1329401.0,0.9375,1.0,0.0,0.0,0.0,3.3224547,-3.6899598,-0.58778525,85.0,155.0,1.0,514.9804785,-571.943769,-91.10671375000001,256,256,0.0128
default_fixed_scene_v1,240,16,240.0,1329201.0,1.0,1.0,0.0,0.0,0.0,4.5637766,-2.0319242,-0.20791169,90.0,150.0,1.0,684.5664899999999,-304.78863,-31.186753500000002,256,256,0.0128
default_fixed_scene_v1,250,1,250.0,1393263.0,0.0625,1.0,0.0,0.0,0.0,0.0,0.0,0.0,0.0,250.0,1.0,0.0,0.0,0.0,256,256,0.0128
default_fixed_scene_v1,250,2,250.0,1393616.0,0.125,1.0,0.0,0.0,0.0,4.9956754,0.0,0.20791169,20.0,230.0,1.0,1149.005342,0.0,47.8196887,256,256,0.0128
default_fixed_scene_v1,250,3,250.0,1393149.0,0.1875,1.0,0.0,0.0,0.0,4.5360553,2.0195819,0.58778525,25.0,225.0,1.0,1020.6124425,454.40592749999996,132.25168125000002,256,256,0.0128
default_fixed_scene_v1,250,4,250.0,1392728.0,0.25,1.0,0.0,0.0,0.0,3.2950861,3.6595639,0.8660254,30.0,220.0,1.0,724.9189419999999,805.104058,190.525588,256,256,0.0128
default_fixed_scene_v1,250,5,250.0,1392420.0,0.3125,1.0,0.0,0.0,0.0,1.5142125,4.6602668,0.9945219,35.0,215.0,1.0,325.5556875,1001.9573619999999,213.8222085,256,256,0.0128
default_fixed_scene_v1,250,6,250.0,1392265.0,0.375,1.0,0.0,0.0,0.0,-0.51310053,4.8818254,0.95105652,40.0,210.0,1.0,-107.7511113,1025.183334,199.7218692,256,256,0.0128
default_fixed_scene_v1,250,7,250.0,1392281.0,0.4375,1.0,0.0,0.0,0.0,-2.4722326,4.2820324,0.74314483,45.0,205.0,1.0,-506.807683,877.8166420000001,152.34469015,256,256,0.0128
default_fixed_scene_v1,250,8,250.0,1392464.0,0.5,1.0,0.0,0.0,0.0,-4.0316788,2.9291861,0.40673664,50.0,200.0,1.0,-806.3357599999999,585.83722,81.34732799999999,256,256,0.0128
default_fixed_scene_v1,250,9,250.0,1392779.0,0.5625,1.0,0.0,0.0,0.0,-4.890738,1.0395585,5.665538900000001e-16,55.0,195.0,1.0,-953.69391,202.7139075,1.1047800855000001e-13,256,256,0.0128
default_fixed_scene_v1,250,10,250.0,1393164.0,0.625,1.0,0.0,0.0,0.0,-4.8745292,-1.0361132,-0.40673664,60.0,190.0,1.0,-926.160548,-196.861508,-77.2799616,256,256,0.0128
default_fixed_scene_v1,250,11,250.0,1393542.0,0.6875,1.0,0.0,0.0,0.0,-4.0001563,-2.9062837,-0.74314483,65.0,185.0,1.0,-740.0289155,-537.6624845,-137.48179355,256,256,0.0128
default_fixed_scene_v1,250,12,250.0,1393847.0,0.75,1.0,0.0,0.0,0.0,-2.4543579,-4.2510726,-0.95105652,70.0,180.0,1.0,-441.78442200000006,-765.1930679999999,-171.19017359999998,256,256,0.0128
default_fixed_scene_v1,250,13,250.0,1394038.0,0.8125,1.0,0.0,0.0,0.0,-0.51219935,-4.8732513,-0.9945219,75.0,175.0,1.0,-89.63488625000001,-852.8189775,-174.04133249999998,256,256,0.0128
default_fixed_scene_v1,250,14,250.0,1394092.0,0.875,1.0,0.0,0.0,0.0,1.5217322,-4.6834102,-0.8660254,80.0,170.0,1.0,258.694474,-796.1797339999999,-147.22431799999998,256,256,0.0128
default_fixed_scene_v1,250,15,250.0,1394004.0,0.9375,1.0,0.0,0.0,0.0,3.3224547,-3.6899598,-0.58778525,85.0,165.0,1.0,548.2050255,-608.8433670000001,-96.98456625,256,256,0.0128
default_fixed_scene_v1,250,16,250.0,1393793.0,1.0,1.0,0.0,0.0,0.0,4.5637766,-2.0319242,-0.20791169,90.0,160.0,1.0,730.204256,-325.10787200000004,-33.265870400000004,256,256,0.0128
default_fixed_scene_v1,260,1,260.0,1457822.0,0.0625,1.0,0.0,0.0,0.0,0.0,0.0,0.0,0.0,260.0,1.0,0.0,0.0,0.0,256,256,0.0128
default_fixed_scene_v1,260,2,260.0,1458192.0,0.125,1.0,0.0,0.0,0.0,4.9956754,0.0,0.20791169,20.0,240.0,1.0,1198.962096,0.0,49.8988056,256,256,0.0128
default_fixed_scene_v1,260,3,260.0,1457705.0,0.1875,1.0,0.0,0.0,0.0,4.5360553,2.0195819,0.58778525,25.0,235.0,1.0,1065.9729955,474.6017465,138.12953375,256,256,0.0128
default_fixed_scene_v1,260,4,260.0,1457264.0,0.25,1.0,0.0,0.0,0.0,3.2950861,3.6595639,0.8660254,30.0,230.0,1.0,757.8698029999999,841.699697,199.18584199999998,256,256,0.0128
default_fixed_scene_v1,260,5,260.0,1456941.0,0.3125,1.0,0.0,0.0,0.0,1.5142125,4.6602668,0.9945219,35.0,225.0,1.0,340.6978125,1048.5600299999999,223.7674275,256,256,0.0128
default_fixed_scene_v1,260,6,260.0,1456777.0,0.375,1.0,0.0,0.0,0.0,-0.51310053,4.8818254,0.95105652,40.0,220.0,1.0,-112.8821166,1074.001588,209.2324344,256,256,0.0128
default_fixed_scene_v1,260,7,260.0,1456792.0,0.4375,1.0,0.0,0.0,0.0,-2.4722326,4.2820324,0.74314483,45.0,215.0,1.0,-531.530009,920.636966,159.77613845,256,256,0.0128
default_fixed_scene_v1,260,8,260.0,1456983.0,0.5,1.0,0.0,0.0,0.0,-4.0316788,2.9291861,0.40673664,50.0,210.0,1.0,-846.652548,615.1290809999999,85.4146944,256,256,0.0128
default_fixed_scene_v1,260,9,260.0,1457313.0,0.5625,1.0,0.0,0.0,0.0,-4.890738,1.0395585,5.665538900000001e-16,55.0,205.0,1.0,-1002.60129,213.10949250000002,1.1614354745e-13,256,256,0.0128
default_fixed_scene_v1,260,10,260.0,1457717.0,0.625,1.0,0.0,0.0,0.0,-4.8745292,-1.0361132,-0.40673664,60.0,200.0,1.0,-974.9058399999999,-207.22263999999998,-81.34732799999999,256,256,0.0128
default_fixed_scene_v1,260,11,260.0,1458115.0,0.6875,1.0,0.0,0.0,0.0,-4.0001563,-2.9062837,-0.74314483,65.0,195.0,1.0,-780.0304785000001,-566.7253215,-144.91324185,256,256,0.0128
default_fixed_scene_v1,260,12,260.0,1458439.0,0.75,1.0,0.0,0.0,0.0,-2.4543579,-4.2510726,-0.95105652,70.0,190.0,1.0,-466.32800100000003,-807.7037939999999,-180.70073879999998,256,256,0.0128
default_fixed_scene_v1,260,13,260.0,1458641.0,0.8125,1.0,0.0,0.0,0.0,-0.51219935,-4.8732513,-0.9945219,75.0,185.0,1.0,-94.75687975000001,-901.5514905,-183.9865515,256,256,0.0128
default_fixed_scene_v1,260,14,260.0,1458700.0,0.875,1.0,0.0,0.0,0.0,1.5217322,-4.6834102,-0.8660254,80.0,180.0,1.0,273.911796,-843.013836,-155.884572,256,256,0.0128
default_fixed_scene_v1,260,15,260.0,1458609.0,0.9375,1.0,0.0,0.0,0.0,3.3224547,-3.6899598,-0.58778525,85.0,175.0,1.0,581.4295725000001,-645.742965,-102.86241875,256,256,0.0128
default_fixed_scene_v1,260,16,260.0,1458386.0,1.0,1.0,0.0,0.0,0.0,4.5637766,-2.0319242,-0.20791169,90.0,170.0,1.0,775.8420219999999,-345.427114,-35.3449873,256,256,0.0128
default_fixed_scene_v1,270,1,270.0,1522383.0,0.0625,1.0,0.0,0.0,0.0,0.0,0.0,0.0,0.0,270.0,1.0,0.0,0.0,0.0,256,256,0.0128
default_fixed_scene_v1,270,2,270.0,1522769.0,0.125,1.0,0.0,0.0,0.0,4.9956754,0.0,0.20791169,20.0,250.0,1.0,1248.91885,0.0,51.977922500000005,256,256,0.0128
default_fixed_scene_v1,270,3,270.0,1522261.0,0.1875,1.0,0.0,0.0,0.0,4.5360553,2.0195819,0.58778525,25.0,245.0,1.0,1111.3335485,494.79756549999996,144.00738625,256,256,0.0128
default_fixed_scene_v1,270,4,270.0,1521802.0,0.25,1.0,0.0,0.0,0.0,3.2950861,3.6595639,0.8660254,30.0,240.0,1.0,790.820664,878.295336,207.846096,256,256,0.0128
default_fixed_scene_v1,270,5,270.0,1521463.0,0.3125,1.0,0.0,0.0,0.0,1.5142125,4.6602668,0.9945219,35.0,235.0,1.0,355.8399375,1095.1626979999999,233.71264649999998,256,256,0.0128
default_fixed_scene_v1,270,6,270.0,1521291.0,0.375,1.0,0.0,0.0,0.0,-0.51310053,4.8818254,0.95105652,40.0,230.0,1.0,-118.0131219,1122.819842,218.7429996,256,256,0.0128
default_fixed_scene_v1,270,7,270.0,1521305.0,0.4375,1.0,0.0,0.0,0.0,-2.4722326,4.2820324,0.74314483,45.0,225.0,1.0,-556.252335,963.4572900000001,167.20758675,256,256,0.0128
default_fixed_scene_v1,270,8,270.0,1521503.0,0.5,1.0,0.0,0.0,0.0,-4.0316788,2.9291861,0.40673664,50.0,220.0,1.0,-886.969336,644.420942,89.4820608,256,256,0.0128
default_fixed_scene_v1,270,9,270.0,1521848.0,0.5625,1.0,0.0,0.0,0.0,-4.890738,1.0395585,5.665538900000001e-16,55.0,215.0,1.0,-1051.50867,223.5050775,1.2180908635000003e-13,256,256,0.0128
default_fixed_scene_v1,270,10,270.0,1522272.0,0.625,1.0,0.0,0.0,0.0,-4.8745292,-1.0361132,-0.40673664,60.0,210.0,1.0,-1023.651132,-217.58377199999998,-85.4146944,256,256,0.0128
default_fixed_scene_v1,270,11,270.0,1522691.0,0.6875,1.0,0.0,0.0,0.0,-4.0001563,-2.9062837,-0.74314483,65.0,205.0,1.0,-820.0320415000001,-595.7881585,-152.34469015,256,256,0.0128
default_fixed_scene_v1,270,12,270.0,1523031.0,0.75,1.0,0.0,0.0,0.0,-2.4543579,-4.2510726,-0.95105652,70.0,200.0,1.0,-490.87158000000005,-850.2145199999999,-190.21130399999998,256,256,0.0128
default_fixed_scene_v1,270,13,270.0,1523246.0,0.8125,1.0,0.0,0.0,0.0,-0.51219935,-4.8732513,-0.9945219,75.0,195.0,1.0,-99.87887325000001,-950.2840034999999,-193.9317705,256,256,0.0128
default_fixed_scene_v1,270,14,270.0,1523309.0,0.875,1.0,0.0,0.0,0.0,1.5217322,-4.6834102,-0.8660254,80.0,190.0,1.0,289.129118,-889.847938,-164.544826,256,256,0.0128
default_fixed_scene_v1,270,15,270.0,1523215.0,0.9375,1.0,0.0,0.0,0.0,3.3224547,-3.6899598,-0.58778525,85.0,185.0,1.0,614.6541195000001,-682.642563,-108.74027125,256,256,0.0128
default_fixed_scene_v1,270,16,270.0,1522981.0,1.0,1.0,0.0,0.0,0.0,4.5637766,-2.0319242,-0.20791169,90.0,180.0,1.0,821.479788,-365.74635600000005,-37.4241042,256,256,0.0128
default_fixed_scene_v1,280,1,280.0,1586945.0,0.0625,1.0,0.0,0.0,0.0,0.0,0.0,0.0,0.0,280.0,1.0,0.0,0.0,0.0,256,256,0.0128
default_fixed_scene_v1,280,2,280.0,1587348.0,0.125,1.0,0.0,0.0,0.0,4.9956754,0.0,0.20791169,20.0,260.0,1.0,1298.8756039999998,0.0,54.0570394,256,256,0.0128
default_fixed_scene_v1,280,3,280.0,1586819.0,0.1875,1.0,0.0,0.0,0.0,4.5360553,2.0195819,0.58778525,25.0,255.0,1.0,1156.6941015,514.9933844999999,149.88523875,256,256,0.0128
default_fixed_scene_v1,280,4,280.0,1586340.0,0.25,1.0,0.0,0.0,0.0,3.2950861,3.6595639,0.8660254,30.0,250.0,1.0,823.771525,914.890975,216.50635,256,256,0.0128
default_fixed_scene_v1,280,5,280.0,1585986.0,0.3125,1.0,0.0,0.0,0.0,1.5142125,4.6602668,0.9945219,35.0,245.0,1.0,370.9820625,1141.7653659999999,243.65786549999999,256,256,0.0128
default_fixed_scene_v1,280,6,280.0,1585805.0,0.375,1.0,0.0,0.0,0.0,-0.51310053,4.8818254,0.95105652,40.0,240.0,1.0,-123.1441272,1171.6380960000001,228.2535648,256,256,0.0128
default_fixed_scene_v1,280,7,280.0,1585819.0,0.4375,1.0,0.0,0.0,0.0,-2.4722326,4.2820324,0.74314483,45.0,235.0,1.0,-580.974661,1006.2776140000001,174.63903505,256,256,0.0128
default_fixed_scene_v1,280,8,280.0,1586024.0,0.5,1.0,0.0,0.0,0.0,-4.0316788,2.9291861,0.40673664,50.0,230.0,1.0,-927.286124,673.712803,93.5494272,256,256,0.0128
default_fixed_scene_v1,280,9,280.0,1586385.0,0.5625,1.0,0.0,0.0,0.0,-4.890738,1.0395585,5.665538900000001e-16,55.0,225.0,1.0,-1100.41605,233.9006625,1.2747462525000002e-13,256,256,0.0128
default_fixed_scene_v1,280,10,280.0,1586828.0,0.625,1.0,0.0,0.0,0.0,-4.8745292,-1.0361132,-0.40673664,60.0,220.0,1.0,-1072.3964239999998,-227.94490399999998,-89.4820608,256,256,0.0128
default_fixed_scene_v1,280,11,280.0,1587267.0,0.6875,1.0,0.0,0.0,0.0,-4.0001563,-2.9062837,-0.74314483,65.0,215.0,1.0,-860.0336045000001,-624.8509955,-159.77613845,256,256,0.0128
default_fixed_scene_v1,280,12,280.0,1587625.0,0.75,1.0,0.0,0.0,0.0,-2.4543579,-4.2510726,-0.95105652,70.0,210.0,1.0,-515.415159,-892.725246,-199.7218692,256,256,0.0128
default_fixed_scene_v1,280,13,280.0,1587852.0,0.8125,1.0,0.0,0.0,0.0,-0.51219935,-4.8732513,-0.9945219,75.0,205.0,1.0,-105.00086675000001,-999.0165165,-203.87698949999998,256,256,0.0128
default_fixed_scene_v1,280,14,280.0,1587920.0,0.875,1.0,0.0,0.0,0.0,1.5217322,-4.6834102,-0.8660254,80.0,200.0,1.0,304.34644,-936.68204,-173.20507999999998,256,256,0.0128
default_fixed_scene_v1,280,15,280.0,1587822.0,0.9375,1.0,0.0,0.0,0.0,3.3224547,-3.6899598,-0.58778525,85.0,195.0,1.0,647.8786665,-719.542161,-114.61812375000001,256,256,0.0128
default_fixed_scene_v1,280,16,280.0,1587577.0,1.0,1.0,0.0,0.0,0.0,4.5637766,-2.0319242,-0.20791169,90.0,190.0,1.0,867.1175539999999,-386.065598,-39.503221100000005,256,256,0.0128
default_fixed_scene_v1,290,1,290.0,1651508.0,0.0625,1.0,0.0,0.0,0.0,0.0,0.0,0.0,0.0,290.0,1.0,0.0,0.0,0.0,256,256,0.0128
default_fixed_scene_v1,290,2,290.0,1651927.0,0.125,1.0,0.0,0.0,0.0,4.9956754,0.0,0.20791169,20.0,270.0,1.0,1348.8323579999999,0.0,56.1361563,256,256,0.0128
default_fixed_scene_v1,290,3,290.0,1651378.0,0.1875,1.0,0.0,0.0,0.0,4.5360553,2.0195819,0.58778525,25.0,265.0,1.0,1202.0546545,535.1892035,155.76309125,256,256,0.0128
default_fixed_scene_v1,290,4,290.0,1650879.0,0.25,1.0,0.0,0.0,0.0,3.2950861,3.6595639,0.8660254,30.0,260.0,1.0,856.7223859999999,951.486614,225.16660399999998,256,256,0.0128
default_fixed_scene_v1,290,5,290.0,1650511.0,0.3125,1.0,0.0,0.0,0.0,1.5142125,4.6602668,0.9945219,35.0,255.0,1.0,386.1241875,1188.3680339999999,253.6030845,256,256,0.0128
default_fixed_scene_v1,290,6,290.0,1650321.0,0.375,1.0,0.0,0.0,0.0,-0.51310053,4.8818254,0.95105652,40.0,250.0,1.0,-128.2751325,1220.4563500000002,237.76413,256,256,0.0128
default_fixed_scene_v1,290,7,290.0,1650334.0,0.4375,1.0,0.0,0.0,0.0,-2.4722326,4.2820324,0.74314483,45.0,245.0,1.0,-605.6969869999999,1049.097938,182.07048335,256,256,0.0128
default_fixed_scene_v1,290,8,290.0,1650547.0,0.5,1.0,0.0,0.0,0.0,-4.0316788,2.9291861,0.40673664,50.0,240.0,1.0,-967.602912,703.0046639999999,97.6167936,256,256,0.0128
default_fixed_scene_v1,290,9,290.0,1650922.0,0.5625,1.0,0.0,0.0,0.0,-4.890738,1.0395585,5.665538900000001e-16,55.0,235.0,1.0,-1149.32343,244.29624750000002,1.3314016415000002e-13,256,256,0.0128
default_fixed_scene_v1,290,10,290.0,1651384.0,0.625,1.0,0.0,0.0,0.0,-4.8745292,-1.0361132,-0.40673664,60.0,230.0,1.0,-1121.1417159999999,-238.30603599999998,-93.5494272,256,256,0.0128
default_fixed_scene_v1,290,11,290.0,1651844.0,0.6875,1.0,0.0,0.0,0.0,-4.0001563,-2.9062837,-0.74314483,65.0,225.0,1.0,-900.0351675000001,-653.9138325,-167.20758675,256,256,0.0128
default_fixed_scene_v1,290,12,290.0,1652220.0,0.75,1.0,0.0,0.0,0.0,-2.4543579,-4.2510726,-0.95105652,70.0,220.0,1.0,-539.958738,-935.235972,-209.2324344,256,256,0.0128
default_fixed_scene_v1,290,13,290.0,1652459.0,0.8125,1.0,0.0,0.0,0.0,-0.51219935,-4.8732513,-0.9945219,75.0,215.0,1.0,-110.12286025000002,-1047.7490295,-213.8222085,256,256,0.0128
default_fixed_scene_v1,290,14,290.0,1652532.0,0.875,1.0,0.0,0.0,0.0,1.5217322,-4.6834102,-0.8660254,80.0,210.0,1.0,319.563762,-983.516142,-181.865334,256,256,0.0128
default_fixed_scene_v1,290,15,290.0,1652431.0,0.9375,1.0,0.0,0.0,0.0,3.3224547,-3.6899598,-0.58778525,85.0,205.0,1.0,681.1032135,-756.441759,-120.49597625000001,256,256,0.0128
default_fixed_scene_v1,290,16,290.0,1652173.0,1.0,1.0,0.0,0.0,0.0,4.5637766,-2.0319242,-0.20791169,90.0,200.0,1.0,912.75532,-406.38484000000005,-41.582338,256,256,0.0128
default_fixed_scene_v1,300,1,300.0,1716072.0,0.0625,1.0,0.0,0.0,0.0,0.0,0.0,0.0,0.0,300.0,1.0,0.0,0.0,0.0,256,256,0.0128
default_fixed_scene_v1,300,2,300.0,1716507.0,0.125,1.0,0.0,0.0,0.0,4.9956754,0.0,0.20791169,20.0,280.0,1.0,1398.789112,0.0,58.215273200000006,256,256,0.0128
default_fixed_scene_v1,300,3,300.0,1715938.0,0.1875,1.0,0.0,0.0,0.0,4.5360553,2.0195819,0.58778525,25.0,275.0,1.0,1247.4152075,555.3850225,161.64094375000002,256,256,0.0128
default_fixed_scene_v1,300,4,300.0,1715420.0,0.25,1.0,0.0,0.0,0.0,3.2950861,3.6595639,0.8660254,30.0,270.0,1.0,889.673247,988.082253,233.826858,256,256,0.0128
default_fixed_scene_v1,300,5,300.0,1715036.0,0.3125,1.0,0.0,0.0,0.0,1.5142125,4.6602668,0.9945219,35.0,265.0,1.0,401.26631249999997,1234.9707019999998,263.5483035,256,256,0.0128
default_fixed_scene_v1,300,6,300.0,1714837.0,0.375,1.0,0.0,0.0,0.0,-0.51310053,4.8818254,0.95105652,40.0,260.0,1.0,-133.4061378,1269.2746040000002,247.2746952,256,256,0.0128
default_fixed_scene_v1,300,7,300.0,1714849.0,0.4375,1.0,0.0,0.0,0.0,-2.4722326,4.2820324,0.74314483,45.0,255.0,1.0,-630.419313,1091.9182620000001,189.50193165,256,256,0.0128
default_fixed_scene_v1,300,8,300.0,1715070.0,0.5,1.0,0.0,0.0,0.0,-4.0316788,2.9291861,0.40673664,50.0,250.0,1.0,-1007.9196999999999,732.296525,101.68415999999999,256,256,0.0128
default_fixed_scene_v1,300,9,300.0,1715460.0,0.5625,1.0,0.0,0.0,0.0,-4.890738,1.0395585,5.665538900000001e-16,55.0,245.0,1.0,-1198.23081,254.6918325,1.3880570305e-13,256,256,0.0128
default_fixed_scene_v1,300,10,300.0,1715942.0,0.625,1.0,0.0,0.0,0.0,-4.8745292,-1.0361132,-0.40673664,60.0,240.0,1.0,-1169.887008,-248.667168,-97.6167936,256,256,0.0128
default_fixed_scene_v1,300,11,300.0,1716422.0,0.6875,1.0,0.0,0.0,0.0,-4.0001563,-2.9062837,-0.74314483,65.0,235.0,1.0,-940.0367305000001,-682.9766695,-174.63903505,256,256,0.0128
default_fixed_scene_v1,300,12,300.0,1716815.0,0.75,1.0,0.0,0.0,0.0,-2.4543579,-4.2510726,-0.95105652,70.0,230.0,1.0,-564.5023170000001,-977.7466979999999,-218.7429996,256,256,0.0128
default_fixed_scene_v1,300,13,300.0,1717067.0,0.8125,1.0,0.0,0.0,0.0,-0.51219935,-4.8732513,-0.9945219,75.0,225.0,1.0,-115.24485375000002,-1096.4815425,-223.7674275,256,256,0.0128
default_fixed_scene_v1,300,14,300.0,1717144.0,0.875,1.0,0.0,0.0,0.0,1.5217322,-4.6834102,-0.8660254,80.0,220.0,1.0,334.781084,-1030.350244,-190.525588,256,256,0.0128
default_fixed_scene_v1,300,15,300.0,1717040.0,0.9375,1.0,0.0,0.0,0.0,3.3224547,-3.6899598,-0.58778525,85.0,215.0,1.0,714.3277605000001,-793.341357,-126.37382875,256,256,0.0128
default_fixed_scene_v1,300,16,300.0,1716771.0,1.0,1.0,0.0,0.0,0.0,4.5637766,-2.0319242,-0.20791169,90.0,210.0,1.0,958.3930859999999,-426.704082,-43.6614549,256,256,0.0128
default_fixed_scene_v1,310,1,310.0,1780636.0,0.0625,1.0,0.0,0.0,0.0,0.0,0.0,0.0,0.0,310.0,1.0,0.0,0.0,0.0,256,256,0.0128
default_fixed_scene_v1,310,2,310.0,1781088.0,0.125,1.0,0.0,0.0,0.0,4.9956754,0.0,0.20791169,20.0,290.0,1.0,1448.745866,0.0,60.2943901,256,256,0.0128
default_fixed_scene_v1,310,3,310.0,1780498.0,0.1875,1.0,0.0,0.0,0.0,4.5360553,2.0195819,0.58778525,25.0,285.0,1.0,1292.7757605,575.5808415,167.51879625,256,256,0.0128
default_fixed_scene_v1,310,4,310.0,1779961.0,0.25,1.0,0.0,0.0,0.0,3.2950861,3.6595639,0.8660254,30.0,280.0,1.0,922.624108,1024.6778920000002,242.487112,256,256,0.0128
default_fixed_scene_v1,310,5,310.0,1779562.0,0.3125,1.0,0.0,0.0,0.0,1.5142125,4.6602668,0.9945219,35.0,275.0,1.0,416.4084375,1281.5733699999998,273.4935225,256,256,0.0128
default_fixed_scene_v1,310,6,310.0,1779354.0,0.375,1.0,0.0,0.0,0.0,-0.51310053,4.8818254,0.95105652,40.0,270.0,1.0,-138.5371431,1318.092858,256.78526039999997,256,256,0.0128
default_fixed_scene_v1,310,7,310.0,1779366.0,0.4375,1.0,0.0,0.0,0.0,-2.4722326,4.2820324,0.74314483,45.0,265.0,1.0,-655.1416389999999,1134.7385860000002,196.93337995,256,256,0.0128
default_fixed_scene_v1,310,8,310.0,1779594.0,0.5,1.0,0.0,0.0,0.0,-4.0316788,2.9291861,0.40673664,50.0,260.0,1.0,-1048.236488,761.588386,105.75152639999999,256,256,0.0128
default_fixed_scene_v1,310,9,310.0,1779999.0,0.5625,1.0,0.0,0.0,0.0,-4.890738,1.0395585,5.665538900000001e-16,55.0,255.0,1.0,-1247.13819,265.0874175,1.4447124195000003e-13,256,256,0.0128
default_fixed_scene_v1,310,10,310.0,1780501.0,0.625,1.0,0.0,0.0,0.0,-4.8745292,-1.0361132,-0.40673664,60.0,250.0,1.0,-1218.6323,-259.0283,-101.68415999999999,256,256,0.0128
default_fixed_scene_v1,310,11,310.0,1781001.0,0.6875,1.0,0.0,0.0,0.0,-4.0001563,-2.9062837,-0.74314483,65.0,245.0,1.0,-980.0382935000001,-712.0395065,-182.07048335,256,256,0.0128
default_fixed_scene_v1,310,12,310.0,1781412.0,0.75,1.0,0.0,0.0,0.0,-2.4543579,-4.2510726,-0.95105652,70.0,240.0,1.0,-589.0458960000001,-1020.2574239999999,-228.2535648,256,256,0.0128
default_fixed_scene_v1,310,13,310.0,1781675.0,0.8125,1.0,0.0,0.0,0.0,-0.51219935,-4.8732513,-0.9945219,75.0,235.0,1.0,-120.36684725,-1145.2140554999999,-233.71264649999998,256,256,0.0128
default_fixed_scene_v1,310,14,310.0,1781758.0,0.875,1.0,0.0,0.0,0.0,1.5217322,-4.6834102,-0.8660254,80.0,230.0,1.0,349.998406,-1077.184346,-199.18584199999998,256,256,0.0128
default_fixed_scene_v1,310,15,310.0,1781650.0,0.9375,1.0,0.0,0.0,0.0,3.3224547,-3.6899598,-0.58778525,85.0,225.0,1.0,747.5523075000001,-830.240955,-132.25168125000002,256,256,0.0128
default_fixed_scene_v1,310,16,310.0,1781369.0,1.0,1.0,0.0,0.0,0.0,4.5637766,-2.0319242,-0.20791169,90.0,220.0,1.0,1004.030852,-447.02332400000006,-45.740571800000005,256,256,0.0128
default_fixed_scene_v1,320,1,320.0,1845202.0,0.0625,1.0,0.0,0.0,0.0,0.0,0.0,0.0,0.0,320.0,1.0,0.0,0.0,0.0,256,256,0.0128
default_fixed_scene_v1,320,2,320.0,1845670.0,0.125,1.0,0.0,0.0,0.0,4.9956754,0.0,0.20791169,20.0,300.0,1.0,1498.7026199999998,0.0,62.373507000000004,256,256,0.0128
default_fixed_scene_v1,320,3,320.0,1845060.0,0.1875,1.0,0.0,0.0,0.0,4.5360553,2.0195819,0.58778525,25.0,295.0,1.0,1338.1363135000001,595.7766604999999,173.39664875,256,256,0.0128
default_fixed_scene_v1,320,4,320.0,1844503.0,0.25,1.0,0.0,0.0,0.0,3.2950861,3.6595639,0.8660254,30.0,290.0,1.0,955.5749689999999,1061.273531,251.14736599999998,256,256,0.0128
default_fixed_scene_v1,320,5,320.0,1844088.0,0.3125,1.0,0.0,0.0,0.0,1.5142125,4.6602668,0.9945219,35.0,285.0,1.0,431.5505625,1328.1760379999998,283.4387415,256,256,0.0128
default_fixed_scene_v1,320,6,320.0,1843872.0,0.375,1.0,0.0,0.0,0.0,-0.51310053,4.8818254,0.95105652,40.0,280.0,1.0,-143.6681484,1366.911112,266.2958256,256,256,0.0128
default_fixed_scene_v1,320,7,320.0,1843883.0,0.4375,1.0,0.0,0.0,0.0,-2.4722326,4.2820324,0.74314483,45.0,275.0,1.0,-679.863965,1177.55891,204.36482825,256,256,0.0128
default_fixed_scene_v1,320,8,320.0,1844119.0,0.5,1.0,0.0,0.0,0.0,-4.0316788,2.9291861,0.40673664,50.0,270.0,1.0,-1088.5532759999999,790.8802469999999,109.8188928,256,256,0.0128
default_fixed_scene_v1,320,9,320.0,1844539.0,0.5625,1.0,0.0,0.0,0.0,-4.890738,1.0395585,5.665538900000001e-16,55.0,265.0,1.0,-1296.04557,275.4830025,1.5013678085000003e-13,256,256,0.0128
default_fixed_scene_v1,320,10,320.0,1845060.0,0.625,1.0,0.0,0.0,0.0,-4.8745292,-1.0361132,-0.40673664,60.0,260.0,1.0,-1267.3775919999998,-269.389432,-105.75152639999999,256,256,0.0128
default_fixed_scene_v1,320,11,320.0,1845580.0,0.6875,1.0,0.0,0.0,0.0,-4.0001563,-2.9062837,-0.74314483,65.0,255.0,1.0,-1020.0398565000002,-741.1023435,-189.50193165,256,256,0.0128
default_fixed_scene_v1,320,12,320.0,1846009.0,0.75,1.0,0.0,0.0,0.0,-2.4543579,-4.2510726,-0.95105652,70.0,250.0,1.0,-613.5894750000001,-1062.7681499999999,-237.76413,256,256,0.0128
default_fixed_scene_v1,320,13,320.0,1846284.0,0.8125,1.0,0.0,0.0,0.0,-0.51219935,-4.8732513,-0.9945219,75.0,245.0,1.0,-125.48884075000001,-1193.9465685,-243.65786549999999,256,256,0.0128
default_fixed_scene_v1,320,14,320.0,1846372.0,0.875,1.0,0.0,0.0,0.0,1.5217322,-4.6834102,-0.8660254,80.0,240.0,1.0,365.215728,-1124.018448,-207.846096,256,256,0.0128
default_fixed_scene_v1,320,15,320.0,1846260.0,0.9375,1.0,0.0,0.0,0.0,3.3224547,-3.6899598,-0.58778525,85.0,235.0,1.0,780.7768545,-867.140553,-138.12953375,256,256,0.0128
default_fixed_scene_v1,320,16,320.0,1845969.0,1.0,1.0,0.0,0.0,0.0,4.5637766,-2.0319242,-0.20791169,90.0,230.0,1.0,1049.668618,-467.34256600000003,-47.8196887,256,256,0.0128
default_fixed_scene_v1,330,1,330.0,1909767.0,0.0625,1.0,0.0,0.0,0.0,0.0,0.0,0.0,0.0,330.0,1.0,0.0,0.0,0.0,256,256,0.0128
default_fixed_scene_v1,330,2,330.0,1910252.0,0.125,1.0,0.0,0.0,0.0,4.9956754,0.0,0.20791169,20.0,310.0,1.0,1548.6593739999998,0.0,64.4526239,256,256,0.0128
default_fixed_scene_v1,330,3,330.0,1909622.0,0.1875,1.0,0.0,0.0,0.0,4.5360553,2.0195819,0.58778525,25.0,305.0,1.0,1383.4968665000001,615.9724795,179.27450125000001,256,256,0.0128
default_fixed_scene_v1,330,4,330.0,1909045.0,0.25,1.0,0.0,0.0,0.0,3.2950861,3.6595639,0.8660254,30.0,300.0,1.0,988.5258299999999,1097.8691700000002,259.80762,256,256,0.0128
default_fixed_scene_v1,330,5,330.0,1908616.0,0.3125,1.0,0.0,0.0,0.0,1.5142125,4.6602668,0.9945219,35.0,295.0,1.0,446.6926875,1374.7787059999998,293.3839605,256,256,0.0128
default_fixed_scene_v1,330,6,330.0,1908391.0,0.375,1.0,0.0,0.0,0.0,-0.51310053,4.8818254,0.95105652,40.0,290.0,1.0,-148.7991537,1415.729366,275.8063908,256,256,0.0128
default_fixed_scene_v1,330,7,330.0,1908400.0,0.4375,1.0,0.0,0.0,0.0,-2.4722326,4.2820324,0.74314483,45.0,285.0,1.0,-704.586291,1220.379234,211.79627655,256,256,0.0128
default_fixed_scene_v1,330,8,330.0,1908644.0,0.5,1.0,0.0,0.0,0.0,-4.0316788,2.9291861,0.40673664,50.0,280.0,1.0,-1128.870064,820.172108,113.8862592,256,256,0.0128
default_fixed_scene_v1,330,9,330.0,1909079.0,0.5625,1.0,0.0,0.0,0.0,-4.890738,1.0395585,5.665538900000001e-16,55.0,275.0,1.0,-1344.9529499999999,285.87858750000004,1.5580231975000002e-13,256,256,0.0128
default_fixed_scene_v1,330,10,330.0,1909620.0,0.625,1.0,0.0,0.0,0.0,-4.8745292,-1.0361132,-0.40673664,60.0,270.0,1.0,-1316.1228839999999,-279.750564,-109.8188928,256,256,0.0128
default_fixed_scene_v1,330,11,330.0,1910160.0,0.6875,1.0,0.0,0.0,0.0,-4.0001563,-2.9062837,-0.74314483,65.0,265.0,1.0,-1060.0414195,-770.1651805,-196.93337995,256,256,0.0128
default_fixed_scene_v1,330,12,330.0,1910607.0,0.75,1.0,0.0,0.0,0.0,-2.4543579,-4.2510726,-0.95105652,70.0,260.0,1.0,-638.133054,-1105.2788759999999,-247.2746952,256,256,0.0128
default_fixed_scene_v1,330,13,330.0,1910894.0,0.8125,1.0,0.0,0.0,0.0,-0.51219935,-4.8732513,-0.9945219,75.0,255.0,1.0,-130.61083425,-1242.6790815,-253.6030845,256,256,0.0128
default_fixed_scene_v1,330,14,330.0,1910987.0,0.875,1.0,0.0,0.0,0.0,1.5217322,-4.6834102,-0.8660254,80.0,250.0,1.0,380.43305,-1170.85255,-216.50635,256,256,0.0128
default_fixed_scene_v1,330,15,330.0,1910872.0,0.9375,1.0,0.0,0.0,0.0,3.3224547,-3.6899598,-0.58778525,85.0,245.0,1.0,814.0014015,-904.040151,-144.00738625,256,256,0.0128
default_fixed_scene_v1,330,16,330.0,1910568.0,1.0,1.0,0.0,0.0,0.0,4.5637766,-2.0319242,-0.20791169,90.0,240.0,1.0,1095.306384,-487.66180800000006,-49.8988056,256,256,0.0128
default_fixed_scene_v1,340,1,340.0,1974334.0,0.0625,1.0,0.0,0.0,0.0,0.0,0.0,0.0,0.0,340.0,1.0,0.0,0.0,0.0,256,256,0.0128
default_fixed_scene_v1,340,2,340.0,1974835.0,0.125,1.0,0.0,0.0,0.0,4.9956754,0.0,0.20791169,20.0,320.0,1.0,1598.616128,0.0,66.53174080000001,256,256,0.0128
default_fixed_scene_v1,340,3,340.0,1974184.0,0.1875,1.0,0.0,0.0,0.0,4.5360553,2.0195819,0.58778525,25.0,315.0,1.0,1428.8574195,636.1682985,185.15235375,256,256,0.0128
default_fixed_scene_v1,340,4,340.0,1973588.0,0.25,1.0,0.0,0.0,0.0,3.2950861,3.6595639,0.8660254,30.0,310.0,1.0,1021.476691,1134.464809,268.467874,256,256,0.0128
default_fixed_scene_v1,340,5,340.0,1973143.0,0.3125,1.0,0.0,0.0,0.0,1.5142125,4.6602668,0.9945219,35.0,305.0,1.0,461.8348125,1421.3813739999998,303.3291795,256,256,0.0128
default_fixed_scene_v1,340,6,340.0,1972910.0,0.375,1.0,0.0,0.0,0.0,-0.51310053,4.8818254,0.95105652,40.0,300.0,1.0,-153.930159,1464.54762,285.316956,256,256,0.0128
default_fixed_scene_v1,340,7,340.0,1972919.0,0.4375,1.0,0.0,0.0,0.0,-2.4722326,4.2820324,0.74314483,45.0,295.0,1.0,-729.3086169999999,1263.199558,219.22772485,256,256,0.0128
default_fixed_scene_v1,340,8,340.0,1973170.0,0.5,1.0,0.0,0.0,0.0,-4.0316788,2.9291861,0.40673664,50.0,290.0,1.0,-1169.186852,849.463969,117.9536256,256,256,0.0128
default_fixed_scene_v1,340,9,340.0,1973620.0,0.5625,1.0,0.0,0.0,0.0,-4.890738,1.0395585,5.665538900000001e-16,55.0,285.0,1.0,-1393.86033,296.2741725,1.6146785865000002e-13,256,256,0.0128
default_fixed_scene_v1,340,10,340.0,1974180.0,0.625,1.0,0.0,0.0,0.0,-4.8745292,-1.0361132,-0.40673664,60.0,280.0,1.0,-1364.868176,-290.111696,-113.8862592,256,256,0.0128
default_fixed_scene_v1,340,11,340.0,1974741.0,0.6875,1.0,0.0,0.0,0.0,-4.0001563,-2.9062837,-0.74314483,65.0,275.0,1.0,-1100.0429825,-799.2280175,-204.36482825,256,256,0.0128
default_fixed_scene_v1,340,12,340.0,1975205.0,0.75,1.0,0.0,0.0,0.0,-2.4543579,-4.2510726,-0.95105652,70.0,270.0,1.0,-662.676633,-1147.7896019999998,-256.78526039999997,256,256,0.0128
default_fixed_scene_v1,340,13,340.0,1975505.0,0.8125,1.0,0.0,0.0,0.0,-0.51219935,-4.8732513,-0.9945219,75.0,265.0,1.0,-135.73282775,-1291.4115944999999,-263.5483035,256,256,0.0128
default_fixed_scene_v1,340,14,340.0,1975602.0,0.875,1.0,0.0,0.0,0.0,1.5217322,-4.6834102,-0.8660254,80.0,260.0,1.0,395.650372,-1217.686652,-225.16660399999998,256,256,0.0128
default_fixed_scene_v1,340,15,340.0,1975483.0,0.9375,1.0,0.0,0.0,0.0,3.3224547,-3.6899598,-0.58778525,85.0,255.0,1.0,847.2259485000001,-940.939749,-149.88523875,256,256,0.0128
default_fixed_scene_v1,340,16,340.0,1975169.0,1.0,1.0,0.0,0.0,0.0,4.5637766,-2.0319242,-0.20791169,90.0,250.0,1.0,1140.94415,-507.98105000000004,-51.977922500000005,256,256,0.0128
default_fixed_scene_v1,350,1,350.0,2038901.0,0.0625,1.0,0.0,0.0,0.0,0.0,0.0,0.0,0.0,350.0,1.0,0.0,0.0,0.0,256,256,0.0128
default_fixed_scene_v1,350,2,350.0,2039418.0,0.125,1.0,0.0,0.0,0.0,4.9956754,0.0,0.20791169,20.0,330.0,1.0,1648.572882,0.0,68.6108577,256,256,0.0128
default_fixed_scene_v1,350,3,350.0,2038747.0,0.1875,1.0,0.0,0.0,0.0,4.5360553,2.0195819,0.58778525,25.0,325.0,1.0,1474.2179725,656.3641175,191.03020625000002,256,256,0.0128
default_fixed_scene_v1,350,4,350.0,2038132.0,0.25,1.0,0.0,0.0,0.0,3.2950861,3.6595639,0.8660254,30.0,320.0,1.0,1054.4275519999999,1171.0604480000002,277.128128,256,256,0.0128
default_fixed_scene_v1,350,5,350.0,2037672.0,0.3125,1.0,0.0,0.0,0.0,1.5142125,4.6602668,0.9945219,35.0,315.0,1.0,476.97693749999996,1467.9840419999998,313.27439849999996,256,256,0.0128
default_fixed_scene_v1,350,6,350.0,2037429.0,0.375,1.0,0.0,0.0,0.0,-0.51310053,4.8818254,0.95105652,40.0,310.0,1.0,-159.0611643,1513.365874,294.8275212,256,256,0.0128
default_fixed_scene_v1,350,7,350.0,2037438.0,0.4375,1.0,0.0,0.0,0.0,-2.4722326,4.2820324,0.74314483,45.0,305.0,1.0,-754.030943,1306.019882,226.65917315,256,256,0.0128
default_fixed_scene_v1,350,8,350.0,2037696.0,0.5,1.0,0.0,0.0,0.0,-4.0316788,2.9291861,0.40673664,50.0,300.0,1.0,-1209.50364,878.75583,122.02099199999999,256,256,0.0128
default_fixed_scene_v1,350,9,350.0,2038161.0,0.5625,1.0,0.0,0.0,0.0,-4.890738,1.0395585,5.665538900000001e-16,55.0,295.0,1.0,-1442.7677099999999,306.6697575,1.6713339755000004e-13,256,256,0.0128
default_fixed_scene_v1,350,10,350.0,2038741.0,0.625,1.0,0.0,0.0,0.0,-4.8745292,-1.0361132,-0.40673664,60.0,290.0,1.0,-1413.6134679999998,-300.472828,-117.9536256,256,256,0.0128
default_fixed_scene_v1,350,11,350.0,2039322.0,0.6875,1.0,0.0,0.0,0.0,-4.0001563,-2.9062837,-0.74314483,65.0,285.0,1.0,-1140.0445455000001,-828.2908545,-211.79627655,256,256,0.0128
default_fixed_scene_v1,350,12,350.0,2039804.0,0.75,1.0,0.0,0.0,0.0,-2.4543579,-4.2510726,-0.95105652,70.0,280.0,1.0,-687.2202120000001,-1190.3003279999998,-266.2958256,256,256,0.0128
default_fixed_scene_v1,350,13,350.0,2040116.0,0.8125,1.0,0.0,0.0,0.0,-0.51219935,-4.8732513,-0.9945219,75.0,275.0,1.0,-140.85482125000001,-1340.1441075,-273.4935225,256,256,0.0128
default_fixed_scene_v1,350,14,350.0,2040218.0,0.875,1.0,0.0,0.0,0.0,1.5217322,-4.6834102,-0.8660254,80.0,270.0,1.0,410.867694,-1264.520754,-233.826858,256,256,0.0128
default_fixed_scene_v1,350,15,350.0,2040096.0,0.9375,1.0,0.0,0.0,0.0,3.3224547,-3.6899598,-0.58778525,85.0,265.0,1.0,880.4504955000001,-977.839347,-155.76309125,256,256,0.0128
default_fixed_scene_v1,350,16,350.0,2039770.0,1.0,1.0,0.0,0.0,0.0,4.5637766,-2.0319242,-0.20791169,90.0,260.0,1.0,1186.5819159999999,-528.300292,-54.0570394,256,256,0.0128
default_fixed_scene_v1,360,1,360.0,2103468.0,0.0625,1.0,0.0,0.0,0.0,0.0,0.0,0.0,0.0,360.0,1.0,0.0,0.0,0.0,256,256,0.0128
default_fixed_scene_v1,360,2,360.0,2104002.0,0.125,1.0,0.0,0.0,0.0,4.9956754,0.0,0.20791169,20.0,340.0,1.0,1698.529636,0.0,70.6899746,256,256,0.0128
default_fixed_scene_v1,360,3,360.0,2103311.0,0.1875,1.0,0.0,0.0,0.0,4.5360553,2.0195819,0.58778525,25.0,335.0,1.0,1519.5785255,676.5599364999999,196.90805875,256,256,0.0128
default_fixed_scene_v1,360,4,360.0,2102676.0,0.25,1.0,0.0,0.0,0.0,3.2950861,3.6595639,0.8660254,30.0,330.0,1.0,1087.378413,1207.656087,285.78838199999996,256,256,0.0128
default_fixed_scene_v1,360,5,360.0,2102201.0,0.3125,1.0,0.0,0.0,0.0,1.5142125,4.6602668,0.9945219,35.0,325.0,1.0,492.1190625,1514.5867099999998,323.21961749999997,256,256,0.0128
default_fixed_scene_v1,360,6,360.0,2101950.0,0.375,1.0,0.0,0.0,0.0,-0.51310053,4.8818254,0.95105652,40.0,320.0,1.0,-164.1921696,1562.184128,304.3380864,256,256,0.0128
default_fixed_scene_v1,360,7,360.0,2101957.0,0.4375,1.0,0.0,0.0,0.0,-2.4722326,4.2820324,0.74314483,45.0,315.0,1.0,-778.7532689999999,1348.840206,234.09062145,256,256,0.0128
default_fixed_scene_v1,360,8,360.0,2102223.0,0.5,1.0,0.0,0.0,0.0,-4.0316788,2.9291861,0.40673664,50.0,310.0,1.0,-1249.820428,908.047691,126.08835839999999,256,256,0.0128
default_fixed_scene_v1,360,9,360.0,2102703.0,0.5625,1.0,0.0,0.0,0.0,-4.890738,1.0395585,5.665538900000001e-16,55.0,305.0,1.0,-1491.67509,317.06534250000004,1.7279893645000003e-13,256,256,0.0128
default_fixed_scene_v1,360,10,360.0,2103302.0,0.625,1.0,0.0,0.0,0.0,-4.8745292,-1.0361132,-0.40673664,60.0,300.0,1.0,-1462.3587599999998,-310.83396,-122.02099199999999,256,256,0.0128
default_fixed_scene_v1,360,11,360.0,2103904.0,0.6875,1.0,0.0,0.0,0.0,-4.0001563,-2.9062837,-0.74314483,65.0,295.0,1.0,-1180.0461085000002,-857.3536915,-219.22772485,256,256,0.0128
default_fixed_scene_v1,360,12,360.0,2104403.0,0.75,1.0,0.0,0.0,0.0,-2.4543579,-4.2510726,-0.95105652,70.0,290.0,1.0,-711.7637910000001,-1232.8110539999998,-275.8063908,256,256,0.0128
default_fixed_scene_v1,360,13,360.0,2104727.0,0.8125,1.0,0.0,0.0,0.0,-0.51219935,-4.8732513,-0.9945219,75.0,285.0,1.0,-145.97681475000002,-1388.8766205,-283.4387415,256,256,0.0128
default_fixed_scene_v1,360,14,360.0,2104834.0,0.875,1.0,0.0,0.0,0.0,1.5217322,-4.6834102,-0.8660254,80.0,280.0,1.0,426.085016,-1311.354856,-242.487112,256,256,0.0128
default_fixed_scene_v1,360,15,360.0,2104709.0,0.9375,1.0,0.0,0.0,0.0,3.3224547,-3.6899598,-0.58778525,85.0,275.0,1.0,913.6750425,-1014.7389450000001,-161.64094375000002,256,256,0.0128
default_fixed_scene_v1,360,16,360.0,2104371.0,1.0,1.0,0.0,0.0,0.0,4.5637766,-2.0319242,-0.20791169,90.0,270.0,1.0,1232.219682,-548.619534,-56.1361563,256,256,0.0128
default_fixed_scene_v1,370,1,370.0,2168036.0,0.0625,1.0,0.0,0.0,0.0,0.0,0.0,0.0,0.0,370.0,1.0,0.0,0.0,0.0,256,256,0.0128
default_fixed_scene_v1,370,2,370.0,2168587.0,0.125,1.0,0.0,0.0,0.0,4.9956754,0.0,0.20791169,20.0,350.0,1.0,1748.4863899999998,0.0,72.7690915,256,256,0.0128
default_fixed_scene_v1,370,3,370.0,2167874.0,0.1875,1.0,0.0,0.0,0.0,4.5360553,2.0195819,0.58778525,25.0,345.0,1.0,1564.9390785,696.7557555,202.78591125000003,256,256,0.0128
default_fixed_scene_v1,370,4,370.0,2167220.0,0.25,1.0,0.0,0.0,0.0,3.2950861,3.6595639,0.8660254,30.0,340.0,1.0,1120.329274,1244.251726,294.44863599999996,256,256,0.0128
default_fixed_scene_v1,370,5,370.0,2166730.0,0.3125,1.0,0.0,0.0,0.0,1.5142125,4.6602668,0.9945219,35.0,335.0,1.0,507.2611875,1561.1893779999998,333.1648365,256,256,0.0128
default_fixed_scene_v1,370,6,370.0,2166470.0,0.375,1.0,0.0,0.0,0.0,-0.51310053,4.8818254,0.95105652,40.0,330.0,1.0,-169.3231749,1611.0023820000001,313.8486516,256,256,0.0128
default_fixed_scene_v1,370,7,370.0,2166477.0,0.4375,1.0,0.0,0.0,0.0,-2.4722326,4.2820324,0.74314483,45.0,325.0,1.0,-803.475595,1391.66053,241.52206974999999,256,256,0.0128
default_fixed_scene_v1,370,8,370.0,2166751.0,0.5,1.0,0.0,0.0,0.0,-4.0316788,2.9291861,0.40673664,50.0,320.0,1.0,-1290.137216,937.3395519999999,130.1557248,256,256,0.0128
default_fixed_scene_v1,370,9,370.0,2167245.0,0.5625,1.0,0.0,0.0,0.0,-4.890738,1.0395585,5.665538900000001e-16,55.0,315.0,1.0,-1540.5824699999998,327.4609275,1.7846447535000003e-13,256,256,0.0128
default_fixed_scene_v1,370,10,370.0,2167864.0,0.625,1.0,0.0,0.0,0.0,-4.8745292,-1.0361132,-0.40673664,60.0,310.0,1.0,-1511.104052,-321.195092,-126.08835839999999,256,256,0.0128
default_fixed_scene_v1,370,11,370.0,2168486.0,0.6875,1.0,0.0,0.0,0.0,-4.0001563,-2.9062837,-0.74314483,65.0,305.0,1.0,-1220.0476715000002,-886.4165285,-226.65917315,256,256,0.0128
default_fixed_scene_v1,370,12,370.0,2169003.0,0.75,1.0,0.0,0.0,0.0,-2.4543579,-4.2510726,-0.95105652,70.0,300.0,1.0,-736.3073700000001,-1275.32178,-285.316956,256,256,0.0128
default_fixed_scene_v1,370,13,370.0,2169339.0,0.8125,1.0,0.0,0.0,0.0,-0.51219935,-4.8732513,-0.9945219,75.0,295.0,1.0,-151.09880825000002,-1437.6091334999999,-293.3839605,256,256,0.0128
default_fixed_scene_v1,370,14,370.0,2169451.0,0.875,1.0,0.0,0.0,0.0,1.5217322,-4.6834102,-0.8660254,80.0,290.0,1.0,441.302338,-1358.188958,-251.14736599999998,256,256,0.0128
default_fixed_scene_v1,370,15,370.0,2169322.0,0.9375,1.0,0.0,0.0,0.0,3.3224547,-3.6899598,-0.58778525,85.0,285.0,1.0,946.8995895,-1051.638543,-167.51879625,256,256,0.0128
default_fixed_scene_v1,370,16,370.0,2168973.0,1.0,1.0,0.0,0.0,0.0,4.5637766,-2.0319242,-0.20791169,90.0,280.0,1.0,1277.857448,-568.9387760000001,-58.215273200000006,256,256,0.0128
default_fixed_scene_v1,380,1,380.0,2232605.0,0.0625,1.0,0.0,0.0,0.0,0.0,0.0,0.0,0.0,380.0,1.0,0.0,0.0,0.0,256,256,0.0128
default_fixed_scene_v1,380,2,380.0,2233171.0,0.125,1.0,0.0,0.0,0.0,4.9956754,0.0,0.20791169,20.0,360.0,1.0,1798.4431439999998,0.0,74.8482084,256,256,0.0128
default_fixed_scene_v1,380,3,380.0,2232439.0,0.1875,1.0,0.0,0.0,0.0,4.5360553,2.0195819,0.58778525,25.0,355.0,1.0,1610.2996315,716.9515745,208.66376375000002,256,256,0.0128
default_fixed_scene_v1,380,4,380.0,2231765.0,0.25,1.0,0.0,0.0,0.0,3.2950861,3.6595639,0.8660254,30.0,350.0,1.0,1153.280135,1280.847365,303.10889,256,256,0.0128
default_fixed_scene_v1,380,5,380.0,2231259.0,0.3125,1.0,0.0,0.0,0.0,1.5142125,4.6602668,0.9945219,35.0,345.0,1.0,522.4033125,1607.7920459999998,343.1100555,256,256,0.0128
default_fixed_scene_v1,380,6,380.0,2230991.0,0.375,1.0,0.0,0.0,0.0,-0.51310053,4.8818254,0.95105652,40.0,340.0,1.0,-174.4541802,1659.8206360000001,323.3592168,256,256,0.0128
default_fixed_scene_v1,380,7,380.0,2230997.0,0.4375,1.0,0.0,0.0,0.0,-2.4722326,4.2820324,0.74314483,45.0,335.0,1.0,-828.197921,1434.4808540000001,248.95351804999999,256,256,0.0128
default_fixed_scene_v1,380,8,380.0,2231278.0,0.5,1.0,0.0,0.0,0.0,-4.0316788,2.9291861,0.40673664,50.0,330.0,1.0,-1330.454004,966.631413,134.2230912,256,256,0.0128
default_fixed_scene_v1,380,9,380.0,2231788.0,0.5625,1.0,0.0,0.0,0.0,-4.890738,1.0395585,5.665538900000001e-16,55.0,325.0,1.0,-1589.48985,337.8565125,1.8413001425000002e-13,256,256,0.0128
default_fixed_scene_v1,380,10,380.0,2232426.0,0.625,1.0,0.0,0.0,0.0,-4.8745292,-1.0361132,-0.40673664,60.0,320.0,1.0,-1559.8493439999997,-331.556224,-130.1557248,256,256,0.0128
default_fixed_scene_v1,380,11,380.0,2233069.0,0.6875,1.0,0.0,0.0,0.0,-4.0001563,-2.9062837,-0.74314483,65.0,315.0,1.0,-1260.0492345000002,-915.4793655,-234.09062145,256,256,0.0128
default_fixed_scene_v1,380,12,380.0,2233603.0,0.75,1.0,0.0,0.0,0.0,-2.4543579,-4.2510726,-0.95105652,70.0,310.0,1.0,-760.850949,-1317.832506,-294.8275212,256,256,0.0128
default_fixed_scene_v1,380,13,380.0,2233952.0,0.8125,1.0,0.0,0.0,0.0,-0.51219935,-4.8732513,-0.9945219,75.0,305.0,1.0,-156.22080175000002,-1486.3416465,-303.3291795,256,256,0.0128
default_fixed_scene_v1,380,14,380.0,2234068.0,0.875,1.0,0.0,0.0,0.0,1.5217322,-4.6834102,-0.8660254,80.0,300.0,1.0,456.51966,-1405.02306,-259.80762,256,256,0.0128
default_fixed_scene_v1,380,15,380.0,2233936.0,0.9375,1.0,0.0,0.0,0.0,3.3224547,-3.6899598,-0.58778525,85.0,295.0,1.0,980.1241365000001,-1088.538141,-173.39664875,256,256,0.0128
default_fixed_scene_v1,380,16,380.0,2233575.0,1.0,1.0,0.0,0.0,0.0,4.5637766,-2.0319242,-0.20791169,90.0,290.0,1.0,1323.495214,-589.2580180000001,-60.2943901,256,256,0.0128
default_fixed_scene_v1,390,1,390.0,2297173.0,0.0625,1.0,0.0,0.0,0.0,0.0,0.0,0.0,0.0,390.0,1.0,0.0,0.0,0.0,256,256,0.0128
default_fixed_scene_v1,390,2,390.0,2297756.0,0.125,1.0,0.0,0.0,0.0,4.9956754,0.0,0.20791169,20.0,370.0,1.0,1848.399898,0.0,76.9273253,256,256,0.0128
default_fixed_scene_v1,390,3,390.0,2297003.0,0.1875,1.0,0.0,0.0,0.0,4.5360553,2.0195819,0.58778525,25.0,365.0,1.0,1655.6601845,737.1473935,214.54161625,256,256,0.0128
default_fixed_scene_v1,390,4,390.0,2296310.0,0.25,1.0,0.0,0.0,0.0,3.2950861,3.6595639,0.8660254,30.0,360.0,1.0,1186.230996,1317.443004,311.769144,256,256,0.0128
default_fixed_scene_v1,390,5,390.0,2295790.0,0.3125,1.0,0.0,0.0,0.0,1.5142125,4.6602668,0.9945219,35.0,355.0,1.0,537.5454374999999,1654.3947139999998,353.0552745,256,256,0.0128
default_fixed_scene_v1,390,6,390.0,2295512.0,0.375,1.0,0.0,0.0,0.0,-0.51310053,4.8818254,0.95105652,40.0,350.0,1.0,-179.5851855,1708.6388900000002,332.869782,256,256,0.0128
default_fixed_scene_v1,390,7,390.0,2295517.0,0.4375,1.0,0.0,0.0,0.0,-2.4722326,4.2820324,0.74314483,45.0,345.0,1.0,-852.920247,1477.3011780000002,256.38496635,256,256,0.0128
default_fixed_scene_v1,390,8,390.0,2295807.0,0.5,1.0,0.0,0.0,0.0,-4.0316788,2.9291861,0.40673664,50.0,340.0,1.0,-1370.770792,995.923274,138.2904576,256,256,0.0128
default_fixed_scene_v1,390,9,390.0,2296331.0,0.5625,1.0,0.0,0.0,0.0,-4.890738,1.0395585,5.665538900000001e-16,55.0,335.0,1.0,-1638.39723,348.2520975,1.8979555315000004e-13,256,256,0.0128
default_fixed_scene_v1,390,10,390.0,2296988.0,0.625,1.0,0.0,0.0,0.0,-4.8745292,-1.0361132,-0.40673664,60.0,330.0,1.0,-1608.5946359999998,-341.917356,-134.2230912,256,256,0.0128
default_fixed_scene_v1,390,11,390.0,2297651.0,0.6875,1.0,0.0,0.0,0.0,-4.0001563,-2.9062837,-0.74314483,65.0,325.0,1.0,-1300.0507975,-944.5422024999999,-241.52206974999999,256,256,0.0128
default_fixed_scene_v1,390,12,390.0,2298204.0,0.75,1.0,0.0,0.0,0.0,-2.4543579,-4.2510726,-0.95105652,70.0,320.0,1.0,-785.394528,-1360.343232,-304.3380864,256,256,0.0128
default_fixed_scene_v1,390,13,390.0,2298564.0,0.8125,1.0,0.0,0.0,0.0,-0.51219935,-4.8732513,-0.9945219,75.0,315.0,1.0,-161.34279525000002,-1535.0741595,-313.27439849999996,256,256,0.0128
default_fixed_scene_v1,390,14,390.0,2298685.0,0.875,1.0,0.0,0.0,0.0,1.5217322,-4.6834102,-0.8660254,80.0,310.0,1.0,471.736982,-1451.857162,-268.467874,256,256,0.0128
default_fixed_scene_v1,390,15,390.0,2298550.0,0.9375,1.0,0.0,0.0,0.0,3.3224547,-3.6899598,-0.58778525,85.0,305.0,1.0,1013.3486835000001,-1125.437739,-179.27450125000001,256,256,0.0128
default_fixed_scene_v1,390,16,390.0,2298177.0,1.0,1.0,0.0,0.0,0.0,4.5637766,-2.0319242,-0.20791169,90.0,300.0,1.0,1369.1329799999999,-609.57726,-62.373507000000004,256,256,0.0128
default_fixed_scene_v1,400,1,400.0,2361742.0,0.0625,1.0,0.0,0.0,0.0,0.0,0.0,0.0,0.0,400.0,1.0,0.0,0.0,0.0,256,256,0.0128
default_fixed_scene_v1,400,2,400.0,2362342.0,0.125,1.0,0.0,0.0,0.0,4.9956754,0.0,0.20791169,20.0,380.0,1.0,1898.356652,0.0,79.00644220000001,256,256,0.0128
default_fixed_scene_v1,400,3,400.0,2361568.0,0.1875,1.0,0.0,0.0,0.0,4.5360553,2.0195819,0.58778525,25.0,375.0,1.0,1701.0207375,757.3432124999999,220.41946875000002,256,256,0.0128
default_fixed_scene_v1,400,4,400.0,2360856.0,0.25,1.0,0.0,0.0,0.0,3.2950861,3.6595639,0.8660254,30.0,370.0,1.0,1219.181857,1354.038643,320.429398,256,256,0.0128
default_fixed_scene_v1,400,5,400.0,2360320.0,0.3125,1.0,0.0,0.0,0.0,1.5142125,4.6602668,0.9945219,35.0,365.0,1.0,552.6875625,1700.9973819999998,363.0004935,256,256,0.0128
default_fixed_scene_v1,400,6,400.0,2360034.0,0.375,1.0,0.0,0.0,0.0,-0.51310053,4.8818254,0.95105652,40.0,360.0,1.0,-184.7161908,1757.4571440000002,342.38034719999996,256,256,0.0128
default_fixed_scene_v1,400,7,400.0,2360038.0,0.4375,1.0,0.0,0.0,0.0,-2.4722326,4.2820324,0.74314483,45.0,355.0,1.0,-877.642573,1520.1215020000002,263.81641465,256,256,0.0128
default_fixed_scene_v1,400,8,400.0,2360335.0,0.5,1.0,0.0,0.0,0.0,-4.0316788,2.9291861,0.40673664,50.0,350.0,1.0,-1411.08758,1025.215135,142.357824,256,256,0.0128
default_fixed_scene_v1,400,9,400.0,2360874.0,0.5625,1.0,0.0,0.0,0.0,-4.890738,1.0395585,5.665538900000001e-16,55.0,345.0,1.0,-1687.30461,358.64768250000003,1.9546109205000004e-13,256,256,0.0128
default_fixed_scene_v1,400,10,400.0,2361551.0,0.625,1.0,0.0,0.0,0.0,-4.8745292,-1.0361132,-0.40673664,60.0,340.0,1.0,-1657.3399279999999,-352.278488,-138.2904576,256,256,0.0128
default_fixed_scene_v1,400,11,400.0,2362235.0,0.6875,1.0,0.0,0.0,0.0,-4.0001563,-2.9062837,-0.74314483,65.0,335.0,1.0,-1340.0523605,-973.6050395,-248.95351804999999,256,256,0.0128
default_fixed_scene_v1,400,12,400.0,2362805.0,0.75,1.0,0.0,0.0,0.0,-2.4543579,-4.2510726,-0.95105652,70.0,330.0,1.0,-809.9381070000001,-1402.853958,-313.8486516,256,256,0.0128
default_fixed_scene_v1,400,13,400.0,2363177.0,0.8125,1.0,0.0,0.0,0.0,-0.51219935,-4.8732513,-0.9945219,75.0,325.0,1.0,-166.46478875000003,-1583.8066724999999,-323.21961749999997,256,256,0.0128
default_fixed_scene_v1,400,14,400.0,2363303.0,0.875,1.0,0.0,0.0,0.0,1.5217322,-4.6834102,-0.8660254,80.0,320.0,1.0,486.954304,-1498.691264,-277.128128,256,256,0.0128
default_fixed_scene_v1,400,15,400.0,2363164.0,0.9375,1.0,0.0,0.0,0.0,3.3224547,-3.6899598,-0.58778525,85.0,315.0,1.0,1046.5732305000001,-1162.337337,-185.15235375,256,256,0.0128
default_fixed_scene_v1,400,16,400.0,2362780.0,1.0,1.0,0.0,0.0,0.0,4.5637766,-2.0319242,-0.20791169,90.0,310.0,1.0,1414.770746,-629.896502,-64.4526239,256,256,0.0128
default_fixed_scene_v1,410,1,410.0,2426312.0,0.0625,1.0,0.0,0.0,0.0,0.0,0.0,0.0,0.0,410.0,1.0,0.0,0.0,0.0,256,256,0.0128
default_fixed_scene_v1,410,2,410.0,2426927.0,0.125,1.0,0.0,0.0,0.0,4.9956754,0.0,0.20791169,20.0,390.0,1.0,1948.3134059999998,0.0,81.0855591,256,256,0.0128
default_fixed_scene_v1,410,3,410.0,2426134.0,0.1875,1.0,0.0,0.0,0.0,4.5360553,2.0195819,0.58778525,25.0,385.0,1.0,1746.3812905,777.5390315,226.29732125,256,256,0.0128
default_fixed_scene_v1,410,4,410.0,2425402.0,0.25,1.0,0.0,0.0,0.0,3.2950861,3.6595639,0.8660254,30.0,380.0,1.0,1252.1327179999998,1390.634282,329.089652,256,256,0.0128
default_fixed_scene_v1,410,5,410.0,2424851.0,0.3125,1.0,0.0,0.0,0.0,1.5142125,4.6602668,0.9945219,35.0,375.0,1.0,567.8296875,1747.6000499999998,372.94571249999996,256,256,0.0128
default_fixed_scene_v1,410,6,410.0,2424556.0,0.375,1.0,0.0,0.0,0.0,-0.51310053,4.8818254,0.95105652,40.0,370.0,1.0,-189.8471961,1806.2753980000002,351.8909124,256,256,0.0128
default_fixed_scene_v1,410,7,410.0,2424559.0,0.4375,1.0,0.0,0.0,0.0,-2.4722326,4.2820324,0.74314483,45.0,365.0,1.0,-902.3648989999999,1562.9418260000002,271.24786295,256,256,0.0128
default_fixed_scene_v1,410,8,410.0,2424864.0,0.5,1.0,0.0,0.0,0.0,-4.0316788,2.9291861,0.40673664,50.0,360.0,1.0,-1451.404368,1054.506996,146.4251904,256,256,0.0128
default_fixed_scene_v1,410,9,410.0,2425418.0,0.5625,1.0,0.0,0.0,0.0,-4.890738,1.0395585,5.665538900000001e-16,55.0,355.0,1.0,-1736.21199,369.0432675,2.0112663095000003e-13,256,256,0.0128
default_fixed_scene_v1,410,10,410.0,2426114.0,0.625,1.0,0.0,0.0,0.0,-4.8745292,-1.0361132,-0.40673664,60.0,350.0,1.0,-1706.08522,-362.63962,-142.357824,256,256,0.0128
default_fixed_scene_v1,410,11,410.0,2426818.0,0.6875,1.0,0.0,0.0,0.0,-4.0001563,-2.9062837,-0.74314483,65.0,345.0,1.0,-1380.0539235,-1002.6678764999999,-256.38496635,256,256,0.0128
default_fixed_scene_v1,410,12,410.0,2427406.0,0.75,1.0,0.0,0.0,0.0,-2.4543579,-4.2510726,-0.95105652,70.0,340.0,1.0,-834.4816860000001,-1445.364684,-323.3592168,256,256,0.0128
default_fixed_scene_v1,410,13,410.0,2427790.0,0.8125,1.0,0.0,0.0,0.0,-0.51219935,-4.8732513,-0.9945219,75.0,335.0,1.0,-171.58678225000003,-1632.5391854999998,-333.1648365,256,256,0.0128
default_fixed_scene_v1,410,14,410.0,2427921.0,0.875,1.0,0.0,0.0,0.0,1.5217322,-4.6834102,-0.8660254,80.0,330.0,1.0,502.171626,-1545.525366,-285.78838199999996,256,256,0.0128
default_fixed_scene_v1,410,15,410.0,2427779.0,0.9375,1.0,0.0,0.0,0.0,3.3224547,-3.6899598,-0.58778525,85.0,325.0,1.0,1079.7977775000002,-1199.236935,-191.03020625000002,256,256,0.0128
default_fixed_scene_v1,410,16,410.0,2427384.0,1.0,1.0,0.0,0.0,0.0,4.5637766,-2.0319242,-0.20791169,90.0,320.0,1.0,1460.408512,-650.2157440000001,-66.53174080000001,256,256,0.0128
default_fixed_scene_v1,420,1,420.0,2490881.0,0.0625,1.0,0.0,0.0,0.0,0.0,0.0,0.0,0.0,420.0,1.0,0.0,0.0,0.0,256,256,0.0128
default_fixed_scene_v1,420,2,420.0,2491513.0,0.125,1.0,0.0,0.0,0.0,4.9956754,0.0,0.20791169,20.0,400.0,1.0,1998.2701599999998,0.0,83.164676,256,256,0.0128
default_fixed_scene_v1,420,3,420.0,2490699.0,0.1875,1.0,0.0,0.0,0.0,4.5360553,2.0195819,0.58778525,25.0,395.0,1.0,1791.7418435,797.7348505,232.17517375000003,256,256,0.0128
default_fixed_scene_v1,420,4,420.0,2489948.0,0.25,1.0,0.0,0.0,0.0,3.2950861,3.6595639,0.8660254,30.0,390.0,1.0,1285.0835789999999,1427.229921,337.74990599999995,256,256,0.0128
default_fixed_scene_v1,420,5,420.0,2489381.0,0.3125,1.0,0.0,0.0,0.0,1.5142125,4.6602668,0.9945219,35.0,385.0,1.0,582.9718124999999,1794.2027179999998,382.89093149999997,256,256,0.0128
default_fixed_scene_v1,420,6,420.0,2489078.0,0.375,1.0,0.0,0.0,0.0,-0.51310053,4.8818254,0.95105652,40.0,380.0,1.0,-194.9782014,1855.093652,361.40147759999996,256,256,0.0128
default_fixed_scene_v1,420,7,420.0,2489081.0,0.4375,1.0,0.0,0.0,0.0,-2.4722326,4.2820324,0.74314483,45.0,375.0,1.0,-927.087225,1605.76215,278.67931125,256,256,0.0128
default_fixed_scene_v1,420,8,420.0,2489393.0,0.5,1.0,0.0,0.0,0.0,-4.0316788,2.9291861,0.40673664,50.0,370.0,1.0,-1491.721156,1083.798857,150.4925568,256,256,0.0128
default_fixed_scene_v1,420,9,420.0,2489962.0,0.5625,1.0,0.0,0.0,0.0,-4.890738,1.0395585,5.665538900000001e-16,55.0,365.0,1.0,-1785.11937,379.4388525,2.0679216985000003e-13,256,256,0.0128
default_fixed_scene_v1,420,10,420.0,2490678.0,0.625,1.0,0.0,0.0,0.0,-4.8745292,-1.0361132,-0.40673664,60.0,360.0,1.0,-1754.8305119999998,-373.000752,-146.4251904,256,256,0.0128
default_fixed_scene_v1,420,11,420.0,2491402.0,0.6875,1.0,0.0,0.0,0.0,-4.0001563,-2.9062837,-0.74314483,65.0,355.0,1.0,-1420.0554865000001,-1031.7307134999999,-263.81641465,256,256,0.0128
default_fixed_scene_v1,420,12,420.0,2492007.0,0.75,1.0,0.0,0.0,0.0,-2.4543579,-4.2510726,-0.95105652,70.0,350.0,1.0,-859.0252650000001,-1487.8754099999999,-332.869782,256,256,0.0128
default_fixed_scene_v1,420,13,420.0,2492404.0,0.8125,1.0,0.0,0.0,0.0,-0.51219935,-4.8732513,-0.9945219,75.0,345.0,1.0,-176.70877575000003,-1681.2716985,-343.1100555,256,256,0.0128
default_fixed_scene_v1,420,14,420.0,2492540.0,0.875,1.0,0.0,0.0,0.0,1.5217322,-4.6834102,-0.8660254,80.0,340.0,1.0,517.388948,-1592.3594679999999,-294.44863599999996,256,256,0.0128
default_fixed_scene_v1,420,15,420.0,2492394.0,0.9375,1.0,0.0,0.0,0.0,3.3224547,-3.6899598,-0.58778525,85.0,335.0,1.0,1113.0223245,-1236.136533,-196.90805875,256,256,0.0128
default_fixed_scene_v1,420,16,420.0,2491987.0,1.0,1.0,0.0,0.0,0.0,4.5637766,-2.0319242,-0.20791169,90.0,330.0,1.0,1506.0462779999998,-670.534986,-68.6108577,256,256,0.0128
default_fixed_scene_v1,430,1,430.0,2555451.0,0.0625,1.0,0.0,0.0,0.0,0.0,0.0,0.0,0.0,430.0,1.0,0.0,0.0,0.0,256,256,0.0128
default_fixed_scene_v1,430,2,430.0,2556100.0,0.125,1.0,0.0,0.0,0.0,4.9956754,0.0,0.20791169,20.0,410.0,1.0,2048.226914,0.0,85.2437929,256,256,0.0128
default_fixed_scene_v1,430,3,430.0,2555265.0,0.1875,1.0,0.0,0.0,0.0,4.5360553,2.0195819,0.58778525,25.0,405.0,1.0,1837.1023965,817.9306695,238.05302625000002,256,256,0.0128
default_fixed_scene_v1,430,4,430.0,2554494.0,0.25,1.0,0.0,0.0,0.0,3.2950861,3.6595639,0.8660254,30.0,400.0,1.0,1318.03444,1463.82556,346.41015999999996,256,256,0.0128
default_fixed_scene_v1,430,5,430.0,2553913.0,0.3125,1.0,0.0,0.0,0.0,1.5142125,4.6602668,0.9945219,35.0,395.0,1.0,598.1139375,1840.8053859999998,392.8361505,256,256,0.0128
default_fixed_scene_v1,430,6,430.0,2553601.0,0.375,1.0,0.0,0.0,0.0,-0.51310053,4.8818254,0.95105652,40.0,390.0,1.0,-200.1092067,1903.911906,370.9120428,256,256,0.0128
default_fixed_scene_v1,430,7,430.0,2553603.0,0.4375,1.0,0.0,0.0,0.0,-2.4722326,4.2820324,0.74314483,45.0,385.0,1.0,-951.8095509999999,1648.582474,286.11075955,256,256,0.0128
default_fixed_scene_v1,430,8,430.0,2553922.0,0.5,1.0,0.0,0.0,0.0,-4.0316788,2.9291861,0.40673664,50.0,380.0,1.0,-1532.037944,1113.090718,154.5599232,256,256,0.0128
default_fixed_scene_v1,430,9,430.0,2554506.0,0.5625,1.0,0.0,0.0,0.0,-4.890738,1.0395585,5.665538900000001e-16,55.0,375.0,1.0,-1834.02675,389.83443750000004,2.1245770875000005e-13,256,256,0.0128
default_fixed_scene_v1,430,10,430.0,2555242.0,0.625,1.0,0.0,0.0,0.0,-4.8745292,-1.0361132,-0.40673664,60.0,370.0,1.0,-1803.5758039999998,-383.361884,-150.4925568,256,256,0.0128
default_fixed_scene_v1,430,11,430.0,2555986.0,0.6875,1.0,0.0,0.0,0.0,-4.0001563,-2.9062837,-0.74314483,65.0,365.0,1.0,-1460.0570495000002,-1060.7935505,-271.24786295,256,256,0.0128
default_fixed_scene_v1,430,12,430.0,2556609.0,0.75,1.0,0.0,0.0,0.0,-2.4543579,-4.2510726,-0.95105652,70.0,360.0,1.0,-883.5688440000001,-1530.3861359999999,-342.38034719999996,256,256,0.0128
default_fixed_scene_v1,430,13,430.0,2557018.0,0.8125,1.0,0.0,0.0,0.0,-0.51219935,-4.8732513,-0.9945219,75.0,355.0,1.0,-181.83076925000003,-1730.0042114999999,-353.0552745,256,256,0.0128
default_fixed_scene_v1,430,14,430.0,2557159.0,0.875,1.0,0.0,0.0,0.0,1.5217322,-4.6834102,-0.8660254,80.0,350.0,1.0,532.60627,-1639.19357,-303.10889,256,256,0.0128
default_fixed_scene_v1,430,15,430.0,2557009.0,0.9375,1.0,0.0,0.0,0.0,3.3224547,-3.6899598,-0.58778525,85.0,345.0,1.0,1146.2468715,-1273.036131,-202.78591125000003,256,256,0.0128
default_fixed_scene_v1,430,16,430.0,2556591.0,1.0,1.0,0.0,0.0,0.0,4.5637766,-2.0319242,-0.20791169,90.0,340.0,1.0,1551.6840439999999,-690.854228,-70.6899746,256,256,0.0128
default_fixed_scene_v1,440,1,440.0,2620021.0,0.0625,1.0,0.0,0.0,0.0,0.0,0.0,0.0,0.0,440.0,1.0,0.0,0.0,0.0,256,256,0.0128
default_fixed_scene_v1,440,2,440.0,2620686.0,0.125,1.0,0.0,0.0,0.0,4.9956754,0.0,0.20791169,20.0,420.0,1.0,2098.1836679999997,0.0,87.3229098,256,256,0.0128
default_fixed_scene_v1,440,3,440.0,2619831.0,0.1875,1.0,0.0,0.0,0.0,4.5360553,2.0195819,0.58778525,25.0,415.0,1.0,1882.4629495000001,838.1264884999999,243.93087875,256,256,0.0128
default_fixed_scene_v1,440,4,440.0,2619041.0,0.25,1.0,0.0,0.0,0.0,3.2950861,3.6595639,0.8660254,30.0,410.0,1.0,1350.985301,1500.4211990000001,355.07041399999997,256,256,0.0128
default_fixed_scene_v1,440,5,440.0,2618444.0,0.3125,1.0,0.0,0.0,0.0,1.5142125,4.6602668,0.9945219,35.0,405.0,1.0,613.2560625,1887.4080539999998,402.7813695,256,256,0.0128
default_fixed_scene_v1,440,6,440.0,2618123.0,0.375,1.0,0.0,0.0,0.0,-0.51310053,4.8818254,0.95105652,40.0,400.0,1.0,-205.24021199999999,1952.73016,380.42260799999997,256,256,0.0128
default_fixed_scene_v1,440,7,440.0,2618125.0,0.4375,1.0,0.0,0.0,0.0,-2.4722326,4.2820324,0.74314483,45.0,395.0,1.0,-976.531877,1691.402798,293.54220785,256,256,0.0128
default_fixed_scene_v1,440,8,440.0,2618452.0,0.5,1.0,0.0,0.0,0.0,-4.0316788,2.9291861,0.40673664,50.0,390.0,1.0,-1572.354732,1142.3825789999999,158.62728959999998,256,256,0.0128
default_fixed_scene_v1,440,9,440.0,2619050.0,0.5625,1.0,0.0,0.0,0.0,-4.890738,1.0395585,5.665538900000001e-16,55.0,385.0,1.0,-1882.9341299999999,400.2300225,2.1812324765000004e-13,256,256,0.0128
default_fixed_scene_v1,440,10,440.0,2619805.0,0.625,1.0,0.0,0.0,0.0,-4.8745292,-1.0361132,-0.40673664,60.0,380.0,1.0,-1852.321096,-393.723016,-154.5599232,256,256,0.0128
default_fixed_scene_v1,440,11,440.0,2620570.0,0.6875,1.0,0.0,0.0,0.0,-4.0001563,-2.9062837,-0.74314483,65.0,375.0,1.0,-1500.0586125000002,-1089.8563875,-278.67931125,256,256,0.0128
default_fixed_scene_v1,440,12,440.0,2621211.0,0.75,1.0,0.0,0.0,0.0,-2.4543579,-4.2510726,-0.95105652,70.0,370.0,1.0,-908.112423,-1572.8968619999998,-351.8909124,256,256,0.0128
default_fixed_scene_v1,440,13,440.0,2621632.0,0.8125,1.0,0.0,0.0,0.0,-0.51219935,-4.8732513,-0.9945219,75.0,365.0,1.0,-186.95276275000003,-1778.7367244999998,-363.0004935,256,256,0.0128
default_fixed_scene_v1,440,14,440.0,2621777.0,0.875,1.0,0.0,0.0,0.0,1.5217322,-4.6834102,-0.8660254,80.0,360.0,1.0,547.823592,-1686.027672,-311.769144,256,256,0.0128
default_fixed_scene_v1,440,15,440.0,2621624.0,0.9375,1.0,0.0,0.0,0.0,3.3224547,-3.6899598,-0.58778525,85.0,355.0,1.0,1179.4714185,-1309.935729,-208.66376375000002,256,256,0.0128
default_fixed_scene_v1,440,16,440.0,2621195.0,1.0,1.0,0.0,0.0,0.0,4.5637766,-2.0319242,-0.20791169,90.0,350.0,1.0,1597.32181,-711.1734700000001,-72.7690915,256,256,0.0128
default_fixed_scene_v1,450,1,450.0,2684592.0,0.0625,1.0,0.0,0.0,0.0,0.0,0.0,0.0,0.0,450.0,1.0,0.0,0.0,0.0,256,256,0.0128
default_fixed_scene_v1,450,2,450.0,2685273.0,0.125,1.0,0.0,0.0,0.0,4.9956754,0.0,0.20791169,20.0,430.0,1.0,2148.140422,0.0,89.40202670000001,256,256,0.0128
default_fixed_scene_v1,450,3,450.0,2684397.0,0.1875,1.0,0.0,0.0,0.0,4.5360553,2.0195819,0.58778525,25.0,425.0,1.0,1927.8235025000001,858.3223075,249.80873125000002,256,256,0.0128
default_fixed_scene_v1,450,4,450.0,2683588.0,0.25,1.0,0.0,0.0,0.0,3.2950861,3.6595639,0.8660254,30.0,420.0,1.0,1383.936162,1537.016838,363.730668,256,256,0.0128
default_fixed_scene_v1,450,5,450.0,2682976.0,0.3125,1.0,0.0,0.0,0.0,1.5142125,4.6602668,0.9945219,35.0,415.0,1.0,628.3981875,1934.0107219999998,412.7265885,256,256,0.0128
default_fixed_scene_v1,450,6,450.0,2682646.0,0.375,1.0,0.0,0.0,0.0,-0.51310053,4.8818254,0.95105652,40.0,410.0,1.0,-210.3712173,2001.548414,389.9331732,256,256,0.0128
default_fixed_scene_v1,450,7,450.0,2682647.0,0.4375,1.0,0.0,0.0,0.0,-2.4722326,4.2820324,0.74314483,45.0,405.0,1.0,-1001.254203,1734.223122,300.97365615,256,256,0.0128
default_fixed_scene_v1,450,8,450.0,2682981.0,0.5,1.0,0.0,0.0,0.0,-4.0316788,2.9291861,0.40673664,50.0,400.0,1.0,-1612.6715199999999,1171.67444,162.69465599999998,256,256,0.0128
default_fixed_scene_v1,450,9,450.0,2683595.0,0.5625,1.0,0.0,0.0,0.0,-4.890738,1.0395585,5.665538900000001e-16,55.0,395.0,1.0,-1931.84151,410.6256075,2.2378878655000004e-13,256,256,0.0128
default_fixed_scene_v1,450,10,450.0,2684370.0,0.625,1.0,0.0,0.0,0.0,-4.8745292,-1.0361132,-0.40673664,60.0,390.0,1.0,-1901.0663879999997,-404.08414799999997,-158.62728959999998,256,256,0.0128
default_fixed_scene_v1,450,11,450.0,2685155.0,0.6875,1.0,0.0,0.0,0.0,-4.0001563,-2.9062837,-0.74314483,65.0,385.0,1.0,-1540.0601755000002,-1118.9192245,-286.11075955,256,256,0.0128
default_fixed_scene_v1,450,12,450.0,2685813.0,0.75,1.0,0.0,0.0,0.0,-2.4543579,-4.2510726,-0.95105652,70.0,380.0,1.0,-932.6560020000001,-1615.4075879999998,-361.40147759999996,256,256,0.0128
default_fixed_scene_v1,450,13,450.0,2686246.0,0.8125,1.0,0.0,0.0,0.0,-0.51219935,-4.8732513,-0.9945219,75.0,375.0,1.0,-192.07475625,-1827.4692375,-372.94571249999996,256,256,0.0128
default_fixed_scene_v1,450,14,450.0,2686397.0,0.875,1.0,0.0,0.0,0.0,1.5217322,-4.6834102,-0.8660254,80.0,370.0,1.0,563.040914,-1732.861774,-320.429398,256,256,0.0128
default_fixed_scene_v1,450,15,450.0,2686240.0,0.9375,1.0,0.0,0.0,0.0,3.3224547,-3.6899598,-0.58778525,85.0,365.0,1.0,1212.6959655,-1346.835327,-214.54161625,256,256,0.0128
default_fixed_scene_v1,450,16,450.0,2685799.0,1.0,1.0,0.0,0.0,0.0,4.5637766,-2.0319242,-0.20791169,90.0,360.0,1.0,1642.959576,-731.4927120000001,-74.8482084,256,256,0.0128
default_fixed_scene_v1,460,1,460.0,2749162.0,0.0625,1.0,0.0,0.0,0.0,0.0,0.0,0.0,0.0,460.0,1.0,0.0,0.0,0.0,256,256,0.0128
default_fixed_scene_v1,460,2,460.0,2749860.0,0.125,1.0,0.0,0.0,0.0,4.9956754,0.0,0.20791169,20.0,440.0,1.0,2198.0971759999998,0.0,91.48114360000001,256,256,0.0128
default_fixed_scene_v1,460,3,460.0,2748964.0,0.1875,1.0,0.0,0.0,0.0,4.5360553,2.0195819,0.58778525,25.0,435.0,1.0,1973.1840555,878.5181265,255.68658375,256,256,0.0128
default_fixed_scene_v1,460,4,460.0,2748135.0,0.25,1.0,0.0,0.0,0.0,3.2950861,3.6595639,0.8660254,30.0,430.0,1.0,1416.887023,1573.6124770000001,372.390922,256,256,0.0128
default_fixed_scene_v1,460,5,460.0,2747508.0,0.3125,1.0,0.0,0.0,0.0,1.5142125,4.6602668,0.9945219,35.0,425.0,1.0,643.5403125,1980.6133899999998,422.6718075,256,256,0.0128
default_fixed_scene_v1,460,6,460.0,2747170.0,0.375,1.0,0.0,0.0,0.0,-0.51310053,4.8818254,0.95105652,40.0,420.0,1.0,-215.5022226,2050.366668,399.4437384,256,256,0.0128
default_fixed_scene_v1,460,7,460.0,2747169.0,0.4375,1.0,0.0,0.0,0.0,-2.4722326,4.2820324,0.74314483,45.0,415.0,1.0,-1025.976529,1777.0434460000001,308.40510445,256,256,0.0128
default_fixed_scene_v1,460,8,460.0,2747511.0,0.5,1.0,0.0,0.0,0.0,-4.0316788,2.9291861,0.40673664,50.0,410.0,1.0,-1652.988308,1200.966301,166.7620224,256,256,0.0128
default_fixed_scene_v1,460,9,460.0,2748140.0,0.5625,1.0,0.0,0.0,0.0,-4.890738,1.0395585,5.665538900000001e-16,55.0,405.0,1.0,-1980.7488899999998,421.02119250000004,2.2945432545000006e-13,256,256,0.0128
default_fixed_scene_v1,460,10,460.0,2748934.0,0.625,1.0,0.0,0.0,0.0,-4.8745292,-1.0361132,-0.40673664,60.0,400.0,1.0,-1949.8116799999998,-414.44527999999997,-162.69465599999998,256,256,0.0128
default_fixed_scene_v1,460,11,460.0,2749740.0,0.6875,1.0,0.0,0.0,0.0,-4.0001563,-2.9062837,-0.74314483,65.0,395.0,1.0,-1580.0617385000003,-1147.9820614999999,-293.54220785,256,256,0.0128
default_fixed_scene_v1,460,12,460.0,2750415.0,0.75,1.0,0.0,0.0,0.0,-2.4543579,-4.2510726,-0.95105652,70.0,390.0,1.0,-957.1995810000001,-1657.9183139999998,-370.9120428,256,256,0.0128
default_fixed_scene_v1,460,13,460.0,2750861.0,0.8125,1.0,0.0,0.0,0.0,-0.51219935,-4.8732513,-0.9945219,75.0,385.0,1.0,-197.19674975,-1876.2017505,-382.89093149999997,256,256,0.0128
default_fixed_scene_v1,460,14,460.0,2751016.0,0.875,1.0,0.0,0.0,0.0,1.5217322,-4.6834102,-0.8660254,80.0,380.0,1.0,578.258236,-1779.695876,-329.089652,256,256,0.0128
default_fixed_scene_v1,460,15,460.0,2750856.0,0.9375,1.0,0.0,0.0,0.0,3.3224547,-3.6899598,-0.58778525,85.0,375.0,1.0,1245.9205125,-1383.734925,-220.41946875000002,256,256,0.0128
default_fixed_scene_v1,460,16,460.0,2750403.0,1.0,1.0,0.0,0.0,0.0,4.5637766,-2.0319242,-0.20791169,90.0,370.0,1.0,1688.5973419999998,-751.811954,-76.9273253,256,256,0.0128
default_fixed_scene_v1,470,1,470.0,2813733.0,0.0625,1.0,0.0,0.0,0.0,0.0,0.0,0.0,0.0,470.0,1.0,0.0,0.0,0.0,256,256,0.0128
default_fixed_scene_v1,470,2,470.0,2814447.0,0.125,1.0,0.0,0.0,0.0,4.9956754,0.0,0.20791169,20.0,450.0,1.0,2248.05393,0.0,93.5602605,256,256,0.0128
default_fixed_scene_v1,470,3,470.0,2813531.0,0.1875,1.0,0.0,0.0,0.0,4.5360553,2.0195819,0.58778525,25.0,445.0,1.0,2018.5446085,898.7139455,261.56443625,256,256,0.0128
default_fixed_scene_v1,470,4,470.0,2812682.0,0.25,1.0,0.0,0.0,0.0,3.2950861,3.6595639,0.8660254,30.0,440.0,1.0,1449.8378839999998,1610.208116,381.051176,256,256,0.0128
default_fixed_scene_v1,470,5,470.0,2812040.0,0.3125,1.0,0.0,0.0,0.0,1.5142125,4.6602668,0.9945219,35.0,435.0,1.0,658.6824375,2027.2160579999997,432.6170265,256,256,0.0128
default_fixed_scene_v1,470,6,470.0,2811693.0,0.375,1.0,0.0,0.0,0.0,-0.51310053,4.8818254,0.95105652,40.0,430.0,1.0,-220.6332279,2099.184922,408.9543036,256,256,0.0128
default_fixed_scene_v1,470,7,470.0,2811692.0,0.4375,1.0,0.0,0.0,0.0,-2.4722326,4.2820324,0.74314483,45.0,425.0,1.0,-1050.6988549999999,1819.8637700000002,315.83655275,256,256,0.0128
default_fixed_scene_v1,470,8,470.0,2812041.0,0.5,1.0,0.0,0.0,0.0,-4.0316788,2.9291861,0.40673664,50.0,420.0,1.0,-1693.305096,1230.2581619999999,170.8293888,256,256,0.0128
default_fixed_scene_v1,470,9,470.0,2812685.0,0.5625,1.0,0.0,0.0,0.0,-4.890738,1.0395585,5.665538900000001e-16,55.0,415.0,1.0,-2029.65627,431.4167775,2.3511986435000003e-13,256,256,0.0128
default_fixed_scene_v1,470,10,470.0,2813498.0,0.625,1.0,0.0,0.0,0.0,-4.8745292,-1.0361132,-0.40673664,60.0,410.0,1.0,-1998.5569719999999,-424.80641199999997,-166.7620224,256,256,0.0128
default_fixed_scene_v1,470,11,470.0,2814324.0,0.6875,1.0,0.0,0.0,0.0,-4.0001563,-2.9062837,-0.74314483,65.0,405.0,1.0,-1620.0633015,-1177.0448985,-300.97365615,256,256,0.0128
default_fixed_scene_v1,470,12,470.0,2815018.0,0.75,1.0,0.0,0.0,0.0,-2.4543579,-4.2510726,-0.95105652,70.0,400.0,1.0,-981.7431600000001,-1700.4290399999998,-380.42260799999997,256,256,0.0128
default_fixed_scene_v1,470,13,470.0,2815475.0,0.8125,1.0,0.0,0.0,0.0,-0.51219935,-4.8732513,-0.9945219,75.0,395.0,1.0,-202.31874325,-1924.9342634999998,-392.8361505,256,256,0.0128
default_fixed_scene_v1,470,14,470.0,2815635.0,0.875,1.0,0.0,0.0,0.0,1.5217322,-4.6834102,-0.8660254,80.0,390.0,1.0,593.475558,-1826.529978,-337.74990599999995,256,256,0.0128
default_fixed_scene_v1,470,15,470.0,2815472.0,0.9375,1.0,0.0,0.0,0.0,3.3224547,-3.6899598,-0.58778525,85.0,385.0,1.0,1279.1450595000001,-1420.634523,-226.29732125,256,256,0.0128
default_fixed_scene_v1,470,16,470.0,2815008.0,1.0,1.0,0.0,0.0,0.0,4.5637766,-2.0319242,-0.20791169,90.0,380.0,1.0,1734.2351079999999,-772.131196,-79.00644220000001,256,256,0.0128
default_fixed_scene_v1,480,1,480.0,2878304.0,0.0625,1.0,0.0,0.0,0.0,0.0,0.0,0.0,0.0,480.0,1.0,0.0,0.0,0.0,256,256,0.0128
default_fixed_scene_v1,480,2,480.0,2879034.0,0.125,1.0,0.0,0.0,0.0,4.9956754,0.0,0.20791169,20.0,460.0,1.0,2298.010684,0.0,95.6393774,256,256,0.0128
default_fixed_scene_v1,480,3,480.0,2878097.0,0.1875,1.0,0.0,0.0,0.0,4.5360553,2.0195819,0.58778525,25.0,455.0,1.0,2063.9051615,918.9097644999999,267.44228875,256,256,0.0128
default_fixed_scene_v1,480,4,480.0,2877230.0,0.25,1.0,0.0,0.0,0.0,3.2950861,3.6595639,0.8660254,30.0,450.0,1.0,1482.7887449999998,1646.8037550000001,389.71142999999995,256,256,0.0128
default_fixed_scene_v1,480,5,480.0,2876572.0,0.3125,1.0,0.0,0.0,0.0,1.5142125,4.6602668,0.9945219,35.0,445.0,1.0,673.8245625,2073.818726,442.56224549999996,256,256,0.0128
default_fixed_scene_v1,480,6,480.0,2876216.0,0.375,1.0,0.0,0.0,0.0,-0.51310053,4.8818254,0.95105652,40.0,440.0,1.0,-225.7642332,2148.003176,418.4648688,256,256,0.0128
default_fixed_scene_v1,480,7,480.0,2876214.0,0.4375,1.0,0.0,0.0,0.0,-2.4722326,4.2820324,0.74314483,45.0,435.0,1.0,-1075.421181,1862.6840940000002,323.26800105,256,256,0.0128
default_fixed_scene_v1,480,8,480.0,2876572.0,0.5,1.0,0.0,0.0,0.0,-4.0316788,2.9291861,0.40673664,50.0,430.0,1.0,-1733.621884,1259.550023,174.8967552,256,256,0.0128
default_fixed_scene_v1,480,9,480.0,2877230.0,0.5625,1.0,0.0,0.0,0.0,-4.890738,1.0395585,5.665538900000001e-16,55.0,425.0,1.0,-2078.56365,441.8123625,2.4078540325000005e-13,256,256,0.0128
default_fixed_scene_v1,480,10,480.0,2878063.0,0.625,1.0,0.0,0.0,0.0,-4.8745292,-1.0361132,-0.40673664,60.0,420.0,1.0,-2047.302264,-435.16754399999996,-170.8293888,256,256,0.0128
default_fixed_scene_v1,480,11,480.0,2878909.0,0.6875,1.0,0.0,0.0,0.0,-4.0001563,-2.9062837,-0.74314483,65.0,415.0,1.0,-1660.0648645,-1206.1077355,-308.40510445,256,256,0.0128
default_fixed_scene_v1,480,12,480.0,2879620.0,0.75,1.0,0.0,0.0,0.0,-2.4543579,-4.2510726,-0.95105652,70.0,410.0,1.0,-1006.2867390000001,-1742.939766,-389.9331732,256,256,0.0128
default_fixed_scene_v1,480,13,480.0,2880090.0,0.8125,1.0,0.0,0.0,0.0,-0.51219935,-4.8732513,-0.9945219,75.0,405.0,1.0,-207.44073675,-1973.6667765,-402.7813695,256,256,0.0128
default_fixed_scene_v1,480,14,480.0,2880255.0,0.875,1.0,0.0,0.0,0.0,1.5217322,-4.6834102,-0.8660254,80.0,400.0,1.0,608.69288,-1873.36408,-346.41015999999996,256,256,0.0128
default_fixed_scene_v1,480,15,480.0,2880088.0,0.9375,1.0,0.0,0.0,0.0,3.3224547,-3.6899598,-0.58778525,85.0,395.0,1.0,1312.3696065000001,-1457.534121,-232.17517375000003,256,256,0.0128
default_fixed_scene_v1,480,16,480.0,2879613.0,1.0,1.0,0.0,0.0,0.0,4.5637766,-2.0319242,-0.20791169,90.0,390.0,1.0,1779.872874,-792.4504380000001,-81.0855591,256,256,0.0128
default_fixed_scene_v1,490,1,490.0,2942875.0,0.0625,1.0,0.0,0.0,0.0,0.0,0.0,0.0,0.0,490.0,1.0,0.0,0.0,0.0,256,256,0.0128
default_fixed_scene_v1,490,2,490.0,2943622.0,0.125,1.0,0.0,0.0,0.0,4.9956754,0.0,0.20791169,20.0,470.0,1.0,2347.9674379999997,0.0,97.7184943,256,256,0.0128
default_fixed_scene_v1,490,3,490.0,2942664.0,0.1875,1.0,0.0,0.0,0.0,4.5360553,2.0195819,0.58778525,25.0,465.0,1.0,2109.2657145,939.1055835,273.32014125,256,256,0.0128
default_fixed_scene_v1,490,4,490.0,2941777.0,0.25,1.0,0.0,0.0,0.0,3.2950861,3.6595639,0.8660254,30.0,460.0,1.0,1515.7396059999999,1683.399394,398.37168399999996,256,256,0.0128
default_fixed_scene_v1,490,5,490.0,2941104.0,0.3125,1.0,0.0,0.0,0.0,1.5142125,4.6602668,0.9945219,35.0,455.0,1.0,688.9666875,2120.421394,452.50746449999997,256,256,0.0128
default_fixed_scene_v1,490,6,490.0,2940740.0,0.375,1.0,0.0,0.0,0.0,-0.51310053,4.8818254,0.95105652,40.0,450.0,1.0,-230.8952385,2196.82143,427.975434,256,256,0.0128
default_fixed_scene_v1,490,7,490.0,2940737.0,0.4375,1.0,0.0,0.0,0.0,-2.4722326,4.2820324,0.74314483,45.0,445.0,1.0,-1100.143507,1905.5044180000002,330.69944935,256,256,0.0128
default_fixed_scene_v1,490,8,490.0,2941102.0,0.5,1.0,0.0,0.0,0.0,-4.0316788,2.9291861,0.40673664,50.0,440.0,1.0,-1773.938672,1288.841884,178.9641216,256,256,0.0128
default_fixed_scene_v1,490,9,490.0,2941775.0,0.5625,1.0,0.0,0.0,0.0,-4.890738,1.0395585,5.665538900000001e-16,55.0,435.0,1.0,-2127.4710299999997,452.20794750000005,2.4645094215000007e-13,256,256,0.0128
default_fixed_scene_v1,490,10,490.0,2942628.0,0.625,1.0,0.0,0.0,0.0,-4.8745292,-1.0361132,-0.40673664,60.0,430.0,1.0,-2096.047556,-445.52867599999996,-174.8967552,256,256,0.0128
default_fixed_scene_v1,490,11,490.0,2943495.0,0.6875,1.0,0.0,0.0,0.0,-4.0001563,-2.9062837,-0.74314483,65.0,425.0,1.0,-1700.0664275000001,-1235.1705725,-315.83655275,256,256,0.0128
default_fixed_scene_v1,490,12,490.0,2944223.0,0.75,1.0,0.0,0.0,0.0,-2.4543579,-4.2510726,-0.95105652,70.0,420.0,1.0,-1030.830318,-1785.450492,-399.4437384,256,256,0.0128
default_fixed_scene_v1,490,13,490.0,2944705.0,0.8125,1.0,0.0,0.0,0.0,-0.51219935,-4.8732513,-0.9945219,75.0,415.0,1.0,-212.56273025000002,-2022.3992895,-412.7265885,256,256,0.0128
default_fixed_scene_v1,490,14,490.0,2944875.0,0.875,1.0,0.0,0.0,0.0,1.5217322,-4.6834102,-0.8660254,80.0,410.0,1.0,623.910202,-1920.198182,-355.07041399999997,256,256,0.0128
default_fixed_scene_v1,490,15,490.0,2944705.0,0.9375,1.0,0.0,0.0,0.0,3.3224547,-3.6899598,-0.58778525,85.0,405.0,1.0,1345.5941535000002,-1494.433719,-238.05302625000002,256,256,0.0128
default_fixed_scene_v1,490,16,490.0,2944218.0,1.0,1.0,0.0,0.0,0.0,4.5637766,-2.0319242,-0.20791169,90.0,400.0,1.0,1825.51064,-812.7696800000001,-83.164676,256,256,0.0128
default_fixed_scene_v1,500,1,500.0,3007446.0,0.0625,1.0,0.0,0.0,0.0,0.0,0.0,0.0,0.0,500.0,1.0,0.0,0.0,0.0,256,256,0.0128
default_fixed_scene_v1,500,2,500.0,3008209.0,0.125,1.0,0.0,0.0,0.0,4.9956754,0.0,0.20791169,20.0,480.0,1.0,2397.924192,0.0,99.7976112,256,256,0.0128
default_fixed_scene_v1,500,3,500.0,3007232.0,0.1875,1.0,0.0,0.0,0.0,4.5360553,2.0195819,0.58778525,25.0,475.0,1.0,2154.6262675000003,959.3014025,279.19799375,256,256,0.0128
default_fixed_scene_v1,500,4,500.0,3006325.0,0.25,1.0,0.0,0.0,0.0,3.2950861,3.6595639,0.8660254,30.0,470.0,1.0,1548.690467,1719.9950330000001,407.03193799999997,256,256,0.0128
default_fixed_scene_v1,500,5,500.0,3005637.0,0.3125,1.0,0.0,0.0,0.0,1.5142125,4.6602668,0.9945219,35.0,465.0,1.0,704.1088125,2167.024062,462.4526835,256,256,0.0128
default_fixed_scene_v1,500,6,500.0,3005264.0,0.375,1.0,0.0,0.0,0.0,-0.51310053,4.8818254,0.95105652,40.0,460.0,1.0,-236.0262438,2245.639684,437.4859992,256,256,0.0128
default_fixed_scene_v1,500,7,500.0,3005260.0,0.4375,1.0,0.0,0.0,0.0,-2.4722326,4.2820324,0.74314483,45.0,455.0,1.0,-1124.8658329999998,1948.3247420000002,338.13089765,256,256,0.0128
default_fixed_scene_v1,500,8,500.0,3005633.0,0.5,1.0,0.0,0.0,0.0,-4.0316788,2.9291861,0.40673664,50.0,450.0,1.0,-1814.2554599999999,1318.1337449999999,183.031488,256,256,0.0128
default_fixed_scene_v1,500,9,500.0,3006321.0,0.5625,1.0,0.0,0.0,0.0,-4.890738,1.0395585,5.665538900000001e-16,55.0,445.0,1.0,-2176.37841,462.60353250000003,2.5211648105000004e-13,256,256,0.0128
default_fixed_scene_v1,500,10,500.0,3007193.0,0.625,1.0,0.0,0.0,0.0,-4.8745292,-1.0361132,-0.40673664,60.0,440.0,1.0,-2144.7928479999996,-455.88980799999996,-178.9641216,256,256,0.0128
default_fixed_scene_v1,500,11,500.0,3008080.0,0.6875,1.0,0.0,0.0,0.0,-4.0001563,-2.9062837,-0.74314483,65.0,435.0,1.0,-1740.0679905000002,-1264.2334094999999,-323.26800105,256,256,0.0128
default_fixed_scene_v1,500,12,500.0,3008826.0,0.75,1.0,0.0,0.0,0.0,-2.4543579,-4.2510726,-0.95105652,70.0,430.0,1.0,-1055.3738970000002,-1827.961218,-408.9543036,256,256,0.0128
default_fixed_scene_v1,500,13,500.0,3009320.0,0.8125,1.0,0.0,0.0,0.0,-0.51219935,-4.8732513,-0.9945219,75.0,425.0,1.0,-217.68472375000002,-2071.1318025,-422.6718075,256,256,0.0128
default_fixed_scene_v1,500,14,500.0,3009495.0,0.875,1.0,0.0,0.0,0.0,1.5217322,-4.6834102,-0.8660254,80.0,420.0,1.0,639.127524,-1967.032284,-363.730668,256,256,0.0128
default_fixed_scene_v1,500,15,500.0,3009322.0,0.9375,1.0,0.0,0.0,0.0,3.3224547,-3.6899598,-0.58778525,85.0,415.0,1.0,1378.8187005,-1531.333317,-243.93087875,256,256,0.0128
default_fixed_scene_v1,500,16,500.0,3008823.0,1.0,1.0,0.0,0.0,0.0,4.5637766,-2.0319242,-0.20791169,90.0,410.0,1.0,1871.1484059999998,-833.088922,-85.2437929,256,256,0.0128
default_fixed_scene_v1,510,1,510.0,3072018.0,0.0625,1.0,0.0,0.0,0.0,0.0,0.0,0.0,0.0,510.0,1.0,0.0,0.0,0.0,256,256,0.0128
default_fixed_scene_v1,510,2,510.0,3072797.0,0.125,1.0,0.0,0.0,0.0,4.9956754,0.0,0.20791169,20.0,490.0,1.0,2447.8809459999998,0.0,101.87672810000001,256,256,0.0128
default_fixed_scene_v1,510,3,510.0,3071799.0,0.1875,1.0,0.0,0.0,0.0,4.5360553,2.0195819,0.58778525,25.0,485.0,1.0,2199.9868205000002,979.4972214999999,285.07584625000004,256,256,0.0128
default_fixed_scene_v1,510,4,510.0,3070873.0,0.25,1.0,0.0,0.0,0.0,3.2950861,3.6595639,0.8660254,30.0,480.0,1.0,1581.641328,1756.590672,415.692192,256,256,0.0128
default_fixed_scene_v1,510,5,510.0,3070170.0,0.3125,1.0,0.0,0.0,0.0,1.5142125,4.6602668,0.9945219,35.0,475.0,1.0,719.2509375,2213.62673,472.3979025,256,256,0.0128
default_fixed_scene_v1,510,6,510.0,3069788.0,0.375,1.0,0.0,0.0,0.0,-0.51310053,4.8818254,0.95105652,40.0,470.0,1.0,-241.1572491,2294.457938,446.99656439999995,256,256,0.0128
default_fixed_scene_v1,510,7,510.0,3069784.0,0.4375,1.0,0.0,0.0,0.0,-2.4722326,4.2820324,0.74314483,45.0,465.0,1.0,-1149.588159,1991.145066,345.56234595,256,256,0.0128
default_fixed_scene_v1,510,8,510.0,3070164.0,0.5,1.0,0.0,0.0,0.0,-4.0316788,2.9291861,0.40673664,50.0,460.0,1.0,-1854.572248,1347.425606,187.0988544,256,256,0.0128
default_fixed_scene_v1,510,9,510.0,3070867.0,0.5625,1.0,0.0,0.0,0.0,-4.890738,1.0395585,5.665538900000001e-16,55.0,455.0,1.0,-2225.28579,472.9991175,2.5778201995000006e-13,256,256,0.0128
default_fixed_scene_v1,510,10,510.0,3071758.0,0.625,1.0,0.0,0.0,0.0,-4.8745292,-1.0361132,-0.40673664,60.0,450.0,1.0,-2193.5381399999997,-466.25093999999996,-183.031488,256,256,0.0128
default_fixed_scene_v1,510,11,510.0,3072666.0,0.6875,1.0,0.0,0.0,0.0,-4.0001563,-2.9062837,-0.74314483,65.0,445.0,1.0,-1780.0695535000002,-1293.2962465,-330.69944935,256,256,0.0128
default_fixed_scene_v1,510,12,510.0,3073430.0,0.75,1.0,0.0,0.0,0.0,-2.4543579,-4.2510726,-0.95105652,70.0,440.0,1.0,-1079.917476,-1870.471944,-418.4648688,256,256,0.0128
default_fixed_scene_v1,510,13,510.0,3073936.0,0.8125,1.0,0.0,0.0,0.0,-0.51219935,-4.8732513,-0.9945219,75.0,435.0,1.0,-222.80671725000002,-2119.8643155,-432.6170265,256,256,0.0128
default_fixed_scene_v1,510,14,510.0,3074115.0,0.875,1.0,0.0,0.0,0.0,1.5217322,-4.6834102,-0.8660254,80.0,430.0,1.0,654.344846,-2013.866386,-372.390922,256,256,0.0128
default_fixed_scene_v1,510,15,510.0,3073938.0,0.9375,1.0,0.0,0.0,0.0,3.3224547,-3.6899598,-0.58778525,85.0,425.0,1.0,1412.0432475,-1568.232915,-249.80873125000002,256,256,0.0128
default_fixed_scene_v1,510,16,510.0,3073428.0,1.0,1.0,0.0,0.0,0.0,4.5637766,-2.0319242,-0.20791169,90.0,420.0,1.0,1916.7861719999999,-853.408164,-87.3229098,256,256,0.0128
default_fixed_scene_v1,520,1,520.0,3136589.0,0.0625,1.0,0.0,0.0,0.0,0.0,0.0,0.0,0.0,520.0,1.0,0.0,0.0,0.0,256,256,0.0128
default_fixed_scene_v1,520,2,520.0,3137385.0,0.125,1.0,0.0,0.0,0.0,4.9956754,0.0,0.20791169,20.0,500.0,1.0,2497.8377,0.0,103.95584500000001,256,256,0.0128
default_fixed_scene_v1,520,3,520.0,3136366.0,0.1875,1.0,0.0,0.0,0.0,4.5360553,2.0195819,0.58778525,25.0,495.0,1.0,2245.3473735000002,999.6930404999999,290.95369875,256,256,0.0128
default_fixed_scene_v1,520,4,520.0,3135421.0,0.25,1.0,0.0,0.0,0.0,3.2950861,3.6595639,0.8660254,30.0,490.0,1.0,1614.592189,1793.1863110000002,424.352446,256,256,0.0128
default_fixed_scene_v1,520,5,520.0,3134702.0,0.3125,1.0,0.0,0.0,0.0,1.5142125,4.6602668,0.9945219,35.0,485.0,1.0,734.3930624999999,2260.229398,482.3431215,256,256,0.0128
default_fixed_scene_v1,520,6,520.0,3134312.0,0.375,1.0,0.0,0.0,0.0,-0.51310053,4.8818254,0.95105652,40.0,480.0,1.0,-246.2882544,2343.2761920000003,456.5071296,256,256,0.0128
default_fixed_scene_v1,520,7,520.0,3134307.0,0.4375,1.0,0.0,0.0,0.0,-2.4722326,4.2820324,0.74314483,45.0,475.0,1.0,-1174.310485,2033.96539,352.99379425,256,256,0.0128
default_fixed_scene_v1,520,8,520.0,3134694.0,0.5,1.0,0.0,0.0,0.0,-4.0316788,2.9291861,0.40673664,50.0,470.0,1.0,-1894.889036,1376.717467,191.1662208,256,256,0.0128
default_fixed_scene_v1,520,9,520.0,3135412.0,0.5625,1.0,0.0,0.0,0.0,-4.890738,1.0395585,5.665538900000001e-16,55.0,465.0,1.0,-2274.19317,483.39470250000005,2.6344755885e-13,256,256,0.0128
default_fixed_scene_v1,520,10,520.0,3136324.0,0.625,1.0,0.0,0.0,0.0,-4.8745292,-1.0361132,-0.40673664,60.0,460.0,1.0,-2242.2834319999997,-476.61207199999996,-187.0988544,256,256,0.0128
default_fixed_scene_v1,520,11,520.0,3137251.0,0.6875,1.0,0.0,0.0,0.0,-4.0001563,-2.9062837,-0.74314483,65.0,455.0,1.0,-1820.0711165000002,-1322.3590835,-338.13089765,256,256,0.0128
default_fixed_scene_v1,520,12,520.0,3138033.0,0.75,1.0,0.0,0.0,0.0,-2.4543579,-4.2510726,-0.95105652,70.0,450.0,1.0,-1104.461055,-1912.9826699999999,-427.975434,256,256,0.0128
default_fixed_scene_v1,520,13,520.0,3138551.0,0.8125,1.0,0.0,0.0,0.0,-0.51219935,-4.8732513,-0.9945219,75.0,445.0,1.0,-227.92871075000002,-2168.5968285,-442.56224549999996,256,256,0.0128
default_fixed_scene_v1,520,14,520.0,3138736.0,0.875,1.0,0.0,0.0,0.0,1.5217322,-4.6834102,-0.8660254,80.0,440.0,1.0,669.562168,-2060.700488,-381.051176,256,256,0.0128
default_fixed_scene_v1,520,15,520.0,3138555.0,0.9375,1.0,0.0,0.0,0.0,3.3224547,-3.6899598,-0.58778525,85.0,435.0,1.0,1445.2677945,-1605.132513,-255.68658375,256,256,0.0128
default_fixed_scene_v1,520,16,520.0,3138034.0,1.0,1.0,0.0,0.0,0.0,4.5637766,-2.0319242,-0.20791169,90.0,430.0,1.0,1962.423938,-873.7274060000001,-89.40202670000001,256,256,0.0128
default_fixed_scene_v1,530,1,530.0,3201161.0,0.0625,1.0,0.0,0.0,0.0,0.0,0.0,0.0,0.0,530.0,1.0,0.0,0.0,0.0,256,256,0.0128
default_fixed_scene_v1,530,2,530.0,3201973.0,0.125,1.0,0.0,0.0,0.0,4.9956754,0.0,0.20791169,20.0,510.0,1.0,2547.794454,0.0,106.0349619,256,256,0.0128
default_fixed_scene_v1,530,3,530.0,3200934.0,0.1875,1.0,0.0,0.0,0.0,4.5360553,2.0195819,0.58778525,25.0,505.0,1.0,2290.7079265,1019.8888595,296.83155125,256,256,0.0128
default_fixed_scene_v1,530,4,530.0,3199969.0,0.25,1.0,0.0,0.0,0.0,3.2950861,3.6595639,0.8660254,30.0,500.0,1.0,1647.54305,1829.78195,433.0127,256,256,0.0128
default_fixed_scene_v1,530,5,530.0,3199235.0,0.3125,1.0,0.0,0.0,0.0,1.5142125,4.6602668,0.9945219,35.0,495.0,1.0,749.5351875,2306.832066,492.2883405,256,256,0.0128
default_fixed_scene_v1,530,6,530.0,3198836.0,0.375,1.0,0.0,0.0,0.0,-0.51310053,4.8818254,0.95105652,40.0,490.0,1.0,-251.4192597,2392.094446,466.01769479999996,256,256,0.0128
default_fixed_scene_v1,530,7,530.0,3198830.0,0.4375,1.0,0.0,0.0,0.0,-2.4722326,4.2820324,0.74314483,45.0,485.0,1.0,-1199.032811,2076.785714,360.42524255,256,256,0.0128
default_fixed_scene_v1,530,8,530.0,3199226.0,0.5,1.0,0.0,0.0,0.0,-4.0316788,2.9291861,0.40673664,50.0,480.0,1.0,-1935.205824,1406.0093279999999,195.2335872,256,256,0.0128
default_fixed_scene_v1,530,9,530.0,3199958.0,0.5625,1.0,0.0,0.0,0.0,-4.890738,1.0395585,5.665538900000001e-16,55.0,475.0,1.0,-2323.10055,493.79028750000003,2.6911309775000004e-13,256,256,0.0128
default_fixed_scene_v1,530,10,530.0,3200889.0,0.625,1.0,0.0,0.0,0.0,-4.8745292,-1.0361132,-0.40673664,60.0,470.0,1.0,-2291.028724,-486.97320399999995,-191.1662208,256,256,0.0128
default_fixed_scene_v1,530,11,530.0,3201837.0,0.6875,1.0,0.0,0.0,0.0,-4.0001563,-2.9062837,-0.74314483,65.0,465.0,1.0,-1860.0726795000003,-1351.4219205,-345.56234595,256,256,0.0128
default_fixed_scene_v1,530,12,530.0,3202636.0,0.75,1.0,0.0,0.0,0.0,-2.4543579,-4.2510726,-0.95105652,70.0,460.0,1.0,-1129.0046340000001,-1955.4933959999998,-437.4859992,256,256,0.0128
default_fixed_scene_v1,530,13,530.0,3203167.0,0.8125,1.0,0.0,0.0,0.0,-0.51219935,-4.8732513,-0.9945219,75.0,455.0,1.0,-233.05070425000002,-2217.3293415,-452.50746449999997,256,256,0.0128
default_fixed_scene_v1,530,14,530.0,3203356.0,0.875,1.0,0.0,0.0,0.0,1.5217322,-4.6834102,-0.8660254,80.0,450.0,1.0,684.77949,-2107.53459,-389.71142999999995,256,256,0.0128
default_fixed_scene_v1,530,15,530.0,3203172.0,0.9375,1.0,0.0,0.0,0.0,3.3224547,-3.6899598,-0.58778525,85.0,445.0,1.0,1478.4923415,-1642.032111,-261.56443625,256,256,0.0128
default_fixed_scene_v1,530,16,530.0,3202639.0,1.0,1.0,0.0,0.0,0.0,4.5637766,-2.0319242,-0.20791169,90.0,440.0,1.0,2008.061704,-894.0466480000001,-91.48114360000001,256,256,0.0128
default_fixed_scene_v1,540,1,540.0,3265732.0,0.0625,1.0,0.0,0.0,0.0,0.0,0.0,0.0,0.0,540.0,1.0,0.0,0.0,0.0,256,256,0.0128
default_fixed_scene_v1,540,2,540.0,3266561.0,0.125,1.0,0.0,0.0,0.0,4.9956754,0.0,0.20791169,20.0,520.0,1.0,2597.7512079999997,0.0,108.1140788,256,256,0.0128
default_fixed_scene_v1,540,3,540.0,3265502.0,0.1875,1.0,0.0,0.0,0.0,4.5360553,2.0195819,0.58778525,25.0,515.0,1.0,2336.0684795,1040.0846784999999,302.70940375000004,256,256,0.0128
default_fixed_scene_v1,540,4,540.0,3264518.0,0.25,1.0,0.0,0.0,0.0,3.2950861,3.6595639,0.8660254,30.0,510.0,1.0,1680.4939109999998,1866.3775890000002,441.67295399999995,256,256,0.0128
default_fixed_scene_v1,540,5,540.0,3263769.0,0.3125,1.0,0.0,0.0,0.0,1.5142125,4.6602668,0.9945219,35.0,505.0,1.0,764.6773125,2353.434734,502.23355949999996,256,256,0.0128
default_fixed_scene_v1,540,6,540.0,3263361.0,0.375,1.0,0.0,0.0,0.0,-0.51310053,4.8818254,0.95105652,40.0,500.0,1.0,-256.550265,2440.9127000000003,475.52826,256,256,0.0128
default_fixed_scene_v1,540,7,540.0,3263354.0,0.4375,1.0,0.0,0.0,0.0,-2.4722326,4.2820324,0.74314483,45.0,495.0,1.0,-1223.7551369999999,2119.6060380000004,367.85669085,256,256,0.0128
default_fixed_scene_v1,540,8,540.0,3263757.0,0.5,1.0,0.0,0.0,0.0,-4.0316788,2.9291861,0.40673664,50.0,490.0,1.0,-1975.522612,1435.301189,199.30095359999999,256,256,0.0128
default_fixed_scene_v1,540,9,540.0,3264504.0,0.5625,1.0,0.0,0.0,0.0,-4.890738,1.0395585,5.665538900000001e-16,55.0,485.0,1.0,-2372.0079299999998,504.1858725,2.7477863665000006e-13,256,256,0.0128
default_fixed_scene_v1,540,10,540.0,3265455.0,0.625,1.0,0.0,0.0,0.0,-4.8745292,-1.0361132,-0.40673664,60.0,480.0,1.0,-2339.774016,-497.334336,-195.2335872,256,256,0.0128
default_fixed_scene_v1,540,11,540.0,3266423.0,0.6875,1.0,0.0,0.0,0.0,-4.0001563,-2.9062837,-0.74314483,65.0,475.0,1.0,-1900.0742425000003,-1380.4847575,-352.99379425,256,256,0.0128
default_fixed_scene_v1,540,12,540.0,3267240.0,0.75,1.0,0.0,0.0,0.0,-2.4543579,-4.2510726,-0.95105652,70.0,470.0,1.0,-1153.548213,-1998.0041219999998,-446.99656439999995,256,256,0.0128
default_fixed_scene_v1,540,13,540.0,3267783.0,0.8125,1.0,0.0,0.0,0.0,-0.51219935,-4.8732513,-0.9945219,75.0,465.0,1.0,-238.17269775000003,-2266.0618544999998,-462.4526835,256,256,0.0128
default_fixed_scene_v1,540,14,540.0,3267977.0,0.875,1.0,0.0,0.0,0.0,1.5217322,-4.6834102,-0.8660254,80.0,460.0,1.0,699.996812,-2154.368692,-398.37168399999996,256,256,0.0128
default_fixed_scene_v1,540,15,540.0,3267789.0,0.9375,1.0,0.0,0.0,0.0,3.3224547,-3.6899598,-0.58778525,85.0,455.0,1.0,1511.7168885,-1678.931709,-267.44228875,256,256,0.0128
default_fixed_scene_v1,540,16,540.0,3267245.0,1.0,1.0,0.0,0.0,0.0,4.5637766,-2.0319242,-0.20791169,90.0,450.0,1.0,2053.69947,-914.36589,-93.5602605,256,256,0.0128
default_fixed_scene_v1,550,1,550.0,3330304.0,0.0625,1.0,0.0,0.0,0.0,0.0,0.0,0.0,0.0,550.0,1.0,0.0,0.0,0.0,256,256,0.0128
default_fixed_scene_v1,550,2,550.0,3331149.0,0.125,1.0,0.0,0.0,0.0,4.9956754,0.0,0.20791169,20.0,530.0,1.0,2647.707962,0.0,110.1931957,256,256,0.0128
default_fixed_scene_v1,550,3,550.0,3330070.0,0.1875,1.0,0.0,0.0,0.0,4.5360553,2.0195819,0.58778525,25.0,525.0,1.0,2381.4290325,1060.2804975,308.58725625,256,256,0.0128
default_fixed_scene_v1,550,4,550.0,3329066.0,0.25,1.0,0.0,0.0,0.0,3.2950861,3.6595639,0.8660254,30.0,520.0,1.0,1713.4447719999998,1902.973228,450.33320799999996,256,256,0.0128
default_fixed_scene_v1,550,5,550.0,3328302.0,0.3125,1.0,0.0,0.0,0.0,1.5142125,4.6602668,0.9945219,35.0,515.0,1.0,779.8194374999999,2400.037402,512.1787785,256,256,0.0128
default_fixed_scene_v1,550,6,550.0,3327885.0,0.375,1.0,0.0,0.0,0.0,-0.51310053,4.8818254,0.95105652,40.0,510.0,1.0,-261.6812703,2489.730954,485.03882519999996,256,256,0.0128
default_fixed_scene_v1,550,7,550.0,3327878.0,0.4375,1.0,0.0,0.0,0.0,-2.4722326,4.2820324,0.74314483,45.0,505.0,1.0,-1248.477463,2162.426362,375.28813915,256,256,0.0128
default_fixed_scene_v1,550,8,550.0,3328288.0,0.5,1.0,0.0,0.0,0.0,-4.0316788,2.9291861,0.40673664,50.0,500.0,1.0,-2015.8393999999998,1464.59305,203.36831999999998,256,256,0.0128
default_fixed_scene_v1,550,9,550.0,3329051.0,0.5625,1.0,0.0,0.0,0.0,-4.890738,1.0395585,5.665538900000001e-16,55.0,495.0,1.0,-2420.91531,514.5814575,2.8044417555000003e-13,256,256,0.0128
default_fixed_scene_v1,550,10,550.0,3330020.0,0.625,1.0,0.0,0.0,0.0,-4.8745292,-1.0361132,-0.40673664,60.0,490.0,1.0,-2388.519308,-507.695468,-199.30095359999999,256,256,0.0128
default_fixed_scene_v1,550,11,550.0,3331009.0,0.6875,1.0,0.0,0.0,0.0,-4.0001563,-2.9062837,-0.74314483,65.0,485.0,1.0,-1940.0758055000001,-1409.5475945,-360.42524255,256,256,0.0128
default_fixed_scene_v1,550,12,550.0,3331844.0,0.75,1.0,0.0,0.0,0.0,-2.4543579,-4.2510726,-0.95105652,70.0,480.0,1.0,-1178.0917920000002,-2040.5148479999998,-456.5071296,256,256,0.0128
default_fixed_scene_v1,550,13,550.0,3332398.0,0.8125,1.0,0.0,0.0,0.0,-0.51219935,-4.8732513,-0.9945219,75.0,475.0,1.0,-243.29469125000003,-2314.7943674999997,-472.3979025,256,256,0.0128
default_fixed_scene_v1,550,14,550.0,3332597.0,0.875,1.0,0.0,0.0,0.0,1.5217322,-4.6834102,-0.8660254,80.0,470.0,1.0,715.214134,-2201.202794,-407.03193799999997,256,256,0.0128
default_fixed_scene_v1,550,15,550.0,3332407.0,0.9375,1.0,0.0,0.0,0.0,3.3224547,-3.6899598,-0.58778525,85.0,465.0,1.0,1544.9414355000001,-1715.831307,-273.32014125,256,256,0.0128
default_fixed_scene_v1,550,16,550.0,3331851.0,1.0,1.0,0.0,0.0,0.0,4.5637766,-2.0319242,-0.20791169,90.0,460.0,1.0,2099.337236,-934.6851320000001,-95.6393774,256,256,0.0128
default_fixed_scene_v1,560,1,560.0,3394876.0,0.0625,1.0,0.0,0.0,0.0,0.0,0.0,0.0,0.0,560.0,1.0,0.0,0.0,0.0,256,256,0.0128
default_fixed_scene_v1,560,2,560.0,3395737.0,0.125,1.0,0.0,0.0,0.0,4.9956754,0.0,0.20791169,20.0,540.0,1.0,2697.6647159999998,0.0,112.2723126,256,256,0.0128
default_fixed_scene_v1,560,3,560.0,3394638.0,0.1875,1.0,0.0,0.0,0.0,4.5360553,2.0195819,0.58778525,25.0,535.0,1.0,2426.7895855,1080.4763165,314.46510875,256,256,0.0128
default_fixed_scene_v1,560,4,560.0,3393615.0,0.25,1.0,0.0,0.0,0.0,3.2950861,3.6595639,0.8660254,30.0,530.0,1.0,1746.3956329999999,1939.5688670000002,458.99346199999997,256,256,0.0128
default_fixed_scene_v1,560,5,560.0,3392835.0,0.3125,1.0,0.0,0.0,0.0,1.5142125,4.6602668,0.9945219,35.0,525.0,1.0,794.9615625,2446.64007,522.1239975,256,256,0.0128
default_fixed_scene_v1,560,6,560.0,3392410.0,0.375,1.0,0.0,0.0,0.0,-0.51310053,4.8818254,0.95105652,40.0,520.0,1.0,-266.8122756,2538.5492080000004,494.5493904,256,256,0.0128
default_fixed_scene_v1,560,7,560.0,3392402.0,0.4375,1.0,0.0,0.0,0.0,-2.4722326,4.2820324,0.74314483,45.0,515.0,1.0,-1273.199789,2205.246686,382.71958745,256,256,0.0128
default_fixed_scene_v1,560,8,560.0,3392819.0,0.5,1.0,0.0,0.0,0.0,-4.0316788,2.9291861,0.40673664,50.0,510.0,1.0,-2056.156188,1493.8849109999999,207.43568639999998,256,256,0.0128
default_fixed_scene_v1,560,9,560.0,3393597.0,0.5625,1.0,0.0,0.0,0.0,-4.890738,1.0395585,5.665538900000001e-16,55.0,505.0,1.0,-2469.82269,524.9770425,2.8610971445000005e-13,256,256,0.0128
default_fixed_scene_v1,560,10,560.0,3394586.0,0.625,1.0,0.0,0.0,0.0,-4.8745292,-1.0361132,-0.40673664,60.0,500.0,1.0,-2437.2646,-518.0566,-203.36831999999998,256,256,0.0128
default_fixed_scene_v1,560,11,560.0,3395595.0,0.6875,1.0,0.0,0.0,0.0,-4.0001563,-2.9062837,-0.74314483,65.0,495.0,1.0,-1980.0773685000001,-1438.6104315,-367.85669085,256,256,0.0128
default_fixed_scene_v1,560,12,560.0,3396447.0,0.75,1.0,0.0,0.0,0.0,-2.4543579,-4.2510726,-0.95105652,70.0,490.0,1.0,-1202.635371,-2083.025574,-466.01769479999996,256,256,0.0128
default_fixed_scene_v1,560,13,560.0,3397014.0,0.8125,1.0,0.0,0.0,0.0,-0.51219935,-4.8732513,-0.9945219,75.0,485.0,1.0,-248.41668475000003,-2363.5268805,-482.3431215,256,256,0.0128
default_fixed_scene_v1,560,14,560.0,3397218.0,0.875,1.0,0.0,0.0,0.0,1.5217322,-4.6834102,-0.8660254,80.0,480.0,1.0,730.431456,-2248.036896,-415.692192,256,256,0.0128
default_fixed_scene_v1,560,15,560.0,3397024.0,0.9375,1.0,0.0,0.0,0.0,3.3224547,-3.6899598,-0.58778525,85.0,475.0,1.0,1578.1659825000002,-1752.730905,-279.19799375,256,256,0.0128
default_fixed_scene_v1,560,16,560.0,3396457.0,1.0,1.0,0.0,0.0,0.0,4.5637766,-2.0319242,-0.20791169,90.0,470.0,1.0,2144.9750019999997,-955.0043740000001,-97.7184943,256,256,0.0128
default_fixed_scene_v1,570,1,570.0,3459448.0,0.0625,1.0,0.0,0.0,0.0,0.0,0.0,0.0,0.0,570.0,1.0,0.0,0.0,0.0,256,256,0.0128
default_fixed_scene_v1,570,2,570.0,3460326.0,0.125,1.0,0.0,0.0,0.0,4.9956754,0.0,0.20791169,20.0,550.0,1.0,2747.6214699999996,0.0,114.35142950000001,256,256,0.0128
default_fixed_scene_v1,570,3,570.0,3459206.0,0.1875,1.0,0.0,0.0,0.0,4.5360553,2.0195819,0.58778525,25.0,545.0,1.0,2472.1501385,1100.6721355,320.34296125000003,256,256,0.0128
default_fixed_scene_v1,570,4,570.0,3458163.0,0.25,1.0,0.0,0.0,0.0,3.2950861,3.6595639,0.8660254,30.0,540.0,1.0,1779.346494,1976.164506,467.653716,256,256,0.0128
default_fixed_scene_v1,570,5,570.0,3457369.0,0.3125,1.0,0.0,0.0,0.0,1.5142125,4.6602668,0.9945219,35.0,535.0,1.0,810.1036875,2493.242738,532.0692164999999,256,256,0.0128
default_fixed_scene_v1,570,6,570.0,3456935.0,0.375,1.0,0.0,0.0,0.0,-0.51310053,4.8818254,0.95105652,40.0,530.0,1.0,-271.9432809,2587.367462,504.05995559999997,256,256,0.0128
default_fixed_scene_v1,570,7,570.0,3456925.0,0.4375,1.0,0.0,0.0,0.0,-2.4722326,4.2820324,0.74314483,45.0,525.0,1.0,-1297.9221149999998,2248.06701,390.15103575,256,256,0.0128
default_fixed_scene_v1,570,8,570.0,3457351.0,0.5,1.0,0.0,0.0,0.0,-4.0316788,2.9291861,0.40673664,50.0,520.0,1.0,-2096.472976,1523.176772,211.50305279999998,256,256,0.0128
default_fixed_scene_v1,570,9,570.0,3458143.0,0.5625,1.0,0.0,0.0,0.0,-4.890738,1.0395585,5.665538900000001e-16,55.0,515.0,1.0,-2518.73007,535.3726275,2.9177525335e-13,256,256,0.0128
default_fixed_scene_v1,570,10,570.0,3459152.0,0.625,1.0,0.0,0.0,0.0,-4.8745292,-1.0361132,-0.40673664,60.0,510.0,1.0,-2486.0098919999996,-528.417732,-207.43568639999998,256,256,0.0128
default_fixed_scene_v1,570,11,570.0,3460182.0,0.6875,1.0,0.0,0.0,0.0,-4.0001563,-2.9062837,-0.74314483,65.0,505.0,1.0,-2020.0789315000002,-1467.6732685,-375.28813915,256,256,0.0128
default_fixed_scene_v1,570,12,570.0,3461051.0,0.75,1.0,0.0,0.0,0.0,-2.4543579,-4.2510726,-0.95105652,70.0,500.0,1.0,-1227.1789500000002,-2125.5362999999998,-475.52826,256,256,0.0128
default_fixed_scene_v1,570,13,570.0,3461630.0,0.8125,1.0,0.0,0.0,0.0,-0.51219935,-4.8732513,-0.9945219,75.0,495.0,1.0,-253.53867825000003,-2412.2593935,-492.2883405,256,256,0.0128
default_fixed_scene_v1,570,14,570.0,3461839.0,0.875,1.0,0.0,0.0,0.0,1.5217322,-4.6834102,-0.8660254,80.0,490.0,1.0,745.648778,-2294.870998,-424.352446,256,256,0.0128
default_fixed_scene_v1,570,15,570.0,3461642.0,0.9375,1.0,0.0,0.0,0.0,3.3224547,-3.6899598,-0.58778525,85.0,485.0,1.0,1611.3905295000002,-1789.630503,-285.07584625000004,256,256,0.0128
default_fixed_scene_v1,570,16,570.0,3461063.0,1.0,1.0,0.0,0.0,0.0,4.5637766,-2.0319242,-0.20791169,90.0,480.0,1.0,2190.612768,-975.3236160000001,-99.7976112,256,256,0.0128
default_fixed_scene_v1,580,1,580.0,3524021.0,0.0625,1.0,0.0,0.0,0.0,0.0,0.0,0.0,0.0,580.0,1.0,0.0,0.0,0.0,256,256,0.0128
default_fixed_scene_v1,580,2,580.0,3524914.0,0.125,1.0,0.0,0.0,0.0,4.9956754,0.0,0.20791169,20.0,560.0,1.0,2797.578224,0.0,116.43054640000001,256,256,0.0128
default_fixed_scene_v1,580,3,580.0,3523774.0,0.1875,1.0,0.0,0.0,0.0,4.5360553,2.0195819,0.58778525,25.0,555.0,1.0,2517.5106915,1120.8679545,326.22081375000005,256,256,0.0128
default_fixed_scene_v1,580,4,580.0,3522712.0,0.25,1.0,0.0,0.0,0.0,3.2950861,3.6595639,0.8660254,30.0,550.0,1.0,1812.297355,2012.7601450000002,476.31397,256,256,0.0128
default_fixed_scene_v1,580,5,580.0,3521902.0,0.3125,1.0,0.0,0.0,0.0,1.5142125,4.6602668,0.9945219,35.0,545.0,1.0,825.2458124999999,2539.845406,542.0144355,256,256,0.0128
default_fixed_scene_v1,580,6,580.0,3521460.0,0.375,1.0,0.0,0.0,0.0,-0.51310053,4.8818254,0.95105652,40.0,540.0,1.0,-277.0742862,2636.185716,513.5705207999999,256,256,0.0128
default_fixed_scene_v1,580,7,580.0,3521449.0,0.4375,1.0,0.0,0.0,0.0,-2.4722326,4.2820324,0.74314483,45.0,535.0,1.0,-1322.644441,2290.887334,397.58248405,256,256,0.0128
default_fixed_scene_v1,580,8,580.0,3521882.0,0.5,1.0,0.0,0.0,0.0,-4.0316788,2.9291861,0.40673664,50.0,530.0,1.0,-2136.789764,1552.468633,215.5704192,256,256,0.0128
default_fixed_scene_v1,580,9,580.0,3522690.0,0.5625,1.0,0.0,0.0,0.0,-4.890738,1.0395585,5.665538900000001e-16,55.0,525.0,1.0,-2567.6374499999997,545.7682125,2.9744079225000004e-13,256,256,0.0128
default_fixed_scene_v1,580,10,580.0,3523718.0,0.625,1.0,0.0,0.0,0.0,-4.8745292,-1.0361132,-0.40673664,60.0,520.0,1.0,-2534.7551839999996,-538.778864,-211.50305279999998,256,256,0.0128
default_fixed_scene_v1,580,11,580.0,3524768.0,0.6875,1.0,0.0,0.0,0.0,-4.0001563,-2.9062837,-0.74314483,65.0,515.0,1.0,-2060.0804945000004,-1496.7361055,-382.71958745,256,256,0.0128
default_fixed_scene_v1,580,12,580.0,3525655.0,0.75,1.0,0.0,0.0,0.0,-2.4543579,-4.2510726,-0.95105652,70.0,510.0,1.0,-1251.7225290000001,-2168.0470259999997,-485.03882519999996,256,256,0.0128
default_fixed_scene_v1,580,13,580.0,3526247.0,0.8125,1.0,0.0,0.0,0.0,-0.51219935,-4.8732513,-0.9945219,75.0,505.0,1.0,-258.66067175,-2460.9919065,-502.23355949999996,256,256,0.0128
default_fixed_scene_v1,580,14,580.0,3526460.0,0.875,1.0,0.0,0.0,0.0,1.5217322,-4.6834102,-0.8660254,80.0,500.0,1.0,760.8661,-2341.7051,-433.0127,256,256,0.0128
default_fixed_scene_v1,580,15,580.0,3526259.0,0.9375,1.0,0.0,0.0,0.0,3.3224547,-3.6899598,-0.58778525,85.0,495.0,1.0,1644.6150765000002,-1826.530101,-290.95369875,256,256,0.0128
default_fixed_scene_v1,580,16,580.0,3525669.0,1.0,1.0,0.0,0.0,0.0,4.5637766,-2.0319242,-0.20791169,90.0,490.0,1.0,2236.250534,-995.642858,-101.87672810000001,256,256,0.0128
default_fixed_scene_v1,590,1,590.0,3588593.0,0.0625,1.0,0.0,0.0,0.0,0.0,0.0,0.0,0.0,590.0,1.0,0.0,0.0,0.0,256,256,0.0128
default_fixed_scene_v1,590,2,590.0,3589503.0,0.125,1.0,0.0,0.0,0.0,4.9956754,0.0,0.20791169,20.0,570.0,1.0,2847.5349779999997,0.0,118.5096633,256,256,0.0128
default_fixed_scene_v1,590,3,590.0,3588342.0,0.1875,1.0,0.0,0.0,0.0,4.5360553,2.0195819,0.58778525,25.0,565.0,1.0,2562.8712445,1141.0637735,332.09866625,256,256,0.0128
default_fixed_scene_v1,590,4,590.0,3587261.0,0.25,1.0,0.0,0.0,0.0,3.2950861,3.6595639,0.8660254,30.0,560.0,1.0,1845.248216,2049.3557840000003,484.974224,256,256,0.0128
default_fixed_scene_v1,590,5,590.0,3586436.0,0.3125,1.0,0.0,0.0,0.0,1.5142125,4.6602668,0.9945219,35.0,555.0,1.0,840.3879375,2586.448074,551.9596544999999,256,256,0.0128
default_fixed_scene_v1,590,6,590.0,3585984.0,0.375,1.0,0.0,0.0,0.0,-0.51310053,4.8818254,0.95105652,40.0,550.0,1.0,-282.2052915,2685.00397,523.081086,256,256,0.0128
default_fixed_scene_v1,590,7,590.0,3585974.0,0.4375,1.0,0.0,0.0,0.0,-2.4722326,4.2820324,0.74314483,45.0,545.0,1.0,-1347.366767,2333.7076580000003,405.01393235,256,256,0.0128
default_fixed_scene_v1,590,8,590.0,3586414.0,0.5,1.0,0.0,0.0,0.0,-4.0316788,2.9291861,0.40673664,50.0,540.0,1.0,-2177.1065519999997,1581.7604939999999,219.6377856,256,256,0.0128
default_fixed_scene_v1,590,9,590.0,3587236.0,0.5625,1.0,0.0,0.0,0.0,-4.890738,1.0395585,5.665538900000001e-16,55.0,535.0,1.0,-2616.54483,556.1637975,3.0310633115000006e-13,256,256,0.0128
default_fixed_scene_v1,590,10,590.0,3588284.0,0.625,1.0,0.0,0.0,0.0,-4.8745292,-1.0361132,-0.40673664,60.0,530.0,1.0,-2583.5004759999997,-549.139996,-215.5704192,256,256,0.0128
default_fixed_scene_v1,590,11,590.0,3589354.0,0.6875,1.0,0.0,0.0,0.0,-4.0001563,-2.9062837,-0.74314483,65.0,525.0,1.0,-2100.0820575000002,-1525.7989425,-390.15103575,256,256,0.0128
default_fixed_scene_v1,590,12,590.0,3590259.0,0.75,1.0,0.0,0.0,0.0,-2.4543579,-4.2510726,-0.95105652,70.0,520.0,1.0,-1276.266108,-2210.5577519999997,-494.5493904,256,256,0.0128
default_fixed_scene_v1,590,13,590.0,3590863.0,0.8125,1.0,0.0,0.0,0.0,-0.51219935,-4.8732513,-0.9945219,75.0,515.0,1.0,-263.78266525000004,-2509.7244195,-512.1787785,256,256,0.0128
default_fixed_scene_v1,590,14,590.0,3591081.0,0.875,1.0,0.0,0.0,0.0,1.5217322,-4.6834102,-0.8660254,80.0,510.0,1.0,776.083422,-2388.539202,-441.67295399999995,256,256,0.0128
default_fixed_scene_v1,590,15,590.0,3590877.0,0.9375,1.0,0.0,0.0,0.0,3.3224547,-3.6899598,-0.58778525,85.0,505.0,1.0,1677.8396235,-1863.429699,-296.83155125,256,256,0.0128
default_fixed_scene_v1,590,16,590.0,3590275.0,1.0,1.0,0.0,0.0,0.0,4.5637766,-2.0319242,-0.20791169,90.0,500.0,1.0,2281.8883,-1015.9621000000001,-103.95584500000001,256,256,0.0128
default_fixed_scene_v1,600,1,600.0,3653165.0,0.0625,1.0,0.0,0.0,0.0,0.0,0.0,0.0,0.0,600.0,1.0,0.0,0.0,0.0,256,256,0.0128
default_fixed_scene_v1,600,2,600.0,3654092.0,0.125,1.0,0.0,0.0,0.0,4.9956754,0.0,0.20791169,20.0,580.0,1.0,2897.491732,0.0,120.5887802,256,256,0.0128
default_fixed_scene_v1,600,3,600.0,3652910.0,0.1875,1.0,0.0,0.0,0.0,4.5360553,2.0195819,0.58778525,25.0,575.0,1.0,2608.2317975,1161.2595925,337.97651875,256,256,0.0128
default_fixed_scene_v1,600,4,600.0,3651810.0,0.25,1.0,0.0,0.0,0.0,3.2950861,3.6595639,0.8660254,30.0,570.0,1.0,1878.199077,2085.951423,493.63447799999994,256,256,0.0128
default_fixed_scene_v1,600,5,600.0,3650969.0,0.3125,1.0,0.0,0.0,0.0,1.5142125,4.6602668,0.9945219,35.0,565.0,1.0,855.5300625,2633.050742,561.9048735,256,256,0.0128
default_fixed_scene_v1,600,6,600.0,3650509.0,0.375,1.0,0.0,0.0,0.0,-0.51310053,4.8818254,0.95105652,40.0,560.0,1.0,-287.3362968,2733.822224,532.5916512,256,256,0.0128
default_fixed_scene_v1,600,7,600.0,3650498.0,0.4375,1.0,0.0,0.0,0.0,-2.4722326,4.2820324,0.74314483,45.0,555.0,1.0,-1372.089093,2376.527982,412.44538065,256,256,0.0128
default_fixed_scene_v1,600,8,600.0,3650946.0,0.5,1.0,0.0,0.0,0.0,-4.0316788,2.9291861,0.40673664,50.0,550.0,1.0,-2217.42334,1611.052355,223.705152,256,256,0.0128
default_fixed_scene_v1,600,9,600.0,3651783.0,0.5625,1.0,0.0,0.0,0.0,-4.890738,1.0395585,5.665538900000001e-16,55.0,545.0,1.0,-2665.45221,566.5593825000001,3.0877187005000003e-13,256,256,0.0128
default_fixed_scene_v1,600,10,600.0,3652850.0,0.625,1.0,0.0,0.0,0.0,-4.8745292,-1.0361132,-0.40673664,60.0,540.0,1.0,-2632.2457679999998,-559.501128,-219.6377856,256,256,0.0128
default_fixed_scene_v1,600,11,600.0,3653941.0,0.6875,1.0,0.0,0.0,0.0,-4.0001563,-2.9062837,-0.74314483,65.0,535.0,1.0,-2140.0836205,-1554.8617795,-397.58248405,256,256,0.0128
default_fixed_scene_v1,600,12,600.0,3654863.0,0.75,1.0,0.0,0.0,0.0,-2.4543579,-4.2510726,-0.95105652,70.0,530.0,1.0,-1300.8096870000002,-2253.0684779999997,-504.05995559999997,256,256,0.0128
default_fixed_scene_v1,600,13,600.0,3655479.0,0.8125,1.0,0.0,0.0,0.0,-0.51219935,-4.8732513,-0.9945219,75.0,525.0,1.0,-268.90465875,-2558.4569324999998,-522.1239975,256,256,0.0128
default_fixed_scene_v1,600,14,600.0,3655702.0,0.875,1.0,0.0,0.0,0.0,1.5217322,-4.6834102,-0.8660254,80.0,520.0,1.0,791.300744,-2435.373304,-450.33320799999996,256,256,0.0128
default_fixed_scene_v1,600,15,600.0,3655495.0,0.9375,1.0,0.0,0.0,0.0,3.3224547,-3.6899598,-0.58778525,85.0,515.0,1.0,1711.0641705,-1900.329297,-302.70940375000004,256,256,0.0128
default_fixed_scene_v1,600,16,600.0,3654881.0,1.0,1.0,0.0,0.0,0.0,4.5637766,-2.0319242,-0.20791169,90.0,510.0,1.0,2327.526066,-1036.281342,-106.0349619,256,256,0.0128
default_fixed_scene_v1,610,1,610.0,3717738.0,0.0625,1.0,0.0,0.0,0.0,0.0,0.0,0.0,0.0,610.0,1.0,0.0,0.0,0.0,256,256,0.0128
default_fixed_scene_v1,610,2,610.0,3718681.0,0.125,1.0,0.0,0.0,0.0,4.9956754,0.0,0.20791169,20.0,590.0,1.0,2947.448486,0.0,122.6678971,256,256,0.0128
default_fixed_scene_v1,610,3,610.0,3717479.0,0.1875,1.0,0.0,0.0,0.0,4.5360553,2.0195819,0.58778525,25.0,585.0,1.0,2653.5923505,1181.4554114999999,343.85437125000004,256,256,0.0128
default_fixed_scene_v1,610,4,610.0,3716359.0,0.25,1.0,0.0,0.0,0.0,3.2950861,3.6595639,0.8660254,30.0,580.0,1.0,1911.1499379999998,2122.547062,502.29473199999995,256,256,0.0128
default_fixed_scene_v1,610,5,610.0,3715503.0,0.3125,1.0,0.0,0.0,0.0,1.5142125,4.6602668,0.9945219,35.0,575.0,1.0,870.6721875,2679.65341,571.8500925,256,256,0.0128
default_fixed_scene_v1,610,6,610.0,3715034.0,0.375,1.0,0.0,0.0,0.0,-0.51310053,4.8818254,0.95105652,40.0,570.0,1.0,-292.4673021,2782.6404780000003,542.1022164,256,256,0.0128
default_fixed_scene_v1,610,7,610.0,3715022.0,0.4375,1.0,0.0,0.0,0.0,-2.4722326,4.2820324,0.74314483,45.0,565.0,1.0,-1396.811419,2419.3483060000003,419.87682895,256,256,0.0128
default_fixed_scene_v1,610,8,610.0,3715478.0,0.5,1.0,0.0,0.0,0.0,-4.0316788,2.9291861,0.40673664,50.0,560.0,1.0,-2257.740128,1640.344216,227.7725184,256,256,0.0128
default_fixed_scene_v1,610,9,610.0,3716330.0,0.5625,1.0,0.0,0.0,0.0,-4.890738,1.0395585,5.665538900000001e-16,55.0,555.0,1.0,-2714.35959,576.9549675000001,3.1443740895000005e-13,256,256,0.0128
default_fixed_scene_v1,610,10,610.0,3717416.0,0.625,1.0,0.0,0.0,0.0,-4.8745292,-1.0361132,-0.40673664,60.0,550.0,1.0,-2680.99106,-569.86226,-223.705152,256,256,0.0128
default_fixed_scene_v1,610,11,610.0,3718527.0,0.6875,1.0,0.0,0.0,0.0,-4.0001563,-2.9062837,-0.74314483,65.0,545.0,1.0,-2180.0851835000003,-1583.9246165,-405.01393235,256,256,0.0128
default_fixed_scene_v1,610,12,610.0,3719468.0,0.75,1.0,0.0,0.0,0.0,-2.4543579,-4.2510726,-0.95105652,70.0,540.0,1.0,-1325.353266,-2295.5792039999997,-513.5705207999999,256,256,0.0128
default_fixed_scene_v1,610,13,610.0,3720096.0,0.8125,1.0,0.0,0.0,0.0,-0.51219935,-4.8732513,-0.9945219,75.0,535.0,1.0,-274.02665225000004,-2607.1894454999997,-532.0692164999999,256,256,0.0128
default_fixed_scene_v1,610,14,610.0,3720324.0,0.875,1.0,0.0,0.0,0.0,1.5217322,-4.6834102,-0.8660254,80.0,530.0,1.0,806.518066,-2482.207406,-458.99346199999997,256,256,0.0128
default_fixed_scene_v1,610,15,610.0,3720112.0,0.9375,1.0,0.0,0.0,0.0,3.3224547,-3.6899598,-0.58778525,85.0,525.0,1.0,1744.2887175,-1937.228895,-308.58725625,256,256,0.0128
default_fixed_scene_v1,610,16,610.0,3719488.0,1.0,1.0,0.0,0.0,0.0,4.5637766,-2.0319242,-0.20791169,90.0,520.0,1.0,2373.1638319999997,-1056.600584,-108.1140788,256,256,0.0128
default_fixed_scene_v1,620,1,620.0,3782310.0,0.0625,1.0,0.0,0.0,0.0,0.0,0.0,0.0,0.0,620.0,1.0,0.0,0.0,0.0,256,256,0.0128
default_fixed_scene_v1,620,2,620.0,3783270.0,0.125,1.0,0.0,0.0,0.0,4.9956754,0.0,0.20791169,20.0,600.0,1.0,2997.4052399999996,0.0,124.74701400000001,256,256,0.0128
default_fixed_scene_v1,620,3,620.0,3782047.0,0.1875,1.0,0.0,0.0,0.0,4.5360553,2.0195819,0.58778525,25.0,595.0,1.0,2698.9529035,1201.6512304999999,349.73222375,256,256,0.0128
default_fixed_scene_v1,620,4,620.0,3780908.0,0.25,1.0,0.0,0.0,0.0,3.2950861,3.6595639,0.8660254,30.0,590.0,1.0,1944.1007989999998,2159.142701,510.95498599999996,256,256,0.0128
default_fixed_scene_v1,620,5,620.0,3780037.0,0.3125,1.0,0.0,0.0,0.0,1.5142125,4.6602668,0.9945219,35.0,585.0,1.0,885.8143125,2726.256078,581.7953115,256,256,0.0128
default_fixed_scene_v1,620,6,620.0,3779560.0,0.375,1.0,0.0,0.0,0.0,-0.51310053,4.8818254,0.95105652,40.0,580.0,1.0,-297.5983074,2831.458732,551.6127816,256,256,0.0128
default_fixed_scene_v1,620,7,620.0,3779546.0,0.4375,1.0,0.0,0.0,0.0,-2.4722326,4.2820324,0.74314483,45.0,575.0,1.0,-1421.533745,2462.16863,427.30827725,256,256,0.0128
default_fixed_scene_v1,620,8,620.0,3780010.0,0.5,1.0,0.0,0.0,0.0,-4.0316788,2.9291861,0.40673664,50.0,570.0,1.0,-2298.056916,1669.636077,231.8398848,256,256,0.0128
default_fixed_scene_v1,620,9,620.0,3780877.0,0.5625,1.0,0.0,0.0,0.0,-4.890738,1.0395585,5.665538900000001e-16,55.0,565.0,1.0,-2763.2669699999997,587.3505525,3.2010294785000007e-13,256,256,0.0128
default_fixed_scene_v1,620,10,620.0,3781983.0,0.625,1.0,0.0,0.0,0.0,-4.8745292,-1.0361132,-0.40673664,60.0,560.0,1.0,-2729.736352,-580.223392,-227.7725184,256,256,0.0128
default_fixed_scene_v1,620,11,620.0,3783114.0,0.6875,1.0,0.0,0.0,0.0,-4.0001563,-2.9062837,-0.74314483,65.0,555.0,1.0,-2220.0867465,-1612.9874535,-412.44538065,256,256,0.0128
default_fixed_scene_v1,620,12,620.0,3784072.0,0.75,1.0,0.0,0.0,0.0,-2.4543579,-4.2510726,-0.95105652,70.0,550.0,1.0,-1349.8968450000002,-2338.0899299999996,-523.081086,256,256,0.0128
default_fixed_scene_v1,620,13,620.0,3784712.0,0.8125,1.0,0.0,0.0,0.0,-0.51219935,-4.8732513,-0.9945219,75.0,545.0,1.0,-279.14864575,-2655.9219585,-542.0144355,256,256,0.0128
default_fixed_scene_v1,620,14,620.0,3784945.0,0.875,1.0,0.0,0.0,0.0,1.5217322,-4.6834102,-0.8660254,80.0,540.0,1.0,821.735388,-2529.041508,-467.653716,256,256,0.0128
default_fixed_scene_v1,620,15,620.0,3784730.0,0.9375,1.0,0.0,0.0,0.0,3.3224547,-3.6899598,-0.58778525,85.0,535.0,1.0,1777.5132645,-1974.128493,-314.46510875,256,256,0.0128
default_fixed_scene_v1,620,16,620.0,3784094.0,1.0,1.0,0.0,0.0,0.0,4.5637766,-2.0319242,-0.20791169,90.0,530.0,1.0,2418.801598,-1076.919826,-110.1931957,256,256,0.0128
default_fixed_scene_v1,630,1,630.0,3846883.0,0.0625,1.0,0.0,0.0,0.0,0.0,0.0,0.0,0.0,630.0,1.0,0.0,0.0,0.0,256,256,0.0128
default_fixed_scene_v1,630,2,630.0,3847859.0,0.125,1.0,0.0,0.0,0.0,4.9956754,0.0,0.20791169,20.0,610.0,1.0,3047.361994,0.0,126.82613090000001,256,256,0.0128
default_fixed_scene_v1,630,3,630.0,3846616.0,0.1875,1.0,0.0,0.0,0.0,4.5360553,2.0195819,0.58778525,25.0,605.0,1.0,2744.3134565,1221.8470495,355.61007625,256,256,0.0128
default_fixed_scene_v1,630,4,630.0,3845457.0,0.25,1.0,0.0,0.0,0.0,3.2950861,3.6595639,0.8660254,30.0,600.0,1.0,1977.0516599999999,2195.7383400000003,519.61524,256,256,0.0128
default_fixed_scene_v1,630,5,630.0,3844571.0,0.3125,1.0,0.0,0.0,0.0,1.5142125,4.6602668,0.9945219,35.0,595.0,1.0,900.9564375,2772.858746,591.7405305,256,256,0.0128
default_fixed_scene_v1,630,6,630.0,3844085.0,0.375,1.0,0.0,0.0,0.0,-0.51310053,4.8818254,0.95105652,40.0,590.0,1.0,-302.7293127,2880.2769860000003,561.1233467999999,256,256,0.0128
default_fixed_scene_v1,630,7,630.0,3844071.0,0.4375,1.0,0.0,0.0,0.0,-2.4722326,4.2820324,0.74314483,45.0,585.0,1.0,-1446.256071,2504.9889540000004,434.73972555,256,256,0.0128
default_fixed_scene_v1,630,8,630.0,3844542.0,0.5,1.0,0.0,0.0,0.0,-4.0316788,2.9291861,0.40673664,50.0,580.0,1.0,-2338.373704,1698.927938,235.9072512,256,256,0.0128
default_fixed_scene_v1,630,9,630.0,3845423.0,0.5625,1.0,0.0,0.0,0.0,-4.890738,1.0395585,5.665538900000001e-16,55.0,575.0,1.0,-2812.17435,597.7461375,3.2576848675000004e-13,256,256,0.0128
default_fixed_scene_v1,630,10,630.0,3846549.0,0.625,1.0,0.0,0.0,0.0,-4.8745292,-1.0361132,-0.40673664,60.0,570.0,1.0,-2778.481644,-590.584524,-231.8398848,256,256,0.0128
default_fixed_scene_v1,630,11,630.0,3847701.0,0.6875,1.0,0.0,0.0,0.0,-4.0001563,-2.9062837,-0.74314483,65.0,565.0,1.0,-2260.0883095000004,-1642.0502904999998,-419.87682895,256,256,0.0128
default_fixed_scene_v1,630,12,630.0,3848676.0,0.75,1.0,0.0,0.0,0.0,-2.4543579,-4.2510726,-0.95105652,70.0,560.0,1.0,-1374.4404240000001,-2380.6006559999996,-532.5916512,256,256,0.0128
default_fixed_scene_v1,630,13,630.0,3849329.0,0.8125,1.0,0.0,0.0,0.0,-0.51219935,-4.8732513,-0.9945219,75.0,555.0,1.0,-284.27063925000004,-2704.6544715,-551.9596544999999,256,256,0.0128
default_fixed_scene_v1,630,14,630.0,3849566.0,0.875,1.0,0.0,0.0,0.0,1.5217322,-4.6834102,-0.8660254,80.0,550.0,1.0,836.95271,-2575.87561,-476.31397,256,256,0.0128
default_fixed_scene_v1,630,15,630.0,3849348.0,0.9375,1.0,0.0,0.0,0.0,3.3224547,-3.6899598,-0.58778525,85.0,545.0,1.0,1810.7378115000001,-2011.028091,-320.34296125000003,256,256,0.0128
default_fixed_scene_v1,630,16,630.0,3848701.0,1.0,1.0,0.0,0.0,0.0,4.5637766,-2.0319242,-0.20791169,90.0,540.0,1.0,2464.439364,-1097.239068,-112.2723126,256,256,0.0128
default_fixed_scene_v1,640,1,640.0,3911455.0,0.0625,1.0,0.0,0.0,0.0,0.0,0.0,0.0,0.0,640.0,1.0,0.0,0.0,0.0,256,256,0.0128
default_fixed_scene_v1,640,2,640.0,3912448.0,0.125,1.0,0.0,0.0,0.0,4.9956754,0.0,0.20791169,20.0,620.0,1.0,3097.3187479999997,0.0,128.9052478,256,256,0.0128
default_fixed_scene_v1,640,3,640.0,3911184.0,0.1875,1.0,0.0,0.0,0.0,4.5360553,2.0195819,0.58778525,25.0,615.0,1.0,2789.6740095,1242.0428685,361.48792875000004,256,256,0.0128
default_fixed_scene_v1,640,4,640.0,3910006.0,0.25,1.0,0.0,0.0,0.0,3.2950861,3.6595639,0.8660254,30.0,610.0,1.0,2010.002521,2232.333979,528.275494,256,256,0.0128
default_fixed_scene_v1,640,5,640.0,3909105.0,0.3125,1.0,0.0,0.0,0.0,1.5142125,4.6602668,0.9945219,35.0,605.0,1.0,916.0985625,2819.461414,601.6857494999999,256,256,0.0128
default_fixed_scene_v1,640,6,640.0,3908610.0,0.375,1.0,0.0,0.0,0.0,-0.51310053,4.8818254,0.95105652,40.0,600.0,1.0,-307.860318,2929.09524,570.633912,256,256,0.0128
default_fixed_scene_v1,640,7,640.0,3908595.0,0.4375,1.0,0.0,0.0,0.0,-2.4722326,4.2820324,0.74314483,45.0,595.0,1.0,-1470.9783969999999,2547.809278,442.17117385,256,256,0.0128
default_fixed_scene_v1,640,8,640.0,3909074.0,0.5,1.0,0.0,0.0,0.0,-4.0316788,2.9291861,0.40673664,50.0,590.0,1.0,-2378.6904919999997,1728.219799,239.9746176,256,256,0.0128
default_fixed_scene_v1,640,9,640.0,3909970.0,0.5625,1.0,0.0,0.0,0.0,-4.890738,1.0395585,5.665538900000001e-16,55.0,585.0,1.0,-2861.08173,608.1417225,3.3143402565000006e-13,256,256,0.0128
default_fixed_scene_v1,640,10,640.0,3911116.0,0.625,1.0,0.0,0.0,0.0,-4.8745292,-1.0361132,-0.40673664,60.0,580.0,1.0,-2827.2269359999996,-600.945656,-235.9072512,256,256,0.0128
default_fixed_scene_v1,640,11,640.0,3912288.0,0.6875,1.0,0.0,0.0,0.0,-4.0001563,-2.9062837,-0.74314483,65.0,575.0,1.0,-2300.0898725,-1671.1131275,-427.30827725,256,256,0.0128
default_fixed_scene_v1,640,12,640.0,3913281.0,0.75,1.0,0.0,0.0,0.0,-2.4543579,-4.2510726,-0.95105652,70.0,570.0,1.0,-1398.984003,-2423.1113819999996,-542.1022164,256,256,0.0128
default_fixed_scene_v1,640,13,640.0,3913945.0,0.8125,1.0,0.0,0.0,0.0,-0.51219935,-4.8732513,-0.9945219,75.0,565.0,1.0,-289.39263275,-2753.3869845,-561.9048735,256,256,0.0128
default_fixed_scene_v1,640,14,640.0,3914188.0,0.875,1.0,0.0,0.0,0.0,1.5217322,-4.6834102,-0.8660254,80.0,560.0,1.0,852.170032,-2622.709712,-484.974224,256,256,0.0128
default_fixed_scene_v1,640,15,640.0,3913966.0,0.9375,1.0,0.0,0.0,0.0,3.3224547,-3.6899598,-0.58778525,85.0,555.0,1.0,1843.9623585000002,-2047.927689,-326.22081375000005,256,256,0.0128
default_fixed_scene_v1,640,16,640.0,3913307.0,1.0,1.0,0.0,0.0,0.0,4.5637766,-2.0319242,-0.20791169,90.0,550.0,1.0,2510.0771299999997,-1117.5583100000001,-114.35142950000001,256,256,0.0128
default_fixed_scene_v1,650,1,650.0,3976028.0,0.0625,1.0,0.0,0.0,0.0,0.0,0.0,0.0,0.0,650.0,1.0,0.0,0.0,0.0,256,256,0.0128
default_fixed_scene_v1,650,2,650.0,3977037.0,0.125,1.0,0.0,0.0,0.0,4.9956754,0.0,0.20791169,20.0,630.0,1.0,3147.275502,0.0,130.98436470000001,256,256,0.0128
default_fixed_scene_v1,650,3,650.0,3975753.0,0.1875,1.0,0.0,0.0,0.0,4.5360553,2.0195819,0.58778525,25.0,625.0,1.0,2835.0345625,1262.2386875,367.36578125,256,256,0.0128
default_fixed_scene_v1,650,4,650.0,3974555.0,0.25,1.0,0.0,0.0,0.0,3.2950861,3.6595639,0.8660254,30.0,620.0,1.0,2042.953382,2268.929618,536.935748,256,256,0.0128
default_fixed_scene_v1,650,5,650.0,3973639.0,0.3125,1.0,0.0,0.0,0.0,1.5142125,4.6602668,0.9945219,35.0,615.0,1.0,931.2406874999999,2866.064082,611.6309685,256,256,0.0128
default_fixed_scene_v1,650,6,650.0,3973136.0,0.375,1.0,0.0,0.0,0.0,-0.51310053,4.8818254,0.95105652,40.0,610.0,1.0,-312.9913233,2977.9134940000004,580.1444772,256,256,0.0128
default_fixed_scene_v1,650,7,650.0,3973120.0,0.4375,1.0,0.0,0.0,0.0,-2.4722326,4.2820324,0.74314483,45.0,605.0,1.0,-1495.700723,2590.629602,449.60262215,256,256,0.0128
default_fixed_scene_v1,650,8,650.0,3973606.0,0.5,1.0,0.0,0.0,0.0,-4.0316788,2.9291861,0.40673664,50.0,600.0,1.0,-2419.00728,1757.51166,244.04198399999999,256,256,0.0128
default_fixed_scene_v1,650,9,650.0,3974518.0,0.5625,1.0,0.0,0.0,0.0,-4.890738,1.0395585,5.665538900000001e-16,55.0,595.0,1.0,-2909.98911,618.5373075,3.3709956455000003e-13,256,256,0.0128
default_fixed_scene_v1,650,10,650.0,3975682.0,0.625,1.0,0.0,0.0,0.0,-4.8745292,-1.0361132,-0.40673664,60.0,590.0,1.0,-2875.9722279999996,-611.306788,-239.9746176,256,256,0.0128
default_fixed_scene_v1,650,11,650.0,3976875.0,0.6875,1.0,0.0,0.0,0.0,-4.0001563,-2.9062837,-0.74314483,65.0,585.0,1.0,-2340.0914355000004,-1700.1759645,-434.73972555,256,256,0.0128
default_fixed_scene_v1,650,12,650.0,3977885.0,0.75,1.0,0.0,0.0,0.0,-2.4543579,-4.2510726,-0.95105652,70.0,580.0,1.0,-1423.5275820000002,-2465.6221079999996,-551.6127816,256,256,0.0128
default_fixed_scene_v1,650,13,650.0,3978562.0,0.8125,1.0,0.0,0.0,0.0,-0.51219935,-4.8732513,-0.9945219,75.0,575.0,1.0,-294.51462625000005,-2802.1194975,-571.8500925,256,256,0.0128
default_fixed_scene_v1,650,14,650.0,3978809.0,0.875,1.0,0.0,0.0,0.0,1.5217322,-4.6834102,-0.8660254,80.0,570.0,1.0,867.387354,-2669.543814,-493.63447799999994,256,256,0.0128
default_fixed_scene_v1,650,15,650.0,3978585.0,0.9375,1.0,0.0,0.0,0.0,3.3224547,-3.6899598,-0.58778525,85.0,565.0,1.0,1877.1869055000002,-2084.827287,-332.09866625,256,256,0.0128
default_fixed_scene_v1,650,16,650.0,3977914.0,1.0,1.0,0.0,0.0,0.0,4.5637766,-2.0319242,-0.20791169,90.0,560.0,1.0,2555.714896,-1137.8775520000002,-116.43054640000001,256,256,0.0128
default_fixed_scene_v1,660,1,660.0,4040601.0,0.0625,1.0,0.0,0.0,0.0,0.0,0.0,0.0,0.0,660.0,1.0,0.0,0.0,0.0,256,256,0.0128
default_fixed_scene_v1,660,2,660.0,4041626.0,0.125,1.0,0.0,0.0,0.0,4.9956754,0.0,0.20791169,20.0,640.0,1.0,3197.232256,0.0,133.06348160000002,256,256,0.0128
default_fixed_scene_v1,660,3,660.0,4040322.0,0.1875,1.0,0.0,0.0,0.0,4.5360553,2.0195819,0.58778525,25.0,635.0,1.0,2880.3951155,1282.4345065,373.24363375,256,256,0.0128
default_fixed_scene_v1,660,4,660.0,4039105.0,0.25,1.0,0.0,0.0,0.0,3.2950861,3.6595639,0.8660254,30.0,630.0,1.0,2075.904243,2305.5252570000002,545.596002,256,256,0.0128
default_fixed_scene_v1,660,5,660.0,4038173.0,0.3125,1.0,0.0,0.0,0.0,1.5142125,4.6602668,0.9945219,35.0,625.0,1.0,946.3828125,2912.66675,621.5761875,256,256,0.0128
default_fixed_scene_v1,660,6,660.0,4037661.0,0.375,1.0,0.0,0.0,0.0,-0.51310053,4.8818254,0.95105652,40.0,620.0,1.0,-318.1223286,3026.731748,589.6550424,256,256,0.0128
default_fixed_scene_v1,660,7,660.0,4037645.0,0.4375,1.0,0.0,0.0,0.0,-2.4722326,4.2820324,0.74314483,45.0,615.0,1.0,-1520.423049,2633.4499260000002,457.03407045,256,256,0.0128
default_fixed_scene_v1,660,8,660.0,4038138.0,0.5,1.0,0.0,0.0,0.0,-4.0316788,2.9291861,0.40673664,50.0,610.0,1.0,-2459.324068,1786.803521,248.10935039999998,256,256,0.0128
default_fixed_scene_v1,660,9,660.0,4039065.0,0.5625,1.0,0.0,0.0,0.0,-4.890738,1.0395585,5.665538900000001e-16,55.0,605.0,1.0,-2958.89649,628.9328925,3.4276510345000005e-13,256,256,0.0128
default_fixed_scene_v1,660,10,660.0,4040249.0,0.625,1.0,0.0,0.0,0.0,-4.8745292,-1.0361132,-0.40673664,60.0,600.0,1.0,-2924.7175199999997,-621.66792,-244.04198399999999,256,256,0.0128
default_fixed_scene_v1,660,11,660.0,4041462.0,0.6875,1.0,0.0,0.0,0.0,-4.0001563,-2.9062837,-0.74314483,65.0,595.0,1.0,-2380.0929985000002,-1729.2388015,-442.17117385,256,256,0.0128
default_fixed_scene_v1,660,12,660.0,4042490.0,0.75,1.0,0.0,0.0,0.0,-2.4543579,-4.2510726,-0.95105652,70.0,590.0,1.0,-1448.071161,-2508.132834,-561.1233467999999,256,256,0.0128
default_fixed_scene_v1,660,13,660.0,4043179.0,0.8125,1.0,0.0,0.0,0.0,-0.51219935,-4.8732513,-0.9945219,75.0,585.0,1.0,-299.63661975,-2850.8520105,-581.7953115,256,256,0.0128
default_fixed_scene_v1,660,14,660.0,4043431.0,0.875,1.0,0.0,0.0,0.0,1.5217322,-4.6834102,-0.8660254,80.0,580.0,1.0,882.604676,-2716.377916,-502.29473199999995,256,256,0.0128
default_fixed_scene_v1,660,15,660.0,4043203.0,0.9375,1.0,0.0,0.0,0.0,3.3224547,-3.6899598,-0.58778525,85.0,575.0,1.0,1910.4114525000002,-2121.726885,-337.97651875,256,256,0.0128
default_fixed_scene_v1,660,16,660.0,4042521.0,1.0,1.0,0.0,0.0,0.0,4.5637766,-2.0319242,-0.20791169,90.0,570.0,1.0,2601.352662,-1158.1967940000002,-118.5096633,256,256,0.0128
default_fixed_scene_v1,670,1,670.0,4105174.0,0.0625,1.0,0.0,0.0,0.0,0.0,0.0,0.0,0.0,670.0,1.0,0.0,0.0,0.0,256,256,0.0128
default_fixed_scene_v1,670,2,670.0,4106215.0,0.125,1.0,0.0,0.0,0.0,4.9956754,0.0,0.20791169,20.0,650.0,1.0,3247.1890099999996,0.0,135.14259850000002,256,256,0.0128
default_fixed_scene_v1,670,3,670.0,4104891.0,0.1875,1.0,0.0,0.0,0.0,4.5360553,2.0195819,0.58778525,25.0,645.0,1.0,2925.7556685,1302.6303255,379.12148625000003,256,256,0.0128
default_fixed_scene_v1,670,4,670.0,4103654.0,0.25,1.0,0.0,0.0,0.0,3.2950861,3.6595639,0.8660254,30.0,640.0,1.0,2108.8551039999998,2342.1208960000004,554.256256,256,256,0.0128
default_fixed_scene_v1,670,5,670.0,4102707.0,0.3125,1.0,0.0,0.0,0.0,1.5142125,4.6602668,0.9945219,35.0,635.0,1.0,961.5249375,2959.269418,631.5214065,256,256,0.0128
default_fixed_scene_v1,670,6,670.0,4102186.0,0.375,1.0,0.0,0.0,0.0,-0.51310053,4.8818254,0.95105652,40.0,630.0,1.0,-323.2533339,3075.5500020000004,599.1656075999999,256,256,0.0128
default_fixed_scene_v1,670,7,670.0,4102169.0,0.4375,1.0,0.0,0.0,0.0,-2.4722326,4.2820324,0.74314483,45.0,625.0,1.0,-1545.1453749999998,2676.27025,464.46551875,256,256,0.0128
default_fixed_scene_v1,670,8,670.0,4102670.0,0.5,1.0,0.0,0.0,0.0,-4.0316788,2.9291861,0.40673664,50.0,620.0,1.0,-2499.640856,1816.095382,252.17671679999998,256,256,0.0128
default_fixed_scene_v1,670,9,670.0,4103612.0,0.5625,1.0,0.0,0.0,0.0,-4.890738,1.0395585,5.665538900000001e-16,55.0,615.0,1.0,-3007.8038699999997,639.3284775000001,3.4843064235000007e-13,256,256,0.0128
default_fixed_scene_v1,670,10,670.0,4104815.0,0.625,1.0,0.0,0.0,0.0,-4.8745292,-1.0361132,-0.40673664,60.0,610.0,1.0,-2973.4628119999998,-632.029052,-248.10935039999998,256,256,0.0128
default_fixed_scene_v1,670,11,670.0,4106049.0,0.6875,1.0,0.0,0.0,0.0,-4.0001563,-2.9062837,-0.74314483,65.0,605.0,1.0,-2420.0945615,-1758.3016384999999,-449.60262215,256,256,0.0128
default_fixed_scene_v1,670,12,670.0,4107095.0,0.75,1.0,0.0,0.0,0.0,-2.4543579,-4.2510726,-0.95105652,70.0,600.0,1.0,-1472.6147400000002,-2550.64356,-570.633912,256,256,0.0128
default_fixed_scene_v1,670,13,670.0,4107795.0,0.8125,1.0,0.0,0.0,0.0,-0.51219935,-4.8732513,-0.9945219,75.0,595.0,1.0,-304.75861325000005,-2899.5845234999997,-591.7405305,256,256,0.0128
default_fixed_scene_v1,670,14,670.0,4108053.0,0.875,1.0,0.0,0.0,0.0,1.5217322,-4.6834102,-0.8660254,80.0,590.0,1.0,897.821998,-2763.212018,-510.95498599999996,256,256,0.0128
default_fixed_scene_v1,670,15,670.0,4107821.0,0.9375,1.0,0.0,0.0,0.0,3.3224547,-3.6899598,-0.58778525,85.0,585.0,1.0,1943.6359995,-2158.626483,-343.85437125000004,256,256,0.0128
default_fixed_scene_v1,670,16,670.0,4107128.0,1.0,1.0,0.0,0.0,0.0,4.5637766,-2.0319242,-0.20791169,90.0,580.0,1.0,2646.990428,-1178.5160360000002,-120.5887802,256,256,0.0128
default_fixed_scene_v1,680,1,680.0,4169747.0,0.0625,1.0,0.0,0.0,0.0,0.0,0.0,0.0,0.0,680.0,1.0,0.0,0.0,0.0,256,256,0.0128
default_fixed_scene_v1,680,2,680.0,4170804.0,0.125,1.0,0.0,0.0,0.0,4.9956754,0.0,0.20791169,20.0,660.0,1.0,3297.145764,0.0,137.2217154,256,256,0.0128
default_fixed_scene_v1,680,3,680.0,4169459.0,0.1875,1.0,0.0,0.0,0.0,4.5360553,2.0195819,0.58778525,25.0,655.0,1.0,2971.1162215,1322.8261445,384.99933875000005,256,256,0.0128
default_fixed_scene_v1,680,4,680.0,4168203.0,0.25,1.0,0.0,0.0,0.0,3.2950861,3.6595639,0.8660254,30.0,650.0,1.0,2141.805965,2378.716535,562.91651,256,256,0.0128
default_fixed_scene_v1,680,5,680.0,4167242.0,0.3125,1.0,0.0,0.0,0.0,1.5142125,4.6602668,0.9945219,35.0,645.0,1.0,976.6670624999999,3005.872086,641.4666255,256,256,0.0128
default_fixed_scene_v1,680,6,680.0,4166712.0,0.375,1.0,0.0,0.0,0.0,-0.51310053,4.8818254,0.95105652,40.0,640.0,1.0,-328.3843392,3124.368256,608.6761728,256,256,0.0128
default_fixed_scene_v1,680,7,680.0,4166694.0,0.4375,1.0,0.0,0.0,0.0,-2.4722326,4.2820324,0.74314483,45.0,635.0,1.0,-1569.867701,2719.0905740000003,471.89696705,256,256,0.0128
default_fixed_scene_v1,680,8,680.0,4167203.0,0.5,1.0,0.0,0.0,0.0,-4.0316788,2.9291861,0.40673664,50.0,630.0,1.0,-2539.957644,1845.387243,256.2440832,256,256,0.0128
default_fixed_scene_v1,680,9,680.0,4168159.0,0.5625,1.0,0.0,0.0,0.0,-4.890738,1.0395585,5.665538900000001e-16,55.0,625.0,1.0,-3056.71125,649.7240625000001,3.5409618125000004e-13,256,256,0.0128
default_fixed_scene_v1,680,10,680.0,4169382.0,0.625,1.0,0.0,0.0,0.0,-4.8745292,-1.0361132,-0.40673664,60.0,620.0,1.0,-3022.208104,-642.390184,-252.17671679999998,256,256,0.0128
default_fixed_scene_v1,680,11,680.0,4170636.0,0.6875,1.0,0.0,0.0,0.0,-4.0001563,-2.9062837,-0.74314483,65.0,615.0,1.0,-2460.0961245000003,-1787.3644755,-457.03407045,256,256,0.0128
default_fixed_scene_v1,680,12,680.0,4171699.0,0.75,1.0,0.0,0.0,0.0,-2.4543579,-4.2510726,-0.95105652,70.0,610.0,1.0,-1497.1583190000001,-2593.154286,-580.1444772,256,256,0.0128
default_fixed_scene_v1,680,13,680.0,4172412.0,0.8125,1.0,0.0,0.0,0.0,-0.51219935,-4.8732513,-0.9945219,75.0,605.0,1.0,-309.88060675,-2948.3170364999996,-601.6857494999999,256,256,0.0128
default_fixed_scene_v1,680,14,680.0,4172674.0,0.875,1.0,0.0,0.0,0.0,1.5217322,-4.6834102,-0.8660254,80.0,600.0,1.0,913.03932,-2810.04612,-519.61524,256,256,0.0128
default_fixed_scene_v1,680,15,680.0,4172439.0,0.9375,1.0,0.0,0.0,0.0,3.3224547,-3.6899598,-0.58778525,85.0,595.0,1.0,1976.8605465,-2195.526081,-349.73222375,256,256,0.0128
default_fixed_scene_v1,680,16,680.0,4171734.0,1.0,1.0,0.0,0.0,0.0,4.5637766,-2.0319242,-0.20791169,90.0,590.0,1.0,2692.628194,-1198.835278,-122.6678971,256,256,0.0128
default_fixed_scene_v1,690,1,690.0,4234320.0,0.0625,1.0,0.0,0.0,0.0,0.0,0.0,0.0,0.0,690.0,1.0,0.0,0.0,0.0,256,256,0.0128
default_fixed_scene_v1,690,2,690.0,4235394.0,0.125,1.0,0.0,0.0,0.0,4.9956754,0.0,0.20791169,20.0,670.0,1.0,3347.1025179999997,0.0,139.3008323,256,256,0.0128
default_fixed_scene_v1,690,3,690.0,4234028.0,0.1875,1.0,0.0,0.0,0.0,4.5360553,2.0195819,0.58778525,25.0,665.0,1.0,3016.4767745,1343.0219634999999,390.87719125,256,256,0.0128
default_fixed_scene_v1,690,4,690.0,4232753.0,0.25,1.0,0.0,0.0,0.0,3.2950861,3.6595639,0.8660254,30.0,660.0,1.0,2174.756826,2415.312174,571.5767639999999,256,256,0.0128
default_fixed_scene_v1,690,5,690.0,4231776.0,0.3125,1.0,0.0,0.0,0.0,1.5142125,4.6602668,0.9945219,35.0,655.0,1.0,991.8091875,3052.474754,651.4118445,256,256,0.0128
default_fixed_scene_v1,690,6,690.0,4231238.0,0.375,1.0,0.0,0.0,0.0,-0.51310053,4.8818254,0.95105652,40.0,650.0,1.0,-333.5153445,3173.18651,618.186738,256,256,0.0128
default_fixed_scene_v1,690,7,690.0,4231219.0,0.4375,1.0,0.0,0.0,0.0,-2.4722326,4.2820324,0.74314483,45.0,645.0,1.0,-1594.590027,2761.910898,479.32841535,256,256,0.0128
default_fixed_scene_v1,690,8,690.0,4231735.0,0.5,1.0,0.0,0.0,0.0,-4.0316788,2.9291861,0.40673664,50.0,640.0,1.0,-2580.274432,1874.6791039999998,260.3114496,256,256,0.0128
default_fixed_scene_v1,690,9,690.0,4232706.0,0.5625,1.0,0.0,0.0,0.0,-4.890738,1.0395585,5.665538900000001e-16,55.0,635.0,1.0,-3105.61863,660.1196475,3.5976172015000006e-13,256,256,0.0128
default_fixed_scene_v1,690,10,690.0,4233949.0,0.625,1.0,0.0,0.0,0.0,-4.8745292,-1.0361132,-0.40673664,60.0,630.0,1.0,-3070.953396,-652.751316,-256.2440832,256,256,0.0128
default_fixed_scene_v1,690,11,690.0,4235223.0,0.6875,1.0,0.0,0.0,0.0,-4.0001563,-2.9062837,-0.74314483,65.0,625.0,1.0,-2500.0976875,-1816.4273125,-464.46551875,256,256,0.0128
default_fixed_scene_v1,690,12,690.0,4236304.0,0.75,1.0,0.0,0.0,0.0,-2.4543579,-4.2510726,-0.95105652,70.0,620.0,1.0,-1521.701898,-2635.665012,-589.6550424,256,256,0.0128
default_fixed_scene_v1,690,13,690.0,4237029.0,0.8125,1.0,0.0,0.0,0.0,-0.51219935,-4.8732513,-0.9945219,75.0,615.0,1.0,-315.00260025000006,-2997.0495495,-611.6309685,256,256,0.0128
default_fixed_scene_v1,690,14,690.0,4237296.0,0.875,1.0,0.0,0.0,0.0,1.5217322,-4.6834102,-0.8660254,80.0,610.0,1.0,928.2566419999999,-2856.880222,-528.275494,256,256,0.0128
default_fixed_scene_v1,690,15,690.0,4237058.0,0.9375,1.0,0.0,0.0,0.0,3.3224547,-3.6899598,-0.58778525,85.0,605.0,1.0,2010.0850935,-2232.425679,-355.61007625,256,256,0.0128
default_fixed_scene_v1,690,16,690.0,4236341.0,1.0,1.0,0.0,0.0,0.0,4.5637766,-2.0319242,-0.20791169,90.0,600.0,1.0,2738.2659599999997,-1219.15452,-124.74701400000001,256,256,0.0128
default_fixed_scene_v1,700,1,700.0,4298893.0,0.0625,1.0,0.0,0.0,0.0,0.0,0.0,0.0,0.0,700.0,1.0,0.0,0.0,0.0,256,256,0.0128
default_fixed_scene_v1,700,2,700.0,4299983.0,0.125,1.0,0.0,0.0,0.0,4.9956754,0.0,0.20791169,20.0,680.0,1.0,3397.059272,0.0,141.3799492,256,256,0.0128
default_fixed_scene_v1,700,3,700.0,4298597.0,0.1875,1.0,0.0,0.0,0.0,4.5360553,2.0195819,0.58778525,25.0,675.0,1.0,3061.8373275,1363.2177824999999,396.75504375,256,256,0.0128
default_fixed_scene_v1,700,4,700.0,4297303.0,0.25,1.0,0.0,0.0,0.0,3.2950861,3.6595639,0.8660254,30.0,670.0,1.0,2207.707687,2451.9078130000003,580.2370179999999,256,256,0.0128
default_fixed_scene_v1,700,5,700.0,4296310.0,0.3125,1.0,0.0,0.0,0.0,1.5142125,4.6602668,0.9945219,35.0,665.0,1.0,1006.9513125,3099.077422,661.3570635,256,256,0.0128
default_fixed_scene_v1,700,6,700.0,4295763.0,0.375,1.0,0.0,0.0,0.0,-0.51310053,4.8818254,0.95105652,40.0,660.0,1.0,-338.6463498,3222.0047640000003,627.6973032,256,256,0.0128
default_fixed_scene_v1,700,7,700.0,4295744.0,0.4375,1.0,0.0,0.0,0.0,-2.4722326,4.2820324,0.74314483,45.0,655.0,1.0,-1619.312353,2804.7312220000003,486.75986365,256,256,0.0128
default_fixed_scene_v1,700,8,700.0,4296268.0,0.5,1.0,0.0,0.0,0.0,-4.0316788,2.9291861,0.40673664,50.0,650.0,1.0,-2620.59122,1903.970965,264.378816,256,256,0.0128
default_fixed_scene_v1,700,9,700.0,4297254.0,0.5625,1.0,0.0,0.0,0.0,-4.890738,1.0395585,5.665538900000001e-16,55.0,645.0,1.0,-3154.52601,670.5152325,3.654272590500001e-13,256,256,0.0128
default_fixed_scene_v1,700,10,700.0,4298516.0,0.625,1.0,0.0,0.0,0.0,-4.8745292,-1.0361132,-0.40673664,60.0,640.0,1.0,-3119.6986879999995,-663.112448,-260.3114496,256,256,0.0128
default_fixed_scene_v1,700,11,700.0,4299810.0,0.6875,1.0,0.0,0.0,0.0,-4.0001563,-2.9062837,-0.74314483,65.0,635.0,1.0,-2540.0992505000004,-1845.4901495,-471.89696705,256,256,0.0128
default_fixed_scene_v1,700,12,700.0,4300909.0,0.75,1.0,0.0,0.0,0.0,-2.4543579,-4.2510726,-0.95105652,70.0,630.0,1.0,-1546.2454770000002,-2678.175738,-599.1656075999999,256,256,0.0128
default_fixed_scene_v1,700,13,700.0,4301646.0,0.8125,1.0,0.0,0.0,0.0,-0.51219935,-4.8732513,-0.9945219,75.0,625.0,1.0,-320.12459375000003,-3045.7820625,-621.5761875,256,256,0.0128
default_fixed_scene_v1,700,14,700.0,4301918.0,0.875,1.0,0.0,0.0,0.0,1.5217322,-4.6834102,-0.8660254,80.0,620.0,1.0,943.473964,-2903.714324,-536.935748,256,256,0.0128
default_fixed_scene_v1,700,15,700.0,4301676.0,0.9375,1.0,0.0,0.0,0.0,3.3224547,-3.6899598,-0.58778525,85.0,615.0,1.0,2043.3096405000001,-2269.325277,-361.48792875000004,256,256,0.0128
default_fixed_scene_v1,700,16,700.0,4300948.0,1.0,1.0,0.0,0.0,0.0,4.5637766,-2.0319242,-0.20791169,90.0,610.0,1.0,2783.903726,-1239.473762,-126.82613090000001,256,256,0.0128
default_fixed_scene_v1,710,1,710.0,4363466.0,0.0625,1.0,0.0,0.0,0.0,0.0,0.0,0.0,0.0,710.0,1.0,0.0,0.0,0.0,256,256,0.0128
default_fixed_scene_v1,710,2,710.0,4364573.0,0.125,1.0,0.0,0.0,0.0,4.9956754,0.0,0.20791169,20.0,690.0,1.0,3447.016026,0.0,143.4590661,256,256,0.0128
default_fixed_scene_v1,710,3,710.0,4363166.0,0.1875,1.0,0.0,0.0,0.0,4.5360553,2.0195819,0.58778525,25.0,685.0,1.0,3107.1978805,1383.4136015,402.63289625000004,256,256,0.0128
default_fixed_scene_v1,710,4,710.0,4361852.0,0.25,1.0,0.0,0.0,0.0,3.2950861,3.6595639,0.8660254,30.0,680.0,1.0,2240.658548,2488.503452,588.8972719999999,256,256,0.0128
default_fixed_scene_v1,710,5,710.0,4360845.0,0.3125,1.0,0.0,0.0,0.0,1.5142125,4.6602668,0.9945219,35.0,675.0,1.0,1022.0934374999999,3145.68009,671.3022824999999,256,256,0.0128
default_fixed_scene_v1,710,6,710.0,4360289.0,0.375,1.0,0.0,0.0,0.0,-0.51310053,4.8818254,0.95105652,40.0,670.0,1.0,-343.7773551,3270.823018,637.2078683999999,256,256,0.0128
default_fixed_scene_v1,710,7,710.0,4360269.0,0.4375,1.0,0.0,0.0,0.0,-2.4722326,4.2820324,0.74314483,45.0,665.0,1.0,-1644.0346789999999,2847.551546,494.19131195,256,256,0.0128
default_fixed_scene_v1,710,8,710.0,4360800.0,0.5,1.0,0.0,0.0,0.0,-4.0316788,2.9291861,0.40673664,50.0,660.0,1.0,-2660.908008,1933.262826,268.4461824,256,256,0.0128
default_fixed_scene_v1,710,9,710.0,4361801.0,0.5625,1.0,0.0,0.0,0.0,-4.890738,1.0395585,5.665538900000001e-16,55.0,655.0,1.0,-3203.4333899999997,680.9108175,3.7109279795000005e-13,256,256,0.0128
default_fixed_scene_v1,710,10,710.0,4363083.0,0.625,1.0,0.0,0.0,0.0,-4.8745292,-1.0361132,-0.40673664,60.0,650.0,1.0,-3168.4439799999996,-673.47358,-264.378816,256,256,0.0128
default_fixed_scene_v1,710,11,710.0,4364397.0,0.6875,1.0,0.0,0.0,0.0,-4.0001563,-2.9062837,-0.74314483,65.0,645.0,1.0,-2580.1008135,-1874.5529864999999,-479.32841535,256,256,0.0128
default_fixed_scene_v1,710,12,710.0,4365514.0,0.75,1.0,0.0,0.0,0.0,-2.4543579,-4.2510726,-0.95105652,70.0,640.0,1.0,-1570.789056,-2720.686464,-608.6761728,256,256,0.0128
default_fixed_scene_v1,710,13,710.0,4366263.0,0.8125,1.0,0.0,0.0,0.0,-0.51219935,-4.8732513,-0.9945219,75.0,635.0,1.0,-325.24658725000006,-3094.5145755,-631.5214065,256,256,0.0128
default_fixed_scene_v1,710,14,710.0,4366540.0,0.875,1.0,0.0,0.0,0.0,1.5217322,-4.6834102,-0.8660254,80.0,630.0,1.0,958.691286,-2950.548426,-545.596002,256,256,0.0128
default_fixed_scene_v1,710,15,710.0,4366295.0,0.9375,1.0,0.0,0.0,0.0,3.3224547,-3.6899598,-0.58778525,85.0,625.0,1.0,2076.5341875,-2306.224875,-367.36578125,256,256,0.0128
default_fixed_scene_v1,710,16,710.0,4365555.0,1.0,1.0,0.0,0.0,0.0,4.5637766,-2.0319242,-0.20791169,90.0,620.0,1.0,2829.541492,-1259.793004,-128.9052478,256,256,0.0128
default_fixed_scene_v1,720,1,720.0,4428039.0,0.0625,1.0,0.0,0.0,0.0,0.0,0.0,0.0,0.0,720.0,1.0,0.0,0.0,0.0,256,256,0.0128
default_fixed_scene_v1,720,2,720.0,4429162.0,0.125,1.0,0.0,0.0,0.0,4.9956754,0.0,0.20791169,20.0,700.0,1.0,3496.9727799999996,0.0,145.538183,256,256,0.0128
default_fixed_scene_v1,720,3,720.0,4427736.0,0.1875,1.0,0.0,0.0,0.0,4.5360553,2.0195819,0.58778525,25.0,695.0,1.0,3152.5584335,1403.6094205,408.51074875,256,256,0.0128
default_fixed_scene_v1,720,4,720.0,4426402.0,0.25,1.0,0.0,0.0,0.0,3.2950861,3.6595639,0.8660254,30.0,690.0,1.0,2273.6094089999997,2525.099091,597.5575259999999,256,256,0.0128
default_fixed_scene_v1,720,5,720.0,4425379.0,0.3125,1.0,0.0,0.0,0.0,1.5142125,4.6602668,0.9945219,35.0,685.0,1.0,1037.2355625,3192.282758,681.2475015,256,256,0.0128
default_fixed_scene_v1,720,6,720.0,4424815.0,0.375,1.0,0.0,0.0,0.0,-0.51310053,4.8818254,0.95105652,40.0,680.0,1.0,-348.9083604,3319.6412720000003,646.7184336,256,256,0.0128
default_fixed_scene_v1,720,7,720.0,4424794.0,0.4375,1.0,0.0,0.0,0.0,-2.4722326,4.2820324,0.74314483,45.0,675.0,1.0,-1668.757005,2890.3718700000004,501.62276025,256,256,0.0128
default_fixed_scene_v1,720,8,720.0,4425333.0,0.5,1.0,0.0,0.0,0.0,-4.0316788,2.9291861,0.40673664,50.0,670.0,1.0,-2701.224796,1962.5546869999998,272.51354879999997,256,256,0.0128
default_fixed_scene_v1,720,9,720.0,4426348.0,0.5625,1.0,0.0,0.0,0.0,-4.890738,1.0395585,5.665538900000001e-16,55.0,665.0,1.0,-3252.34077,691.3064025,3.7675833685000007e-13,256,256,0.0128
default_fixed_scene_v1,720,10,720.0,4427649.0,0.625,1.0,0.0,0.0,0.0,-4.8745292,-1.0361132,-0.40673664,60.0,660.0,1.0,-3217.1892719999996,-683.834712,-268.4461824,256,256,0.0128
default_fixed_scene_v1,720,11,720.0,4428985.0,0.6875,1.0,0.0,0.0,0.0,-4.0001563,-2.9062837,-0.74314483,65.0,655.0,1.0,-2620.1023765000004,-1903.6158235,-486.75986365,256,256,0.0128
default_fixed_scene_v1,720,12,720.0,4430119.0,0.75,1.0,0.0,0.0,0.0,-2.4543579,-4.2510726,-0.95105652,70.0,650.0,1.0,-1595.3326350000002,-2763.19719,-618.186738,256,256,0.0128
default_fixed_scene_v1,720,13,720.0,4430880.0,0.8125,1.0,0.0,0.0,0.0,-0.51219935,-4.8732513,-0.9945219,75.0,645.0,1.0,-330.36858075000004,-3143.2470885,-641.4666255,256,256,0.0128
default_fixed_scene_v1,720,14,720.0,4431162.0,0.875,1.0,0.0,0.0,0.0,1.5217322,-4.6834102,-0.8660254,80.0,640.0,1.0,973.908608,-2997.382528,-554.256256,256,256,0.0128
default_fixed_scene_v1,720,15,720.0,4430913.0,0.9375,1.0,0.0,0.0,0.0,3.3224547,-3.6899598,-0.58778525,85.0,635.0,1.0,2109.7587345,-2343.124473,-373.24363375,256,256,0.0128
default_fixed_scene_v1,720,16,720.0,4430162.0,1.0,1.0,0.0,0.0,0.0,4.5637766,-2.0319242,-0.20791169,90.0,630.0,1.0,2875.1792579999997,-1280.1122460000001,-130.98436470000001,256,256,0.0128
default_fixed_scene_v1,730,1,730.0,4492612.0,0.0625,1.0,0.0,0.0,0.0,0.0,0.0,0.0,0.0,730.0,1.0,0.0,0.0,0.0,256,256,0.0128
default_fixed_scene_v1,730,2,730.0,4493752.0,0.125,1.0,0.0,0.0,0.0,4.9956754,0.0,0.20791169,20.0,710.0,1.0,3546.929534,0.0,147.6172999,256,256,0.0128
default_fixed_scene_v1,730,3,730.0,4492305.0,0.1875,1.0,0.0,0.0,0.0,4.5360553,2.0195819,0.58778525,25.0,705.0,1.0,3197.9189865000003,1423.8052395,414.38860125,256,256,0.0128
default_fixed_scene_v1,730,4,730.0,4490952.0,0.25,1.0,0.0,0.0,0.0,3.2950861,3.6595639,0.8660254,30.0,700.0,1.0,2306.56027,2561.69473,606.21778,256,256,0.0128
default_fixed_scene_v1,730,5,730.0,4489914.0,0.3125,1.0,0.0,0.0,0.0,1.5142125,4.6602668,0.9945219,35.0,695.0,1.0,1052.3776874999999,3238.885426,691.1927205,256,256,0.0128
default_fixed_scene_v1,730,6,730.0,4489341.0,0.375,1.0,0.0,0.0,0.0,-0.51310053,4.8818254,0.95105652,40.0,690.0,1.0,-354.0393657,3368.459526,656.2289988,256,256,0.0128
default_fixed_scene_v1,730,7,730.0,4489319.0,0.4375,1.0,0.0,0.0,0.0,-2.4722326,4.2820324,0.74314483,45.0,685.0,1.0,-1693.479331,2933.192194,509.05420855,256,256,0.0128
default_fixed_scene_v1,730,8,730.0,4489865.0,0.5,1.0,0.0,0.0,0.0,-4.0316788,2.9291861,0.40673664,50.0,680.0,1.0,-2741.541584,1991.846548,276.5809152,256,256,0.0128
default_fixed_scene_v1,730,9,730.0,4490896.0,0.5625,1.0,0.0,0.0,0.0,-4.890738,1.0395585,5.665538900000001e-16,55.0,675.0,1.0,-3301.24815,701.7019875000001,3.8242387575000004e-13,256,256,0.0128
default_fixed_scene_v1,730,10,730.0,4492216.0,0.625,1.0,0.0,0.0,0.0,-4.8745292,-1.0361132,-0.40673664,60.0,670.0,1.0,-3265.9345639999997,-694.195844,-272.51354879999997,256,256,0.0128
default_fixed_scene_v1,730,11,730.0,4493572.0,0.6875,1.0,0.0,0.0,0.0,-4.0001563,-2.9062837,-0.74314483,65.0,665.0,1.0,-2660.1039395000003,-1932.6786605,-494.19131195,256,256,0.0128
default_fixed_scene_v1,730,12,730.0,4494724.0,0.75,1.0,0.0,0.0,0.0,-2.4543579,-4.2510726,-0.95105652,70.0,660.0,1.0,-1619.8762140000001,-2805.707916,-627.6973032,256,256,0.0128
default_fixed_scene_v1,730,13,730.0,4495497.0,0.8125,1.0,0.0,0.0,0.0,-0.51219935,-4.8732513,-0.9945219,75.0,655.0,1.0,-335.49057425,-3191.9796014999997,-651.4118445,256,256,0.0128
default_fixed_scene_v1,730,14,730.0,4495784.0,0.875,1.0,0.0,0.0,0.0,1.5217322,-4.6834102,-0.8660254,80.0,650.0,1.0,989.12593,-3044.21663,-562.91651,256,256,0.0128
default_fixed_scene_v1,730,15,730.0,4495532.0,0.9375,1.0,0.0,0.0,0.0,3.3224547,-3.6899598,-0.58778525,85.0,645.0,1.0,2142.9832815,-2380.024071,-379.12148625000003,256,256,0.0128
default_fixed_scene_v1,730,16,730.0,4494769.0,1.0,1.0,0.0,0.0,0.0,4.5637766,-2.0319242,-0.20791169,90.0,640.0,1.0,2920.817024,-1300.4314880000002,-133.06348160000002,256,256,0.0128
default_fixed_scene_v1,740,1,740.0,4557185.0,0.0625,1.0,0.0,0.0,0.0,0.0,0.0,0.0,0.0,740.0,1.0,0.0,0.0,0.0,256,256,0.0128
default_fixed_scene_v1,740,2,740.0,4558341.0,0.125,1.0,0.0,0.0,0.0,4.9956754,0.0,0.20791169,20.0,720.0,1.0,3596.8862879999997,0.0,149.6964168,256,256,0.0128
default_fixed_scene_v1,740,3,740.0,4556874.0,0.1875,1.0,0.0,0.0,0.0,4.5360553,2.0195819,0.58778525,25.0,715.0,1.0,3243.2795395000003,1444.0010585,420.26645375000004,256,256,0.0128
default_fixed_scene_v1,740,4,740.0,4555501.0,0.25,1.0,0.0,0.0,0.0,3.2950861,3.6595639,0.8660254,30.0,710.0,1.0,2339.5111309999998,2598.2903690000003,614.878034,256,256,0.0128
default_fixed_scene_v1,740,5,740.0,4554448.0,0.3125,1.0,0.0,0.0,0.0,1.5142125,4.6602668,0.9945219,35.0,705.0,1.0,1067.5198125,3285.488094,701.1379395,256,256,0.0128
default_fixed_scene_v1,740,6,740.0,4553866.0,0.375,1.0,0.0,0.0,0.0,-0.51310053,4.8818254,0.95105652,40.0,700.0,1.0,-359.170371,3417.2777800000003,665.739564,256,256,0.0128
default_fixed_scene_v1,740,7,740.0,4553844.0,0.4375,1.0,0.0,0.0,0.0,-2.4722326,4.2820324,0.74314483,45.0,695.0,1.0,-1718.2016569999998,2976.012518,516.4856568499999,256,256,0.0128
default_fixed_scene_v1,740,8,740.0,4554398.0,0.5,1.0,0.0,0.0,0.0,-4.0316788,2.9291861,0.40673664,50.0,690.0,1.0,-2781.858372,2021.138409,280.64828159999996,256,256,0.0128
default_fixed_scene_v1,740,9,740.0,4555443.0,0.5625,1.0,0.0,0.0,0.0,-4.890738,1.0395585,5.665538900000001e-16,55.0,685.0,1.0,-3350.15553,712.0975725000001,3.8808941465000006e-13,256,256,0.0128
default_fixed_scene_v1,740,10,740.0,4556783.0,0.625,1.0,0.0,0.0,0.0,-4.8745292,-1.0361132,-0.40673664,60.0,680.0,1.0,-3314.6798559999997,-704.556976,-276.5809152,256,256,0.0128
default_fixed_scene_v1,740,11,740.0,4558159.0,0.6875,1.0,0.0,0.0,0.0,-4.0001563,-2.9062837,-0.74314483,65.0,675.0,1.0,-2700.1055025000005,-1961.7414975,-501.62276025,256,256,0.0128
default_fixed_scene_v1,740,12,740.0,4559329.0,0.75,1.0,0.0,0.0,0.0,-2.4543579,-4.2510726,-0.95105652,70.0,670.0,1.0,-1644.419793,-2848.218642,-637.2078683999999,256,256,0.0128
default_fixed_scene_v1,740,13,740.0,4560115.0,0.8125,1.0,0.0,0.0,0.0,-0.51219935,-4.8732513,-0.9945219,75.0,665.0,1.0,-340.61256775000004,-3240.7121144999996,-661.3570635,256,256,0.0128
default_fixed_scene_v1,740,14,740.0,4560406.0,0.875,1.0,0.0,0.0,0.0,1.5217322,-4.6834102,-0.8660254,80.0,660.0,1.0,1004.343252,-3091.050732,-571.5767639999999,256,256,0.0128
default_fixed_scene_v1,740,15,740.0,4560150.0,0.9375,1.0,0.0,0.0,0.0,3.3224547,-3.6899598,-0.58778525,85.0,655.0,1.0,2176.2078285000002,-2416.923669,-384.99933875000005,256,256,0.0128
default_fixed_scene_v1,740,16,740.0,4559377.0,1.0,1.0,0.0,0.0,0.0,4.5637766,-2.0319242,-0.20791169,90.0,650.0,1.0,2966.45479,-1320.7507300000002,-135.14259850000002,256,256,0.0128
default_fixed_scene_v1,750,1,750.0,4621759.0,0.0625,1.0,0.0,0.0,0.0,0.0,0.0,0.0,0.0,750.0,1.0,0.0,0.0,0.0,256,256,0.0128
default_fixed_scene_v1,750,2,750.0,4622931.0,0.125,1.0,0.0,0.0,0.0,4.9956754,0.0,0.20791169,20.0,730.0,1.0,3646.843042,0.0,151.7755337,256,256,0.0128
default_fixed_scene_v1,750,3,750.0,4621443.0,0.1875,1.0,0.0,0.0,0.0,4.5360553,2.0195819,0.58778525,25.0,725.0,1.0,3288.6400925000003,1464.1968775,426.14430625,256,256,0.0128
default_fixed_scene_v1,750,4,750.0,4620051.0,0.25,1.0,0.0,0.0,0.0,3.2950861,3.6595639,0.8660254,30.0,720.0,1.0,2372.461992,2634.886008,623.538288,256,256,0.0128
default_fixed_scene_v1,750,5,750.0,4618983.0,0.3125,1.0,0.0,0.0,0.0,1.5142125,4.6602668,0.9945219,35.0,715.0,1.0,1082.6619375,3332.090762,711.0831585,256,256,0.0128
default_fixed_scene_v1,750,6,750.0,4618392.0,0.375,1.0,0.0,0.0,0.0,-0.51310053,4.8818254,0.95105652,40.0,710.0,1.0,-364.3013763,3466.096034,675.2501292,256,256,0.0128
default_fixed_scene_v1,750,7,750.0,4618369.0,0.4375,1.0,0.0,0.0,0.0,-2.4722326,4.2820324,0.74314483,45.0,705.0,1.0,-1742.923983,3018.8328420000003,523.91710515,256,256,0.0128
default_fixed_scene_v1,750,8,750.0,4618930.0,0.5,1.0,0.0,0.0,0.0,-4.0316788,2.9291861,0.40673664,50.0,700.0,1.0,-2822.17516,2050.43027,284.715648,256,256,0.0128
default_fixed_scene_v1,750,9,750.0,4619991.0,0.5625,1.0,0.0,0.0,0.0,-4.890738,1.0395585,5.665538900000001e-16,55.0,695.0,1.0,-3399.0629099999996,722.4931575,3.937549535500001e-13,256,256,0.0128
default_fixed_scene_v1,750,10,750.0,4621350.0,0.625,1.0,0.0,0.0,0.0,-4.8745292,-1.0361132,-0.40673664,60.0,690.0,1.0,-3363.425148,-714.918108,-280.64828159999996,256,256,0.0128
default_fixed_scene_v1,750,11,750.0,4622747.0,0.6875,1.0,0.0,0.0,0.0,-4.0001563,-2.9062837,-0.74314483,65.0,685.0,1.0,-2740.1070655000003,-1990.8043344999999,-509.05420855,256,256,0.0128
default_fixed_scene_v1,750,12,750.0,4623934.0,0.75,1.0,0.0,0.0,0.0,-2.4543579,-4.2510726,-0.95105652,70.0,680.0,1.0,-1668.9633720000002,-2890.729368,-646.7184336,256,256,0.0128
default_fixed_scene_v1,750,13,750.0,4624732.0,0.8125,1.0,0.0,0.0,0.0,-0.51219935,-4.8732513,-0.9945219,75.0,675.0,1.0,-345.73456125,-3289.4446275,-671.3022824999999,256,256,0.0128
default_fixed_scene_v1,750,14,750.0,4625028.0,0.875,1.0,0.0,0.0,0.0,1.5217322,-4.6834102,-0.8660254,80.0,670.0,1.0,1019.560574,-3137.884834,-580.2370179999999,256,256,0.0128
default_fixed_scene_v1,750,15,750.0,4624769.0,0.9375,1.0,0.0,0.0,0.0,3.3224547,-3.6899598,-0.58778525,85.0,665.0,1.0,2209.4323755,-2453.823267,-390.87719125,256,256,0.0128
default_fixed_scene_v1,750,16,750.0,4623984.0,1.0,1.0,0.0,0.0,0.0,4.5637766,-2.0319242,-0.20791169,90.0,660.0,1.0,3012.0925559999996,-1341.069972,-137.2217154,256,256,0.0128
default_fixed_scene_v1,760,1,760.0,4686332.0,0.0625,1.0,0.0,0.0,0.0,0.0,0.0,0.0,0.0,760.0,1.0,0.0,0.0,0.0,256,256,0.0128
default_fixed_scene_v1,760,2,760.0,4687520.0,0.125,1.0,0.0,0.0,0.0,4.9956754,0.0,0.20791169,20.0,740.0,1.0,3696.799796,0.0,153.8546506,256,256,0.0128
default_fixed_scene_v1,760,3,760.0,4686012.0,0.1875,1.0,0.0,0.0,0.0,4.5360553,2.0195819,0.58778525,25.0,735.0,1.0,3334.0006455000002,1484.3926965,432.02215875,256,256,0.0128
default_fixed_scene_v1,760,4,760.0,4684601.0,0.25,1.0,0.0,0.0,0.0,3.2950861,3.6595639,0.8660254,30.0,730.0,1.0,2405.412853,2671.481647,632.198542,256,256,0.0128
default_fixed_scene_v1,760,5,760.0,4683518.0,0.3125,1.0,0.0,0.0,0.0,1.5142125,4.6602668,0.9945219,35.0,725.0,1.0,1097.8040624999999,3378.69343,721.0283774999999,256,256,0.0128
default_fixed_scene_v1,760,6,760.0,4682918.0,0.375,1.0,0.0,0.0,0.0,-0.51310053,4.8818254,0.95105652,40.0,720.0,1.0,-369.4323816,3514.9142880000004,684.7606943999999,256,256,0.0128
default_fixed_scene_v1,760,7,760.0,4682894.0,0.4375,1.0,0.0,0.0,0.0,-2.4722326,4.2820324,0.74314483,45.0,715.0,1.0,-1767.646309,3061.653166,531.3485534499999,256,256,0.0128
default_fixed_scene_v1,760,8,760.0,4683463.0,0.5,1.0,0.0,0.0,0.0,-4.0316788,2.9291861,0.40673664,50.0,710.0,1.0,-2862.491948,2079.722131,288.7830144,256,256,0.0128
default_fixed_scene_v1,760,9,760.0,4684539.0,0.5625,1.0,0.0,0.0,0.0,-4.890738,1.0395585,5.665538900000001e-16,55.0,705.0,1.0,-3447.9702899999997,732.8887425,3.9942049245000005e-13,256,256,0.0128
default_fixed_scene_v1,760,10,760.0,4685918.0,0.625,1.0,0.0,0.0,0.0,-4.8745292,-1.0361132,-0.40673664,60.0,700.0,1.0,-3412.17044,-725.27924,-284.715648,256,256,0.0128
default_fixed_scene_v1,760,11,760.0,4687334.0,0.6875,1.0,0.0,0.0,0.0,-4.0001563,-2.9062837,-0.74314483,65.0,695.0,1.0,-2780.1086285,-2019.8671715,-516.4856568499999,256,256,0.0128
default_fixed_scene_v1,760,12,760.0,4688539.0,0.75,1.0,0.0,0.0,0.0,-2.4543579,-4.2510726,-0.95105652,70.0,690.0,1.0,-1693.506951,-2933.2400939999998,-656.2289988,256,256,0.0128
default_fixed_scene_v1,760,13,760.0,4689349.0,0.8125,1.0,0.0,0.0,0.0,-0.51219935,-4.8732513,-0.9945219,75.0,685.0,1.0,-350.85655475000004,-3338.1771405,-681.2475015,256,256,0.0128
default_fixed_scene_v1,760,14,760.0,4689650.0,0.875,1.0,0.0,0.0,0.0,1.5217322,-4.6834102,-0.8660254,80.0,680.0,1.0,1034.777896,-3184.7189359999998,-588.8972719999999,256,256,0.0128
default_fixed_scene_v1,760,15,760.0,4689388.0,0.9375,1.0,0.0,0.0,0.0,3.3224547,-3.6899598,-0.58778525,85.0,675.0,1.0,2242.6569225000003,-2490.722865,-396.75504375,256,256,0.0128
default_fixed_scene_v1,760,16,760.0,4688591.0,1.0,1.0,0.0,0.0,0.0,4.5637766,-2.0319242,-0.20791169,90.0,670.0,1.0,3057.730322,-1361.389214,-139.3008323,256,256,0.0128
default_fixed_scene_v1,770,1,770.0,4750905.0,0.0625,1.0,0.0,0.0,0.0,0.0,0.0,0.0,0.0,770.0,1.0,0.0,0.0,0.0,256,256,0.0128
default_fixed_scene_v1,770,2,770.0,4752110.0,0.125,1.0,0.0,0.0,0.0,4.9956754,0.0,0.20791169,20.0,750.0,1.0,3746.7565499999996,0.0,155.93376750000002,256,256,0.0128
default_fixed_scene_v1,770,3,770.0,4750582.0,0.1875,1.0,0.0,0.0,0.0,4.5360553,2.0195819,0.58778525,25.0,745.0,1.0,3379.3611985000002,1504.5885154999999,437.90001125000003,256,256,0.0128
default_fixed_scene_v1,770,4,770.0,4749151.0,0.25,1.0,0.0,0.0,0.0,3.2950861,3.6595639,0.8660254,30.0,740.0,1.0,2438.363714,2708.077286,640.858796,256,256,0.0128
default_fixed_scene_v1,770,5,770.0,4748052.0,0.3125,1.0,0.0,0.0,0.0,1.5142125,4.6602668,0.9945219,35.0,735.0,1.0,1112.9461875,3425.296098,730.9735965,256,256,0.0128
default_fixed_scene_v1,770,6,770.0,4747444.0,0.375,1.0,0.0,0.0,0.0,-0.51310053,4.8818254,0.95105652,40.0,730.0,1.0,-374.5633869,3563.732542,694.2712596,256,256,0.0128
default_fixed_scene_v1,770,7,770.0,4747419.0,0.4375,1.0,0.0,0.0,0.0,-2.4722326,4.2820324,0.74314483,45.0,725.0,1.0,-1792.3686349999998,3104.4734900000003,538.78000175,256,256,0.0128
default_fixed_scene_v1,770,8,770.0,4747996.0,0.5,1.0,0.0,0.0,0.0,-4.0316788,2.9291861,0.40673664,50.0,720.0,1.0,-2902.808736,2109.013992,292.8503808,256,256,0.0128
default_fixed_scene_v1,770,9,770.0,4749086.0,0.5625,1.0,0.0,0.0,0.0,-4.890738,1.0395585,5.665538900000001e-16,55.0,715.0,1.0,-3496.87767,743.2843275,4.0508603135000007e-13,256,256,0.0128
default_fixed_scene_v1,770,10,770.0,4750485.0,0.625,1.0,0.0,0.0,0.0,-4.8745292,-1.0361132,-0.40673664,60.0,710.0,1.0,-3460.9157319999995,-735.640372,-288.7830144,256,256,0.0128
default_fixed_scene_v1,770,11,770.0,4751922.0,0.6875,1.0,0.0,0.0,0.0,-4.0001563,-2.9062837,-0.74314483,65.0,705.0,1.0,-2820.1101915000004,-2048.9300085,-523.91710515,256,256,0.0128
default_fixed_scene_v1,770,12,770.0,4753144.0,0.75,1.0,0.0,0.0,0.0,-2.4543579,-4.2510726,-0.95105652,70.0,700.0,1.0,-1718.0505300000002,-2975.7508199999997,-665.739564,256,256,0.0128
default_fixed_scene_v1,770,13,770.0,4753966.0,0.8125,1.0,0.0,0.0,0.0,-0.51219935,-4.8732513,-0.9945219,75.0,695.0,1.0,-355.97854825,-3386.9096535,-691.1927205,256,256,0.0128
default_fixed_scene_v1,770,14,770.0,4754272.0,0.875,1.0,0.0,0.0,0.0,1.5217322,-4.6834102,-0.8660254,80.0,690.0,1.0,1049.995218,-3231.553038,-597.5575259999999,256,256,0.0128
default_fixed_scene_v1,770,15,770.0,4754006.0,0.9375,1.0,0.0,0.0,0.0,3.3224547,-3.6899598,-0.58778525,85.0,685.0,1.0,2275.8814695,-2527.622463,-402.63289625000004,256,256,0.0128
default_fixed_scene_v1,770,16,770.0,4753198.0,1.0,1.0,0.0,0.0,0.0,4.5637766,-2.0319242,-0.20791169,90.0,680.0,1.0,3103.3680879999997,-1381.708456,-141.3799492,256,256,0.0128
default_fixed_scene_v1,780,1,780.0,4815479.0,0.0625,1.0,0.0,0.0,0.0,0.0,0.0,0.0,0.0,780.0,1.0,0.0,0.0,0.0,256,256,0.0128
default_fixed_scene_v1,780,2,780.0,4816700.0,0.125,1.0,0.0,0.0,0.0,4.9956754,0.0,0.20791169,20.0,760.0,1.0,3796.713304,0.0,158.01288440000002,256,256,0.0128
default_fixed_scene_v1,780,3,780.0,4815151.0,0.1875,1.0,0.0,0.0,0.0,4.5360553,2.0195819,0.58778525,25.0,755.0,1.0,3424.7217515,1524.7843344999999,443.77786375000005,256,256,0.0128
default_fixed_scene_v1,780,4,780.0,4813701.0,0.25,1.0,0.0,0.0,0.0,3.2950861,3.6595639,0.8660254,30.0,750.0,1.0,2471.314575,2744.6729250000003,649.51905,256,256,0.0128
default_fixed_scene_v1,780,5,780.0,4812587.0,0.3125,1.0,0.0,0.0,0.0,1.5142125,4.6602668,0.9945219,35.0,745.0,1.0,1128.0883125,3471.898766,740.9188154999999,256,256,0.0128
default_fixed_scene_v1,780,6,780.0,4811970.0,0.375,1.0,0.0,0.0,0.0,-0.51310053,4.8818254,0.95105652,40.0,740.0,1.0,-379.6943922,3612.5507960000004,703.7818248,256,256,0.0128
default_fixed_scene_v1,780,7,780.0,4811944.0,0.4375,1.0,0.0,0.0,0.0,-2.4722326,4.2820324,0.74314483,45.0,735.0,1.0,-1817.0909609999999,3147.293814,546.2114500499999,256,256,0.0128
default_fixed_scene_v1,780,8,780.0,4812529.0,0.5,1.0,0.0,0.0,0.0,-4.0316788,2.9291861,0.40673664,50.0,730.0,1.0,-2943.125524,2138.305853,296.9177472,256,256,0.0128
default_fixed_scene_v1,780,9,780.0,4813634.0,0.5625,1.0,0.0,0.0,0.0,-4.890738,1.0395585,5.665538900000001e-16,55.0,725.0,1.0,-3545.78505,753.6799125,4.107515702500001e-13,256,256,0.0128
default_fixed_scene_v1,780,10,780.0,4815052.0,0.625,1.0,0.0,0.0,0.0,-4.8745292,-1.0361132,-0.40673664,60.0,720.0,1.0,-3509.6610239999995,-746.001504,-292.8503808,256,256,0.0128
default_fixed_scene_v1,780,11,780.0,4816509.0,0.6875,1.0,0.0,0.0,0.0,-4.0001563,-2.9062837,-0.74314483,65.0,715.0,1.0,-2860.1117545,-2077.9928455,-531.3485534499999,256,256,0.0128
default_fixed_scene_v1,780,12,780.0,4817749.0,0.75,1.0,0.0,0.0,0.0,-2.4543579,-4.2510726,-0.95105652,70.0,710.0,1.0,-1742.5941090000001,-3018.2615459999997,-675.2501292,256,256,0.0128
default_fixed_scene_v1,780,13,780.0,4818584.0,0.8125,1.0,0.0,0.0,0.0,-0.51219935,-4.8732513,-0.9945219,75.0,705.0,1.0,-361.10054175000005,-3435.6421665,-701.1379395,256,256,0.0128
default_fixed_scene_v1,780,14,780.0,4818894.0,0.875,1.0,0.0,0.0,0.0,1.5217322,-4.6834102,-0.8660254,80.0,700.0,1.0,1065.21254,-3278.38714,-606.21778,256,256,0.0128
default_fixed_scene_v1,780,15,780.0,4818625.0,0.9375,1.0,0.0,0.0,0.0,3.3224547,-3.6899598,-0.58778525,85.0,695.0,1.0,2309.1060165000004,-2564.522061,-408.51074875,256,256,0.0128
default_fixed_scene_v1,780,16,780.0,4817806.0,1.0,1.0,0.0,0.0,0.0,4.5637766,-2.0319242,-0.20791169,90.0,690.0,1.0,3149.005854,-1402.027698,-143.4590661,256,256,0.0128
default_fixed_scene_v1,790,1,790.0,4880052.0,0.0625,1.0,0.0,0.0,0.0,0.0,0.0,0.0,0.0,790.0,1.0,0.0,0.0,0.0,256,256,0.0128
default_fixed_scene_v1,790,2,790.0,4881290.0,0.125,1.0,0.0,0.0,0.0,4.9956754,0.0,0.20791169,20.0,770.0,1.0,3846.6700579999997,0.0,160.09200130000002,256,256,0.0128
default_fixed_scene_v1,790,3,790.0,4879720.0,0.1875,1.0,0.0,0.0,0.0,4.5360553,2.0195819,0.58778525,25.0,765.0,1.0,3470.0823045,1544.9801535,449.65571625,256,256,0.0128
default_fixed_scene_v1,790,4,790.0,4878251.0,0.25,1.0,0.0,0.0,0.0,3.2950861,3.6595639,0.8660254,30.0,760.0,1.0,2504.2654359999997,2781.268564,658.179304,256,256,0.0128
default_fixed_scene_v1,790,5,790.0,4877122.0,0.3125,1.0,0.0,0.0,0.0,1.5142125,4.6602668,0.9945219,35.0,755.0,1.0,1143.2304374999999,3518.501434,750.8640345,256,256,0.0128
default_fixed_scene_v1,790,6,790.0,4876496.0,0.375,1.0,0.0,0.0,0.0,-0.51310053,4.8818254,0.95105652,40.0,750.0,1.0,-384.8253975,3661.3690500000002,713.29239,256,256,0.0128
default_fixed_scene_v1,790,7,790.0,4876470.0,0.4375,1.0,0.0,0.0,0.0,-2.4722326,4.2820324,0.74314483,45.0,745.0,1.0,-1841.813287,3190.1141380000004,553.64289835,256,256,0.0128
default_fixed_scene_v1,790,8,790.0,4877062.0,0.5,1.0,0.0,0.0,0.0,-4.0316788,2.9291861,0.40673664,50.0,740.0,1.0,-2983.442312,2167.597714,300.9851136,256,256,0.0128
default_fixed_scene_v1,790,9,790.0,4878182.0,0.5625,1.0,0.0,0.0,0.0,-4.890738,1.0395585,5.665538900000001e-16,55.0,735.0,1.0,-3594.69243,764.0754975,4.1641710915000006e-13,256,256,0.0128
default_fixed_scene_v1,790,10,790.0,4879619.0,0.625,1.0,0.0,0.0,0.0,-4.8745292,-1.0361132,-0.40673664,60.0,730.0,1.0,-3558.4063159999996,-756.362636,-296.9177472,256,256,0.0128
default_fixed_scene_v1,790,11,790.0,4881097.0,0.6875,1.0,0.0,0.0,0.0,-4.0001563,-2.9062837,-0.74314483,65.0,725.0,1.0,-2900.1133175000004,-2107.0556825,-538.78000175,256,256,0.0128
default_fixed_scene_v1,790,12,790.0,4882354.0,0.75,1.0,0.0,0.0,0.0,-2.4543579,-4.2510726,-0.95105652,70.0,720.0,1.0,-1767.1376880000003,-3060.7722719999997,-684.7606943999999,256,256,0.0128
default_fixed_scene_v1,790,13,790.0,4883201.0,0.8125,1.0,0.0,0.0,0.0,-0.51219935,-4.8732513,-0.9945219,75.0,715.0,1.0,-366.22253525,-3484.3746794999997,-711.0831585,256,256,0.0128
default_fixed_scene_v1,790,14,790.0,4883517.0,0.875,1.0,0.0,0.0,0.0,1.5217322,-4.6834102,-0.8660254,80.0,710.0,1.0,1080.429862,-3325.221242,-614.878034,256,256,0.0128
default_fixed_scene_v1,790,15,790.0,4883244.0,0.9375,1.0,0.0,0.0,0.0,3.3224547,-3.6899598,-0.58778525,85.0,705.0,1.0,2342.3305635,-2601.421659,-414.38860125,256,256,0.0128
default_fixed_scene_v1,790,16,790.0,4882413.0,1.0,1.0,0.0,0.0,0.0,4.5637766,-2.0319242,-0.20791169,90.0,700.0,1.0,3194.64362,-1422.3469400000001,-145.538183,256,256,0.0128
default_fixed_scene_v1,800,1,800.0,4944626.0,0.0625,1.0,0.0,0.0,0.0,0.0,0.0,0.0,0.0,800.0,1.0,0.0,0.0,0.0,256,256,0.0128
default_fixed_scene_v1,800,2,800.0,4945879.0,0.125,1.0,0.0,0.0,0.0,4.9956754,0.0,0.20791169,20.0,780.0,1.0,3896.6268119999995,0.0,162.1711182,256,256,0.0128
default_fixed_scene_v1,800,3,800.0,4944290.0,0.1875,1.0,0.0,0.0,0.0,4.5360553,2.0195819,0.58778525,25.0,775.0,1.0,3515.4428575,1565.1759725,455.53356875000003,256,256,0.0128
default_fixed_scene_v1,800,4,800.0,4942801.0,0.25,1.0,0.0,0.0,0.0,3.2950861,3.6595639,0.8660254,30.0,770.0,1.0,2537.216297,2817.864203,666.839558,256,256,0.0128
default_fixed_scene_v1,800,5,800.0,4941657.0,0.3125,1.0,0.0,0.0,0.0,1.5142125,4.6602668,0.9945219,35.0,765.0,1.0,1158.3725625,3565.104102,760.8092535,256,256,0.0128
default_fixed_scene_v1,800,6,800.0,4941022.0,0.375,1.0,0.0,0.0,0.0,-0.51310053,4.8818254,0.95105652,40.0,760.0,1.0,-389.9564028,3710.187304,722.8029551999999,256,256,0.0128
default_fixed_scene_v1,800,7,800.0,4940995.0,0.4375,1.0,0.0,0.0,0.0,-2.4722326,4.2820324,0.74314483,45.0,755.0,1.0,-1866.535613,3232.934462,561.0743466499999,256,256,0.0128
default_fixed_scene_v1,800,8,800.0,4941594.0,0.5,1.0,0.0,0.0,0.0,-4.0316788,2.9291861,0.40673664,50.0,750.0,1.0,-3023.7590999999998,2196.889575,305.05248,256,256,0.0128
default_fixed_scene_v1,800,9,800.0,4942729.0,0.5625,1.0,0.0,0.0,0.0,-4.890738,1.0395585,5.665538900000001e-16,55.0,745.0,1.0,-3643.5998099999997,774.4710825000001,4.220826480500001e-13,256,256,0.0128
default_fixed_scene_v1,800,10,800.0,4944186.0,0.625,1.0,0.0,0.0,0.0,-4.8745292,-1.0361132,-0.40673664,60.0,740.0,1.0,-3607.1516079999997,-766.723768,-300.9851136,256,256,0.0128
default_fixed_scene_v1,800,11,800.0,4945684.0,0.6875,1.0,0.0,0.0,0.0,-4.0001563,-2.9062837,-0.74314483,65.0,735.0,1.0,-2940.1148805000003,-2136.1185195,-546.2114500499999,256,256,0.0128
default_fixed_scene_v1,800,12,800.0,4946959.0,0.75,1.0,0.0,0.0,0.0,-2.4543579,-4.2510726,-0.95105652,70.0,730.0,1.0,-1791.6812670000002,-3103.2829979999997,-694.2712596,256,256,0.0128
default_fixed_scene_v1,800,13,800.0,4947818.0,0.8125,1.0,0.0,0.0,0.0,-0.51219935,-4.8732513,-0.9945219,75.0,725.0,1.0,-371.34452875000005,-3533.1071924999997,-721.0283774999999,256,256,0.0128
default_fixed_scene_v1,800,14,800.0,4948139.0,0.875,1.0,0.0,0.0,0.0,1.5217322,-4.6834102,-0.8660254,80.0,720.0,1.0,1095.647184,-3372.055344,-623.538288,256,256,0.0128
default_fixed_scene_v1,800,15,800.0,4947863.0,0.9375,1.0,0.0,0.0,0.0,3.3224547,-3.6899598,-0.58778525,85.0,715.0,1.0,2375.5551105,-2638.321257,-420.26645375000004,256,256,0.0128
default_fixed_scene_v1,800,16,800.0,4947020.0,1.0,1.0,0.0,0.0,0.0,4.5637766,-2.0319242,-0.20791169,90.0,710.0,1.0,3240.2813859999997,-1442.6661820000002,-147.6172999,256,256,0.0128
default_fixed_scene_v1,810,1,810.0,5009199.0,0.0625,1.0,0.0,0.0,0.0,0.0,0.0,0.0,0.0,810.0,1.0,0.0,0.0,0.0,256,256,0.0128
default_fixed_scene_v1,810,2,810.0,5010469.0,0.125,1.0,0.0,0.0,0.0,4.9956754,0.0,0.20791169,20.0,790.0,1.0,3946.583566,0.0,164.2502351,256,256,0.0128
default_fixed_scene_v1,810,3,810.0,5008859.0,0.1875,1.0,0.0,0.0,0.0,4.5360553,2.0195819,0.58778525,25.0,785.0,1.0,3560.8034105,1585.3717915,461.41142125000005,256,256,0.0128
default_fixed_scene_v1,810,4,810.0,5007351.0,0.25,1.0,0.0,0.0,0.0,3.2950861,3.6595639,0.8660254,30.0,780.0,1.0,2570.1671579999997,2854.459842,675.4998119999999,256,256,0.0128
default_fixed_scene_v1,810,5,810.0,5006191.0,0.3125,1.0,0.0,0.0,0.0,1.5142125,4.6602668,0.9945219,35.0,775.0,1.0,1173.5146875,3611.70677,770.7544725,256,256,0.0128
default_fixed_scene_v1,810,6,810.0,5005548.0,0.375,1.0,0.0,0.0,0.0,-0.51310053,4.8818254,0.95105652,40.0,770.0,1.0,-395.0874081,3759.0055580000003,732.3135204,256,256,0.0128
default_fixed_scene_v1,810,7,810.0,5005520.0,0.4375,1.0,0.0,0.0,0.0,-2.4722326,4.2820324,0.74314483,45.0,765.0,1.0,-1891.2579389999999,3275.7547860000004,568.50579495,256,256,0.0128
default_fixed_scene_v1,810,8,810.0,5006127.0,0.5,1.0,0.0,0.0,0.0,-4.0316788,2.9291861,0.40673664,50.0,760.0,1.0,-3064.075888,2226.181436,309.1198464,256,256,0.0128
default_fixed_scene_v1,810,9,810.0,5007277.0,0.5625,1.0,0.0,0.0,0.0,-4.890738,1.0395585,5.665538900000001e-16,55.0,755.0,1.0,-3692.50719,784.8666675000001,4.2774818695000005e-13,256,256,0.0128
default_fixed_scene_v1,810,10,810.0,5008754.0,0.625,1.0,0.0,0.0,0.0,-4.8745292,-1.0361132,-0.40673664,60.0,750.0,1.0,-3655.8968999999997,-777.0849,-305.05248,256,256,0.0128
default_fixed_scene_v1,810,11,810.0,5010272.0,0.6875,1.0,0.0,0.0,0.0,-4.0001563,-2.9062837,-0.74314483,65.0,745.0,1.0,-2980.1164435000005,-2165.1813564999998,-553.64289835,256,256,0.0128
default_fixed_scene_v1,810,12,810.0,5011565.0,0.75,1.0,0.0,0.0,0.0,-2.4543579,-4.2510726,-0.95105652,70.0,740.0,1.0,-1816.224846,-3145.7937239999997,-703.7818248,256,256,0.0128
default_fixed_scene_v1,810,13,810.0,5012436.0,0.8125,1.0,0.0,0.0,0.0,-0.51219935,-4.8732513,-0.9945219,75.0,735.0,1.0,-376.46652225,-3581.8397054999996,-730.9735965,256,256,0.0128
default_fixed_scene_v1,810,14,810.0,5012761.0,0.875,1.0,0.0,0.0,0.0,1.5217322,-4.6834102,-0.8660254,80.0,730.0,1.0,1110.864506,-3418.889446,-632.198542,256,256,0.0128
default_fixed_scene_v1,810,15,810.0,5012482.0,0.9375,1.0,0.0,0.0,0.0,3.3224547,-3.6899598,-0.58778525,85.0,725.0,1.0,2408.7796575,-2675.220855,-426.14430625,256,256,0.0128
default_fixed_scene_v1,810,16,810.0,5011628.0,1.0,1.0,0.0,0.0,0.0,4.5637766,-2.0319242,-0.20791169,90.0,720.0,1.0,3285.919152,-1462.9854240000002,-149.6964168,256,256,0.0128
default_fixed_scene_v1,820,1,820.0,5073773.0,0.0625,1.0,0.0,0.0,0.0,0.0,0.0,0.0,0.0,820.0,1.0,0.0,0.0,0.0,256,256,0.0128
default_fixed_scene_v1,820,2,820.0,5075059.0,0.125,1.0,0.0,0.0,0.0,4.9956754,0.0,0.20791169,20.0,800.0,1.0,3996.5403199999996,0.0,166.329352,256,256,0.0128
default_fixed_scene_v1,820,3,820.0,5073429.0,0.1875,1.0,0.0,0.0,0.0,4.5360553,2.0195819,0.58778525,25.0,795.0,1.0,3606.1639635,1605.5676105,467.28927375,256,256,0.0128
default_fixed_scene_v1,820,4,820.0,5071901.0,0.25,1.0,0.0,0.0,0.0,3.2950861,3.6595639,0.8660254,30.0,790.0,1.0,2603.118019,2891.0554810000003,684.1600659999999,256,256,0.0128
default_fixed_scene_v1,820,5,820.0,5070726.0,0.3125,1.0,0.0,0.0,0.0,1.5142125,4.6602668,0.9945219,35.0,785.0,1.0,1188.6568125,3658.309438,780.6996915,256,256,0.0128
default_fixed_scene_v1,820,6,820.0,5070075.0,0.375,1.0,0.0,0.0,0.0,-0.51310053,4.8818254,0.95105652,40.0,780.0,1.0,-400.2184134,3807.823812,741.8240856,256,256,0.0128
default_fixed_scene_v1,820,7,820.0,5070045.0,0.4375,1.0,0.0,0.0,0.0,-2.4722326,4.2820324,0.74314483,45.0,775.0,1.0,-1915.980265,3318.57511,575.9372432499999,256,256,0.0128
default_fixed_scene_v1,820,8,820.0,5070660.0,0.5,1.0,0.0,0.0,0.0,-4.0316788,2.9291861,0.40673664,50.0,770.0,1.0,-3104.392676,2255.473297,313.1872128,256,256,0.0128
default_fixed_scene_v1,820,9,820.0,5071825.0,0.5625,1.0,0.0,0.0,0.0,-4.890738,1.0395585,5.665538900000001e-16,55.0,765.0,1.0,-3741.41457,795.2622525,4.3341372585000007e-13,256,256,0.0128
default_fixed_scene_v1,820,10,820.0,5073321.0,0.625,1.0,0.0,0.0,0.0,-4.8745292,-1.0361132,-0.40673664,60.0,760.0,1.0,-3704.642192,-787.446032,-309.1198464,256,256,0.0128
default_fixed_scene_v1,820,11,820.0,5074860.0,0.6875,1.0,0.0,0.0,0.0,-4.0001563,-2.9062837,-0.74314483,65.0,755.0,1.0,-3020.1180065000003,-2194.2441934999997,-561.0743466499999,256,256,0.0128
default_fixed_scene_v1,820,12,820.0,5076170.0,0.75,1.0,0.0,0.0,0.0,-2.4543579,-4.2510726,-0.95105652,70.0,750.0,1.0,-1840.7684250000002,-3188.3044499999996,-713.29239,256,256,0.0128
default_fixed_scene_v1,820,13,820.0,5077053.0,0.8125,1.0,0.0,0.0,0.0,-0.51219935,-4.8732513,-0.9945219,75.0,745.0,1.0,-381.58851575000006,-3630.5722185,-740.9188154999999,256,256,0.0128
default_fixed_scene_v1,820,14,820.0,5077384.0,0.875,1.0,0.0,0.0,0.0,1.5217322,-4.6834102,-0.8660254,80.0,740.0,1.0,1126.081828,-3465.723548,-640.858796,256,256,0.0128
default_fixed_scene_v1,820,15,820.0,5077101.0,0.9375,1.0,0.0,0.0,0.0,3.3224547,-3.6899598,-0.58778525,85.0,735.0,1.0,2442.0042045,-2712.120453,-432.02215875,256,256,0.0128
default_fixed_scene_v1,820,16,820.0,5076235.0,1.0,1.0,0.0,0.0,0.0,4.5637766,-2.0319242,-0.20791169,90.0,730.0,1.0,3331.5569179999998,-1483.3046660000002,-151.7755337,256,256,0.0128
default_fixed_scene_v1,830,1,830.0,5138346.0,0.0625,1.0,0.0,0.0,0.0,0.0,0.0,0.0,0.0,830.0,1.0,0.0,0.0,0.0,256,256,0.0128
default_fixed_scene_v1,830,2,830.0,5139649.0,0.125,1.0,0.0,0.0,0.0,4.9956754,0.0,0.20791169,20.0,810.0,1.0,4046.497074,0.0,168.4084689,256,256,0.0128
default_fixed_scene_v1,830,3,830.0,5137998.0,0.1875,1.0,0.0,0.0,0.0,4.5360553,2.0195819,0.58778525,25.0,805.0,1.0,3651.5245165,1625.7634295,473.16712625,256,256,0.0128
default_fixed_scene_v1,830,4,830.0,5136451.0,0.25,1.0,0.0,0.0,0.0,3.2950861,3.6595639,0.8660254,30.0,800.0,1.0,2636.06888,2927.65112,692.8203199999999,256,256,0.0128
default_fixed_scene_v1,830,5,830.0,5135261.0,0.3125,1.0,0.0,0.0,0.0,1.5142125,4.6602668,0.9945219,35.0,795.0,1.0,1203.7989375,3704.9121059999998,790.6449104999999,256,256,0.0128
default_fixed_scene_v1,830,6,830.0,5134601.0,0.375,1.0,0.0,0.0,0.0,-0.51310053,4.8818254,0.95105652,40.0,790.0,1.0,-405.3494187,3856.6420660000003,751.3346508,256,256,0.0128
default_fixed_scene_v1,830,7,830.0,5134571.0,0.4375,1.0,0.0,0.0,0.0,-2.4722326,4.2820324,0.74314483,45.0,785.0,1.0,-1940.702591,3361.395434,583.36869155,256,256,0.0128
default_fixed_scene_v1,830,8,830.0,5135193.0,0.5,1.0,0.0,0.0,0.0,-4.0316788,2.9291861,0.40673664,50.0,780.0,1.0,-3144.709464,2284.7651579999997,317.25457919999997,256,256,0.0128
default_fixed_scene_v1,830,9,830.0,5136373.0,0.5625,1.0,0.0,0.0,0.0,-4.890738,1.0395585,5.665538900000001e-16,55.0,775.0,1.0,-3790.32195,805.6578375,4.390792647500001e-13,256,256,0.0128
default_fixed_scene_v1,830,10,830.0,5137888.0,0.625,1.0,0.0,0.0,0.0,-4.8745292,-1.0361132,-0.40673664,60.0,770.0,1.0,-3753.387484,-797.807164,-313.1872128,256,256,0.0128
default_fixed_scene_v1,830,11,830.0,5139447.0,0.6875,1.0,0.0,0.0,0.0,-4.0001563,-2.9062837,-0.74314483,65.0,765.0,1.0,-3060.1195695,-2223.3070305,-568.50579495,256,256,0.0128
default_fixed_scene_v1,830,12,830.0,5140775.0,0.75,1.0,0.0,0.0,0.0,-2.4543579,-4.2510726,-0.95105652,70.0,760.0,1.0,-1865.3120040000001,-3230.8151759999996,-722.8029551999999,256,256,0.0128
default_fixed_scene_v1,830,13,830.0,5141671.0,0.8125,1.0,0.0,0.0,0.0,-0.51219935,-4.8732513,-0.9945219,75.0,755.0,1.0,-386.71050925000003,-3679.3047315,-750.8640345,256,256,0.0128
default_fixed_scene_v1,830,14,830.0,5142006.0,0.875,1.0,0.0,0.0,0.0,1.5217322,-4.6834102,-0.8660254,80.0,750.0,1.0,1141.29915,-3512.55765,-649.51905,256,256,0.0128
default_fixed_scene_v1,830,15,830.0,5141720.0,0.9375,1.0,0.0,0.0,0.0,3.3224547,-3.6899598,-0.58778525,85.0,745.0,1.0,2475.2287515000003,-2749.020051,-437.90001125000003,256,256,0.0128
default_fixed_scene_v1,830,16,830.0,5140843.0,1.0,1.0,0.0,0.0,0.0,4.5637766,-2.0319242,-0.20791169,90.0,740.0,1.0,3377.1946839999996,-1503.623908,-153.8546506,256,256,0.0128
default_fixed_scene_v1,840,1,840.0,5202920.0,0.0625,1.0,0.0,0.0,0.0,0.0,0.0,0.0,0.0,840.0,1.0,0.0,0.0,0.0,256,256,0.0128
default_fixed_scene_v1,840,2,840.0,5204239.0,0.125,1.0,0.0,0.0,0.0,4.9956754,0.0,0.20791169,20.0,820.0,1.0,4096.453828,0.0,170.4875858,256,256,0.0128
default_fixed_scene_v1,840,3,840.0,5202568.0,0.1875,1.0,0.0,0.0,0.0,4.5360553,2.0195819,0.58778525,25.0,815.0,1.0,3696.8850695,1645.9592484999998,479.04497875000004,256,256,0.0128
default_fixed_scene_v1,840,4,840.0,5201001.0,0.25,1.0,0.0,0.0,0.0,3.2950861,3.6595639,0.8660254,30.0,810.0,1.0,2669.0197409999996,2964.246759,701.4805739999999,256,256,0.0128
default_fixed_scene_v1,840,5,840.0,5199796.0,0.3125,1.0,0.0,0.0,0.0,1.5142125,4.6602668,0.9945219,35.0,805.0,1.0,1218.9410625,3751.5147739999998,800.5901295,256,256,0.0128
default_fixed_scene_v1,840,6,840.0,5199127.0,0.375,1.0,0.0,0.0,0.0,-0.51310053,4.8818254,0.95105652,40.0,800.0,1.0,-410.48042399999997,3905.46032,760.8452159999999,256,256,0.0128
default_fixed_scene_v1,840,7,840.0,5199096.0,0.4375,1.0,0.0,0.0,0.0,-2.4722326,4.2820324,0.74314483,45.0,795.0,1.0,-1965.4249169999998,3404.2157580000003,590.8001398499999,256,256,0.0128
default_fixed_scene_v1,840,8,840.0,5199726.0,0.5,1.0,0.0,0.0,0.0,-4.0316788,2.9291861,0.40673664,50.0,790.0,1.0,-3185.026252,2314.057019,321.3219456,256,256,0.0128
default_fixed_scene_v1,840,9,840.0,5200921.0,0.5625,1.0,0.0,0.0,0.0,-4.890738,1.0395585,5.665538900000001e-16,55.0,785.0,1.0,-3839.2293299999997,816.0534225,4.4474480365000006e-13,256,256,0.0128
default_fixed_scene_v1,840,10,840.0,5202456.0,0.625,1.0,0.0,0.0,0.0,-4.8745292,-1.0361132,-0.40673664,60.0,780.0,1.0,-3802.1327759999995,-808.1682959999999,-317.25457919999997,256,256,0.0128
default_fixed_scene_v1,840,11,840.0,5204035.0,0.6875,1.0,0.0,0.0,0.0,-4.0001563,-2.9062837,-0.74314483,65.0,775.0,1.0,-3100.1211325000004,-2252.3698675,-575.9372432499999,256,256,0.0128
default_fixed_scene_v1,840,12,840.0,5205381.0,0.75,1.0,0.0,0.0,0.0,-2.4543579,-4.2510726,-0.95105652,70.0,770.0,1.0,-1889.8555830000003,-3273.3259019999996,-732.3135204,256,256,0.0128
default_fixed_scene_v1,840,13,840.0,5206288.0,0.8125,1.0,0.0,0.0,0.0,-0.51219935,-4.8732513,-0.9945219,75.0,765.0,1.0,-391.83250275000006,-3728.0372445,-760.8092535,256,256,0.0128
default_fixed_scene_v1,840,14,840.0,5206628.0,0.875,1.0,0.0,0.0,0.0,1.5217322,-4.6834102,-0.8660254,80.0,760.0,1.0,1156.516472,-3559.391752,-658.179304,256,256,0.0128
default_fixed_scene_v1,840,15,840.0,5206339.0,0.9375,1.0,0.0,0.0,0.0,3.3224547,-3.6899598,-0.58778525,85.0,755.0,1.0,2508.4532985,-2785.919649,-443.77786375000005,256,256,0.0128
default_fixed_scene_v1,840,16,840.0,5205450.0,1.0,1.0,0.0,0.0,0.0,4.5637766,-2.0319242,-0.20791169,90.0,750.0,1.0,3422.83245,-1523.94315,-155.93376750000002,256,256,0.0128
default_fixed_scene_v1,850,1,850.0,5267493.0,0.0625,1.0,0.0,0.0,0.0,0.0,0.0,0.0,0.0,850.0,1.0,0.0,0.0,0.0,256,256,0.0128
default_fixed_scene_v1,850,2,850.0,5268829.0,0.125,1.0,0.0,0.0,0.0,4.9956754,0.0,0.20791169,20.0,830.0,1.0,4146.4105819999995,0.0,172.5667027,256,256,0.0128
default_fixed_scene_v1,850,3,850.0,5267137.0,0.1875,1.0,0.0,0.0,0.0,4.5360553,2.0195819,0.58778525,25.0,825.0,1.0,3742.2456225,1666.1550674999999,484.92283125000006,256,256,0.0128
default_fixed_scene_v1,850,4,850.0,5265551.0,0.25,1.0,0.0,0.0,0.0,3.2950861,3.6595639,0.8660254,30.0,820.0,1.0,2701.970602,3000.8423980000002,710.1408279999999,256,256,0.0128
default_fixed_scene_v1,850,5,850.0,5264331.0,0.3125,1.0,0.0,0.0,0.0,1.5142125,4.6602668,0.9945219,35.0,815.0,1.0,1234.0831875,3798.1174419999998,810.5353484999999,256,256,0.0128
default_fixed_scene_v1,850,6,850.0,5263653.0,0.375,1.0,0.0,0.0,0.0,-0.51310053,4.8818254,0.95105652,40.0,810.0,1.0,-415.6114293,3954.2785740000004,770.3557812,256,256,0.0128
default_fixed_scene_v1,850,7,850.0,5263622.0,0.4375,1.0,0.0,0.0,0.0,-2.4722326,4.2820324,0.74314483,45.0,805.0,1.0,-1990.147243,3447.036082,598.23158815,256,256,0.0128
default_fixed_scene_v1,850,8,850.0,5264259.0,0.5,1.0,0.0,0.0,0.0,-4.0316788,2.9291861,0.40673664,50.0,800.0,1.0,-3225.3430399999997,2343.34888,325.38931199999996,256,256,0.0128
default_fixed_scene_v1,850,9,850.0,5265468.0,0.5625,1.0,0.0,0.0,0.0,-4.890738,1.0395585,5.665538900000001e-16,55.0,795.0,1.0,-3888.1367099999998,826.4490075,4.504103425500001e-13,256,256,0.0128
default_fixed_scene_v1,850,10,850.0,5267023.0,0.625,1.0,0.0,0.0,0.0,-4.8745292,-1.0361132,-0.40673664,60.0,790.0,1.0,-3850.8780679999995,-818.5294279999999,-321.3219456,256,256,0.0128
default_fixed_scene_v1,850,11,850.0,5268623.0,0.6875,1.0,0.0,0.0,0.0,-4.0001563,-2.9062837,-0.74314483,65.0,785.0,1.0,-3140.1226955,-2281.4327045,-583.36869155,256,256,0.0128
default_fixed_scene_v1,850,12,850.0,5269986.0,0.75,1.0,0.0,0.0,0.0,-2.4543579,-4.2510726,-0.95105652,70.0,780.0,1.0,-1914.3991620000002,-3315.8366279999996,-741.8240856,256,256,0.0128
default_fixed_scene_v1,850,13,850.0,5270906.0,0.8125,1.0,0.0,0.0,0.0,-0.51219935,-4.8732513,-0.9945219,75.0,775.0,1.0,-396.95449625000003,-3776.7697574999997,-770.7544725,256,256,0.0128
default_fixed_scene_v1,850,14,850.0,5271251.0,0.875,1.0,0.0,0.0,0.0,1.5217322,-4.6834102,-0.8660254,80.0,770.0,1.0,1171.733794,-3606.225854,-666.839558,256,256,0.0128
default_fixed_scene_v1,850,15,850.0,5270958.0,0.9375,1.0,0.0,0.0,0.0,3.3224547,-3.6899598,-0.58778525,85.0,765.0,1.0,2541.6778455000003,-2822.819247,-449.65571625,256,256,0.0128
default_fixed_scene_v1,850,16,850.0,5270058.0,1.0,1.0,0.0,0.0,0.0,4.5637766,-2.0319242,-0.20791169,90.0,760.0,1.0,3468.4702159999997,-1544.262392,-158.01288440000002,256,256,0.0128
default_fixed_scene_v1,860,1,860.0,5332067.0,0.0625,1.0,0.0,0.0,0.0,0.0,0.0,0.0,0.0,860.0,1.0,0.0,0.0,0.0,256,256,0.0128
default_fixed_scene_v1,860,2,860.0,5333419.0,0.125,1.0,0.0,0.0,0.0,4.9956754,0.0,0.20791169,20.0,840.0,1.0,4196.367335999999,0.0,174.6458196,256,256,0.0128
default_fixed_scene_v1,860,3,860.0,5331707.0,0.1875,1.0,0.0,0.0,0.0,4.5360553,2.0195819,0.58778525,25.0,835.0,1.0,3787.6061755,1686.3508865,490.80068375,256,256,0.0128
default_fixed_scene_v1,860,4,860.0,5330101.0,0.25,1.0,0.0,0.0,0.0,3.2950861,3.6595639,0.8660254,30.0,830.0,1.0,2734.9214629999997,3037.4380370000003,718.801082,256,256,0.0128
default_fixed_scene_v1,860,5,860.0,5328866.0,0.3125,1.0,0.0,0.0,0.0,1.5142125,4.6602668,0.9945219,35.0,825.0,1.0,1249.2253125,3844.7201099999997,820.4805675,256,256,0.0128
default_fixed_scene_v1,860,6,860.0,5328179.0,0.375,1.0,0.0,0.0,0.0,-0.51310053,4.8818254,0.95105652,40.0,820.0,1.0,-420.7424346,4003.096828,779.8663464,256,256,0.0128
default_fixed_scene_v1,860,7,860.0,5328147.0,0.4375,1.0,0.0,0.0,0.0,-2.4722326,4.2820324,0.74314483,45.0,815.0,1.0,-2014.869569,3489.8564060000003,605.6630364499999,256,256,0.0128
default_fixed_scene_v1,860,8,860.0,5328792.0,0.5,1.0,0.0,0.0,0.0,-4.0316788,2.9291861,0.40673664,50.0,810.0,1.0,-3265.659828,2372.6407409999997,329.4566784,256,256,0.0128
default_fixed_scene_v1,860,9,860.0,5330016.0,0.5625,1.0,0.0,0.0,0.0,-4.890738,1.0395585,5.665538900000001e-16,55.0,805.0,1.0,-3937.04409,836.8445925000001,4.560758814500001e-13,256,256,0.0128
default_fixed_scene_v1,860,10,860.0,5331590.0,0.625,1.0,0.0,0.0,0.0,-4.8745292,-1.0361132,-0.40673664,60.0,800.0,1.0,-3899.6233599999996,-828.8905599999999,-325.38931199999996,256,256,0.0128
default_fixed_scene_v1,860,11,860.0,5333211.0,0.6875,1.0,0.0,0.0,0.0,-4.0001563,-2.9062837,-0.74314483,65.0,795.0,1.0,-3180.1242585000005,-2310.4955415,-590.8001398499999,256,256,0.0128
default_fixed_scene_v1,860,12,860.0,5334592.0,0.75,1.0,0.0,0.0,0.0,-2.4543579,-4.2510726,-0.95105652,70.0,790.0,1.0,-1938.942741,-3358.3473539999995,-751.3346508,256,256,0.0128
default_fixed_scene_v1,860,13,860.0,5335523.0,0.8125,1.0,0.0,0.0,0.0,-0.51219935,-4.8732513,-0.9945219,75.0,785.0,1.0,-402.07648975000006,-3825.5022704999997,-780.6996915,256,256,0.0128
default_fixed_scene_v1,860,14,860.0,5335873.0,0.875,1.0,0.0,0.0,0.0,1.5217322,-4.6834102,-0.8660254,80.0,780.0,1.0,1186.951116,-3653.059956,-675.4998119999999,256,256,0.0128
default_fixed_scene_v1,860,15,860.0,5335577.0,0.9375,1.0,0.0,0.0,0.0,3.3224547,-3.6899598,-0.58778525,85.0,775.0,1.0,2574.9023925,-2859.718845,-455.53356875000003,256,256,0.0128
default_fixed_scene_v1,860,16,860.0,5334665.0,1.0,1.0,0.0,0.0,0.0,4.5637766,-2.0319242,-0.20791169,90.0,770.0,1.0,3514.107982,-1564.5816340000001,-160.09200130000002,256,256,0.0128
default_fixed_scene_v1,870,1,870.0,5396641.0,0.0625,1.0,0.0,0.0,0.0,0.0,0.0,0.0,0.0,870.0,1.0,0.0,0.0,0.0,256,256,0.0128
default_fixed_scene_v1,870,2,870.0,5398009.0,0.125,1.0,0.0,0.0,0.0,4.9956754,0.0,0.20791169,20.0,850.0,1.0,4246.32409,0.0,176.7249365,256,256,0.0128
default_fixed_scene_v1,870,3,870.0,5396276.0,0.1875,1.0,0.0,0.0,0.0,4.5360553,2.0195819,0.58778525,25.0,845.0,1.0,3832.9667285,1706.5467055,496.67853625000004,256,256,0.0128
default_fixed_scene_v1,870,4,870.0,5394651.0,0.25,1.0,0.0,0.0,0.0,3.2950861,3.6595639,0.8660254,30.0,840.0,1.0,2767.872324,3074.033676,727.461336,256,256,0.0128
default_fixed_scene_v1,870,5,870.0,5393401.0,0.3125,1.0,0.0,0.0,0.0,1.5142125,4.6602668,0.9945219,35.0,835.0,1.0,1264.3674375,3891.3227779999997,830.4257865,256,256,0.0128
default_fixed_scene_v1,870,6,870.0,5392706.0,0.375,1.0,0.0,0.0,0.0,-0.51310053,4.8818254,0.95105652,40.0,830.0,1.0,-425.8734399,4051.9150820000004,789.3769116,256,256,0.0128
default_fixed_scene_v1,870,7,870.0,5392673.0,0.4375,1.0,0.0,0.0,0.0,-2.4722326,4.2820324,0.74314483,45.0,825.0,1.0,-2039.591895,3532.67673,613.09448475,256,256,0.0128
default_fixed_scene_v1,870,8,870.0,5393325.0,0.5,1.0,0.0,0.0,0.0,-4.0316788,2.9291861,0.40673664,50.0,820.0,1.0,-3305.976616,2401.932602,333.5240448,256,256,0.0128
default_fixed_scene_v1,870,9,870.0,5394564.0,0.5625,1.0,0.0,0.0,0.0,-4.890738,1.0395585,5.665538900000001e-16,55.0,815.0,1.0,-3985.95147,847.2401775000001,4.617414203500001e-13,256,256,0.0128
default_fixed_scene_v1,870,10,870.0,5396158.0,0.625,1.0,0.0,0.0,0.0,-4.8745292,-1.0361132,-0.40673664,60.0,810.0,1.0,-3948.3686519999997,-839.2516919999999,-329.4566784,256,256,0.0128
default_fixed_scene_v1,870,11,870.0,5397798.0,0.6875,1.0,0.0,0.0,0.0,-4.0001563,-2.9062837,-0.74314483,65.0,805.0,1.0,-3220.1258215000003,-2339.5583785,-598.23158815,256,256,0.0128
default_fixed_scene_v1,870,12,870.0,5399197.0,0.75,1.0,0.0,0.0,0.0,-2.4543579,-4.2510726,-0.95105652,70.0,800.0,1.0,-1963.4863200000002,-3400.8580799999995,-760.8452159999999,256,256,0.0128
default_fixed_scene_v1,870,13,870.0,5400141.0,0.8125,1.0,0.0,0.0,0.0,-0.51219935,-4.8732513,-0.9945219,75.0,795.0,1.0,-407.19848325000004,-3874.2347834999996,-790.6449104999999,256,256,0.0128
default_fixed_scene_v1,870,14,870.0,5400496.0,0.875,1.0,0.0,0.0,0.0,1.5217322,-4.6834102,-0.8660254,80.0,790.0,1.0,1202.168438,-3699.894058,-684.1600659999999,256,256,0.0128
default_fixed_scene_v1,870,15,870.0,5400196.0,0.9375,1.0,0.0,0.0,0.0,3.3224547,-3.6899598,-0.58778525,85.0,785.0,1.0,2608.1269395,-2896.618443,-461.41142125000005,256,256,0.0128
default_fixed_scene_v1,870,16,870.0,5399273.0,1.0,1.0,0.0,0.0,0.0,4.5637766,-2.0319242,-0.20791169,90.0,780.0,1.0,3559.745748,-1584.9008760000002,-162.1711182,256,256,0.0128
default_fixed_scene_v1,880,1,880.0,5461214.0,0.0625,1.0,0.0,0.0,0.0,0.0,0.0,0.0,0.0,880.0,1.0,0.0,0.0,0.0,256,256,0.0128
default_fixed_scene_v1,880,2,880.0,5462599.0,0.125,1.0,0.0,0.0,0.0,4.9956754,0.0,0.20791169,20.0,860.0,1.0,4296.280844,0.0,178.80405340000002,256,256,0.0128
default_fixed_scene_v1,880,3,880.0,5460846.0,0.1875,1.0,0.0,0.0,0.0,4.5360553,2.0195819,0.58778525,25.0,855.0,1.0,3878.3272815,1726.7425245,502.55638875000005,256,256,0.0128
default_fixed_scene_v1,880,4,880.0,5459202.0,0.25,1.0,0.0,0.0,0.0,3.2950861,3.6595639,0.8660254,30.0,850.0,1.0,2800.8231849999997,3110.629315,736.12159,256,256,0.0128
default_fixed_scene_v1,880,5,880.0,5457936.0,0.3125,1.0,0.0,0.0,0.0,1.5142125,4.6602668,0.9945219,35.0,845.0,1.0,1279.5095625,3937.9254459999997,840.3710054999999,256,256,0.0128
default_fixed_scene_v1,880,6,880.0,5457232.0,0.375,1.0,0.0,0.0,0.0,-0.51310053,4.8818254,0.95105652,40.0,840.0,1.0,-431.0044452,4100.733336,798.8874768,256,256,0.0128
default_fixed_scene_v1,880,7,880.0,5457198.0,0.4375,1.0,0.0,0.0,0.0,-2.4722326,4.2820324,0.74314483,45.0,835.0,1.0,-2064.314221,3575.4970540000004,620.5259330499999,256,256,0.0128
default_fixed_scene_v1,880,8,880.0,5457858.0,0.5,1.0,0.0,0.0,0.0,-4.0316788,2.9291861,0.40673664,50.0,830.0,1.0,-3346.293404,2431.224463,337.5914112,256,256,0.0128
default_fixed_scene_v1,880,9,880.0,5459112.0,0.5625,1.0,0.0,0.0,0.0,-4.890738,1.0395585,5.665538900000001e-16,55.0,825.0,1.0,-4034.8588499999996,857.6357625,4.674069592500001e-13,256,256,0.0128
default_fixed_scene_v1,880,10,880.0,5460725.0,0.625,1.0,0.0,0.0,0.0,-4.8745292,-1.0361132,-0.40673664,60.0,820.0,1.0,-3997.1139439999997,-849.6128239999999,-333.5240448,256,256,0.0128
default_fixed_scene_v1,880,11,880.0,5462386.0,0.6875,1.0,0.0,0.0,0.0,-4.0001563,-2.9062837,-0.74314483,65.0,815.0,1.0,-3260.1273845000005,-2368.6212155,-605.6630364499999,256,256,0.0128
default_fixed_scene_v1,880,12,880.0,5463802.0,0.75,1.0,0.0,0.0,0.0,-2.4543579,-4.2510726,-0.95105652,70.0,810.0,1.0,-1988.0298990000001,-3443.3688059999995,-770.3557812,256,256,0.0128
default_fixed_scene_v1,880,13,880.0,5464759.0,0.8125,1.0,0.0,0.0,0.0,-0.51219935,-4.8732513,-0.9945219,75.0,805.0,1.0,-412.32047675000007,-3922.9672965,-800.5901295,256,256,0.0128
default_fixed_scene_v1,880,14,880.0,5465118.0,0.875,1.0,0.0,0.0,0.0,1.5217322,-4.6834102,-0.8660254,80.0,800.0,1.0,1217.38576,-3746.72816,-692.8203199999999,256,256,0.0128
default_fixed_scene_v1,880,15,880.0,5464815.0,0.9375,1.0,0.0,0.0,0.0,3.3224547,-3.6899598,-0.58778525,85.0,795.0,1.0,2641.3514865,-2933.518041,-467.28927375,256,256,0.0128
default_fixed_scene_v1,880,16,880.0,5463881.0,1.0,1.0,0.0,0.0,0.0,4.5637766,-2.0319242,-0.20791169,90.0,790.0,1.0,3605.3835139999996,-1605.2201180000002,-164.2502351,256,256,0.0128
default_fixed_scene_v1,890,1,890.0,5525788.0,0.0625,1.0,0.0,0.0,0.0,0.0,0.0,0.0,0.0,890.0,1.0,0.0,0.0,0.0,256,256,0.0128
default_fixed_scene_v1,890,2,890.0,5527189.0,0.125,1.0,0.0,0.0,0.0,4.9956754,0.0,0.20791169,20.0,870.0,1.0,4346.237598,0.0,180.88317030000002,256,256,0.0128
default_fixed_scene_v1,890,3,890.0,5525416.0,0.1875,1.0,0.0,0.0,0.0,4.5360553,2.0195819,0.58778525,25.0,865.0,1.0,3923.6878345,1746.9383435,508.43424125,256,256,0.0128
default_fixed_scene_v1,890,4,890.0,5523752.0,0.25,1.0,0.0,0.0,0.0,3.2950861,3.6595639,0.8660254,30.0,860.0,1.0,2833.774046,3147.2249540000003,744.781844,256,256,0.0128
default_fixed_scene_v1,890,5,890.0,5522471.0,0.3125,1.0,0.0,0.0,0.0,1.5142125,4.6602668,0.9945219,35.0,855.0,1.0,1294.6516875,3984.5281139999997,850.3162245,256,256,0.0128
default_fixed_scene_v1,890,6,890.0,5521758.0,0.375,1.0,0.0,0.0,0.0,-0.51310053,4.8818254,0.95105652,40.0,850.0,1.0,-436.1354505,4149.55159,808.3980419999999,256,256,0.0128
default_fixed_scene_v1,890,7,890.0,5521724.0,0.4375,1.0,0.0,0.0,0.0,-2.4722326,4.2820324,0.74314483,45.0,845.0,1.0,-2089.0365469999997,3618.317378,627.95738135,256,256,0.0128
default_fixed_scene_v1,890,8,890.0,5522391.0,0.5,1.0,0.0,0.0,0.0,-4.0316788,2.9291861,0.40673664,50.0,840.0,1.0,-3386.610192,2460.5163239999997,341.6587776,256,256,0.0128
default_fixed_scene_v1,890,9,890.0,5523660.0,0.5625,1.0,0.0,0.0,0.0,-4.890738,1.0395585,5.665538900000001e-16,55.0,835.0,1.0,-4083.7662299999997,868.0313475,4.730724981500001e-13,256,256,0.0128
default_fixed_scene_v1,890,10,890.0,5525293.0,0.625,1.0,0.0,0.0,0.0,-4.8745292,-1.0361132,-0.40673664,60.0,830.0,1.0,-4045.859236,-859.9739559999999,-337.5914112,256,256,0.0128
default_fixed_scene_v1,890,11,890.0,5526974.0,0.6875,1.0,0.0,0.0,0.0,-4.0001563,-2.9062837,-0.74314483,65.0,825.0,1.0,-3300.1289475000003,-2397.6840525,-613.09448475,256,256,0.0128
default_fixed_scene_v1,890,12,890.0,5528408.0,0.75,1.0,0.0,0.0,0.0,-2.4543579,-4.2510726,-0.95105652,70.0,820.0,1.0,-2012.5734780000003,-3485.879532,-779.8663464,256,256,0.0128
default_fixed_scene_v1,890,13,890.0,5529376.0,0.8125,1.0,0.0,0.0,0.0,-0.51219935,-4.8732513,-0.9945219,75.0,815.0,1.0,-417.44247025000004,-3971.6998095,-810.5353484999999,256,256,0.0128
default_fixed_scene_v1,890,14,890.0,5529741.0,0.875,1.0,0.0,0.0,0.0,1.5217322,-4.6834102,-0.8660254,80.0,810.0,1.0,1232.603082,-3793.562262,-701.4805739999999,256,256,0.0128
default_fixed_scene_v1,890,15,890.0,5529434.0,0.9375,1.0,0.0,0.0,0.0,3.3224547,-3.6899598,-0.58778525,85.0,805.0,1.0,2674.5760335,-2970.4176390000002,-473.16712625,256,256,0.0128
default_fixed_scene_v1,890,16,890.0,5528488.0,1.0,1.0,0.0,0.0,0.0,4.5637766,-2.0319242,-0.20791169,90.0,800.0,1.0,3651.02128,-1625.5393600000002,-166.329352,256,256,0.0128
default_fixed_scene_v1,900,1,900.0,5590362.0,0.0625,1.0,0.0,0.0,0.0,0.0,0.0,0.0,0.0,900.0,1.0,0.0,0.0,0.0,256,256,0.0128
default_fixed_scene_v1,900,2,900.0,5591779.0,0.125,1.0,0.0,0.0,0.0,4.9956754,0.0,0.20791169,20.0,880.0,1.0,4396.1943519999995,0.0,182.96228720000002,256,256,0.0128
default_fixed_scene_v1,900,3,900.0,5589985.0,0.1875,1.0,0.0,0.0,0.0,4.5360553,2.0195819,0.58778525,25.0,875.0,1.0,3969.0483875,1767.1341625,514.31209375,256,256,0.0128
default_fixed_scene_v1,900,4,900.0,5588302.0,0.25,1.0,0.0,0.0,0.0,3.2950861,3.6595639,0.8660254,30.0,870.0,1.0,2866.724907,3183.8205930000004,753.442098,256,256,0.0128
default_fixed_scene_v1,900,5,900.0,5587006.0,0.3125,1.0,0.0,0.0,0.0,1.5142125,4.6602668,0.9945219,35.0,865.0,1.0,1309.7938125,4031.1307819999997,860.2614434999999,256,256,0.0128
default_fixed_scene_v1,900,6,900.0,5586285.0,0.375,1.0,0.0,0.0,0.0,-0.51310053,4.8818254,0.95105652,40.0,860.0,1.0,-441.2664558,4198.369844,817.9086072,256,256,0.0128
default_fixed_scene_v1,900,7,900.0,5586249.0,0.4375,1.0,0.0,0.0,0.0,-2.4722326,4.2820324,0.74314483,45.0,855.0,1.0,-2113.7588729999998,3661.1377020000004,635.3888296499999,256,256,0.0128
default_fixed_scene_v1,900,8,900.0,5586925.0,0.5,1.0,0.0,0.0,0.0,-4.0316788,2.9291861,0.40673664,50.0,850.0,1.0,-3426.9269799999997,2489.808185,345.726144,256,256,0.0128
default_fixed_scene_v1,900,9,900.0,5588208.0,0.5625,1.0,0.0,0.0,0.0,-4.890738,1.0395585,5.665538900000001e-16,55.0,845.0,1.0,-4132.67361,878.4269325,4.7873803705e-13,256,256,0.0128
default_fixed_scene_v1,900,10,900.0,5589860.0,0.625,1.0,0.0,0.0,0.0,-4.8745292,-1.0361132,-0.40673664,60.0,840.0,1.0,-4094.604528,-870.3350879999999,-341.6587776,256,256,0.0128
default_fixed_scene_v1,900,11,900.0,5591562.0,0.6875,1.0,0.0,0.0,0.0,-4.0001563,-2.9062837,-0.74314483,65.0,835.0,1.0,-3340.1305105000006,-2426.7468894999997,-620.5259330499999,256,256,0.0128
default_fixed_scene_v1,900,12,900.0,5593013.0,0.75,1.0,0.0,0.0,0.0,-2.4543579,-4.2510726,-0.95105652,70.0,830.0,1.0,-2037.1170570000002,-3528.390258,-789.3769116,256,256,0.0128
default_fixed_scene_v1,900,13,900.0,5593994.0,0.8125,1.0,0.0,0.0,0.0,-0.51219935,-4.8732513,-0.9945219,75.0,825.0,1.0,-422.56446375,-4020.4323225,-820.4805675,256,256,0.0128
default_fixed_scene_v1,900,14,900.0,5594363.0,0.875,1.0,0.0,0.0,0.0,1.5217322,-4.6834102,-0.8660254,80.0,820.0,1.0,1247.820404,-3840.396364,-710.1408279999999,256,256,0.0128
default_fixed_scene_v1,900,15,900.0,5594053.0,0.9375,1.0,0.0,0.0,0.0,3.3224547,-3.6899598,-0.58778525,85.0,815.0,1.0,2707.8005805000003,-3007.317237,-479.04497875000004,256,256,0.0128
default_fixed_scene_v1,900,16,900.0,5593096.0,1.0,1.0,0.0,0.0,0.0,4.5637766,-2.0319242,-0.20791169,90.0,810.0,1.0,3696.6590459999998,-1645.8586020000002,-168.4084689,256,256,0.0128
default_fixed_scene_v1,910,1,910.0,5654935.0,0.0625,1.0,0.0,0.0,0.0,0.0,0.0,0.0,0.0,910.0,1.0,0.0,0.0,0.0,256,256,0.0128
default_fixed_scene_v1,910,2,910.0,5656369.0,0.125,1.0,0.0,0.0,0.0,4.9956754,0.0,0.20791169,20.0,890.0,1.0,4446.151105999999,0.0,185.04140410000002,256,256,0.0128
default_fixed_scene_v1,910,3,910.0,5654555.0,0.1875,1.0,0.0,0.0,0.0,4.5360553,2.0195819,0.58778525,25.0,885.0,1.0,4014.4089405,1787.3299815,520.18994625,256,256,0.0128
default_fixed_scene_v1,910,4,910.0,5652852.0,0.25,1.0,0.0,0.0,0.0,3.2950861,3.6595639,0.8660254,30.0,880.0,1.0,2899.6757679999996,3220.416232,762.102352,256,256,0.0128
default_fixed_scene_v1,910,5,910.0,5651541.0,0.3125,1.0,0.0,0.0,0.0,1.5142125,4.6602668,0.9945219,35.0,875.0,1.0,1324.9359375,4077.7334499999997,870.2066625,256,256,0.0128
default_fixed_scene_v1,910,6,910.0,5650811.0,0.375,1.0,0.0,0.0,0.0,-0.51310053,4.8818254,0.95105652,40.0,870.0,1.0,-446.3974611,4247.1880980000005,827.4191724,256,256,0.0128
default_fixed_scene_v1,910,7,910.0,5650775.0,0.4375,1.0,0.0,0.0,0.0,-2.4722326,4.2820324,0.74314483,45.0,865.0,1.0,-2138.481199,3703.9580260000002,642.82027795,256,256,0.0128
default_fixed_scene_v1,910,8,910.0,5651458.0,0.5,1.0,0.0,0.0,0.0,-4.0316788,2.9291861,0.40673664,50.0,860.0,1.0,-3467.243768,2519.100046,349.7935104,256,256,0.0128
default_fixed_scene_v1,910,9,910.0,5652756.0,0.5625,1.0,0.0,0.0,0.0,-4.890738,1.0395585,5.665538900000001e-16,55.0,855.0,1.0,-4181.5809899999995,888.8225175,4.8440357595e-13,256,256,0.0128
default_fixed_scene_v1,910,10,910.0,5654428.0,0.625,1.0,0.0,0.0,0.0,-4.8745292,-1.0361132,-0.40673664,60.0,850.0,1.0,-4143.349819999999,-880.6962199999999,-345.726144,256,256,0.0128
default_fixed_scene_v1,910,11,910.0,5656150.0,0.6875,1.0,0.0,0.0,0.0,-4.0001563,-2.9062837,-0.74314483,65.0,845.0,1.0,-3380.1320735000004,-2455.8097265,-627.95738135,256,256,0.0128
default_fixed_scene_v1,910,12,910.0,5657619.0,0.75,1.0,0.0,0.0,0.0,-2.4543579,-4.2510726,-0.95105652,70.0,840.0,1.0,-2061.660636,-3570.900984,-798.8874768,256,256,0.0128
default_fixed_scene_v1,910,13,910.0,5658612.0,0.8125,1.0,0.0,0.0,0.0,-0.51219935,-4.8732513,-0.9945219,75.0,835.0,1.0,-427.68645725000005,-4069.1648354999998,-830.4257865,256,256,0.0128
default_fixed_scene_v1,910,14,910.0,5658986.0,0.875,1.0,0.0,0.0,0.0,1.5217322,-4.6834102,-0.8660254,80.0,830.0,1.0,1263.037726,-3887.230466,-718.801082,256,256,0.0128
default_fixed_scene_v1,910,15,910.0,5658672.0,0.9375,1.0,0.0,0.0,0.0,3.3224547,-3.6899598,-0.58778525,85.0,825.0,1.0,2741.0251275,-3044.216835,-484.92283125000006,256,256,0.0128
default_fixed_scene_v1,910,16,910.0,5657704.0,1.0,1.0,0.0,0.0,0.0,4.5637766,-2.0319242,-0.20791169,90.0,820.0,1.0,3742.2968119999996,-1666.177844,-170.4875858,256,256,0.0128
default_fixed_scene_v1,920,1,920.0,5719509.0,0.0625,1.0,0.0,0.0,0.0,0.0,0.0,0.0,0.0,920.0,1.0,0.0,0.0,0.0,256,256,0.0128
default_fixed_scene_v1,920,2,920.0,5720959.0,0.125,1.0,0.0,0.0,0.0,4.9956754,0.0,0.20791169,20.0,900.0,1.0,4496.10786,0.0,187.120521,256,256,0.0128
default_fixed_scene_v1,920,3,920.0,5719125.0,0.1875,1.0,0.0,0.0,0.0,4.5360553,2.0195819,0.58778525,25.0,895.0,1.0,4059.7694935,1807.5258004999998,526.0677987500001,256,256,0.0128
default_fixed_scene_v1,920,4,920.0,5717403.0,0.25,1.0,0.0,0.0,0.0,3.2950861,3.6595639,0.8660254,30.0,890.0,1.0,2932.626629,3257.011871,770.762606,256,256,0.0128
default_fixed_scene_v1,920,5,920.0,5716076.0,0.3125,1.0,0.0,0.0,0.0,1.5142125,4.6602668,0.9945219,35.0,885.0,1.0,1340.0780625,4124.336117999999,880.1518815,256,256,0.0128
default_fixed_scene_v1,920,6,920.0,5715338.0,0.375,1.0,0.0,0.0,0.0,-0.51310053,4.8818254,0.95105652,40.0,880.0,1.0,-451.5284664,4296.006352,836.9297376,256,256,0.0128
default_fixed_scene_v1,920,7,920.0,5715300.0,0.4375,1.0,0.0,0.0,0.0,-2.4722326,4.2820324,0.74314483,45.0,875.0,1.0,-2163.203525,3746.77835,650.2517262499999,256,256,0.0128
default_fixed_scene_v1,920,8,920.0,5715991.0,0.5,1.0,0.0,0.0,0.0,-4.0316788,2.9291861,0.40673664,50.0,870.0,1.0,-3507.560556,2548.3919069999997,353.86087679999997,256,256,0.0128
default_fixed_scene_v1,920,9,920.0,5717304.0,0.5625,1.0,0.0,0.0,0.0,-4.890738,1.0395585,5.665538900000001e-16,55.0,865.0,1.0,-4230.48837,899.2181025000001,4.900691148500001e-13,256,256,0.0128
default_fixed_scene_v1,920,10,920.0,5718995.0,0.625,1.0,0.0,0.0,0.0,-4.8745292,-1.0361132,-0.40673664,60.0,860.0,1.0,-4192.095112,-891.0573519999999,-349.7935104,256,256,0.0128
default_fixed_scene_v1,920,11,920.0,5720738.0,0.6875,1.0,0.0,0.0,0.0,-4.0001563,-2.9062837,-0.74314483,65.0,855.0,1.0,-3420.1336365,-2484.8725635,-635.3888296499999,256,256,0.0128
default_fixed_scene_v1,920,12,920.0,5722224.0,0.75,1.0,0.0,0.0,0.0,-2.4543579,-4.2510726,-0.95105652,70.0,850.0,1.0,-2086.204215,-3613.41171,-808.3980419999999,256,256,0.0128
default_fixed_scene_v1,920,13,920.0,5723229.0,0.8125,1.0,0.0,0.0,0.0,-0.51219935,-4.8732513,-0.9945219,75.0,845.0,1.0,-432.80845075,-4117.8973485,-840.3710054999999,256,256,0.0128
default_fixed_scene_v1,920,14,920.0,5723608.0,0.875,1.0,0.0,0.0,0.0,1.5217322,-4.6834102,-0.8660254,80.0,840.0,1.0,1278.255048,-3934.064568,-727.461336,256,256,0.0128
default_fixed_scene_v1,920,15,920.0,5723291.0,0.9375,1.0,0.0,0.0,0.0,3.3224547,-3.6899598,-0.58778525,85.0,835.0,1.0,2774.2496745000003,-3081.116433,-490.80068375,256,256,0.0128
default_fixed_scene_v1,920,16,920.0,5722311.0,1.0,1.0,0.0,0.0,0.0,4.5637766,-2.0319242,-0.20791169,90.0,830.0,1.0,3787.934578,-1686.497086,-172.5667027,256,256,0.0128
default_fixed_scene_v1,930,1,930.0,5784083.0,0.0625,1.0,0.0,0.0,0.0,0.0,0.0,0.0,0.0,930.0,1.0,0.0,0.0,0.0,256,256,0.0128
default_fixed_scene_v1,930,2,930.0,5785550.0,0.125,1.0,0.0,0.0,0.0,4.9956754,0.0,0.20791169,20.0,910.0,1.0,4546.064614,0.0,189.1996379,256,256,0.0128
default_fixed_scene_v1,930,3,930.0,5783694.0,0.1875,1.0,0.0,0.0,0.0,4.5360553,2.0195819,0.58778525,25.0,905.0,1.0,4105.1300465,1827.7216194999999,531.9456512500001,256,256,0.0128
default_fixed_scene_v1,930,4,930.0,5781953.0,0.25,1.0,0.0,0.0,0.0,3.2950861,3.6595639,0.8660254,30.0,900.0,1.0,2965.5774899999997,3293.6075100000003,779.4228599999999,256,256,0.0128
default_fixed_scene_v1,930,5,930.0,5780611.0,0.3125,1.0,0.0,0.0,0.0,1.5142125,4.6602668,0.9945219,35.0,895.0,1.0,1355.2201875,4170.938786,890.0971005,256,256,0.0128
default_fixed_scene_v1,930,6,930.0,5779864.0,0.375,1.0,0.0,0.0,0.0,-0.51310053,4.8818254,0.95105652,40.0,890.0,1.0,-456.6594717,4344.824606,846.4403027999999,256,256,0.0128
default_fixed_scene_v1,930,7,930.0,5779826.0,0.4375,1.0,0.0,0.0,0.0,-2.4722326,4.2820324,0.74314483,45.0,885.0,1.0,-2187.925851,3789.5986740000003,657.68317455,256,256,0.0128
default_fixed_scene_v1,930,8,930.0,5780524.0,0.5,1.0,0.0,0.0,0.0,-4.0316788,2.9291861,0.40673664,50.0,880.0,1.0,-3547.877344,2577.683768,357.9282432,256,256,0.0128
default_fixed_scene_v1,930,9,930.0,5781853.0,0.5625,1.0,0.0,0.0,0.0,-4.890738,1.0395585,5.665538900000001e-16,55.0,875.0,1.0,-4279.39575,909.6136875000001,4.957346537500001e-13,256,256,0.0128
default_fixed_scene_v1,930,10,930.0,5783563.0,0.625,1.0,0.0,0.0,0.0,-4.8745292,-1.0361132,-0.40673664,60.0,870.0,1.0,-4240.840404,-901.4184839999999,-353.86087679999997,256,256,0.0128
default_fixed_scene_v1,930,11,930.0,5785326.0,0.6875,1.0,0.0,0.0,0.0,-4.0001563,-2.9062837,-0.74314483,65.0,865.0,1.0,-3460.1351995000005,-2513.9354005,-642.82027795,256,256,0.0128
default_fixed_scene_v1,930,12,930.0,5786830.0,0.75,1.0,0.0,0.0,0.0,-2.4543579,-4.2510726,-0.95105652,70.0,860.0,1.0,-2110.7477940000003,-3655.922436,-817.9086072,256,256,0.0128
default_fixed_scene_v1,930,13,930.0,5787847.0,0.8125,1.0,0.0,0.0,0.0,-0.51219935,-4.8732513,-0.9945219,75.0,855.0,1.0,-437.93044425000005,-4166.6298615,-850.3162245,256,256,0.0128
default_fixed_scene_v1,930,14,930.0,5788231.0,0.875,1.0,0.0,0.0,0.0,1.5217322,-4.6834102,-0.8660254,80.0,850.0,1.0,1293.47237,-3980.89867,-736.12159,256,256,0.0128
default_fixed_scene_v1,930,15,930.0,5787911.0,0.9375,1.0,0.0,0.0,0.0,3.3224547,-3.6899598,-0.58778525,85.0,845.0,1.0,2807.4742215,-3118.016031,-496.67853625000004,256,256,0.0128
default_fixed_scene_v1,930,16,930.0,5786919.0,1.0,1.0,0.0,0.0,0.0,4.5637766,-2.0319242,-0.20791169,90.0,840.0,1.0,3833.5723439999997,-1706.816328,-174.6458196,256,256,0.0128
default_fixed_scene_v1,940,1,940.0,5848657.0,0.0625,1.0,0.0,0.0,0.0,0.0,0.0,0.0,0.0,940.0,1.0,0.0,0.0,0.0,256,256,0.0128
default_fixed_scene_v1,940,2,940.0,5850140.0,0.125,1.0,0.0,0.0,0.0,4.9956754,0.0,0.20791169,20.0,920.0,1.0,4596.021368,0.0,191.2787548,256,256,0.0128
default_fixed_scene_v1,940,3,940.0,5848264.0,0.1875,1.0,0.0,0.0,0.0,4.5360553,2.0195819,0.58778525,25.0,915.0,1.0,4150.4905995,1847.9174385,537.82350375,256,256,0.0128
default_fixed_scene_v1,940,4,940.0,5846503.0,0.25,1.0,0.0,0.0,0.0,3.2950861,3.6595639,0.8660254,30.0,910.0,1.0,2998.528351,3330.2031490000004,788.0831139999999,256,256,0.0128
default_fixed_scene_v1,940,5,940.0,5845147.0,0.3125,1.0,0.0,0.0,0.0,1.5142125,4.6602668,0.9945219,35.0,905.0,1.0,1370.3623125,4217.541453999999,900.0423195,256,256,0.0128
default_fixed_scene_v1,940,6,940.0,5844390.0,0.375,1.0,0.0,0.0,0.0,-0.51310053,4.8818254,0.95105652,40.0,900.0,1.0,-461.790477,4393.64286,855.950868,256,256,0.0128
default_fixed_scene_v1,940,7,940.0,5844352.0,0.4375,1.0,0.0,0.0,0.0,-2.4722326,4.2820324,0.74314483,45.0,895.0,1.0,-2212.648177,3832.418998,665.1146228499999,256,256,0.0128
default_fixed_scene_v1,940,8,940.0,5845057.0,0.5,1.0,0.0,0.0,0.0,-4.0316788,2.9291861,0.40673664,50.0,890.0,1.0,-3588.194132,2606.975629,361.99560959999997,256,256,0.0128
default_fixed_scene_v1,940,9,940.0,5846401.0,0.5625,1.0,0.0,0.0,0.0,-4.890738,1.0395585,5.665538900000001e-16,55.0,885.0,1.0,-4328.30313,920.0092725000001,5.014001926500001e-13,256,256,0.0128
default_fixed_scene_v1,940,10,940.0,5848131.0,0.625,1.0,0.0,0.0,0.0,-4.8745292,-1.0361132,-0.40673664,60.0,880.0,1.0,-4289.585695999999,-911.7796159999999,-357.9282432,256,256,0.0128
default_fixed_scene_v1,940,11,940.0,5849914.0,0.6875,1.0,0.0,0.0,0.0,-4.0001563,-2.9062837,-0.74314483,65.0,875.0,1.0,-3500.1367625000003,-2542.9982375,-650.2517262499999,256,256,0.0128
default_fixed_scene_v1,940,12,940.0,5851436.0,0.75,1.0,0.0,0.0,0.0,-2.4543579,-4.2510726,-0.95105652,70.0,870.0,1.0,-2135.291373,-3698.433162,-827.4191724,256,256,0.0128
default_fixed_scene_v1,940,13,940.0,5852465.0,0.8125,1.0,0.0,0.0,0.0,-0.51219935,-4.8732513,-0.9945219,75.0,865.0,1.0,-443.05243775,-4215.3623744999995,-860.2614434999999,256,256,0.0128
default_fixed_scene_v1,940,14,940.0,5852854.0,0.875,1.0,0.0,0.0,0.0,1.5217322,-4.6834102,-0.8660254,80.0,860.0,1.0,1308.689692,-4027.732772,-744.781844,256,256,0.0128
default_fixed_scene_v1,940,15,940.0,5852530.0,0.9375,1.0,0.0,0.0,0.0,3.3224547,-3.6899598,-0.58778525,85.0,855.0,1.0,2840.6987685000004,-3154.915629,-502.55638875000005,256,256,0.0128
default_fixed_scene_v1,940,16,940.0,5851527.0,1.0,1.0,0.0,0.0,0.0,4.5637766,-2.0319242,-0.20791169,90.0,850.0,1.0,3879.21011,-1727.1355700000001,-176.7249365,256,256,0.0128
default_fixed_scene_v1,950,1,950.0,5913231.0,0.0625,1.0,0.0,0.0,0.0,0.0,0.0,0.0,0.0,950.0,1.0,0.0,0.0,0.0,256,256,0.0128
default_fixed_scene_v1,950,2,950.0,5914730.0,0.125,1.0,0.0,0.0,0.0,4.9956754,0.0,0.20791169,20.0,930.0,1.0,4645.9781219999995,0.0,193.3578717,256,256,0.0128
default_fixed_scene_v1,950,3,950.0,5912834.0,0.1875,1.0,0.0,0.0,0.0,4.5360553,2.0195819,0.58778525,25.0,925.0,1.0,4195.8511525,1868.1132575,543.70135625,256,256,0.0128
default_fixed_scene_v1,950,4,950.0,5911054.0,0.25,1.0,0.0,0.0,0.0,3.2950861,3.6595639,0.8660254,30.0,920.0,1.0,3031.4792119999997,3366.798788,796.7433679999999,256,256,0.0128
default_fixed_scene_v1,950,5,950.0,5909682.0,0.3125,1.0,0.0,0.0,0.0,1.5142125,4.6602668,0.9945219,35.0,915.0,1.0,1385.5044375,4264.144122,909.9875384999999,256,256,0.0128
default_fixed_scene_v1,950,6,950.0,5908917.0,0.375,1.0,0.0,0.0,0.0,-0.51310053,4.8818254,0.95105652,40.0,910.0,1.0,-466.9214823,4442.461114000001,865.4614332,256,256,0.0128
default_fixed_scene_v1,950,7,950.0,5908877.0,0.4375,1.0,0.0,0.0,0.0,-2.4722326,4.2820324,0.74314483,45.0,905.0,1.0,-2237.370503,3875.2393220000004,672.54607115,256,256,0.0128
default_fixed_scene_v1,950,8,950.0,5909591.0,0.5,1.0,0.0,0.0,0.0,-4.0316788,2.9291861,0.40673664,50.0,900.0,1.0,-3628.5109199999997,2636.2674899999997,366.062976,256,256,0.0128
default_fixed_scene_v1,950,9,950.0,5910949.0,0.5625,1.0,0.0,0.0,0.0,-4.890738,1.0395585,5.665538900000001e-16,55.0,895.0,1.0,-4377.21051,930.4048575,5.070657315500001e-13,256,256,0.0128
default_fixed_scene_v1,950,10,950.0,5912698.0,0.625,1.0,0.0,0.0,0.0,-4.8745292,-1.0361132,-0.40673664,60.0,890.0,1.0,-4338.330988,-922.1407479999999,-361.99560959999997,256,256,0.0128
default_fixed_scene_v1,950,11,950.0,5914502.0,0.6875,1.0,0.0,0.0,0.0,-4.0001563,-2.9062837,-0.74314483,65.0,885.0,1.0,-3540.1383255000005,-2572.0610745,-657.68317455,256,256,0.0128
default_fixed_scene_v1,950,12,950.0,5916041.0,0.75,1.0,0.0,0.0,0.0,-2.4543579,-4.2510726,-0.95105652,70.0,880.0,1.0,-2159.834952,-3740.943888,-836.9297376,256,256,0.0128
default_fixed_scene_v1,950,13,950.0,5917083.0,0.8125,1.0,0.0,0.0,0.0,-0.51219935,-4.8732513,-0.9945219,75.0,875.0,1.0,-448.17443125000005,-4264.0948874999995,-870.2066625,256,256,0.0128
default_fixed_scene_v1,950,14,950.0,5917476.0,0.875,1.0,0.0,0.0,0.0,1.5217322,-4.6834102,-0.8660254,80.0,870.0,1.0,1323.907014,-4074.566874,-753.442098,256,256,0.0128
default_fixed_scene_v1,950,15,950.0,5917149.0,0.9375,1.0,0.0,0.0,0.0,3.3224547,-3.6899598,-0.58778525,85.0,865.0,1.0,2873.9233155,-3191.815227,-508.43424125,256,256,0.0128
default_fixed_scene_v1,950,16,950.0,5916135.0,1.0,1.0,0.0,0.0,0.0,4.5637766,-2.0319242,-0.20791169,90.0,860.0,1.0,3924.847876,-1747.4548120000002,-178.80405340000002,256,256,0.0128
default_fixed_scene_v1,960,1,960.0,5977804.0,0.0625,1.0,0.0,0.0,0.0,0.0,0.0,0.0,0.0,960.0,1.0,0.0,0.0,0.0,256,256,0.0128
default_fixed_scene_v1,960,2,960.0,5979320.0,0.125,1.0,0.0,0.0,0.0,4.9956754,0.0,0.20791169,20.0,940.0,1.0,4695.934875999999,0.0,195.4369886,256,256,0.0128
default_fixed_scene_v1,960,3,960.0,5977404.0,0.1875,1.0,0.0,0.0,0.0,4.5360553,2.0195819,0.58778525,25.0,935.0,1.0,4241.2117055,1888.3090765,549.57920875,256,256,0.0128
default_fixed_scene_v1,960,4,960.0,5975604.0,0.25,1.0,0.0,0.0,0.0,3.2950861,3.6595639,0.8660254,30.0,930.0,1.0,3064.430073,3403.394427,805.4036219999999,256,256,0.0128
default_fixed_scene_v1,960,5,960.0,5974217.0,0.3125,1.0,0.0,0.0,0.0,1.5142125,4.6602668,0.9945219,35.0,925.0,1.0,1400.6465625,4310.746789999999,919.9327575,256,256,0.0128
default_fixed_scene_v1,960,6,960.0,5973443.0,0.375,1.0,0.0,0.0,0.0,-0.51310053,4.8818254,0.95105652,40.0,920.0,1.0,-472.0524876,4491.279368,874.9719984,256,256,0.0128
default_fixed_scene_v1,960,7,960.0,5973403.0,0.4375,1.0,0.0,0.0,0.0,-2.4722326,4.2820324,0.74314483,45.0,915.0,1.0,-2262.0928289999997,3918.059646,679.9775194499999,256,256,0.0128
default_fixed_scene_v1,960,8,960.0,5974124.0,0.5,1.0,0.0,0.0,0.0,-4.0316788,2.9291861,0.40673664,50.0,910.0,1.0,-3668.827708,2665.559351,370.13034239999996,256,256,0.0128
default_fixed_scene_v1,960,9,960.0,5975497.0,0.5625,1.0,0.0,0.0,0.0,-4.890738,1.0395585,5.665538900000001e-16,55.0,905.0,1.0,-4426.1178899999995,940.8004425,5.1273127045e-13,256,256,0.0128
default_fixed_scene_v1,960,10,960.0,5977266.0,0.625,1.0,0.0,0.0,0.0,-4.8745292,-1.0361132,-0.40673664,60.0,900.0,1.0,-4387.076279999999,-932.5018799999999,-366.062976,256,256,0.0128
default_fixed_scene_v1,960,11,960.0,5979090.0,0.6875,1.0,0.0,0.0,0.0,-4.0001563,-2.9062837,-0.74314483,65.0,895.0,1.0,-3580.1398885000003,-2601.1239115,-665.1146228499999,256,256,0.0128
default_fixed_scene_v1,960,12,960.0,5980647.0,0.75,1.0,0.0,0.0,0.0,-2.4543579,-4.2510726,-0.95105652,70.0,890.0,1.0,-2184.3785310000003,-3783.4546139999998,-846.4403027999999,256,256,0.0128
default_fixed_scene_v1,960,13,960.0,5981700.0,0.8125,1.0,0.0,0.0,0.0,-0.51219935,-4.8732513,-0.9945219,75.0,885.0,1.0,-453.29642475,-4312.827400499999,-880.1518815,256,256,0.0128
default_fixed_scene_v1,960,14,960.0,5982099.0,0.875,1.0,0.0,0.0,0.0,1.5217322,-4.6834102,-0.8660254,80.0,880.0,1.0,1339.124336,-4121.400976,-762.102352,256,256,0.0128
default_fixed_scene_v1,960,15,960.0,5981768.0,0.9375,1.0,0.0,0.0,0.0,3.3224547,-3.6899598,-0.58778525,85.0,875.0,1.0,2907.1478625,-3228.714825,-514.31209375,256,256,0.0128
default_fixed_scene_v1,960,16,960.0,5980742.0,1.0,1.0,0.0,0.0,0.0,4.5637766,-2.0319242,-0.20791169,90.0,870.0,1.0,3970.4856419999996,-1767.7740540000002,-180.88317030000002,256,256,0.0128
default_fixed_scene_v1,970,1,970.0,6042378.0,0.0625,1.0,0.0,0.0,0.0,0.0,0.0,0.0,0.0,970.0,1.0,0.0,0.0,0.0,256,256,0.0128
default_fixed_scene_v1,970,2,970.0,6043910.0,0.125,1.0,0.0,0.0,0.0,4.9956754,0.0,0.20791169,20.0,950.0,1.0,4745.89163,0.0,197.5161055,256,256,0.0128
default_fixed_scene_v1,970,3,970.0,6041974.0,0.1875,1.0,0.0,0.0,0.0,4.5360553,2.0195819,0.58778525,25.0,945.0,1.0,4286.5722585,1908.5048955,555.45706125,256,256,0.0128
default_fixed_scene_v1,970,4,970.0,6040155.0,0.25,1.0,0.0,0.0,0.0,3.2950861,3.6595639,0.8660254,30.0,940.0,1.0,3097.380934,3439.9900660000003,814.0638759999999,256,256,0.0128
default_fixed_scene_v1,970,5,970.0,6038752.0,0.3125,1.0,0.0,0.0,0.0,1.5142125,4.6602668,0.9945219,35.0,935.0,1.0,1415.7886875,4357.349458,929.8779764999999,256,256,0.0128
default_fixed_scene_v1,970,6,970.0,6037970.0,0.375,1.0,0.0,0.0,0.0,-0.51310053,4.8818254,0.95105652,40.0,930.0,1.0,-477.1834929,4540.097622,884.4825635999999,256,256,0.0128
default_fixed_scene_v1,970,7,970.0,6037929.0,0.4375,1.0,0.0,0.0,0.0,-2.4722326,4.2820324,0.74314483,45.0,925.0,1.0,-2286.815155,3960.8799700000004,687.40896775,256,256,0.0128
default_fixed_scene_v1,970,8,970.0,6038657.0,0.5,1.0,0.0,0.0,0.0,-4.0316788,2.9291861,0.40673664,50.0,920.0,1.0,-3709.144496,2694.851212,374.1977088,256,256,0.0128
default_fixed_scene_v1,970,9,970.0,6040045.0,0.5625,1.0,0.0,0.0,0.0,-4.890738,1.0395585,5.665538900000001e-16,55.0,915.0,1.0,-4475.02527,951.1960275,5.183968093500001e-13,256,256,0.0128
default_fixed_scene_v1,970,10,970.0,6041833.0,0.625,1.0,0.0,0.0,0.0,-4.8745292,-1.0361132,-0.40673664,60.0,910.0,1.0,-4435.821572,-942.8630119999999,-370.13034239999996,256,256,0.0128
default_fixed_scene_v1,970,11,970.0,6043678.0,0.6875,1.0,0.0,0.0,0.0,-4.0001563,-2.9062837,-0.74314483,65.0,905.0,1.0,-3620.1414515000006,-2630.1867485,-672.54607115,256,256,0.0128
default_fixed_scene_v1,970,12,970.0,6045253.0,0.75,1.0,0.0,0.0,0.0,-2.4543579,-4.2510726,-0.95105652,70.0,900.0,1.0,-2208.92211,-3825.9653399999997,-855.950868,256,256,0.0128
default_fixed_scene_v1,970,13,970.0,6046318.0,0.8125,1.0,0.0,0.0,0.0,-0.51219935,-4.8732513,-0.9945219,75.0,895.0,1.0,-458.41841825000006,-4361.559913499999,-890.0971005,256,256,0.0128
default_fixed_scene_v1,970,14,970.0,6046722.0,0.875,1.0,0.0,0.0,0.0,1.5217322,-4.6834102,-0.8660254,80.0,890.0,1.0,1354.341658,-4168.235078,-770.762606,256,256,0.0128
default_fixed_scene_v1,970,15,970.0,6046388.0,0.9375,1.0,0.0,0.0,0.0,3.3224547,-3.6899598,-0.58778525,85.0,885.0,1.0,2940.3724095000002,-3265.614423,-520.18994625,256,256,0.0128
default_fixed_scene_v1,970,16,970.0,6045350.0,1.0,1.0,0.0,0.0,0.0,4.5637766,-2.0319242,-0.20791169,90.0,880.0,1.0,4016.123408,-1788.0932960000002,-182.96228720000002,256,256,0.0128
default_fixed_scene_v1,980,1,980.0,6106952.0,0.0625,1.0,0.0,0.0,0.0,0.0,0.0,0.0,0.0,980.0,1.0,0.0,0.0,0.0,256,256,0.0128
default_fixed_scene_v1,980,2,980.0,6108501.0,0.125,1.0,0.0,0.0,0.0,4.9956754,0.0,0.20791169,20.0,960.0,1.0,4795.848384,0.0,199.5952224,256,256,0.0128
default_fixed_scene_v1,980,3,980.0,6106544.0,0.1875,1.0,0.0,0.0,0.0,4.5360553,2.0195819,0.58778525,25.0,955.0,1.0,4331.9328115,1928.7007145,561.33491375,256,256,0.0128
default_fixed_scene_v1,980,4,980.0,6104705.0,0.25,1.0,0.0,0.0,0.0,3.2950861,3.6595639,0.8660254,30.0,950.0,1.0,3130.3317949999996,3476.5857050000004,822.72413,256,256,0.0128
default_fixed_scene_v1,980,5,980.0,6103287.0,0.3125,1.0,0.0,0.0,0.0,1.5142125,4.6602668,0.9945219,35.0,945.0,1.0,1430.9308125,4403.952125999999,939.8231955,256,256,0.0128
default_fixed_scene_v1,980,6,980.0,6102496.0,0.375,1.0,0.0,0.0,0.0,-0.51310053,4.8818254,0.95105652,40.0,940.0,1.0,-482.3144982,4588.915876,893.9931287999999,256,256,0.0128
default_fixed_scene_v1,980,7,980.0,6102455.0,0.4375,1.0,0.0,0.0,0.0,-2.4722326,4.2820324,0.74314483,45.0,935.0,1.0,-2311.537481,4003.700294,694.8404160499999,256,256,0.0128
default_fixed_scene_v1,980,8,980.0,6103190.0,0.5,1.0,0.0,0.0,0.0,-4.0316788,2.9291861,0.40673664,50.0,930.0,1.0,-3749.461284,2724.1430729999997,378.26507519999996,256,256,0.0128
default_fixed_scene_v1,980,9,980.0,6104593.0,0.5625,1.0,0.0,0.0,0.0,-4.890738,1.0395585,5.665538900000001e-16,55.0,925.0,1.0,-4523.93265,961.5916125,5.240623482500001e-13,256,256,0.0128
default_fixed_scene_v1,980,10,980.0,6106401.0,0.625,1.0,0.0,0.0,0.0,-4.8745292,-1.0361132,-0.40673664,60.0,920.0,1.0,-4484.566863999999,-953.2241439999999,-374.1977088,256,256,0.0128
default_fixed_scene_v1,980,11,980.0,6108266.0,0.6875,1.0,0.0,0.0,0.0,-4.0001563,-2.9062837,-0.74314483,65.0,915.0,1.0,-3660.1430145000004,-2659.2495854999997,-679.9775194499999,256,256,0.0128
default_fixed_scene_v1,980,12,980.0,6109858.0,0.75,1.0,0.0,0.0,0.0,-2.4543579,-4.2510726,-0.95105652,70.0,910.0,1.0,-2233.465689,-3868.4760659999997,-865.4614332,256,256,0.0128
default_fixed_scene_v1,980,13,980.0,6110936.0,0.8125,1.0,0.0,0.0,0.0,-0.51219935,-4.8732513,-0.9945219,75.0,905.0,1.0,-463.54041175000003,-4410.2924265,-900.0423195,256,256,0.0128
default_fixed_scene_v1,980,14,980.0,6111344.0,0.875,1.0,0.0,0.0,0.0,1.5217322,-4.6834102,-0.8660254,80.0,900.0,1.0,1369.55898,-4215.06918,-779.4228599999999,256,256,0.0128
default_fixed_scene_v1,980,15,980.0,6111007.0,0.9375,1.0,0.0,0.0,0.0,3.3224547,-3.6899598,-0.58778525,85.0,895.0,1.0,2973.5969565,-3302.514021,-526.0677987500001,256,256,0.0128
default_fixed_scene_v1,980,16,980.0,6109958.0,1.0,1.0,0.0,0.0,0.0,4.5637766,-2.0319242,-0.20791169,90.0,890.0,1.0,4061.7611739999998,-1808.4125380000003,-185.04140410000002,256,256,0.0128
default_fixed_scene_v1,990,1,990.0,6171526.0,0.0625,1.0,0.0,0.0,0.0,0.0,0.0,0.0,0.0,990.0,1.0,0.0,0.0,0.0,256,256,0.0128
default_fixed_scene_v1,990,2,990.0,6173091.0,0.125,1.0,0.0,0.0,0.0,4.9956754,0.0,0.20791169,20.0,970.0,1.0,4845.805138,0.0,201.6743393,256,256,0.0128
default_fixed_scene_v1,990,3,990.0,6171113.0,0.1875,1.0,0.0,0.0,0.0,4.5360553,2.0195819,0.58778525,25.0,965.0,1.0,4377.2933645,1948.8965335,567.2127662500001,256,256,0.0128
default_fixed_scene_v1,990,4,990.0,6169256.0,0.25,1.0,0.0,0.0,0.0,3.2950861,3.6595639,0.8660254,30.0,960.0,1.0,3163.282656,3513.181344,831.384384,256,256,0.0128
default_fixed_scene_v1,990,5,990.0,6167823.0,0.3125,1.0,0.0,0.0,0.0,1.5142125,4.6602668,0.9945219,35.0,955.0,1.0,1446.0729374999999,4450.554794,949.7684145,256,256,0.0128
default_fixed_scene_v1,990,6,990.0,6167023.0,0.375,1.0,0.0,0.0,0.0,-0.51310053,4.8818254,0.95105652,40.0,950.0,1.0,-487.4455035,4637.734130000001,903.503694,256,256,0.0128
default_fixed_scene_v1,990,7,990.0,6166980.0,0.4375,1.0,0.0,0.0,0.0,-2.4722326,4.2820324,0.74314483,45.0,945.0,1.0,-2336.259807,4046.5206180000005,702.27186435,256,256,0.0128
default_fixed_scene_v1,990,8,990.0,6167724.0,0.5,1.0,0.0,0.0,0.0,-4.0316788,2.9291861,0.40673664,50.0,940.0,1.0,-3789.778072,2753.434934,382.3324416,256,256,0.0128
default_fixed_scene_v1,990,9,990.0,6169141.0,0.5625,1.0,0.0,0.0,0.0,-4.890738,1.0395585,5.665538900000001e-16,55.0,935.0,1.0,-4572.840029999999,971.9871975000001,5.297278871500001e-13,256,256,0.0128
default_fixed_scene_v1,990,10,990.0,6170969.0,0.625,1.0,0.0,0.0,0.0,-4.8745292,-1.0361132,-0.40673664,60.0,930.0,1.0,-4533.312156,-963.5852759999999,-378.26507519999996,256,256,0.0128
default_fixed_scene_v1,990,11,990.0,6172854.0,0.6875,1.0,0.0,0.0,0.0,-4.0001563,-2.9062837,-0.74314483,65.0,925.0,1.0,-3700.1445775,-2688.3124225,-687.40896775,256,256,0.0128
default_fixed_scene_v1,990,12,990.0,6174464.0,0.75,1.0,0.0,0.0,0.0,-2.4543579,-4.2510726,-0.95105652,70.0,920.0,1.0,-2258.0092680000002,-3910.9867919999997,-874.9719984,256,256,0.0128
default_fixed_scene_v1,990,13,990.0,6175554.0,0.8125,1.0,0.0,0.0,0.0,-0.51219935,-4.8732513,-0.9945219,75.0,915.0,1.0,-468.66240525000006,-4459.0249395,-909.9875384999999,256,256,0.0128
default_fixed_scene_v1,990,14,990.0,6175967.0,0.875,1.0,0.0,0.0,0.0,1.5217322,-4.6834102,-0.8660254,80.0,910.0,1.0,1384.776302,-4261.903282,-788.0831139999999,256,256,0.0128
default_fixed_scene_v1,990,15,990.0,6175626.0,0.9375,1.0,0.0,0.0,0.0,3.3224547,-3.6899598,-0.58778525,85.0,905.0,1.0,3006.8215035000003,-3339.413619,-531.9456512500001,256,256,0.0128
default_fixed_scene_v1,990,16,990.0,6174566.0,1.0,1.0,0.0,0.0,0.0,4.5637766,-2.0319242,-0.20791169,90.0,900.0,1.0,4107.39894,-1828.73178,-187.120521,256,256,0.0128
default_fixed_scene_v1,1000,1,1000.0,6236100.0,0.0625,1.0,0.0,0.0,0.0,0.0,0.0,0.0,0.0,1000.0,1.0,0.0,0.0,0.0,256,256,0.0128
default_fixed_scene_v1,1000,2,1000.0,6237681.0,0.125,1.0,0.0,0.0,0.0,4.9956754,0.0,0.20791169,20.0,980.0,1.0,4895.7618919999995,0.0,203.75345620000002,256,256,0.0128
default_fixed_scene_v1,1000,3,1000.0,6235683.0,0.1875,1.0,0.0,0.0,0.0,4.5360553,2.0195819,0.58778525,25.0,975.0,1.0,4422.6539175,1969.0923524999998,573.0906187500001,256,256,0.0128
default_fixed_scene_v1,1000,4,1000.0,6233806.0,0.25,1.0,0.0,0.0,0.0,3.2950861,3.6595639,0.8660254,30.0,970.0,1.0,3196.2335169999997,3549.776983,840.044638,256,256,0.0128
default_fixed_scene_v1,1000,5,1000.0,6232358.0,0.3125,1.0,0.0,0.0,0.0,1.5142125,4.6602668,0.9945219,35.0,965.0,1.0,1461.2150625,4497.157461999999,959.7136335,256,256,0.0128
default_fixed_scene_v1,1000,6,1000.0,6231549.0,0.375,1.0,0.0,0.0,0.0,-0.51310053,4.8818254,0.95105652,40.0,960.0,1.0,-492.5765088,4686.5523840000005,913.0142592,256,256,0.0128
default_fixed_scene_v1,1000,7,1000.0,6231506.0,0.4375,1.0,0.0,0.0,0.0,-2.4722326,4.2820324,0.74314483,45.0,955.0,1.0,-2360.982133,4089.3409420000003,709.7033126499999,256,256,0.0128
default_fixed_scene_v1,1000,8,1000.0,6232257.0,0.5,1.0,0.0,0.0,0.0,-4.0316788,2.9291861,0.40673664,50.0,950.0,1.0,-3830.0948599999997,2782.726795,386.399808,256,256,0.0128
default_fixed_scene_v1,1000,9,1000.0,6233690.0,0.5625,1.0,0.0,0.0,0.0,-4.890738,1.0395585,5.665538900000001e-16,55.0,945.0,1.0,-4621.74741,982.3827825000001,5.353934260500001e-13,256,256,0.0128
default_fixed_scene_v1,1000,10,1000.0,6235537.0,0.625,1.0,0.0,0.0,0.0,-4.8745292,-1.0361132,-0.40673664,60.0,940.0,1.0,-4582.057448,-973.9464079999999,-382.3324416,256,256,0.0128
default_fixed_scene_v1,1000,11,1000.0,6237442.0,0.6875,1.0,0.0,0.0,0.0,-4.0001563,-2.9062837,-0.74314483,65.0,935.0,1.0,-3740.1461405000005,-2717.3752595,-694.8404160499999,256,256,0.0128
default_fixed_scene_v1,1000,12,1000.0,6239070.0,0.75,1.0,0.0,0.0,0.0,-2.4543579,-4.2510726,-0.95105652,70.0,930.0,1.0,-2282.5528470000004,-3953.4975179999997,-884.4825635999999,256,256,0.0128
default_fixed_scene_v1,1000,13,1000.0,6240172.0,0.8125,1.0,0.0,0.0,0.0,-0.51219935,-4.8732513,-0.9945219,75.0,925.0,1.0,-473.78439875000004,-4507.7574525,-919.9327575,256,256,0.0128
default_fixed_scene_v1,1000,14,1000.0,6240590.0,0.875,1.0,0.0,0.0,0.0,1.5217322,-4.6834102,-0.8660254,80.0,920.0,1.0,1399.993624,-4308.737384,-796.7433679999999,256,256,0.0128
default_fixed_scene_v1,1000,15,1000.0,6240245.0,0.9375,1.0,0.0,0.0,0.0,3.3224547,-3.6899598,-0.58778525,85.0,915.0,1.0,3040.0460505,-3376.313217,-537.82350375,256,256,0.0128
default_fixed_scene_v1,1000,16,1000.0,6239174.0,1.0,1.0,0.0,0.0,0.0,4.5637766,-2.0319242,-0.20791169,90.0,910.0,1.0,4153.036706,-1849.051022,-189.1996379,256,256,0.0128
