candidate_id,q_int,emissivity_ir,absorptivity_solar
CH4_C000000,237.77980503959444,0.5858919272209429,0.865154416533563
CH4_C000001,81.30901895914855,0.585775834278005,0.8856813386603797
CH4_C000002,162.655919452829,0.3206837732682,0.9006850547539273
CH4_C000003,56.66970366696178,0.9180391723697301,0.808848672376957
CH4_C000004,108.53564402025306,0.9173012785487855,0.6306073087654469
CH4_C000005,63.831099908485704,0.8112458877542319,0.2235126991084757
CH4_C000006,42.82963833001008,0.3212164752127302,0.4205308451229862
CH4_C000007,87.9739145713233,0.44591934536456745,0.637741819386936
CH4_C000008,32.56215569149096,0.5874340022643483,0.3058059625355528
CH4_C000009,50.3502056865065,0.43490270130872277,0.2421720064123396
CH4_C000010,236.35506629393356,0.6265815269120187,0.27672801404166836
CH4_C000011,88.76587561619183,0.6957738549208248,0.6605440544929757
CH4_C000012,34.645379370488335,0.3731021463705323,0.6254493831980668
CH4_C000013,144.5619454738749,0.4162435639770215,0.7834025712364223
CH4_C000014,45.77248390607347,0.633663894941829,0.20603519901123932
CH4_C000015,104.77247725301467,0.7848644195875754,0.5690118208808487
CH4_C000016,97.79682366822081,0.872307934671686,0.7574802233680962
CH4_C000017,152.85383880788885,0.6730285179051967,0.8662378625787857
CH4_C000018,121.527592161888,0.8021935206235542,0.8947101559462505
CH4_C000019,227.57519151085182,0.835729838724045,0.5206518302103358
CH4_C000020,133.51252541795745,0.7344526197429362,0.7395820824775814
CH4_C000021,47.66247662480175,0.8952713830361623,0.5407230119701962
CH4_C000022,100.99748201024197,0.4462709315890595,0.9323937297185048
CH4_C000023,185.03155025664495,0.5035065791065614,0.9297793588476158
CH4_C000024,177.10019603664148,0.8299958782346246,0.726829122823383
CH4_C000025,27.02620749761453,0.42747050959927574,0.9126275172258416
CH4_C000026,172.28811685025906,0.4549048501583496,0.943395972952799
CH4_C000027,213.82037955157136,0.7089373406362245,0.9271057453190645
CH4_C000028,245.26492681237406,0.6122338245931995,0.5836956906943331
CH4_C000029,146.60401803499408,0.6459862362664432,0.5434900902616375
CH4_C000030,108.55295245115893,0.3479485355380176,0.5649120059920814
CH4_C000031,202.61458420727615,0.3323881075625549,0.48604327919703616
CH4_C000032,218.67340765718168,0.7212640764287119,0.7860433403562541
CH4_C000033,201.3422413954137,0.6957155778024078,0.489671446565969
CH4_C000034,163.00470207453725,0.6372155129037156,0.5515332511772422
CH4_C000035,186.85116540352485,0.8492669307681879,0.34671453948757447
CH4_C000036,201.68574647311956,0.4730891915333127,0.49021408768946484
CH4_C000037,55.69543712499489,0.7067615068961925,0.5819923843613473
CH4_C000038,47.55013943584904,0.3891941908537182,0.3743201181349113
CH4_C000039,40.02737219645858,0.36782362793045714,0.445236739426364
CH4_C000040,138.0376635639732,0.6974497889377189,0.2548285740898585
CH4_C000041,148.83604868381397,0.4998278896482852,0.6922402498751108
CH4_C000042,68.36264139767987,0.40614855790694754,0.7811054176029193
CH4_C000043,25.861260331181995,0.4263996544311115,0.72850424038685
CH4_C000044,27.7312379844267,0.833068546283251,0.6441253676015126
CH4_C000045,32.96323698559742,0.8804173511106848,0.9041728969196572
CH4_C000046,119.5058011093533,0.748287697334648,0.9146873251566714
CH4_C000047,20.755257216758473,0.4252227313541764,0.4790564950462804
CH4_C000048,2.6391294548853415,0.6860815187920895,0.48483479758905734
CH4_C000049,190.36466412896988,0.36970981680518455,0.8592563460796008
CH4_C000050,212.97241624490314,0.3465890328828103,0.9470643509110293
CH4_C000051,234.6934134620266,0.7002323053976568,0.9301504987936522
CH4_C000052,30.52110422211804,0.3590172498042527,0.8840764847701688
CH4_C000053,220.8698652232506,0.7388800420160957,0.3076170085129568
CH4_C000054,224.57649831079945,0.6586485822959395,0.5674516778515748
CH4_C000055,224.0962933443526,0.646539914776229,0.9497610751248213
CH4_C000056,132.0284339512959,0.36475120238037567,0.4803988667253271
CH4_C000057,118.52232947815139,0.7972615720232694,0.9462065291872523
CH4_C000058,29.68051580184608,0.39377792635357234,0.5062929854937539
CH4_C000059,207.2828990384089,0.3774394134816068,0.9387153385898452
CH4_C000060,86.62810484452399,0.8353999211383432,0.7924696173067574
CH4_C000061,202.08483062699835,0.7576227873970682,0.7090648045791805
CH4_C000062,163.37929643888012,0.7728497020891119,0.6819147661660254
CH4_C000063,97.76203309480368,0.428655514231512,0.2780671885291235
CH4_C000064,71.62599803733546,0.3932639456265154,0.2285095712681226
CH4_C000065,208.70058960374925,0.5320197723363058,0.6684223756420731
CH4_C000066,128.0172028615967,0.5934109003049233,0.8769137471297421
CH4_C000067,84.2522676735362,0.833919881759676,0.49814260628854956
CH4_C000068,125.6548712065795,0.7232934017535606,0.20872314415759555
CH4_C000069,151.85423779863498,0.8118893543402543,0.5038633835099949
CH4_C000070,242.4791422062885,0.8280201715013622,0.7131190620822372
CH4_C000071,241.01158173397062,0.9125570438630224,0.6069560441888886
CH4_C000072,134.33623678717268,0.3301623005346498,0.5107122751907027
CH4_C000073,63.49496939696952,0.8039490847884628,0.5993242070750429
CH4_C000074,47.40755332541147,0.8229036557157965,0.24843752582002154
CH4_C000075,53.540739223280816,0.7420584107516839,0.5491537100996918
CH4_C000076,37.95925074632911,0.44358614707456556,0.7616099229061
CH4_C000077,114.85650784774876,0.4733047856861645,0.8155877512089817
CH4_C000078,144.88484622704615,0.48663581861636696,0.44225162666882
CH4_C000079,92.82098186112772,0.35341557398477685,0.7247516185026928
CH4_C000080,134.5819150831322,0.6765221556855785,0.44106750524062965
CH4_C000081,104.59517651877186,0.9180916282183822,0.28394931007325763
CH4_C000082,61.43383601021063,0.75557764454991,0.23839782312061453
CH4_C000083,60.7144509091678,0.6527545723629327,0.3217426061010132
CH4_C000084,114.8678444157844,0.5571754301974692,0.4011715882160176
CH4_C000085,24.830792449908824,0.8827074002116171,0.5495374850954149
CH4_C000086,227.6479255497536,0.7385637184618361,0.49643236263257995
CH4_C000087,6.599499250093843,0.5283627606294057,0.6436745910581763
CH4_C000088,130.68838798520744,0.7274121863388301,0.2195220136989008
CH4_C000089,117.4252554513662,0.3808022439796186,0.8579578867285664
CH4_C000090,96.03294815610955,0.3797762017289423,0.7363686197852415
CH4_C000091,94.08425490184955,0.8853266118526195,0.814832247919095
CH4_C000092,77.23451123012839,0.626820974299122,0.48967835707829643
CH4_C000093,58.11828176015099,0.7989956067243162,0.5539747295974844
CH4_C000094,77.23753185973109,0.5796541756782249,0.41535963780097485
CH4_C000095,233.2713096472523,0.75947650746441,0.9063666021669183
CH4_C000096,71.02756303185953,0.7465370373193745,0.9339297158889808
CH4_C000097,223.19487974544987,0.41222289882005925,0.49664577206735655
CH4_C000098,75.99790952341063,0.8233691117484965,0.8535786048711189
CH4_C000099,171.0648189162607,0.6551786474003994,0.5823991621606062
CH4_C000100,53.4881491951838,0.325989113915407,0.22267131071488552
CH4_C000101,43.0216134365875,0.3264485154645355,0.7284750735726897
CH4_C000102,13.893382675094657,0.64256339460937,0.44582290807188296
CH4_C000103,196.36449672811364,0.7746764482514819,0.44588514493069825
CH4_C000104,170.1979096180316,0.6698869555326551,0.5624218166463824
CH4_C000105,180.7132398981542,0.7114602489652196,0.837470816570274
CH4_C000106,197.53701964702284,0.7102192376498817,0.22411092637462343
CH4_C000107,129.22158085102623,0.5822414618702066,0.8632830641893361
CH4_C000108,72.5932975494816,0.6549972369617243,0.48584515039817816
CH4_C000109,70.0526801136444,0.6609930328066063,0.7863622767495564
CH4_C000110,125.79972339047987,0.4381680540933688,0.433916995597999
CH4_C000111,1.264221259517584,0.7107451479137208,0.35767337048083236
CH4_C000112,206.92720719917412,0.5977753569216502,0.3628499378832276
CH4_C000113,22.186426713752066,0.7211584435657863,0.7370694511560931
CH4_C000114,83.98711303821769,0.6125405801821748,0.33876986800225806
CH4_C000115,171.8010959301618,0.7993810711443609,0.8175164326066064
CH4_C000116,45.43586405801825,0.4246448598205437,0.4370425336842393
CH4_C000117,13.852921359786441,0.9114172007488541,0.6393455926027405
CH4_C000118,33.61963306562835,0.3440250791639389,0.22757661420107503
CH4_C000119,51.95603263315201,0.5763877226013626,0.8869590755785215
CH4_C000120,177.13525366441638,0.4293267110185503,0.35573959408307704
CH4_C000121,224.7591568580045,0.6931651269181228,0.792883212588136
CH4_C000122,73.47021769671161,0.609468191752143,0.4031111017528489
CH4_C000123,63.15661742315601,0.47843237169341846,0.5791857589889478
CH4_C000124,100.73814294533805,0.503813158597795,0.376820472644351
CH4_C000125,27.15811198293061,0.3592814622167135,0.24077950727247918
CH4_C000126,223.67355512712905,0.7449758679046511,0.4156516655462519
CH4_C000127,99.42383680668735,0.6867898540433547,0.40862479960777687
CH4_C000128,95.0921067336662,0.41213608850794337,0.5634883380759037
CH4_C000129,187.99186880121394,0.34212197090533286,0.5091589414122712
CH4_C000130,153.87064287231186,0.6393371116302897,0.8412246274693613
CH4_C000131,15.78636666939376,0.6185136934775546,0.5524992393542489
CH4_C000132,49.27300196534029,0.6373096186404887,0.26178310204321803
CH4_C000133,54.5546219672037,0.6464397308278081,0.7000382596884556
CH4_C000134,174.68812435563572,0.6611612479242734,0.3773876203979225
CH4_C000135,71.38582857278983,0.7284002898160901,0.7640665773731792
CH4_C000136,142.78284727022083,0.6789545001915145,0.33038907256640826
CH4_C000137,43.975470092384924,0.32478107011690466,0.41172645778490097
CH4_C000138,53.2858892827576,0.5684300372125382,0.6756948721663785
CH4_C000139,20.499745228086397,0.8969612584667499,0.6150576113148801
CH4_C000140,60.3360735962678,0.6228067283881118,0.48402620588749906
CH4_C000141,192.93739223971215,0.3842631488981135,0.6772487753900508
CH4_C000142,20.895331142481403,0.49931908078047604,0.8964300210677456
CH4_C000143,242.6465402062973,0.7350828602857876,0.6148694841300725
CH4_C000144,67.90276574197016,0.6286203282299108,0.5005703251536715
CH4_C000145,104.72606501492174,0.677136694824385,0.7963122701374314
CH4_C000146,154.57474228763257,0.655086298697326,0.6407760933373281
CH4_C000147,14.642944344901764,0.7311672230024171,0.9189585806797609
CH4_C000148,26.525086923455454,0.5359155026001512,0.9319266499166783
CH4_C000149,57.947729649518415,0.6429104788316837,0.6641031122862044
CH4_C000150,109.07582934426833,0.8923146264328883,0.825337751340488
CH4_C000151,42.62006385244319,0.8412412517353591,0.9139519019082731
CH4_C000152,16.008662031952557,0.8854090678432991,0.30601699542878763
CH4_C000153,27.831552822524724,0.8214691110909467,0.7284302263738658
CH4_C000154,16.27993539122047,0.5223132827984067,0.29821001769936684
CH4_C000155,14.76055473283558,0.40112347784603763,0.39605396514142976
CH4_C000156,230.66714865520294,0.43838317773939645,0.846148583033075
CH4_C000157,24.869362964314135,0.36401925807328794,0.8697854123081312
CH4_C000158,89.22666098843173,0.6962739120240988,0.4665090643819318
CH4_C000159,76.36446204720437,0.595839300653315,0.23146956910381236
CH4_C000160,214.37123454996083,0.8138614686838404,0.7228769081146726
CH4_C000161,11.203679747512602,0.3657862834153112,0.6951808895156353
CH4_C000162,244.79725069044645,0.4263513918990565,0.21302189777642813
CH4_C000163,135.87208061974485,0.7065564803240229,0.806429213084161
CH4_C000164,245.2618357445666,0.6949743177949521,0.6851371583892487
CH4_C000165,185.6020187559359,0.5954220365518137,0.31790419167480627
CH4_C000166,69.56899970583855,0.5516084911479677,0.3435700416364411
CH4_C000167,243.77207189037767,0.5102195008207013,0.3521467395848795
CH4_C000168,9.335518391102138,0.5872555210963495,0.8846863838832575
CH4_C000169,137.13999045937564,0.4477374992939545,0.4112675137158509
CH4_C000170,25.108236181944243,0.4365640722011615,0.7192249579212864
CH4_C000171,168.35098963117755,0.8901090374952678,0.7832096711014431
CH4_C000172,45.890634912446,0.8729143595936197,0.25660750595821474
CH4_C000173,108.57688078533704,0.862834541722022,0.8781026133370669
CH4_C000174,227.16213903239048,0.6605275826614512,0.7024952643735562
CH4_C000175,128.5463943464019,0.32558263086098355,0.5674335713717149
CH4_C000176,209.1456113389814,0.43951710062111465,0.3391782048913806
CH4_C000177,167.68938655728104,0.7163032180381457,0.5606897955598287
CH4_C000178,141.24395041209402,0.6551023756042338,0.6659102366757315
CH4_C000179,93.99102953966867,0.33847335228049397,0.7251035476061765
CH4_C000180,4.489813148526506,0.44867971134651075,0.5469182404654664
CH4_C000181,57.037906717390676,0.6038870927361781,0.9417875426947986
CH4_C000182,54.76832171679946,0.4426119246529522,0.5074606487931712
CH4_C000183,88.92481489189238,0.374254982384156,0.7446976103590546
CH4_C000184,222.15571528821974,0.5071550843655238,0.20908244588584965
CH4_C000185,116.14392571189852,0.6198226599274175,0.2043909556704688
CH4_C000186,217.82915460955329,0.8014406418382989,0.20124388512823127
CH4_C000187,31.88551232167719,0.5515625936159445,0.7429275075936093
CH4_C000188,188.23332294395888,0.5865561435131283,0.20887800303977747
CH4_C000189,14.149202560176072,0.8061340710165015,0.7838378659844247
CH4_C000190,203.67226539174163,0.639945622050289,0.2481046270896554
CH4_C000191,216.11819936661104,0.6789801336632271,0.3550825350828984
CH4_C000192,128.1197269419083,0.5187981618170344,0.8247608130245914
CH4_C000193,156.8962046007517,0.5307607469387269,0.8193258049748746
CH4_C000194,116.4767959837792,0.5259406205894829,0.37650161535775806
CH4_C000195,142.9794882172228,0.8489838714942701,0.285780277566281
CH4_C000196,34.13749789063952,0.5696585945429115,0.45040544729932247
CH4_C000197,163.3249260073952,0.5199509919492618,0.665492631274194
CH4_C000198,70.7110479846636,0.8736110955430023,0.3420334485882688
CH4_C000199,8.003851442212135,0.33204036551004523,0.5016142797422629
CH4_C000200,113.67504093577513,0.8280787628951167,0.5174287562240891
CH4_C000201,163.88364101262096,0.8757027973381353,0.8272495616178999
CH4_C000202,231.72983578478429,0.8740257753520513,0.7841645207019943
CH4_C000203,175.82856066074464,0.7003906891038169,0.6241852729468338
CH4_C000204,6.385779674493469,0.7888704571848357,0.3802317787524337
CH4_C000205,101.70937854751621,0.896603116927456,0.6504555031247521
CH4_C000206,139.35728982208772,0.7427235319688139,0.5398502980165452
CH4_C000207,133.16900784232467,0.5803620489427125,0.4966129988491885
CH4_C000208,184.91412873140237,0.3517958601150999,0.35258781907838244
CH4_C000209,117.90080456357401,0.5360919161180594,0.3212920933709924
CH4_C000210,166.23639386127454,0.3703844002182543,0.8004265277358626
CH4_C000211,165.008871458176,0.7630876462696143,0.7731691321747871
CH4_C000212,105.42623762086428,0.5896064095863673,0.6291318841210876
CH4_C000213,149.00127056130162,0.7248032844134613,0.30666318609278226
CH4_C000214,189.90655902098462,0.7304387936179901,0.6062629606651604
CH4_C000215,42.937152481968916,0.3256333590713673,0.499210961218576
CH4_C000216,245.6239680878235,0.624945428517196,0.6854251752649994
CH4_C000217,110.99570593123225,0.3531509260270097,0.7791065871158962
CH4_C000218,190.70359188814473,0.7873025049740758,0.25883576411957404
CH4_C000219,21.21031931492656,0.6583068938661097,0.8932245039263438
CH4_C000220,79.1493070085113,0.6538597566581498,0.7702427350176013
CH4_C000221,145.79213932768687,0.4624693834746204,0.5809561581979641
CH4_C000222,162.03491683690007,0.508919699962699,0.4377516085220359
CH4_C000223,163.44812816839402,0.45805682832386996,0.2450076186432589
CH4_C000224,162.5858441766768,0.3760897636021254,0.488090812244598
CH4_C000225,248.42003786552775,0.336838980919191,0.553682767398243
CH4_C000226,45.92643945958599,0.6067608430219235,0.7943427250476498
CH4_C000227,81.80644878557352,0.5559086175425005,0.8986232972125072
CH4_C000228,62.89470006106135,0.6141412991241648,0.5275628299407225
CH4_C000229,44.616667636442706,0.8545516845728842,0.5408540464687214
CH4_C000230,209.20397082635222,0.4905771675584182,0.7208120453268858
CH4_C000231,163.45362065198185,0.8853821552020882,0.9246915770408157
CH4_C000232,32.722536704348606,0.9130020177807727,0.5302828347527537
CH4_C000233,112.0674116887607,0.8052485109952254,0.7964252228305626
CH4_C000234,150.07367281091902,0.8753131605142785,0.5022979205185136
CH4_C000235,2.338746656400048,0.7396050144110227,0.9184700442740668
CH4_C000236,10.95079867848861,0.9093693557478353,0.5782612290466853
CH4_C000237,185.67706116261965,0.4029744304629388,0.821510129324017
CH4_C000238,4.395682448174648,0.4675886277072465,0.9074656149331857
CH4_C000239,33.59512683829322,0.4236050037284693,0.8839084355656428
CH4_C000240,186.94867135896757,0.3845721785788647,0.49860505958435875
CH4_C000241,55.65397077019693,0.7976635175393079,0.4721999613837577
CH4_C000242,33.632706653825146,0.3831622569389306,0.5732566376349428
CH4_C000243,14.184355970157437,0.7810014016707394,0.5644685416716584
CH4_C000244,170.8125626827488,0.8571467939524726,0.8750923805622266
CH4_C000245,216.13349490613138,0.6147230754909251,0.826302919466835
CH4_C000246,207.20482400162285,0.484060443134453,0.6764727922222789
CH4_C000247,7.973741596089933,0.38184428081561994,0.44475668114891787
CH4_C000248,88.41080662651379,0.4962499266783932,0.5829130628263575
CH4_C000249,78.12502463797402,0.8639183092501881,0.47849947977758694
CH4_C000250,37.68134392498473,0.3377586488632068,0.21953021890035748
CH4_C000251,121.42230221269512,0.3783199509524554,0.789455484011468
CH4_C000252,248.06339544071133,0.7918998478053404,0.6748878822147801
CH4_C000253,182.07322393672445,0.8148409799240056,0.2194180318965418
CH4_C000254,118.26344826155768,0.5117769388277051,0.5629179285270145
CH4_C000255,136.41951431831913,0.8258737397557898,0.5266035427539444
CH4_C000256,186.71794046938822,0.8956656725857284,0.771521154885124
CH4_C000257,171.23292045489865,0.5678708467832537,0.6426417552362189
CH4_C000258,212.35074285668117,0.5720089766151388,0.37212009140730784
CH4_C000259,15.606053527994934,0.7846404710018455,0.5397413469595387
CH4_C000260,99.51855203106818,0.5991585736937293,0.599733690704253
CH4_C000261,169.43756467167736,0.7102488345167673,0.43652357672936504
CH4_C000262,24.5547819146803,0.4196898092396041,0.5553882837598303
CH4_C000263,212.36099069101425,0.7655069145504652,0.8876167015730625
CH4_C000264,215.30532292380352,0.3900620182053902,0.8294899286458128
CH4_C000265,232.47700225529914,0.6372874062863569,0.8815310185871215
CH4_C000266,217.37128784079655,0.7878837799526521,0.7919159927623756
CH4_C000267,63.01248289121905,0.46610543318977504,0.9057920028043775
CH4_C000268,122.6174335939772,0.7680681994049545,0.8378185776011466
CH4_C000269,89.6466103743511,0.843407601268009,0.8853352536899486
CH4_C000270,136.48542887691994,0.8733630589101762,0.879547509416146
CH4_C000271,48.66913382247709,0.8696028132672582,0.2631939455195454
CH4_C000272,130.13271867440417,0.48064605164048113,0.33964524716809075
CH4_C000273,202.76279513469777,0.7666326936287735,0.5472954747708672
CH4_C000274,123.58688543402388,0.589101644749185,0.41666385050868576
CH4_C000275,155.46806355100517,0.4875746975580857,0.22554690462487614
CH4_C000276,18.939442024824228,0.5877402587365168,0.5935580218081642
CH4_C000277,192.0813003388305,0.6349677766594449,0.5524418516990226
CH4_C000278,61.78083017515296,0.46353997612939246,0.556090425053704
CH4_C000279,136.73138337786898,0.8602060432552254,0.8261852037360959
CH4_C000280,91.61185135586197,0.6761117484330478,0.4971133125336898
CH4_C000281,51.037108753125864,0.5165554418853547,0.20372993403780226
CH4_C000282,159.40288472922407,0.7897832055515837,0.4067705596829725
CH4_C000283,242.9731013208761,0.8837637795832722,0.6902277513056927
CH4_C000284,206.2603016601961,0.6611551059551688,0.9488177402303892
CH4_C000285,216.27202755681085,0.8707451810391522,0.5511044063337094
CH4_C000286,105.18201497773944,0.4844813384958303,0.23356589912314069
CH4_C000287,172.89156319450134,0.8444577738488817,0.8857857947053527
CH4_C000288,174.70163572038214,0.37898844525987874,0.47025094813916785
CH4_C000289,74.24762114939959,0.46559633418015234,0.781690649142488
CH4_C000290,33.24693681098889,0.8734253943695618,0.6333788165957154
CH4_C000291,214.56876880691138,0.8913058286400173,0.3141064017071951
CH4_C000292,243.57773707966888,0.6483005619776347,0.3238088058113558
CH4_C000293,153.0057406634688,0.6747141353323859,0.5330252660710812
CH4_C000294,170.454514196725,0.48938549650288776,0.5026808707277541
CH4_C000295,87.81111529082699,0.626278924579036,0.7241655676628802
CH4_C000296,39.856667527237406,0.4380587871891642,0.7715369093036621
CH4_C000297,213.55320435552446,0.7504603499964917,0.546188898293057
CH4_C000298,92.56248670269937,0.651507785716541,0.369902737294443
CH4_C000299,139.55694760538807,0.8614039065420644,0.5740934073530264
CH4_C000300,103.58836680616965,0.7976593206255684,0.3802375115323199
CH4_C000301,15.152605103088689,0.6427341987234569,0.7356799779161853
CH4_C000302,6.823291961123052,0.3532685802095858,0.7326752601121671
CH4_C000303,184.12020067407454,0.842521410319389,0.3610880408187776
CH4_C000304,115.17207942647114,0.5428075422536839,0.23857472299615573
CH4_C000305,203.00599087122393,0.6314971540282386,0.8134795391366376
CH4_C000306,99.76508431071903,0.8694880269648928,0.3260415138323052
CH4_C000307,145.99844618775654,0.6571014861155624,0.787581985028265
CH4_C000308,172.45758963593642,0.6803539664216215,0.313815160933584
CH4_C000309,153.71679191859633,0.9000499341881469,0.43319589118934576
CH4_C000310,129.51891483771766,0.3493896282763404,0.7930091917767008
CH4_C000311,241.7861336506993,0.9062903356674978,0.4285949319744982
CH4_C000312,97.89502971157043,0.6062899053219653,0.5134548372846708
CH4_C000313,83.48223322147433,0.6802390422972802,0.8799732461725256
CH4_C000314,202.41123620103045,0.774313677293414,0.3942142715236805
CH4_C000315,37.388345760205944,0.3961236355598369,0.7562149123170943
CH4_C000316,75.59843288583338,0.8089176239138736,0.6509508581226309
CH4_C000317,113.10095640906425,0.674282480779868,0.31265821667242505
CH4_C000318,168.04042970758366,0.6134044277108737,0.9100905550528116
CH4_C000319,12.568194523227438,0.5957742411922766,0.7427312810945093
CH4_C000320,42.55207321563087,0.5206156666257156,0.7622339813705525
CH4_C000321,61.937194297459726,0.5609872841195322,0.6362406627838053
CH4_C000322,115.75556531564315,0.41607871405224056,0.423881373530244
CH4_C000323,92.73529953258979,0.7580590769910869,0.5659982309384703
CH4_C000324,172.4912250209694,0.4134247041987177,0.24884161894570364
CH4_C000325,52.726965183539086,0.7344416401751017,0.224356837050689
CH4_C000326,88.21471718027182,0.6974059538686069,0.3739048583325887
CH4_C000327,109.16667645656197,0.49565732662837103,0.28159696569087245
CH4_C000328,70.40679204023357,0.3983385590617113,0.9436103694971933
CH4_C000329,153.24229446551328,0.4782467758483421,0.3735352441079325
CH4_C000330,222.75272437898735,0.7439768130853004,0.5086945293292395
CH4_C000331,90.65170263531094,0.3380954471263586,0.2813899407836502
CH4_C000332,56.017330137503095,0.46280128465387926,0.8327618113398507
CH4_C000333,181.02764448102081,0.3206059880668996,0.44702133072503714
CH4_C000334,221.44028704678323,0.5182803124831057,0.9015093040907411
CH4_C000335,157.3974140935364,0.44791509487729525,0.3571165564844008
CH4_C000336,138.91408063218896,0.6803018309408445,0.47387442763278825
CH4_C000337,136.42365932508721,0.8615022686144715,0.9377940389645079
CH4_C000338,201.9854954099775,0.3227613090565213,0.4713492852269036
CH4_C000339,120.58922409737876,0.7983798771329398,0.8267649485607365
CH4_C000340,23.62182080121389,0.8802952141269258,0.4626692615640848
CH4_C000341,125.1371687000081,0.6885790297047657,0.24582396967667572
CH4_C000342,99.5833575844074,0.5079589974169278,0.4921899857240368
CH4_C000343,51.50448221053919,0.5130858337088511,0.2792380100280204
CH4_C000344,90.54980226651598,0.879059582793766,0.5429384640749971
CH4_C000345,187.43806760138807,0.8958484999298135,0.7533714708787296
CH4_C000346,102.84481016594835,0.42570091728190107,0.29096150835227674
CH4_C000347,90.03324814124176,0.48251348676980665,0.22265172976781475
CH4_C000348,115.66631829324045,0.7702256655729113,0.38415933107510963
CH4_C000349,62.95352718789557,0.908104418176388,0.31914265339635706
CH4_C000350,112.96269065171188,0.8746342411048107,0.7315048854434996
CH4_C000351,169.64840084340406,0.7476789628419442,0.6310098151078931
CH4_C000352,162.4223267707063,0.7149011888096115,0.5095793018952703
CH4_C000353,84.79915420041861,0.5052039300157479,0.8131766991166955
CH4_C000354,51.83315472315073,0.7251325021927146,0.5915648202738906
CH4_C000355,87.19822386136009,0.7093133887512786,0.6780391422094758
CH4_C000356,142.7163623997292,0.4363534254482788,0.6358113709504543
CH4_C000357,0.43846115833326427,0.5687334323250751,0.41530934306717837
CH4_C000358,111.39307736244436,0.53964106589152,0.3248791700331033
CH4_C000359,52.10891137985979,0.7486124208811327,0.7310285591776369
CH4_C000360,152.46874610096324,0.35468391112036585,0.938477790241605
CH4_C000361,123.9374941071218,0.5166333943474419,0.5566882416545726
CH4_C000362,31.708809998298975,0.5362569688491827,0.22000258815635004
CH4_C000363,214.24689539870568,0.7440296181070167,0.22487071452398888
CH4_C000364,110.75534538333481,0.5978352206434173,0.8866425037953745
CH4_C000365,229.16577277340693,0.5434038791931777,0.6555811728631311
CH4_C000366,104.6959477094685,0.3537518084797646,0.7389415092578009
CH4_C000367,49.73251592815212,0.8447155306585477,0.36522693909703297
CH4_C000368,180.5924881831395,0.7309446383372264,0.4944970064558228
CH4_C000369,16.25487263823136,0.3480115082747188,0.356796209291217
CH4_C000370,184.62114526420717,0.6823677501258996,0.7523405628855335
CH4_C000371,37.137795759199236,0.5953118575454792,0.7205530580067656
CH4_C000372,43.28290322450826,0.6188315289067379,0.8841893450408427
CH4_C000373,100.31982402486503,0.9185659674624931,0.3884305718703719
CH4_C000374,87.93073543320327,0.7653536299724331,0.42578357757574925
CH4_C000375,28.620804724572015,0.5609981000695013,0.25045197408312403
CH4_C000376,56.17067499971373,0.6955477847955219,0.9075791378167886
CH4_C000377,196.96595411127345,0.6755907472368491,0.5853210089077343
CH4_C000378,176.52420617372061,0.3525485229112447,0.6496848241655777
CH4_C000379,95.62010522541215,0.7073516048409119,0.45382071118157125
CH4_C000380,141.11159574224138,0.8109220369486243,0.4835006330544959
CH4_C000381,68.57243952842002,0.46074215361369075,0.5071538119818655
CH4_C000382,12.529597181593743,0.6289796603973627,0.7607111701898424
CH4_C000383,234.63504877728764,0.6988739036474242,0.4678442189801136
CH4_C000384,110.24542566246757,0.5712830571719045,0.226719461704425
CH4_C000385,243.24269398530788,0.8139608640223632,0.6806874626813336
CH4_C000386,99.01643423942461,0.5298555079530757,0.29476600736460723
CH4_C000387,111.17869259558915,0.45840843121609376,0.3477004933244656
CH4_C000388,136.61474004925418,0.4787736236725605,0.6107441307463408
CH4_C000389,160.40859411013003,0.5448490316856592,0.29813945378993434
CH4_C000390,186.87517904211683,0.39097828398789014,0.9217202793147368
CH4_C000391,5.254208559883705,0.8083248800284359,0.2269722655591567
CH4_C000392,200.13782073422465,0.5420029326066396,0.6988295253675114
CH4_C000393,84.47389445554371,0.5004069778338451,0.2289228189421137
CH4_C000394,88.5263732565319,0.46769124349541086,0.5933777159480553
CH4_C000395,94.2734977418604,0.49469317148778413,0.7411940544440214
CH4_C000396,58.33569916411191,0.9101226888118923,0.7236599028310402
CH4_C000397,140.9533154142718,0.5195149185920656,0.7407671250680139
CH4_C000398,164.4823459745984,0.8640777166314786,0.81392660902794
CH4_C000399,163.86039707207348,0.8275109373950653,0.5409269838223238
CH4_C000400,180.11453275370806,0.6350790700471782,0.45937208041366945
CH4_C000401,65.6405758655268,0.8821821884845995,0.21590448643122462
CH4_C000402,138.29426531198988,0.7719729028082383,0.5196955635356475
CH4_C000403,14.358576628009212,0.6035417642568451,0.7874471517245725
CH4_C000404,199.72584822692463,0.6912494112074381,0.6142234056134479
CH4_C000405,185.24701196784648,0.8508408974523038,0.6672738522583632
CH4_C000406,212.11666579408967,0.3726302843341386,0.7319182204662631
CH4_C000407,7.49292535487514,0.656242902566391,0.7339638910389759
CH4_C000408,38.347187426628956,0.9067422449250635,0.6362734402776751
CH4_C000409,158.48164593686477,0.7081334295145842,0.48466130232708743
CH4_C000410,129.71305899915552,0.4674014865885987,0.8529857036716286
CH4_C000411,200.02198172689066,0.49498418611282147,0.31990657016925445
CH4_C000412,12.285596642021918,0.4650993472679391,0.8275993863871554
CH4_C000413,132.2384404926505,0.33834711756069036,0.7879538321766748
CH4_C000414,196.7890540244615,0.49814674109991064,0.8483146938569361
CH4_C000415,6.227040788651439,0.6449127605308798,0.6490188177273084
CH4_C000416,221.52990383924038,0.6586188552214673,0.436148020075434
CH4_C000417,142.03361546646826,0.8433362699032336,0.3128344206520728
CH4_C000418,22.689559184751324,0.4594732207996034,0.7666567276798675
CH4_C000419,119.87251499872653,0.5040976223641147,0.7086371304767081
CH4_C000420,189.73262858555796,0.5703030266524659,0.7777666406426174
CH4_C000421,241.49431072413375,0.8056828039510828,0.3114203958965778
CH4_C000422,228.1221780513525,0.8355292242229095,0.25023815991387843
CH4_C000423,158.26682468755618,0.76154059273711,0.5843277740481182
CH4_C000424,227.9753446259897,0.6570459326166416,0.7664063570681139
CH4_C000425,64.55732687570509,0.6390565802408561,0.8705640320455974
CH4_C000426,184.5519396599855,0.6918365494322818,0.5344565250941549
CH4_C000427,119.06516864146543,0.42197045971443237,0.6995600694544304
CH4_C000428,72.39207380379389,0.8803902672740909,0.536150110627315
CH4_C000429,30.148041518763186,0.5307924449266833,0.6909899698234769
CH4_C000430,15.493323510449796,0.3486967281877826,0.37125181588270406
CH4_C000431,186.9918239113742,0.465067905331182,0.9353037962389414
CH4_C000432,28.08922147002421,0.6988409564079384,0.8706931093126256
CH4_C000433,66.9222542915485,0.6488959736936346,0.22850127286187286
CH4_C000434,24.425773294831117,0.4528613777434388,0.7017222911368621
CH4_C000435,100.30780916412019,0.7655806374766706,0.7961844386084844
CH4_C000436,239.95419150166944,0.7026928317660458,0.44096435746547064
CH4_C000437,95.90527806613942,0.6268065482643985,0.2743126186828927
CH4_C000438,87.25408576596769,0.424067588195134,0.4072670862486195
CH4_C000439,163.83064429051885,0.7143095318136243,0.20293070337637162
CH4_C000440,180.1208140990611,0.7842952648168963,0.9101570485557144
CH4_C000441,243.9080778880781,0.8355656144443253,0.2076753015253406
CH4_C000442,50.54346724025988,0.8406995228098118,0.828782685314837
CH4_C000443,143.65357251165332,0.48552640789954593,0.3497872891384258
CH4_C000444,54.878771874782544,0.34231112532496316,0.22419736239133553
CH4_C000445,26.946376179081856,0.4188795879383189,0.5166337740735678
CH4_C000446,44.88138671923389,0.7199077584114895,0.5141395827158263
CH4_C000447,230.43409053364155,0.3229540106906669,0.7672478675777517
CH4_C000448,137.27585477971166,0.8624976947298062,0.23554097454611392
CH4_C000449,7.321881666775054,0.8144093581078569,0.7442025709940034
CH4_C000450,50.31294321667051,0.8112167623614106,0.9016763882885912
CH4_C000451,89.23860764768801,0.8414540529031438,0.8103900354798532
CH4_C000452,155.69044534854427,0.5369636525462254,0.6709266615711831
CH4_C000453,4.042731284922913,0.5262730291189377,0.6329838887373316
CH4_C000454,130.51290282731256,0.8741621965279216,0.6693780420441504
CH4_C000455,68.80535739316096,0.6411226677939796,0.7519285050470008
CH4_C000456,169.98840612341436,0.884251116719238,0.3378292809101284
CH4_C000457,126.68551220186464,0.6230516093558414,0.7282872414613808
CH4_C000458,227.69852012433157,0.8715066789994301,0.8719306458218496
CH4_C000459,100.63736574848379,0.4250399461113753,0.28600180616793625
CH4_C000460,80.22849701884036,0.3709461252829972,0.5499942997735843
CH4_C000461,152.95861789074254,0.7450332588256893,0.6220963442046841
CH4_C000462,46.237877559422245,0.8052958232827205,0.5926761698305674
CH4_C000463,215.23007649818263,0.6256827938811461,0.5429661214524095
CH4_C000464,249.53853598850674,0.8269476748855942,0.5888590953122517
CH4_C000465,70.14468286734896,0.6675826051048355,0.42769401122821726
CH4_C000466,98.41584292493005,0.4601012833186713,0.516865666163062
CH4_C000467,238.0534821520801,0.7911058877121633,0.5909977013682657
CH4_C000468,34.762662100258524,0.6218534125705021,0.5721410853313122
CH4_C000469,8.196887865569213,0.6931990080837918,0.2803771175160692
CH4_C000470,221.10649147806527,0.3362673678613079,0.28677285186191037
CH4_C000471,155.72232559417404,0.6823774851185849,0.5003710766651163
CH4_C000472,77.38380529983438,0.32474249470802824,0.576564980630047
CH4_C000473,71.78626281091915,0.7550419288221435,0.41354712662474713
CH4_C000474,105.94775585967398,0.6974154479509463,0.8068137512485845
CH4_C000475,125.83517340659486,0.5400220667899502,0.46167084400375963
CH4_C000476,181.82567972941166,0.6489405439445874,0.640598906992121
CH4_C000477,202.66087961802725,0.8941624244366233,0.2185022239119838
CH4_C000478,115.41487537589312,0.4706855107347325,0.3124231929347217
CH4_C000479,62.02650182781203,0.8731630066929501,0.7914873308165569
CH4_C000480,57.84357353799233,0.8416890979559115,0.814438482940131
CH4_C000481,94.80637203009672,0.3292254799724602,0.6315179878330932
CH4_C000482,192.74005087232086,0.7400463670475863,0.24526796154234498
CH4_C000483,132.6180969651224,0.39274567103750413,0.8391678126792022
CH4_C000484,68.95650488232333,0.7740683169116593,0.42132838198340716
CH4_C000485,131.02928358045187,0.42255309748320197,0.2883835112496735
CH4_C000486,64.35208053118471,0.7641740750444348,0.9246513195719357
CH4_C000487,109.43127764190564,0.8291731569523848,0.26940822568172873
CH4_C000488,19.399223717330464,0.5365768174395391,0.3685025600969203
CH4_C000489,126.98725398809094,0.3469517012780061,0.5029405979176784
CH4_C000490,138.81526515003011,0.8524230436965452,0.46981988744511644
CH4_C000491,7.827185006479692,0.7726120784794951,0.6754343936115862
CH4_C000492,119.54625221890764,0.42135858826170125,0.5182181322943007
CH4_C000493,180.70399642797824,0.8762028171438503,0.3123385038591818
CH4_C000494,81.83262300469681,0.8698022124714893,0.6330226374618338
CH4_C000495,79.96106040256615,0.6396131178325907,0.8748783805514122
CH4_C000496,169.44290626213478,0.5758551548784281,0.33492489395047215
CH4_C000497,93.1097423106658,0.5403399489488004,0.35918486791653315
CH4_C000498,6.823063966666348,0.713680033860164,0.4632201416766427
CH4_C000499,93.65780109364816,0.5036204318499069,0.4277791148794281
CH4_C000500,73.79558417644338,0.8865856532075629,0.5902860695849479
CH4_C000501,104.27396297801572,0.7231347542581084,0.7825979574378912
CH4_C000502,57.33054223397849,0.6626805279778895,0.9404378798262538
CH4_C000503,97.1822729869706,0.8096911757644425,0.7438264843623701
CH4_C000504,152.45564319091238,0.8723567220338406,0.40957720211891013
CH4_C000505,218.4013405567797,0.8014270380647831,0.5221023915452043
CH4_C000506,11.3223563493213,0.34759811542076996,0.49642590654938507
CH4_C000507,152.32565660236068,0.61890433988778,0.6546213525502231
CH4_C000508,71.51513655436617,0.3788714181692333,0.5208962591236077
CH4_C000509,188.4605774200159,0.44580667398168,0.21997599565775772
CH4_C000510,155.52708157871632,0.44300559494736413,0.46839043309728023
CH4_C000511,8.976722913376866,0.6154892259595245,0.23049617089340085
CH4_C000512,153.26867311548665,0.7606525084501166,0.8617064503816798
CH4_C000513,23.952296247261945,0.5426319605425008,0.8278335648866884
CH4_C000514,146.2311341571849,0.585205838125616,0.43130836070330114
CH4_C000515,159.83217564879152,0.647316935061039,0.478683036361167
CH4_C000516,60.97985016608151,0.5606256132302148,0.51460522366508
CH4_C000517,201.008421604577,0.8078206950375955,0.46551488171193495
CH4_C000518,205.76319191921803,0.7591483210844996,0.5372966763494572
CH4_C000519,191.56788136158232,0.6057061040622356,0.30199924679494095
CH4_C000520,59.60539076364696,0.8554063646125711,0.2857662814482679
CH4_C000521,223.9931706722162,0.6267903616903661,0.9413977806528064
CH4_C000522,180.8081397829219,0.6374878010978946,0.41782313527915393
CH4_C000523,71.56566464058531,0.787111904470672,0.30020154201865673
CH4_C000524,37.11928360720229,0.7136894508102559,0.3892942248743694
CH4_C000525,167.23093652283032,0.3622845255007713,0.542890374130611
CH4_C000526,61.6971970849132,0.5263784342489664,0.507181606390281
CH4_C000527,157.3440721173411,0.5124570096254866,0.5918213693961187
CH4_C000528,47.46050373835578,0.5104084837249413,0.4302233338420408
CH4_C000529,49.87745404158814,0.7967487627712975,0.37096851476858284
CH4_C000530,71.02429991935611,0.5307834009789074,0.6760760376625163
CH4_C000531,36.65384426680055,0.7680499650342811,0.578541988602548
CH4_C000532,80.97596142883786,0.6528794747944293,0.4294071733723791
CH4_C000533,230.84744699075176,0.8198103954954763,0.21262405014695857
CH4_C000534,82.40599100218546,0.841492408124658,0.30953380971713473
CH4_C000535,124.83374804545413,0.5017182115889673,0.8671401135701082
CH4_C000536,160.52966177953112,0.8827486001287987,0.38347139773476985
CH4_C000537,148.34512905219046,0.5140783750242441,0.28947244608255485
CH4_C000538,190.6708633326564,0.4764908620165337,0.49315577392212845
CH4_C000539,81.62500857798396,0.7230843402663119,0.5928787231696357
CH4_C000540,36.598250428487965,0.5153946087481741,0.5417333942765958
CH4_C000541,29.380571181036817,0.43559367234895735,0.6485496653730585
CH4_C000542,192.44203003438076,0.8164627733628982,0.5909950524984997
CH4_C000543,67.22832387171157,0.5808713503717301,0.9429875261974581
CH4_C000544,181.21908719357938,0.8202327403722396,0.41913958978150656
CH4_C000545,173.96865159032214,0.48704612613102405,0.48195037103578214
CH4_C000546,5.4884768840660625,0.7563334381743374,0.2944055693165295
CH4_C000547,236.0012729278563,0.802837818577553,0.7532392852132352
CH4_C000548,87.29725481994221,0.6924645586432825,0.3701747183008654
CH4_C000549,139.23075616734513,0.7693346723433762,0.32980079644684
CH4_C000550,154.59898146729574,0.8139552995214354,0.39498499058211733
CH4_C000551,246.0635513235833,0.9035993997545055,0.6402250162635217
CH4_C000552,55.011627428829534,0.7135555320548259,0.3531944783387986
CH4_C000553,204.53507462509285,0.7710874681798268,0.722353228784747
CH4_C000554,77.98298331534099,0.848837833272837,0.22366697631831192
CH4_C000555,233.03218960216213,0.36111772130779585,0.495618804839266
CH4_C000556,66.46619688184813,0.9132154434330182,0.6522203315151045
CH4_C000557,115.25314105075572,0.679884667595486,0.2733238872698792
CH4_C000558,216.80346971731677,0.48426256513954596,0.47004296767918435
CH4_C000559,157.3684680157734,0.7349279456007818,0.4465607620422263
CH4_C000560,95.56058350234584,0.5127008550776339,0.8956840318219985
CH4_C000561,184.86637748886812,0.8100661792682831,0.7916871250720905
CH4_C000562,193.53800277797197,0.5128088423315115,0.33397564656133927
CH4_C000563,108.66779069746035,0.4994022191567573,0.8840291421259567
CH4_C000564,210.41367840232087,0.6582740319862073,0.6848973835493646
CH4_C000565,95.61109218075492,0.7616229657438437,0.36804711617092595
CH4_C000566,85.07513611861475,0.6294275039260104,0.6162117765242343
CH4_C000567,152.47472657526922,0.7601290848543067,0.8040449617234824
CH4_C000568,4.5302577455989255,0.5516036852281085,0.34342532030518935
CH4_C000569,192.73609962680075,0.6702223400323618,0.5054043001666956
CH4_C000570,239.10208224252207,0.3451141192515948,0.84954032965102
CH4_C000571,45.07138260700186,0.6541052113437817,0.5726623386143261
CH4_C000572,60.18489482534306,0.8894959301927043,0.9091362551220037
CH4_C000573,147.26862429735658,0.524259116952277,0.4668005613056822
CH4_C000574,133.78082148589544,0.6666856038239716,0.8779105964847727
CH4_C000575,96.63550284397171,0.44384396489193345,0.8512116247549999
CH4_C000576,62.313915503843354,0.7946108658402422,0.8804965360853536
CH4_C000577,32.37827996961326,0.8095758688888044,0.6851389560676662
CH4_C000578,118.94960467641891,0.5436434807854901,0.738348633251156
CH4_C000579,25.267815920878316,0.7075755110082957,0.9407227455127734
CH4_C000580,247.46799018468607,0.5652141078829909,0.848452904255576
CH4_C000581,135.31479833204168,0.4783058661725778,0.4894497383630116
CH4_C000582,42.299174171444406,0.4875394744236664,0.7277414620992617
CH4_C000583,75.94855121722846,0.5810828167297281,0.453143500132066
CH4_C000584,10.440735185999195,0.4389281090931012,0.3289981464137426
CH4_C000585,182.7843513394511,0.7974456463399846,0.25375075499242294
CH4_C000586,108.66553179589796,0.8929555670669505,0.7808761376958766
CH4_C000587,131.70787606052502,0.5260707716433385,0.886019253887433
CH4_C000588,225.08930044415845,0.44963598266870175,0.910424027847637
CH4_C000589,145.9439825202241,0.7372138544002977,0.6435547198211382
CH4_C000590,84.52739135047574,0.48416487769346483,0.47271231658789503
CH4_C000591,175.02656707527726,0.4728242146406467,0.8461117007084329
CH4_C000592,22.91699149718435,0.7462760660308554,0.5442502490042482
CH4_C000593,28.343289913945913,0.466380681984482,0.9014372850457582
CH4_C000594,207.85879642514436,0.49977763010822296,0.2430938624861318
CH4_C000595,138.83157563015598,0.6148012009246868,0.7729989307066192
CH4_C000596,5.363529415835067,0.8877300187871922,0.392459998381682
CH4_C000597,198.37495093207315,0.4689576624444539,0.36894815998746744
CH4_C000598,164.6313014091736,0.7628189999679033,0.525021346547928
CH4_C000599,49.6081588573688,0.5999742192266493,0.4097541180325399
CH4_C000600,97.2385915432934,0.8065210076659256,0.32666483583061134
CH4_C000601,203.74326063404763,0.44078185604395226,0.22565551912141565
CH4_C000602,7.2627454298384855,0.7202740510128379,0.605640325335496
CH4_C000603,68.03513548392687,0.592123968507713,0.676089978419008
CH4_C000604,171.7557886273998,0.5997894612081565,0.9350862774556785
CH4_C000605,86.86071361659228,0.7614034457419192,0.20538464501520642
CH4_C000606,142.06565431460072,0.7393392612195517,0.26361017354460076
CH4_C000607,184.44311011930074,0.4829415759432938,0.7379878391268131
CH4_C000608,167.8609544335704,0.9003146379735831,0.9448046405121491
CH4_C000609,165.31062181171467,0.6014934685730071,0.32273122779830765
CH4_C000610,130.30662857747402,0.8501293181652179,0.3713294619805758
CH4_C000611,218.62508795034864,0.4078976921892582,0.4964992038125318
CH4_C000612,186.48229875406963,0.662792571053764,0.2944205537146899
CH4_C000613,241.3607950343807,0.8660736923293519,0.44168385482964534
CH4_C000614,133.04757598012608,0.4983671862454345,0.4842132097869967
CH4_C000615,209.52390125660668,0.7375056428136394,0.3993228029631677
CH4_C000616,203.27432915169828,0.8478616689758027,0.8410123526849167
CH4_C000617,32.05297003312268,0.8800457141752176,0.8251570063015858
CH4_C000618,185.8199099316611,0.7567488797043689,0.7176959843655883
CH4_C000619,17.6440159723594,0.40269096031885565,0.7249179813602078
CH4_C000620,21.46328015522933,0.7748467898566445,0.745093622077333
CH4_C000621,3.050975833947561,0.6218572312196478,0.6904500782213203
CH4_C000622,53.05419600470979,0.5583236121103645,0.6781198711262555
CH4_C000623,227.28587377673097,0.7648977095248046,0.8580849274746873
CH4_C000624,154.72688806796089,0.7094024239540615,0.913154363787791
CH4_C000625,206.6425883702775,0.48750002661426517,0.5146291026259062
CH4_C000626,114.84382810220134,0.3704325596583069,0.5013130353650415
CH4_C000627,201.91372796667065,0.5129231282773492,0.8377615956985005
CH4_C000628,75.97015558258158,0.549238877986487,0.5581284288658565
CH4_C000629,111.32986929922097,0.6569509126440962,0.8470337248932516
CH4_C000630,192.29371425866387,0.6125256346943677,0.24357069874565768
CH4_C000631,6.801127170160043,0.5380827354614761,0.9460709559365703
CH4_C000632,93.17787142514727,0.7336107818557113,0.8602288804217411
CH4_C000633,223.63817548426132,0.37343159469282783,0.2801536667484159
CH4_C000634,140.28571338935825,0.6983713742365643,0.45438500131966275
CH4_C000635,166.93459436336573,0.5286998356115236,0.9442976431085213
CH4_C000636,158.2273857415581,0.5009591384061389,0.7674224136381123
CH4_C000637,151.83645905764197,0.43941630038875695,0.5354418541403732
CH4_C000638,33.93252162866953,0.8597054708096383,0.8252596302583171
CH4_C000639,92.96081233360773,0.8864430325140578,0.7325414088583315
CH4_C000640,0.8725557512080651,0.658976360232755,0.8035517658299118
CH4_C000641,38.567335767795335,0.6387580007592181,0.6187120924160838
CH4_C000642,142.47861875382026,0.7429492873062145,0.7653377385288516
CH4_C000643,209.56118403998732,0.46698052864447775,0.21861230969978546
CH4_C000644,22.401675478861407,0.8803476530357985,0.47263777789741684
CH4_C000645,12.261807860710322,0.478710219784408,0.6031533425505045
CH4_C000646,223.11939527790193,0.3985707216588641,0.5234893557425794
CH4_C000647,72.2198438170891,0.8787077371531962,0.7946544079340365
CH4_C000648,5.971933222993053,0.41084154839903153,0.2661481529009452
CH4_C000649,73.5806157113603,0.7978138186699961,0.7751626161614389
CH4_C000650,4.902874944342356,0.7692238984399034,0.7704421991017483
CH4_C000651,83.59236410728194,0.6358730682314073,0.6976940510470393
CH4_C000652,158.5529661584881,0.6458997483514803,0.4497940787033743
CH4_C000653,38.89945840672068,0.49017355224956927,0.6198450106328968
CH4_C000654,10.018172633651956,0.8750807832370107,0.2219077576963678
CH4_C000655,97.69880401220979,0.9079529066495988,0.574003309662221
CH4_C000656,112.51073314075474,0.8060660523511807,0.6849045336130075
CH4_C000657,82.27407871857778,0.5269243404704133,0.3123061123115308
CH4_C000658,115.68075539852163,0.5010054696961511,0.9485863360234119
CH4_C000659,224.2860643137632,0.5455725555711591,0.8608988989738553
CH4_C000660,129.6243138029326,0.8781704969723281,0.7323189813123558
CH4_C000661,78.5150957855813,0.3505207780811378,0.8298505142918273
CH4_C000662,178.86472983582723,0.9155407553431145,0.7330737684703992
CH4_C000663,65.12712321210786,0.9087252956447627,0.73069202449796
CH4_C000664,169.74127874705124,0.8746541651077893,0.9118680101335279
CH4_C000665,28.562952173438628,0.5464185911390105,0.35304442078477094
CH4_C000666,61.762729978090874,0.619403329162195,0.6762948083883504
CH4_C000667,78.15048637111616,0.45694670547921945,0.8327289996086487
CH4_C000668,131.5059482026855,0.6410787829842244,0.8610861316393603
CH4_C000669,21.48549693586299,0.8740719851083685,0.8898856104191344
CH4_C000670,48.704058469885624,0.8620041648353802,0.5981233613971735
CH4_C000671,10.286533253819757,0.6167529197801224,0.7609599083163163
CH4_C000672,26.08730500984413,0.5023538771718632,0.6567055097115688
CH4_C000673,160.4756573819218,0.45447100099570537,0.7709018127380789
CH4_C000674,145.42937105935317,0.547056914622898,0.8907964668235322
CH4_C000675,240.1996096822156,0.8545733372136297,0.7076320966784753
CH4_C000676,140.97593205644796,0.46867852078450123,0.23541451626520174
CH4_C000677,126.4697491006449,0.6263777362558821,0.22138487335107412
CH4_C000678,230.79244810547476,0.5367761949901253,0.7390822951370557
CH4_C000679,89.23893147880119,0.8006634422816705,0.75314088992114
CH4_C000680,23.57731184954756,0.5276393123024632,0.7133244238330745
CH4_C000681,8.83739313550641,0.3924242461837625,0.301582596211157
CH4_C000682,51.75545202600587,0.6591270595819316,0.9136745952082848
CH4_C000683,139.50427396216924,0.9130615516745779,0.6994365735551968
CH4_C000684,58.55242049706361,0.730220159890967,0.20090274753043733
CH4_C000685,53.81727051334875,0.8376515200901276,0.2752505357748828
CH4_C000686,36.70584454456979,0.4604812392803363,0.3084666933603206
CH4_C000687,204.30727153010872,0.7680823150967875,0.5215763854894249
CH4_C000688,23.152661023550262,0.37594957994522793,0.3426470966402117
CH4_C000689,77.47766778350434,0.6052226892979806,0.2710391111146647
CH4_C000690,55.38552124331203,0.4971202346323902,0.261131423733178
CH4_C000691,185.39283067553615,0.43823062310284067,0.335798376760184
CH4_C000692,206.75806080065053,0.32502531779731064,0.670425210918236
CH4_C000693,15.901661997158339,0.4245888935421306,0.35438483726697784
CH4_C000694,18.74452064710755,0.6271021687715935,0.8735859174345384
CH4_C000695,68.30827598756842,0.3748420456855691,0.6524706790485648
CH4_C000696,77.04498834991428,0.8803797200712706,0.6752245003809876
CH4_C000697,233.87689192351726,0.42113801911240956,0.2101075166933031
CH4_C000698,151.6280404370937,0.35457258476638065,0.718299021373741
CH4_C000699,106.15025739633884,0.5258815269244439,0.6067534100608651
CH4_C000700,114.39840826909511,0.5496167437124779,0.23092437703123386
CH4_C000701,52.84697023231313,0.6303677616417878,0.6233643655560119
CH4_C000702,131.69175330027556,0.40232136133576435,0.9346005530316499
CH4_C000703,217.4419513282617,0.8953200873264644,0.4899753516271827
CH4_C000704,223.62670639613222,0.641606305204221,0.92390672408119
CH4_C000705,122.21232033125878,0.6270585900686803,0.2416722512978069
CH4_C000706,10.493477661817074,0.8062902131618008,0.888533070499248
CH4_C000707,249.8631850483544,0.4832793812096848,0.5170688282177671
CH4_C000708,199.97424763735185,0.8856066072411708,0.47698647499750835
CH4_C000709,72.36230985104788,0.7975201400122729,0.3219249385169898
CH4_C000710,160.76590951409634,0.44385461071237414,0.2261298002535163
CH4_C000711,206.57826446106745,0.4580586448495898,0.20107907732208835
CH4_C000712,29.137411029634464,0.47965561032608617,0.3982661197393501
CH4_C000713,137.7663869109992,0.825640212919911,0.5704492614264047
CH4_C000714,150.4116031246418,0.4978843097797306,0.39895156478644467
CH4_C000715,244.96950484298003,0.4929817939933256,0.3620935581551149
CH4_C000716,239.60681775804204,0.42516091078450213,0.8318523869723851
CH4_C000717,54.352221050086634,0.6119703105856795,0.789376080616037
CH4_C000718,245.0156758273034,0.8050014222429327,0.5924061675248393
CH4_C000719,182.7204853970311,0.5281454642305232,0.5834322860384218
CH4_C000720,217.4753414818742,0.7117935433809963,0.8891498565193701
CH4_C000721,182.90838809893242,0.41261920792112766,0.25617905404327407
CH4_C000722,190.92941957897577,0.6418311352870596,0.7987749525583849
CH4_C000723,236.72624791095558,0.6962811731772602,0.7165613155915338
CH4_C000724,178.74146026782964,0.3272285332578481,0.6052754422727868
CH4_C000725,193.5885659430146,0.7172098368419361,0.2830255085225263
CH4_C000726,83.29656599723498,0.8181281850521226,0.5053268701928486
CH4_C000727,3.9421066237409486,0.42927018208389034,0.5680202621522445
CH4_C000728,20.11541974991249,0.4376223126859305,0.28983501847301774
CH4_C000729,69.41963930437537,0.5507642510546182,0.846179478277348
CH4_C000730,199.92256218634583,0.34909378844216393,0.8236098332531585
CH4_C000731,6.226844090454875,0.5036350601134771,0.2931952079249026
CH4_C000732,58.920883764274315,0.8596959598686182,0.36224590390444356
CH4_C000733,163.98956926609338,0.8430045207579124,0.7657122830837824
CH4_C000734,26.191604799725432,0.36859089402813316,0.7917106767922373
CH4_C000735,203.9897082073466,0.5113199063612127,0.3592829149189845
CH4_C000736,104.61599895023969,0.7088548582383385,0.6386145861068022
CH4_C000737,193.6064330538869,0.4528513369419803,0.35685454550691154
CH4_C000738,142.72140411701238,0.7152781374237485,0.4140282594813038
CH4_C000739,147.98566525657566,0.3611494358151869,0.3720829579879693
CH4_C000740,132.5888199747947,0.8222352957670256,0.9266623880458091
CH4_C000741,143.58522664480577,0.7638159656594508,0.8776232702967901
CH4_C000742,34.30038013978579,0.41131896736639506,0.31401454460174577
CH4_C000743,2.8427893778540936,0.6192998784883753,0.8990883511020942
CH4_C000744,60.31154380540069,0.7738287453202515,0.6838632750338882
CH4_C000745,187.06080886391933,0.5153379479407519,0.52996825798042
CH4_C000746,230.7469517193626,0.7801647823489151,0.4830341761970433
CH4_C000747,82.47871205444079,0.7315633814558415,0.4341710869368517
CH4_C000748,99.49503855678118,0.6812074471023846,0.8728805427478405
CH4_C000749,219.94858907578205,0.8478420404355498,0.5346794643223372
CH4_C000750,14.196649383422772,0.3800505114733589,0.7030732286791701
CH4_C000751,6.974860135627231,0.6288719455761331,0.47194412669587876
CH4_C000752,118.70902181724227,0.5795945634944706,0.7815252406291455
CH4_C000753,102.48101303563543,0.3357864461945963,0.42797336777341055
CH4_C000754,73.3268663513934,0.5691704103271795,0.3820327870743398
CH4_C000755,140.18040091794208,0.6835244227385479,0.8289411960622386
CH4_C000756,156.44099018537176,0.7375795919443493,0.5908435982054538
CH4_C000757,145.69300417417446,0.5197066373140949,0.275374299865382
CH4_C000758,89.7818324758792,0.6685274367913097,0.6841068284141646
CH4_C000759,244.62852933193554,0.722502386670889,0.6930561545677063
CH4_C000760,64.94316807370545,0.8001634066895723,0.4408895777038052
CH4_C000761,96.12415996923076,0.9050795762953141,0.5980697124200156
CH4_C000762,144.57561817966146,0.5259681909183181,0.44722316825891106
CH4_C000763,21.13477167249736,0.38942155667874867,0.24600405837774206
CH4_C000764,86.6298793971344,0.6029914007484893,0.5989326133054154
CH4_C000765,179.3650601589757,0.6423708063316514,0.40985738798285404
CH4_C000766,14.08938542083038,0.4511972728312177,0.4689129923621694
CH4_C000767,140.65255046784443,0.85033061973666,0.8287378504040739
CH4_C000768,20.827266878571006,0.623266437986604,0.46649367068119857
CH4_C000769,165.9203749167362,0.3604454171195188,0.452745050467305
CH4_C000770,100.9980922691315,0.32348087724826824,0.9414686305968696
CH4_C000771,82.95727211605286,0.817923425900221,0.6241895813881642
CH4_C000772,108.42302775251578,0.8717672455487533,0.4394317603225649
CH4_C000773,47.97452388932688,0.4028593345327049,0.5861504210996895
CH4_C000774,163.89598595880898,0.772205981724418,0.2766511917616551
CH4_C000775,191.29092845387873,0.3578303899664974,0.7716655775555006
CH4_C000776,60.388808895479954,0.6200682074844345,0.36625629665469533
CH4_C000777,211.4480490378291,0.41733315115085334,0.2124516554568261
CH4_C000778,58.40567239238445,0.43530429203149834,0.39222826584843967
CH4_C000779,98.56234045848092,0.6862671354515404,0.47230617716676554
CH4_C000780,126.6578942477104,0.7095413584124478,0.8944292382272006
CH4_C000781,52.35437904217324,0.76621715714812,0.22384642183236278
CH4_C000782,166.0215691913106,0.6870613792688123,0.7874617591294428
CH4_C000783,231.5155500592071,0.5969029939263828,0.5542658635286098
CH4_C000784,225.43918183999443,0.8012781458750756,0.41606052574727825
CH4_C000785,245.7151967737099,0.5188750586868863,0.9431344752155837
CH4_C000786,241.6756857065809,0.6207857058661057,0.5012528991241667
CH4_C000787,182.6125957723826,0.8553843485549355,0.5965324081449983
CH4_C000788,244.05200516603512,0.43179941405496836,0.9095770392973901
CH4_C000789,141.13762746998856,0.3562962840251094,0.8502515697780069
CH4_C000790,18.136017132852068,0.7002984905446473,0.5271489707447499
CH4_C000791,204.09305581393954,0.9023961611375835,0.8951054853062095
CH4_C000792,121.62214521395052,0.8016167013017279,0.6710796263308698
CH4_C000793,247.0841490296002,0.38708278256645656,0.24389322514500825
CH4_C000794,70.54080426975348,0.711318182328728,0.46535582381919843
CH4_C000795,116.53092258177524,0.437193642498073,0.5454467258311491
CH4_C000796,88.0260716313061,0.6889320052637504,0.4764997376831375
CH4_C000797,98.65527969211973,0.8015304832053343,0.5880797587706024
CH4_C000798,79.94584283008419,0.5164915338324856,0.8511751068663174
CH4_C000799,194.59635180702224,0.6606033602641015,0.46211522879421163
CH4_C000800,66.75381774257596,0.7379719747145034,0.21773694947633765
CH4_C000801,120.99344732168746,0.42443162888740094,0.528133502538285
CH4_C000802,2.4927038523434586,0.6882278289522914,0.7203102393254301
CH4_C000803,185.70837101262694,0.6457142614711733,0.5398495566684163
CH4_C000804,81.39995739404398,0.6813206170985314,0.8152675772654068
CH4_C000805,197.0929585062455,0.5565941686475051,0.9383757782753002
CH4_C000806,172.60706750118828,0.4381597163074572,0.5952921286343642
CH4_C000807,121.37366523058152,0.7287639122200018,0.25099313784106925
CH4_C000808,20.000878134423694,0.6327748910691698,0.6983095228945212
CH4_C000809,214.39636711294474,0.4538261496339703,0.2632556837582018
CH4_C000810,104.15277181650809,0.3629470901458648,0.7680209301714229
CH4_C000811,1.3501766446795127,0.3750843253130973,0.4478149914836572
CH4_C000812,67.15630858973617,0.6697802776794372,0.9498188880518768
CH4_C000813,135.30608675022327,0.3591344258902067,0.8863872504998072
CH4_C000814,173.81495930784777,0.7339011617374377,0.4318587011589335
CH4_C000815,171.2130067637066,0.8306379237052244,0.28299804862288047
CH4_C000816,141.00656613960976,0.41260334974174695,0.5745315590544309
CH4_C000817,212.46972151505065,0.45659179910221936,0.8935683418157616
CH4_C000818,243.44619014454352,0.6853122531907858,0.6934259937670642
CH4_C000819,49.502757874809454,0.670406625637634,0.4874103607754158
CH4_C000820,125.94959835846967,0.9175974249522885,0.2964631098727771
CH4_C000821,242.84787505637155,0.8209809685384539,0.4895560809002552
CH4_C000822,171.50183809993933,0.4259346102402934,0.28097468882066
CH4_C000823,232.5207468994,0.8282225641866718,0.39793884053716266
CH4_C000824,32.72997300629357,0.8385312839611789,0.42570429560426704
CH4_C000825,193.79279257310765,0.35232357920430724,0.35073921256354795
CH4_C000826,93.74587797477912,0.9093503387219108,0.2223487705990874
CH4_C000827,65.43677005695427,0.7162278439907277,0.870761364759032
CH4_C000828,12.068557251348949,0.7840328288542195,0.9269998449089052
CH4_C000829,76.52873050311379,0.35644384351078856,0.39691984656317586
CH4_C000830,128.95243261132575,0.8569832728923936,0.6154217522721919
CH4_C000831,19.32370692832225,0.3305674335521453,0.8062960317463379
CH4_C000832,196.56467941809044,0.5368236062698969,0.5293462849093871
CH4_C000833,241.90374862922232,0.7198905882837177,0.2904585696145121
CH4_C000834,79.70545432997417,0.5072656447754689,0.6014388592479294
CH4_C000835,63.15435667696792,0.3897974159644545,0.3762605735427257
CH4_C000836,223.5550646425032,0.6679268034575739,0.363051871764412
CH4_C000837,200.96493315990406,0.45854173122338526,0.7273735519154112
CH4_C000838,49.001512518694,0.40231389667553885,0.40028411211564874
CH4_C000839,235.24210752622588,0.35492634474525103,0.5481350610893753
CH4_C000840,45.62546368785339,0.33017540326555334,0.8825540214199739
CH4_C000841,226.50446820943387,0.48373827542663034,0.6080424439679977
CH4_C000842,82.24586698917597,0.5632181307712271,0.6280956949950325
CH4_C000843,62.758672228371225,0.695358288545965,0.8995406068739098
CH4_C000844,18.036624153282414,0.5503348325878211,0.40748089270769144
CH4_C000845,83.66021606625779,0.5668884334541777,0.9203055757789096
CH4_C000846,219.63477260389988,0.9128212610294115,0.6689799613042198
CH4_C000847,47.336302857509146,0.6549651042289735,0.35237977362272116
CH4_C000848,89.67480474355327,0.8594131387623494,0.49081711910478004
CH4_C000849,161.40861052513128,0.8593077740242983,0.8131934821277531
CH4_C000850,168.85359764600463,0.5554445081126647,0.8228055025351959
CH4_C000851,6.658653462627617,0.8510669500916312,0.35325951033336145
CH4_C000852,29.99379333970978,0.6420840130894814,0.5615920676361579
CH4_C000853,127.51100845942048,0.33237401716198356,0.9193341662300165
CH4_C000854,109.76032804403602,0.8174914272009641,0.3303221563398654
CH4_C000855,109.08463545473454,0.37563318541542734,0.5355006266795823
CH4_C000856,208.4873140656575,0.6711232375583202,0.7253392761089483
CH4_C000857,18.74643103970669,0.3775219740842316,0.31094830049076877
CH4_C000858,200.94747285885143,0.8591320112947236,0.3844477619940918
CH4_C000859,34.71514183145425,0.3722544633770242,0.2022000329559156
CH4_C000860,37.44621025370429,0.8887529304226103,0.2491185911195138
CH4_C000861,149.7535095355164,0.719856719147444,0.37046016619212
CH4_C000862,22.291836810595907,0.721349382687938,0.6995863299070602
CH4_C000863,32.00571881586045,0.6052498527871235,0.6193965939878903
CH4_C000864,106.84333415975034,0.4488584759574531,0.6781794875112599
CH4_C000865,110.45972020335174,0.5338875453740158,0.7157192791386766
CH4_C000866,134.0949475858957,0.4003092543890176,0.49671334356945834
CH4_C000867,68.12081383203292,0.33911116061646057,0.4838132374526382
CH4_C000868,172.54745929134717,0.649528302893283,0.34910071294266
CH4_C000869,111.16374671473523,0.8416187804952195,0.5676001045887646
CH4_C000870,167.03094625967742,0.8071389069573949,0.7200947832595019
CH4_C000871,197.6031849406718,0.4974936574706436,0.8718287944103158
CH4_C000872,111.47194799953958,0.6591255778970359,0.6852762149293203
CH4_C000873,33.47557199816903,0.36003627662157134,0.8855211730369055
CH4_C000874,146.7728431949496,0.4515067553648464,0.5478763070630714
CH4_C000875,25.353332623763546,0.7062762915184664,0.663378261638542
CH4_C000876,46.92725926823693,0.8497315205662868,0.6766902880193488
CH4_C000877,39.0918816811216,0.9003088923446871,0.9111959201345383
CH4_C000878,130.31451736389806,0.7453799559876955,0.8520474797834225
CH4_C000879,185.28780008675292,0.5427778506986585,0.5959745033349659
CH4_C000880,116.36542848036294,0.3448978806314029,0.69379062451151
CH4_C000881,140.67277597219734,0.5341995704651569,0.35404216170481917
CH4_C000882,237.78129910243027,0.9007151815955092,0.508480496536587
CH4_C000883,130.1613032949943,0.3230084644192767,0.8736493471097047
CH4_C000884,113.05039634888233,0.7307755375208039,0.7524046381139111
CH4_C000885,84.01174608224746,0.4145533895570392,0.5316689009318931
CH4_C000886,201.12588263481504,0.46564612461503707,0.585402772392852
CH4_C000887,3.393598819888377,0.6252362930747953,0.3917544637584023
CH4_C000888,84.79452535262507,0.43598802014472504,0.20502918551263136
CH4_C000889,149.29781394215914,0.9012268206210703,0.6389030399974303
CH4_C000890,154.8695946757977,0.4188191565702466,0.20784885878823856
CH4_C000891,240.475676389539,0.8495052847655147,0.7299367089325954
CH4_C000892,79.13968999967305,0.6958379103175911,0.9371046572257442
CH4_C000893,223.4078857314218,0.6184496790123071,0.7284150545976951
CH4_C000894,198.73362685192424,0.7033861936119561,0.3583633917962752
CH4_C000895,127.70415545096364,0.416146897332122,0.4921170352677297
CH4_C000896,193.16872351051447,0.3842862809186432,0.26902097608059805
CH4_C000897,10.126454700309484,0.5572816600048422,0.6906388390730613
CH4_C000898,44.25944643434623,0.6011934185361508,0.8833466861986141
CH4_C000899,113.98530208132759,0.32420600947442624,0.48337808658589426
CH4_C000900,85.94581442817667,0.5469668513597425,0.5903985000530223
CH4_C000901,79.57600776232587,0.6087519757533442,0.6207061204866793
CH4_C000902,45.44106105473289,0.46948357573506766,0.801085421652787
CH4_C000903,160.1287284968361,0.8641493936887625,0.6840692832416763
CH4_C000904,5.004855220916371,0.47112002011997767,0.5693961363523806
CH4_C000905,141.83730624307327,0.5363980910070767,0.3745274162750769
CH4_C000906,226.24972700064734,0.824294009490738,0.6428101246518232
CH4_C000907,57.99175409785809,0.8001231519108861,0.6430339188831422
CH4_C000908,22.26337000703424,0.765820242661011,0.7433614378164153
CH4_C000909,51.01306938736014,0.8897622550317414,0.5459800713545572
CH4_C000910,93.56931458859566,0.603082531867264,0.6642444024978739
CH4_C000911,46.75722864090876,0.8297211383278085,0.622297347137281
CH4_C000912,191.07210168972375,0.5269673749393744,0.3592671076072896
CH4_C000913,210.6374278119391,0.5127454557734961,0.9326507824329899
CH4_C000914,104.4039661072827,0.35243938317465684,0.20596087589670817
CH4_C000915,193.93478029599044,0.39313084957607064,0.6089495015193989
CH4_C000916,238.03500085868603,0.6579661553818388,0.4819570740653311
CH4_C000917,25.688025054944248,0.6543389215047171,0.4268117725636108
CH4_C000918,116.08886658497111,0.35520414566055464,0.9325446897241665
CH4_C000919,5.807914141473136,0.5251043589956058,0.5976678505922046
CH4_C000920,134.8049990621157,0.33656252937905157,0.8092602203963739
CH4_C000921,124.92666864142565,0.7562704648950389,0.5252131747488378
CH4_C000922,239.96339431395677,0.5108791623192572,0.9319015052449084
CH4_C000923,153.03487134339056,0.814981095338997,0.6353534086699193
CH4_C000924,22.41180212460997,0.7212373139705861,0.5773437083192359
CH4_C000925,207.46695896599203,0.6477455962055707,0.22133997755910229
CH4_C000926,41.27498431974638,0.6048868627843107,0.6613138892153119
CH4_C000927,46.41970835126871,0.5745402870382775,0.7304504215799132
CH4_C000928,41.06648401149526,0.7585619805905695,0.34593956125653924
CH4_C000929,243.34046470957037,0.7555206727544199,0.32798625962597683
CH4_C000930,5.625078030209313,0.6186801280711016,0.7882935716837318
CH4_C000931,38.13889128501083,0.7525462832900784,0.7942530913779682
CH4_C000932,3.0901032080918323,0.34065994185625226,0.3929133399849719
CH4_C000933,156.9248738926898,0.43222661186618166,0.3666484139828252
CH4_C000934,191.46836522013777,0.8994152859788405,0.6132967282648434
CH4_C000935,32.38243221136883,0.6944152960726915,0.3994896788122829
CH4_C000936,161.61887368758732,0.7949943867245155,0.4552551781580069
CH4_C000937,10.012077308191426,0.37633178309408694,0.45040465768853283
CH4_C000938,46.10299974739188,0.44130181170251304,0.5266233972121916
CH4_C000939,228.97518625571973,0.862171271576206,0.6943808538834324
CH4_C000940,21.713810413333228,0.6971999296142976,0.5079672309765755
CH4_C000941,29.37355072995082,0.7689855922911248,0.9358392069901924
CH4_C000942,68.30591294898645,0.7494732720973225,0.5832413568313526
CH4_C000943,101.21624591345082,0.7252815090835776,0.9350876799205154
CH4_C000944,245.1366664015677,0.44524991627053556,0.9180486676946933
CH4_C000945,126.1754571657385,0.7983670738448836,0.7791535432623791
CH4_C000946,137.77885447130998,0.5026905737290499,0.47658512932843505
CH4_C000947,10.66341672859128,0.8121051710085625,0.8372318782428205
CH4_C000948,5.131190954443227,0.40736100761490646,0.33566164940618437
CH4_C000949,125.8889900829683,0.7375571903720884,0.8110481578874051
CH4_C000950,138.47912909247958,0.8096009924828043,0.8688121373608491
CH4_C000951,78.51078110953164,0.8972207500365874,0.7225154281624029
CH4_C000952,36.70366285799556,0.5224828143256126,0.39546638863074435
CH4_C000953,195.91864326412355,0.7495164867834738,0.22486904091838744
CH4_C000954,170.9718157752868,0.44391477069949176,0.354983431472004
CH4_C000955,5.86689499402418,0.42875479098542457,0.6940117955782557
CH4_C000956,171.512884454497,0.429138650823375,0.7491849433771689
CH4_C000957,129.49196174906356,0.3794046751774066,0.2368060582405147
CH4_C000958,214.31531964980698,0.34449883561683736,0.4828630782109005
CH4_C000959,184.2526545965527,0.7308827680112262,0.7668007675395081
CH4_C000960,187.9640713898002,0.7283685223603811,0.5477826849924218
CH4_C000961,109.99789456873765,0.47088421117858703,0.41676527281152986
CH4_C000962,131.23393194547015,0.9141082793672501,0.9301340248195968
CH4_C000963,234.55594021405585,0.8341848331003558,0.5625232103786504
CH4_C000964,245.3591674982939,0.3879839475237641,0.8263322470562384
CH4_C000965,16.839771758377474,0.5858095318857622,0.337316807014508
CH4_C000966,107.47576135904211,0.47400339940400804,0.3953258713013647
CH4_C000967,122.51202524667603,0.7869599874929276,0.7022697793670745
CH4_C000968,69.25626047385747,0.8565095321154359,0.43474012103627574
CH4_C000969,18.80793527408403,0.8669847580443957,0.576003369811593
CH4_C000970,201.26351566130023,0.3776726020269222,0.46392878366958906
CH4_C000971,139.75321769193926,0.5630171662422596,0.8259418670457184
CH4_C000972,188.01919453302258,0.5077142380796762,0.5558550788355059
CH4_C000973,206.8037163212558,0.6631958580588888,0.8230510795453228
CH4_C000974,16.019506370909152,0.828489347095615,0.42558812037305865
CH4_C000975,29.12297665106356,0.3863320001605036,0.889784333866936
CH4_C000976,36.30876990999893,0.8404353483489557,0.27682895800057405
CH4_C000977,197.4597580591025,0.7671981747212833,0.35282107453747596
CH4_C000978,85.7609958358204,0.8627451376366957,0.25764269884574553
CH4_C000979,136.90932723189727,0.5752343958312616,0.5170619596111893
CH4_C000980,116.41818820175509,0.5159084293175903,0.8329756999654145
CH4_C000981,209.29971203088422,0.6398457389358974,0.8379758245199957
CH4_C000982,65.26672605273976,0.7499283440955735,0.5594798699006848
CH4_C000983,137.17330509167255,0.8325666547384236,0.4509495931189453
CH4_C000984,137.8469077368829,0.6705358254092051,0.9463376969615398
CH4_C000985,92.91911206248079,0.3214243794626018,0.5809417898218208
CH4_C000986,71.13552558392522,0.8251955696907805,0.22725163987787333
CH4_C000987,181.9947276778567,0.6698171602735931,0.893158960784566
CH4_C000988,25.04647393808973,0.4496401503060863,0.6152025402989907
CH4_C000989,108.27638539551168,0.5274540487437109,0.7208684257400633
CH4_C000990,13.497747281385475,0.8265375183712471,0.3820704255188805
CH4_C000991,73.58090049108928,0.7430338159364858,0.2769881701930704
CH4_C000992,3.7755766674703315,0.9150000044004474,0.3426768000109869
CH4_C000993,93.8405460070122,0.3690599349397058,0.8240801998582452
CH4_C000994,191.11350286607512,0.7921562945073368,0.294886142797208
CH4_C000995,129.53411829108626,0.7065614574447896,0.9028766637311145
CH4_C000996,2.4481081507408686,0.5418024573057213,0.6944370592949725
CH4_C000997,114.27041676395716,0.6135922640391185,0.4638419309873104
CH4_C000998,126.74511153679832,0.7969104269582994,0.28110911046155773
CH4_C000999,177.64273178004524,0.6254145062743308,0.3565856413987669
CH4_C001000,3.925807132555553,0.41713537386071575,0.9046157079911821
CH4_C001001,189.13059495095774,0.8900030247944553,0.716877353752776
CH4_C001002,205.7113142344558,0.6120701685610561,0.8902771347633907
CH4_C001003,195.9789676901817,0.6395409345158105,0.40825984527195813
CH4_C001004,79.54325363523085,0.8216522050101462,0.6731762325812005
CH4_C001005,72.07526655102686,0.8993062371992944,0.48567761170029905
CH4_C001006,160.88890008602277,0.7751229915003659,0.7338829987051183
CH4_C001007,20.578311017658642,0.5467498435612103,0.8627712267295771
CH4_C001008,15.578518469819059,0.8452686004992387,0.22253597044255025
CH4_C001009,41.40240170671922,0.41388777073089844,0.4620121821848245
CH4_C001010,212.81468841941918,0.6583292772401543,0.42529452881511937
CH4_C001011,78.97890594507948,0.811375967799328,0.5329106706824713
CH4_C001012,77.04172579434204,0.33213722255825007,0.5018266999267276
CH4_C001013,141.20980801947962,0.8682782361440187,0.6507335368451964
CH4_C001014,228.51184158256217,0.6282779149845812,0.5289949260647833
CH4_C001015,199.08861601783292,0.4777122805195168,0.45931712301382094
CH4_C001016,232.89554820758,0.8067220730646845,0.46070501275149817
CH4_C001017,237.89112625902396,0.7373531285974457,0.20905940167752576
CH4_C001018,26.479998512646542,0.32818042535663694,0.43303883583179203
CH4_C001019,127.7714952689187,0.6226284741204016,0.5135100600737699
CH4_C001020,146.84949671206166,0.3752327682653793,0.22105576087701903
CH4_C001021,171.17530565827525,0.8329231059063804,0.8853704872173187
CH4_C001022,78.28666569904574,0.8873124054374302,0.9437818676560006
CH4_C001023,111.81293018757876,0.428115250430577,0.48040125089902447
CH4_C001024,244.2295792863069,0.5119003230500718,0.6849194036429052
CH4_C001025,131.46219954832333,0.677668795454537,0.6996667813741573
CH4_C001026,58.82867253950164,0.789918479078995,0.815533881090869
CH4_C001027,164.5333036039269,0.4595029899111779,0.40090523648987386
CH4_C001028,144.56645532996023,0.8167468051635576,0.9012251821730444
CH4_C001029,78.0128804093865,0.3393675264544203,0.4497230691782645
CH4_C001030,144.46286051416362,0.43455264078651384,0.7404002617861023
CH4_C001031,230.47403928874556,0.5002173491097165,0.8543344279657865
CH4_C001032,162.35767862093988,0.5105715419260904,0.35835712535168424
CH4_C001033,75.12439993936803,0.47399440898115036,0.8552366003782255
CH4_C001034,138.40791111148604,0.7471952262998234,0.7738370432276442
CH4_C001035,159.0355761536961,0.815092612985192,0.40581535072304004
CH4_C001036,1.6226500681030265,0.8329853828559362,0.5667144682606138
CH4_C001037,86.03955623172052,0.58506756629366,0.7183905090928853
CH4_C001038,54.554902500781736,0.8275266478141683,0.8964060252494441
CH4_C001039,107.81598458679281,0.7920010704008805,0.7615876530439061
CH4_C001040,38.19992912925355,0.6234954182879959,0.4678073122392491
CH4_C001041,97.86072636842327,0.4711171570473921,0.9432157644585131
CH4_C001042,76.15109250904604,0.6434455120925895,0.9449864854112693
CH4_C001043,14.546948215688694,0.4315174302877249,0.5053262872972744
CH4_C001044,187.71346470121253,0.891596917526434,0.2494984596378209
CH4_C001045,92.54213777354778,0.9057929932973778,0.9209279958524745
CH4_C001046,47.15246149728358,0.48879151712333924,0.8991412095185607
CH4_C001047,127.37854609565763,0.3227619157980572,0.4321830696842325
CH4_C001048,149.6979218834358,0.5325360374207745,0.3047028611766284
CH4_C001049,119.49649082229311,0.5596516425107176,0.7194287258891117
CH4_C001050,89.58829613534614,0.3889231305454944,0.6687680961842555
CH4_C001051,106.22314202815616,0.7658564810226594,0.6209088289826821
CH4_C001052,221.95590712040223,0.3593549145544413,0.23775888413707436
CH4_C001053,173.1068720238199,0.6564431772864006,0.5999827008584666
CH4_C001054,100.82731802335826,0.536092585557365,0.45637260740457963
CH4_C001055,96.08491590669,0.46467476539871144,0.7187159611896126
CH4_C001056,46.96835153397469,0.6421117717111112,0.4031934630989068
CH4_C001057,68.54485552460184,0.49696483255028645,0.8862106541859196
CH4_C001058,63.09601978433355,0.6393369074784856,0.22866129335849206
CH4_C001059,77.27432897549447,0.6024144210010216,0.8576598823381425
CH4_C001060,75.32664147706602,0.6865441948181756,0.5931461557139837
CH4_C001061,44.159503149781735,0.7372433506475102,0.9207211931530002
CH4_C001062,234.7890222214095,0.8079400914018506,0.8339226629557328
CH4_C001063,41.816940166464754,0.6428801698627122,0.6513445890551955
CH4_C001064,1.4377252113219052,0.6886252592308053,0.5829149072268214
CH4_C001065,6.717104708036881,0.8851610970500037,0.9369066304997347
CH4_C001066,237.76307641366145,0.8750754441992943,0.9402972305075901
CH4_C001067,135.88850683004716,0.7663144995270336,0.8385281419027244
CH4_C001068,184.7817398806579,0.5784191479606158,0.7935892561066478
CH4_C001069,244.11845565595587,0.4848556134284533,0.5962062842877577
CH4_C001070,57.68537663713727,0.6552963599410389,0.31978368079215974
CH4_C001071,145.3890466809141,0.7538963807020361,0.7845515198951944
CH4_C001072,220.1610948339216,0.8497559056759549,0.9152151398936699
CH4_C001073,110.58181918455593,0.4330366194526824,0.5237680167926193
CH4_C001074,19.7748330212279,0.41090262425088125,0.46480253400369187
CH4_C001075,245.46994967925664,0.6889426245530459,0.821678323858436
CH4_C001076,233.5241080662313,0.3511699446420444,0.47594208739243227
CH4_C001077,86.57761334472877,0.7357400684245405,0.38950946788530694
CH4_C001078,1.0624174839111433,0.6864870838144397,0.808101148817675
CH4_C001079,210.62796256052223,0.7432557376392985,0.8996630048525855
CH4_C001080,144.70207966401588,0.5498018304036387,0.2211414698540808
CH4_C001081,248.88952740609042,0.8563470763970509,0.26677891645738416
CH4_C001082,57.497341449274266,0.8776578782049609,0.22641868462860126
CH4_C001083,235.79344809439158,0.5191639321166591,0.4703273550082656
CH4_C001084,132.62241055736754,0.6110071861242765,0.4061061931276976
CH4_C001085,218.96919257637867,0.7116872544231043,0.304994568595882
CH4_C001086,242.667354916381,0.48736438592423315,0.9008527472883081
CH4_C001087,160.62027112118338,0.3916062666438581,0.45497570404883964
CH4_C001088,159.1651020043279,0.8028641910883823,0.5690439447908388
CH4_C001089,24.95937113197752,0.4876701854318381,0.6489183436885442
CH4_C001090,176.17303355663827,0.8946164198585582,0.9235909776476685
CH4_C001091,179.12108270498555,0.5794628041081634,0.8928623861642084
CH4_C001092,57.27120573295097,0.42979338299253,0.649952839910056
CH4_C001093,230.19371541459677,0.7135152865317171,0.3897802379309272
CH4_C001094,196.73212605685887,0.4076278168707047,0.5914588031753092
CH4_C001095,242.23757636868785,0.5156934051467785,0.29884316692308716
CH4_C001096,122.0721416610008,0.7050690508256416,0.791343418365652
CH4_C001097,110.92929176981922,0.5151962639369808,0.8344255233018116
CH4_C001098,141.21631693880914,0.5752079225768227,0.7028086228668107
CH4_C001099,23.977504272884282,0.3856147135091844,0.2120292178857416
CH4_C001100,6.850115329353368,0.7781070652279998,0.2130328155802379
CH4_C001101,130.93448836436409,0.3273324019397196,0.524463531663317
CH4_C001102,10.564080032509276,0.783945454169388,0.6382408476813377
CH4_C001103,20.07871363603242,0.7919199891322026,0.5841285501798441
CH4_C001104,202.1295996857258,0.4913688026534848,0.42326064511826267
CH4_C001105,130.49073017456732,0.6487847786843282,0.7326444154305225
CH4_C001106,85.02075476979154,0.5116017697527008,0.5301328328187989
CH4_C001107,237.7745298819576,0.6241012372086325,0.24288666021892968
CH4_C001108,211.3313160741016,0.49981986673507517,0.701278764083791
CH4_C001109,60.61920229952997,0.46040884817919747,0.2017083204313135
CH4_C001110,165.5961696380291,0.8443571799122116,0.8737683406115486
CH4_C001111,25.87842395923909,0.4841003333238265,0.602564150798752
CH4_C001112,26.18971905236328,0.3735416917744018,0.8163781473182743
CH4_C001113,3.776651047609658,0.4117945117602708,0.3021692347371303
CH4_C001114,2.9070628048900593,0.7767321440284638,0.8106977951871728
CH4_C001115,110.91567359069069,0.8197600813052788,0.8817990433126655
CH4_C001116,88.60049804151058,0.9119567902171144,0.6454641834011619
CH4_C001117,70.849368521481,0.7170909721042531,0.6801483245626623
CH4_C001118,234.97522521621903,0.8740118042699814,0.3471458733280478
CH4_C001119,231.4963731039015,0.8700957498839668,0.6032781710563935
CH4_C001120,60.341012799974116,0.45157322385287213,0.5542926338092775
CH4_C001121,88.26998741237266,0.3856649595190734,0.546795372571246
CH4_C001122,95.89124458716499,0.3653114932963295,0.37929012376265125
CH4_C001123,114.90155426003574,0.6955363669585973,0.8935959048838158
CH4_C001124,17.177909663023545,0.4212105847593345,0.28126445019019786
CH4_C001125,223.0900546099991,0.3779615191334457,0.21653856719071682
CH4_C001126,205.07998606649903,0.3478108519257267,0.6324304406614297
CH4_C001127,232.3280473026299,0.3692371290568473,0.5254195043110146
CH4_C001128,146.44931481836437,0.781417504396916,0.26408750701167744
CH4_C001129,176.36541301063377,0.576839009275882,0.6340948020282966
CH4_C001130,64.13768749684561,0.532742323188973,0.7585624378897415
CH4_C001131,161.2905802906139,0.6200798412856101,0.8654593169714753
CH4_C001132,50.06058287267065,0.6168615065106959,0.6378111561381978
CH4_C001133,37.89937905063018,0.8332974881722859,0.8975581436828406
CH4_C001134,30.217009732584373,0.8215601059119522,0.5028565803324384
CH4_C001135,145.4388701016327,0.5295659918167225,0.2707639962795133
CH4_C001136,86.38275371770648,0.8740014560535407,0.5400782306932592
CH4_C001137,100.92954099258014,0.7547686809851073,0.6523450871980772
CH4_C001138,114.49954469754778,0.4439110192361978,0.5012051175717944
CH4_C001139,94.05875618150314,0.5371803415407203,0.29872285297263473
CH4_C001140,228.90421698040973,0.6135396110319777,0.5692178185790622
CH4_C001141,224.76069342984943,0.5149782825797538,0.8788788987283569
CH4_C001142,214.49485122540943,0.3370587698511087,0.49759671159941715
CH4_C001143,119.93855318561106,0.918990148378235,0.3206659176574958
CH4_C001144,143.79614982732429,0.5462443588171801,0.733097492969168
CH4_C001145,5.502851781798518,0.6673399590535112,0.3668008661718938
CH4_C001146,24.628339615114765,0.7403338994369565,0.3127585164532751
CH4_C001147,65.98333260601693,0.4202150019160159,0.7844084750434397
CH4_C001148,64.84389640957905,0.5175051577426967,0.8361784797858842
CH4_C001149,235.18526082021103,0.6916192457465733,0.7194421713534842
CH4_C001150,147.24587671611928,0.7684994930293574,0.46788762557203983
CH4_C001151,154.14045587365231,0.710217526406387,0.44298416779800276
CH4_C001152,101.07374035418896,0.5357531771123849,0.38753582239097895
CH4_C001153,53.676784651296074,0.7722748569164739,0.8515620697785156
CH4_C001154,129.94260538302572,0.3337710836872379,0.3180065727540111
CH4_C001155,218.86409162020158,0.36786689519285215,0.7115254074805881
CH4_C001156,57.47688971869602,0.9012783067347623,0.7859652595722217
CH4_C001157,130.16765672114295,0.41858412872614703,0.578219808369237
CH4_C001158,237.8566644474756,0.49120278121626115,0.8365868384335164
CH4_C001159,170.02400194687894,0.38157189557848303,0.40311331953467616
CH4_C001160,214.59784457848392,0.4888978797099187,0.4682313644084241
CH4_C001161,67.95639812199028,0.5599914019919247,0.36730632629483984
CH4_C001162,96.25362261657533,0.395265797233888,0.595728385914148
CH4_C001163,37.36678531499085,0.5000068340895307,0.32135663344092635
CH4_C001164,99.86756619274028,0.840133438212225,0.3354036490996656
CH4_C001165,178.11036977810616,0.755689055559716,0.9457373441997727
CH4_C001166,213.61290398414747,0.3581227756580626,0.4665498467433184
CH4_C001167,90.84784156807021,0.8660442840180513,0.6730111705350659
CH4_C001168,129.21985713578374,0.4270155009417694,0.7102842270913452
CH4_C001169,17.63597835205488,0.5178278296378207,0.3173992146845619
CH4_C001170,111.91426415179035,0.5828607164465117,0.3586011074697746
CH4_C001171,80.48916376966292,0.5900810811829358,0.3765630263391271
CH4_C001172,113.51977637686531,0.4951324698874253,0.650647245551204
CH4_C001173,109.54580074094922,0.44558853223272,0.840580301818523
CH4_C001174,150.94162478391692,0.7210985876958309,0.22258340961559966
CH4_C001175,142.29383825369842,0.7892274515642328,0.691790522466778
CH4_C001176,105.70096983606305,0.8236408473298038,0.6250144627524987
CH4_C001177,80.84307777701993,0.6489680714444644,0.4897928555835546
CH4_C001178,215.1389870520273,0.3491848898205068,0.5939369140248101
CH4_C001179,138.0473923499369,0.49148825268788265,0.32980402386339086
CH4_C001180,103.15583416686175,0.7906237237574374,0.8445812203569467
CH4_C001181,5.348495208024079,0.8128877299462139,0.5193842282241401
CH4_C001182,205.57630503254126,0.3826046593776507,0.7944366677105887
CH4_C001183,198.1802838558121,0.39192735184120764,0.6148785792982099
CH4_C001184,148.65936709713566,0.40954590289095905,0.9249192107972528
CH4_C001185,89.3779643548897,0.8826559759084049,0.5908590580555566
CH4_C001186,137.87460289407602,0.4123227755159596,0.653886772164098
CH4_C001187,137.47564558796495,0.37173289944946425,0.5767498470904648
CH4_C001188,119.78643100710717,0.5161467712506056,0.45446548627720973
CH4_C001189,244.18815258473114,0.696933521931365,0.43999926317909577
CH4_C001190,6.585169336054658,0.6681372433842565,0.8715850893239436
CH4_C001191,77.4214127442649,0.9096135144677859,0.3539626235473115
CH4_C001192,73.88269700901029,0.5083364372353281,0.3798454651636664
CH4_C001193,22.25431675690026,0.9017865266755909,0.6254415345050128
CH4_C001194,156.7484926324373,0.343011509180794,0.37075300591354365
CH4_C001195,245.00084712782842,0.5257761084547626,0.38286485947930227
CH4_C001196,202.60911296405183,0.7764716759754632,0.41505192964651816
CH4_C001197,102.68456731970026,0.8008154452447869,0.3508571912702071
CH4_C001198,189.80535593909207,0.7833450328354377,0.8350440718368719
CH4_C001199,28.796362434788612,0.35774003474005345,0.7869495603782479
CH4_C001200,208.35422813206074,0.5456552749804392,0.4718783288894338
CH4_C001201,6.06695181575026,0.47267107635523,0.21476550407496484
CH4_C001202,92.67481168542035,0.4095001956445692,0.6928153725097947
CH4_C001203,195.61097857099836,0.3855609874402378,0.7700369645546918
CH4_C001204,210.6280365181276,0.6739668558596952,0.6351328426622216
CH4_C001205,123.8265372503449,0.8374798012587359,0.37856307230530456
CH4_C001206,13.315123133712998,0.5156258419304183,0.9010391893260932
CH4_C001207,137.52988952774086,0.6183534360708967,0.7098735073270832
CH4_C001208,0.14274139520195628,0.7595938486949954,0.7771017512346869
CH4_C001209,84.97099810436701,0.7721429957574271,0.2857460953206494
CH4_C001210,242.671999875038,0.4655786947118943,0.6970699834982796
CH4_C001211,165.42940325227204,0.7125595718687023,0.7313719582568137
CH4_C001212,66.88294155218253,0.8049722500993588,0.2758596779334037
CH4_C001213,100.31620714416763,0.7648160366987024,0.8685180706977962
CH4_C001214,189.30138799494677,0.8275305345916488,0.9113936795037052
CH4_C001215,226.78588476067014,0.7826249059568819,0.22853269419228675
CH4_C001216,241.09912589203853,0.6515483248758933,0.3228093080105936
CH4_C001217,179.6586357287049,0.39947016890000797,0.24168911685212602
CH4_C001218,156.5238786636908,0.6095058166318704,0.258123934102764
CH4_C001219,59.73041595203227,0.43189525002310314,0.33677540310943427
CH4_C001220,141.37477194098636,0.6867847159785223,0.4028939504113602
CH4_C001221,189.6702716991609,0.8583486248380554,0.7709008866929323
CH4_C001222,167.75357742721067,0.6367571078221281,0.6791180640118779
CH4_C001223,28.922378293669475,0.5577705468645038,0.2420418249717507
CH4_C001224,196.97133607685313,0.5480626476529711,0.5772818360051692
CH4_C001225,152.67668084539778,0.6899007750786631,0.5759924308711837
CH4_C001226,90.66855293995133,0.6607084293576422,0.8644980340933996
CH4_C001227,50.01393237542576,0.5059559946138037,0.3435256292388128
CH4_C001228,58.79148807021225,0.46922663105857165,0.35109357548951625
CH4_C001229,27.823813821111017,0.3760055784947289,0.7032989166644679
CH4_C001230,57.22167994159608,0.7443960177157161,0.6201541366784638
CH4_C001231,198.9466132696131,0.9145771805320277,0.21404392204699857
CH4_C001232,213.17408852046967,0.8209753520934522,0.5216095733280288
CH4_C001233,34.278732547999155,0.9092026361796994,0.218087168847834
CH4_C001234,150.73766306425557,0.6912810118741308,0.5944243908273228
CH4_C001235,114.73870606706384,0.7546820151417877,0.8382969420802544
CH4_C001236,146.09330775281632,0.8104382615182886,0.25666547199640777
CH4_C001237,138.9045534837064,0.9104248864618845,0.7519087757909426
CH4_C001238,47.67056225401914,0.5363879040762418,0.44757468698423797
CH4_C001239,156.7125858108067,0.4634774787521928,0.36774740349835777
CH4_C001240,170.1770892721232,0.3742364305116427,0.6832921761809101
CH4_C001241,100.56736398023747,0.6295479224854,0.4447617420654487
CH4_C001242,222.79848474390056,0.5184354744758883,0.6949818885550798
CH4_C001243,187.10585472580345,0.9031367042240372,0.5356333249900311
CH4_C001244,235.73381870918536,0.6888624246744457,0.23360183332085302
CH4_C001245,80.61601202809987,0.4048243991344964,0.2557270079417904
CH4_C001246,23.836745575271518,0.6011118525216863,0.49220277678798613
CH4_C001247,21.53831674096965,0.7022454393769729,0.6656564249814512
CH4_C001248,129.72285684951657,0.5178425846741738,0.8817597653754954
CH4_C001249,109.96739690446734,0.693286801657399,0.9479928651957001
CH4_C001250,76.38793487906187,0.6793560205594046,0.5449861023848097
CH4_C001251,227.2541909333251,0.7483422260068844,0.29732472481789907
CH4_C001252,183.17740682272031,0.8468823858667074,0.4287966083234359
CH4_C001253,34.70638909909252,0.332216706545214,0.4214912526326823
CH4_C001254,225.42618391284265,0.8012972486385842,0.7996602987579624
CH4_C001255,29.836662099789883,0.3786873441175429,0.8328073474332682
CH4_C001256,183.7037064327234,0.8671780812605925,0.5014628220216435
CH4_C001257,214.95087374821586,0.46189369005610387,0.23378887886088626
CH4_C001258,189.56864607746044,0.7600545632511508,0.7425661116393103
CH4_C001259,223.87244063940577,0.7656982978216336,0.8252623549007503
CH4_C001260,139.4861404715862,0.7389991123902835,0.5121046799263692
CH4_C001261,178.51932893347262,0.9093718305771379,0.23481211471636376
CH4_C001262,220.96345885063008,0.47181082872732516,0.5962094099852059
CH4_C001263,59.864974633446586,0.6885662104037917,0.8246538023261758
CH4_C001264,88.10441883464141,0.46756820778067876,0.5289624635059452
CH4_C001265,200.5521460723593,0.7222971884919817,0.6565882312973523
CH4_C001266,43.563078339528246,0.7793417315740971,0.43453382456949174
CH4_C001267,23.579205077020575,0.46303771121475334,0.8632804479481762
CH4_C001268,162.56596081038447,0.6281107348957389,0.8704013476075165
CH4_C001269,31.76506428137521,0.6546027211316676,0.5775235754988908
CH4_C001270,77.72006881529089,0.8326696038528489,0.24876043362941233
CH4_C001271,106.30260062618466,0.48020156336980346,0.8341823572277487
CH4_C001272,90.41091388572026,0.6130748797188388,0.5171052935545966
CH4_C001273,246.9623900718196,0.5695974903870376,0.9172208563902149
CH4_C001274,77.79273176044663,0.670278150066668,0.23380885317620784
CH4_C001275,46.230154422056216,0.5297486247154426,0.9372181100589898
CH4_C001276,187.58754694371308,0.6813843105036228,0.3340214175321088
CH4_C001277,66.74768310997628,0.5812993973762137,0.4506889005115682
CH4_C001278,36.897456992767616,0.8219592001103693,0.22502277823750444
CH4_C001279,85.27161544101693,0.5197701654895761,0.6866231552469544
CH4_C001280,162.14861690612213,0.6850520439093795,0.2305643985097683
CH4_C001281,134.49255335867798,0.7417350196414263,0.9169209142589658
CH4_C001282,99.29941678832935,0.4324698619458228,0.604345447191627
CH4_C001283,38.4019498472232,0.3218712937629728,0.875952160305804
CH4_C001284,39.80758942090679,0.8397222740049921,0.25824783770741977
CH4_C001285,65.20288236311664,0.4453034823100381,0.22955226642460042
CH4_C001286,97.0276557297944,0.6733769319749587,0.6675977112537104
CH4_C001287,115.24383792887969,0.5060451214701257,0.47435553645261025
CH4_C001288,217.6515933755693,0.6948575626465753,0.5448960478638938
CH4_C001289,147.42631383727198,0.6162325947437709,0.7371731669873227
CH4_C001290,233.79641232963152,0.42641289789782655,0.8643726426549374
CH4_C001291,106.53710533626968,0.394122296354313,0.7143250327252995
CH4_C001292,172.55448083340457,0.32476868103240286,0.357570404440767
CH4_C001293,106.06107762570774,0.6453547060979385,0.2599459897905286
CH4_C001294,171.9365778766423,0.8524653598836285,0.8929517940809919
CH4_C001295,120.84307446565232,0.8309129816486089,0.6179252076761912
CH4_C001296,235.15030561858865,0.48718934717725204,0.7801808264190053
CH4_C001297,68.77266151221522,0.6709070429283146,0.8092472925641399
CH4_C001298,216.34768792183738,0.6475304548752607,0.9337914708765311
CH4_C001299,16.992615361263287,0.8147220243724232,0.5823696913470504
CH4_C001300,31.487867217879522,0.5046088574849447,0.9172588155525423
CH4_C001301,96.05672407496441,0.8980388035512832,0.4918997213110651
CH4_C001302,55.05160096341119,0.38316445474722594,0.672145057668512
CH4_C001303,236.21162874903808,0.6697373915670289,0.4072992685285684
CH4_C001304,99.0650736235905,0.49368032778281185,0.4037835436663185
CH4_C001305,74.80667633845239,0.3722792180637744,0.5739710031005889
CH4_C001306,124.93251013264454,0.7712871402733505,0.8440173860212525
CH4_C001307,85.50020736150665,0.90781954380092,0.53303941325983
CH4_C001308,163.80229566126877,0.43894605589128793,0.5978883869415315
CH4_C001309,168.34802790807902,0.4806557366268722,0.8014556504127581
CH4_C001310,180.77676535596825,0.7799504077259256,0.8442834074178247
CH4_C001311,160.91564910539998,0.7292147646621692,0.4111033094283861
CH4_C001312,83.04032142825957,0.5713900010223262,0.3971327789168697
CH4_C001313,43.05555430036229,0.7565212090318088,0.6522502237899719
CH4_C001314,72.23515420811316,0.8937918525000219,0.5494864454151658
CH4_C001315,180.87063322741793,0.8372178631900227,0.9223933089337473
CH4_C001316,238.37107079943496,0.7523658096517245,0.5750506413047362
CH4_C001317,7.951941888710873,0.48000962762256705,0.8445723236972036
CH4_C001318,230.1525252200536,0.915709254404542,0.9300614278940615
CH4_C001319,238.2888502605506,0.6721934901705984,0.4732951567445117
CH4_C001320,176.2290490612198,0.9109732894143308,0.8673254141339384
CH4_C001321,225.34076518428625,0.5379155569720866,0.9188101104576651
CH4_C001322,189.75640674961707,0.7290131394482303,0.6084404566171591
CH4_C001323,7.686327008441351,0.44179589918186335,0.3008172948164357
CH4_C001324,39.39790065445109,0.8472187312584505,0.41619192852723885
CH4_C001325,120.73700823407088,0.7432505549402367,0.720271176322868
CH4_C001326,185.72727228078514,0.3897893663682065,0.5100743515573554
CH4_C001327,105.96020575583559,0.8836190006782381,0.6059085862330607
CH4_C001328,74.50357109521572,0.6424122081884575,0.7430184557000235
CH4_C001329,69.31282524096832,0.4828734284654639,0.23564188269931863
CH4_C001330,96.63551808226248,0.49456755036557587,0.512189861300002
CH4_C001331,129.91833668585573,0.8774599322204706,0.23411628329409143
CH4_C001332,143.35913592697028,0.5907324226290135,0.7884505699595734
CH4_C001333,42.45263121980966,0.8016039401033521,0.6231389017509714
CH4_C001334,82.92435238450624,0.8634085754280467,0.560734925452209
CH4_C001335,158.44784603916014,0.9162409936547076,0.412226755654964
CH4_C001336,16.739971307766943,0.6282693997968916,0.26939960762699644
CH4_C001337,77.35918328945682,0.4616067218872233,0.8762419605871847
CH4_C001338,5.358363429017104,0.3257200867527958,0.4994970176446932
CH4_C001339,177.50739579240152,0.6640030825686678,0.3746959372199447
CH4_C001340,155.27776038863627,0.41109261939418273,0.2600794602600919
CH4_C001341,83.47062321380753,0.7578117436178933,0.24833848792043364
CH4_C001342,67.95742566419501,0.8954590613954763,0.270643545790969
CH4_C001343,74.50525071721906,0.8228625762228765,0.8223472826508298
CH4_C001344,147.78371278773417,0.5598002796291199,0.2757834049620545
CH4_C001345,143.88696392436242,0.3461529019527752,0.9267803163094215
CH4_C001346,180.88090610581855,0.8374732930777848,0.785269722593118
CH4_C001347,28.18573768783117,0.5928742597312842,0.25127458196257335
CH4_C001348,0.13811576133107573,0.3920502575455625,0.5886973203974724
CH4_C001349,232.77884330659094,0.7750177061728684,0.5878891363578638
CH4_C001350,11.943718091454835,0.7501654967006739,0.3375782362986698
CH4_C001351,119.43460834301234,0.8022450721890613,0.5839323736020267
CH4_C001352,7.447972944220477,0.6848479726633239,0.38262534465448783
CH4_C001353,88.57726420933537,0.35571242257959457,0.30178364824523757
CH4_C001354,37.71749120973633,0.4607252052291769,0.747948244382076
CH4_C001355,99.54095626563661,0.39414076532313314,0.5907295822283638
CH4_C001356,23.75471502062468,0.41537680230802054,0.4478144564405666
CH4_C001357,29.88037193734691,0.3669551359216641,0.4255442956042712
CH4_C001358,244.88753051776487,0.34952766421613435,0.2509028864289997
CH4_C001359,55.61356562182518,0.48424950954081203,0.5703482508024125
CH4_C001360,186.06450632961523,0.6251813570687952,0.45648872301952786
CH4_C001361,191.39764506923484,0.7087405216679052,0.6563817973832871
CH4_C001362,232.2427596537352,0.677098933903673,0.2954111587654925
CH4_C001363,68.83270919396337,0.3255377850226258,0.200403805679829
CH4_C001364,92.16659246425759,0.8264087961008355,0.2514829288171494
CH4_C001365,194.2819619708524,0.7719230451505479,0.5525210920330375
CH4_C001366,141.97841227229657,0.6846401997477285,0.47117325437760116
CH4_C001367,214.56190880201268,0.3798169520993039,0.6178419429259918
CH4_C001368,248.949071882593,0.8529960793931901,0.43847736487757766
CH4_C001369,55.93345825569956,0.769084615540238,0.5845750825352566
CH4_C001370,143.48926519262992,0.8825641056822298,0.45535651654847825
CH4_C001371,164.00459280367213,0.4731092063527996,0.36172701910328026
CH4_C001372,34.97043662387442,0.8978863922276967,0.4799105875435772
CH4_C001373,93.9018738592664,0.6666274692824035,0.5647944418798634
CH4_C001374,82.68353000987955,0.8878863318220784,0.470832508471336
CH4_C001375,213.71645314113576,0.8012344524973487,0.41063489842709777
CH4_C001376,74.7048196653316,0.6652148475733921,0.5415250218835403
CH4_C001377,38.67106094210496,0.8095506555891641,0.4817184183471052
CH4_C001378,88.27495890693254,0.4314144987662187,0.8252493800587866
CH4_C001379,118.51442609119084,0.44431564307176946,0.6851259783745722
CH4_C001380,177.5166434110479,0.8486763508145292,0.6935760161298419
CH4_C001381,9.647658117270558,0.481969824274877,0.5880705425907282
CH4_C001382,167.7469506022708,0.8395176800316602,0.3707094211243385
CH4_C001383,18.21442854793759,0.4201516615705885,0.5745768524430174
CH4_C001384,18.548053951633115,0.4017875342096613,0.2937098036571778
CH4_C001385,216.5919675007541,0.47783088976893273,0.6403025038536103
CH4_C001386,156.10802962410503,0.858648742583638,0.8736750223883463
CH4_C001387,206.98143617186284,0.3356937080735571,0.9487399496443556
CH4_C001388,215.1925362120404,0.9027474764991152,0.8005250578815952
CH4_C001389,133.41445441710815,0.8373451564872043,0.5235285007886943
CH4_C001390,196.05500452102441,0.7474392114300458,0.2632396949594138
CH4_C001391,238.98793533206478,0.5276156487959146,0.5448266395653572
CH4_C001392,155.0309633116056,0.35567440167601594,0.4176240261287556
CH4_C001393,168.4596806626152,0.7365806616008339,0.4104743953180841
CH4_C001394,159.59163403633107,0.913974498688884,0.6077153510714026
CH4_C001395,90.1210228243531,0.740218015875285,0.5512161334497869
CH4_C001396,164.17395373982464,0.396586426442582,0.9325723946380744
CH4_C001397,197.6028646783634,0.7662377244194736,0.8776257179781703
CH4_C001398,193.49112290489984,0.44255558292126795,0.5562036205368428
CH4_C001399,13.112361278015793,0.8583568186419528,0.2030943379991779
CH4_C001400,29.46020521373943,0.4623035898821023,0.5540194899362552
CH4_C001401,116.7178006552781,0.4213771377983016,0.22096455648924826
CH4_C001402,235.18641979047774,0.7542479749180716,0.7716727854015182
CH4_C001403,57.69497355003394,0.4454272983016652,0.6842006045230761
CH4_C001404,34.62105576765914,0.7802410081749911,0.38653484599057597
CH4_C001405,190.04959956342566,0.8123354757944496,0.7101201925561405
CH4_C001406,193.2338745370249,0.35486572137720446,0.5153486803892666
CH4_C001407,75.38473952365001,0.8166366075323102,0.687342615466686
CH4_C001408,52.90226185132912,0.7983603227158841,0.6379746123806871
CH4_C001409,73.75793054243255,0.365486894298056,0.655934867762038
CH4_C001410,232.41437952581296,0.44003827560473846,0.40671434073608803
CH4_C001411,146.862468221263,0.8085555014300971,0.9110796283492129
CH4_C001412,196.08627645977617,0.7534358870806643,0.22999430779977262
CH4_C001413,99.86290844990295,0.5452785608838437,0.9237890418277945
CH4_C001414,247.4933888939855,0.35853923805575333,0.8605672979852688
CH4_C001415,219.43057623448334,0.8071873136775949,0.7912269906919793
CH4_C001416,88.82796791852462,0.8980209466074038,0.584330967117805
CH4_C001417,174.07438266374623,0.5259495298459433,0.627910160897161
CH4_C001418,238.07154384510267,0.49369728567742405,0.38989700762317314
CH4_C001419,187.46162809172824,0.8725075368468738,0.7048099196124384
CH4_C001420,173.90605060874694,0.4657320113336131,0.8977641325788417
CH4_C001421,70.23236512956727,0.6787147075887983,0.4386377947615705
CH4_C001422,162.88870922082495,0.765487721061707,0.7069255242722363
CH4_C001423,163.55338935517733,0.7405547933245523,0.867055610278743
CH4_C001424,94.77760487626516,0.34130898366143164,0.6592164648956553
CH4_C001425,243.78978310708067,0.7481244244825197,0.5325679557981009
CH4_C001426,76.1029326363518,0.43395316749461776,0.2811849998267765
CH4_C001427,196.47607299649184,0.8111261664002781,0.9004350883124845
CH4_C001428,62.47275766740423,0.7568688165358819,0.42992099208804646
CH4_C001429,166.7744243981596,0.6109095967951284,0.6497059801411704
CH4_C001430,152.61330318459005,0.7294828360032364,0.6808688115640213
CH4_C001431,153.4862520528679,0.7064323163997174,0.7479488697097341
CH4_C001432,248.70456355448957,0.6049512890328834,0.5748145652367944
CH4_C001433,154.39858106896702,0.7975413329768396,0.4767446915798211
CH4_C001434,124.21266655914626,0.32472355594344987,0.6385504773860498
CH4_C001435,197.40096548933226,0.9130921612877776,0.7971347199518009
CH4_C001436,136.47523819873365,0.6021343267663335,0.6784937009625831
CH4_C001437,173.02985821742286,0.7712026797786122,0.9068521153944635
CH4_C001438,96.21167640171271,0.533984324704511,0.9263535642893108
CH4_C001439,237.84596010556228,0.6388257215162902,0.21237832409385124
CH4_C001440,136.91949953277998,0.42042923113867015,0.8148383813808677
CH4_C001441,154.93193598895834,0.5455159136297809,0.299264229008348
CH4_C001442,78.83434458720984,0.5327895004688674,0.3384604999224803
CH4_C001443,100.98848931412068,0.5465936597218379,0.9338017029694303
CH4_C001444,156.78584017132565,0.41479662260709516,0.9480966804663771
CH4_C001445,233.7749562687305,0.6627382489359785,0.621797618423636
CH4_C001446,121.16213558388515,0.3995538232015595,0.7363620386303713
CH4_C001447,107.26288275063797,0.4354434674754839,0.29254931223811864
CH4_C001448,158.89488922716941,0.4603114430036237,0.8358814677598208
CH4_C001449,112.56170803531082,0.8372742978698173,0.3449646370214078
CH4_C001450,110.59917482512415,0.3354422982693934,0.3579785159866491
CH4_C001451,83.83264445929572,0.8312686194634249,0.8406407475701747
CH4_C001452,29.896643932029814,0.694743921365804,0.9123684464616499
CH4_C001453,132.43397717578986,0.9026797223333709,0.5361144090071468
CH4_C001454,131.82886343808792,0.6785577716055027,0.9307111210209886
CH4_C001455,202.73660458091493,0.9150688217931939,0.8616098805657444
CH4_C001456,191.51080141148796,0.36361978636187553,0.7960455836671223
CH4_C001457,41.79353091715077,0.5631822954610841,0.35126511009779016
CH4_C001458,62.62002177351475,0.7856548780359465,0.5259592904530881
CH4_C001459,125.5573888480015,0.45020157253127613,0.4800738439816347
CH4_C001460,186.00843995374893,0.8092256835301026,0.2793212024025056
CH4_C001461,76.8710101370253,0.35581323065063886,0.650698034506926
CH4_C001462,51.098282697634055,0.5812958523072473,0.5267858845465514
CH4_C001463,193.1535017493233,0.6433478241496369,0.46698309295891494
CH4_C001464,177.49080437539385,0.5680956620814717,0.42534772309969315
CH4_C001465,170.80886272854852,0.33848501353553534,0.7130589939301777
CH4_C001466,135.5275929687931,0.774611176347969,0.8177857719028874
CH4_C001467,100.40203175826859,0.49148424600004526,0.27555711155325235
CH4_C001468,236.76964690477897,0.7435171217465809,0.7456392942881289
CH4_C001469,40.108568833572136,0.4934928971751695,0.3276316553310725
CH4_C001470,121.75934280942616,0.38906877048957844,0.8548920720564468
CH4_C001471,217.88093547393953,0.9071432145403426,0.8518197992821361
CH4_C001472,127.62827804576712,0.7859000564187936,0.4369666038348524
CH4_C001473,230.29671028290574,0.6423695658435724,0.6487838693355898
CH4_C001474,150.09654582521628,0.3766502658863704,0.2938215578348383
CH4_C001475,52.287013865989465,0.3348259149102907,0.27929141167071286
CH4_C001476,82.85241392286805,0.7767991320127139,0.49855211650958003
CH4_C001477,87.11033455776857,0.8245214959695175,0.5699274368601177
CH4_C001478,46.93091283644099,0.42887988925424414,0.395159187503921
CH4_C001479,145.9673713842964,0.33279806732496914,0.7050625249778972
CH4_C001480,124.95473467673432,0.7084967832730749,0.27408120397856356
CH4_C001481,41.934694671666854,0.5767212851726893,0.8875769938749096
CH4_C001482,75.55801064098614,0.40739256280006764,0.635377838113566
CH4_C001483,164.50081294529318,0.5818014109751146,0.38124813463396157
CH4_C001484,63.63014571785675,0.606733307999237,0.4752176495301546
CH4_C001485,95.15677547069329,0.5204441848906602,0.7464134207443731
CH4_C001486,162.10064086308242,0.39572098697222774,0.3484823368764792
CH4_C001487,172.79374579130445,0.7537502854569142,0.7422855967528454
CH4_C001488,141.19422638580156,0.6402392162827897,0.3438560494403454
CH4_C001489,75.03651652783425,0.7033723712117422,0.9380518063660515
CH4_C001490,194.22628973707515,0.8347266955198693,0.8423659897216498
CH4_C001491,184.70927969989285,0.867843619119715,0.6653341606282464
CH4_C001492,119.82990832329679,0.6204856171196131,0.32681942876879383
CH4_C001493,140.97511315586726,0.5542921933948403,0.6473751916786576
CH4_C001494,65.72152276706308,0.8064430767779136,0.5475980384331187
CH4_C001495,4.214989728982515,0.6812644189073416,0.6189937615600718
CH4_C001496,244.94636053465942,0.39630260513623794,0.8764181520212964
CH4_C001497,163.44568163926593,0.5049417698070856,0.7511764254604665
CH4_C001498,30.340717752560586,0.4237950567228551,0.8481701095602754
CH4_C001499,106.24204613322011,0.4793226750356234,0.7121754225452492
CH4_C001500,163.9252676998864,0.6819458730630901,0.793642058017691
CH4_C001501,223.26131358164122,0.7369071008815481,0.7529983741972333
CH4_C001502,163.01660865878455,0.677366543347313,0.6320340115674306
CH4_C001503,3.5018798134680287,0.8973798146517469,0.4906601962129686
CH4_C001504,84.70378066299058,0.45003837712825023,0.687673576185188
CH4_C001505,217.38881572374558,0.520796783505116,0.7684079803323933
CH4_C001506,31.550201654637846,0.32600017327576003,0.5388540582338113
CH4_C001507,28.570660035729777,0.8170323406919324,0.8846172546189233
CH4_C001508,53.71999280937906,0.7712956760795425,0.31744639576182043
CH4_C001509,56.007470352003125,0.5496697823060562,0.4059067648291812
CH4_C001510,189.17610371306213,0.3242367678574711,0.5198888918617708
CH4_C001511,63.05995450439522,0.7853008389961389,0.8827843686163948
CH4_C001512,52.48814901297013,0.8304642007319771,0.39718503485991147
CH4_C001513,195.44560723512046,0.701411775456106,0.6785872663326998
CH4_C001514,192.77684196998132,0.7859033742126197,0.5346147947382882
CH4_C001515,228.17736715697137,0.841689399914892,0.6978728763955249
CH4_C001516,152.3158440357595,0.6304349107516554,0.8815389138221421
CH4_C001517,55.27556994693558,0.8388524063783023,0.907204788919213
CH4_C001518,25.73267153706091,0.879461376185507,0.8117831315775335
CH4_C001519,243.13660240022514,0.8004592323576891,0.7437264837091622
CH4_C001520,133.189719804081,0.373739911859574,0.8025528866537828
CH4_C001521,9.903157663335854,0.4465425476869552,0.4404326014030415
CH4_C001522,134.03898342006875,0.4264171840500167,0.2716272916450784
CH4_C001523,77.6354586679382,0.5994240372182088,0.42370210571420186
CH4_C001524,119.97718005951941,0.545583445363919,0.2053969617858872
CH4_C001525,246.84022709351345,0.6682869285202934,0.6599756031860378
CH4_C001526,195.48423517616314,0.68557669270628,0.5613885722104133
CH4_C001527,230.19748592349632,0.34874669551282955,0.7764368641817738
CH4_C001528,112.36158051451406,0.9076110383598737,0.4364275538254212
CH4_C001529,7.543830192303286,0.671179050383456,0.5754392260084515
CH4_C001530,30.863651661803605,0.8119523520660352,0.6769704275997441
CH4_C001531,226.1693605764315,0.43168261493695714,0.7796347028477002
CH4_C001532,176.48269476967428,0.39805136252501505,0.6508962687626403
CH4_C001533,80.20336795301455,0.8952601779323206,0.3574719997497614
CH4_C001534,22.281529839768275,0.5789978827447659,0.7497304669564637
CH4_C001535,245.74315812063006,0.6451126592320848,0.706653400516692
CH4_C001536,7.111120229131157,0.47688903466315813,0.6719546908467156
CH4_C001537,1.1314989021447286,0.5577500577605752,0.35009988699544925
CH4_C001538,161.42768368943845,0.9060913417241672,0.28510445771205883
CH4_C001539,82.61678870797535,0.45853218794676376,0.9099961824717757
CH4_C001540,23.817717530844995,0.41521174458338533,0.2664219182068232
CH4_C001541,34.877940900737954,0.4270291028663963,0.5381442412307866
CH4_C001542,51.96486466463374,0.7470725813280165,0.6478050229020424
CH4_C001543,134.83947091698002,0.9134284490160134,0.9132823092849445
CH4_C001544,157.38742159939628,0.7897554168139334,0.7683293999388505
CH4_C001545,135.74901064640244,0.6206542984701899,0.233039016025498
CH4_C001546,180.98660375532432,0.7476753432952566,0.46660996789873216
CH4_C001547,210.37151177253227,0.7109905508241838,0.7378360949162259
CH4_C001548,160.07512224358925,0.6453751191530221,0.6162214154124495
CH4_C001549,89.73126260335792,0.4085205007701328,0.2252638370620061
CH4_C001550,48.13586453355667,0.3964008992747491,0.7555115171613405
CH4_C001551,163.59639086022614,0.9022947456465751,0.5140809088516024
CH4_C001552,241.70807797727238,0.4141658034862609,0.8543830777106847
CH4_C001553,241.80012344643168,0.5456357909213604,0.6713399173321739
CH4_C001554,15.108658953262827,0.9190237967991615,0.3162814230235331
CH4_C001555,200.5244511906755,0.41219065131355176,0.6735794428518642
CH4_C001556,118.78681049336662,0.8568554211789443,0.7994535390108521
CH4_C001557,198.93436783165424,0.4659919151286662,0.6842764594046296
CH4_C001558,219.4720015985857,0.7578053964979149,0.23027595070425608
CH4_C001559,236.71088197181214,0.8369103531329507,0.7339259679016381
CH4_C001560,24.234946098768695,0.6772590148910693,0.2251584816729806
CH4_C001561,146.22477147371728,0.48934111949092773,0.5706806193237648
CH4_C001562,192.66914688221897,0.44392510049596395,0.525288083864561
CH4_C001563,209.15169182815634,0.633908932315447,0.511266469411667
CH4_C001564,120.58850746700686,0.49235229162791533,0.4003335505186155
CH4_C001565,152.17981160993736,0.40529941041113077,0.760189451374035
CH4_C001566,232.3732686594686,0.34783890895435027,0.857975464989126
CH4_C001567,164.60186247773817,0.3587619329273433,0.7436472627871324
CH4_C001568,34.292892467571725,0.7882739914591121,0.4878795117844507
CH4_C001569,83.25154802221283,0.48604919064638286,0.5693769694546096
CH4_C001570,139.00307854991763,0.7819345908321811,0.7586553079652678
CH4_C001571,18.98522599178831,0.5897334065605022,0.6001540148246558
CH4_C001572,18.67385031733562,0.7776994149245015,0.7822068819392913
CH4_C001573,126.31897843870988,0.6984846871734596,0.3054129109787372
CH4_C001574,14.771958406708002,0.6375058634221636,0.7135120259650902
CH4_C001575,83.0569355068686,0.3463324310619377,0.25779446582677223
CH4_C001576,221.3966703319102,0.49401869323871417,0.8232762826451967
CH4_C001577,9.514336848025689,0.3486494277731965,0.8727660544923754
CH4_C001578,223.5501909109701,0.36671288635594135,0.6250107108048826
CH4_C001579,9.35641645249577,0.7277028741162721,0.4951617772923698
CH4_C001580,188.41489865646088,0.5211115285128276,0.3337157604071913
CH4_C001581,122.05880692891355,0.37485594196193384,0.3953494177100129
CH4_C001582,188.64200943391128,0.6006575535574383,0.8764279441762142
CH4_C001583,189.6356842413737,0.9146585814832289,0.5252474893377461
CH4_C001584,40.209906803254455,0.730824247645868,0.6110587005818462
CH4_C001585,83.81334323579368,0.8888484183812251,0.2130881061568024
CH4_C001586,172.6190906875711,0.7621343311106787,0.5829363396661309
CH4_C001587,69.40627998282386,0.8057264341549699,0.27264716819536805
CH4_C001588,170.8167087090223,0.4761941054854622,0.6556931022220736
CH4_C001589,104.81849520556203,0.8041435613350969,0.3756836480317639
CH4_C001590,38.37120121706333,0.6199357211290828,0.8450684163495175
CH4_C001591,193.02259763656838,0.46744267550959795,0.3583161216848677
CH4_C001592,239.19584867932286,0.9034681088982968,0.4158427398563732
CH4_C001593,199.35514633492664,0.5628373455989104,0.8524957102057888
CH4_C001594,15.592232897391229,0.8607403553798745,0.8442373728590955
CH4_C001595,21.3350155355779,0.6290209094926168,0.24264616495324123
CH4_C001596,227.7280502960964,0.6358941651016199,0.8783786540151441
CH4_C001597,0.5851884633524818,0.41008927285987673,0.7252384756100969
CH4_C001598,111.8427037466575,0.7948175385857683,0.5471265982228084
CH4_C001599,60.327908046314796,0.6207643265710379,0.24187099689620362
CH4_C001600,216.05167672315238,0.6211138912175475,0.6048967417605322
CH4_C001601,189.36027942893756,0.6046853046101597,0.701985371566302
CH4_C001602,11.094417791567501,0.415532456498074,0.6033402099347787
CH4_C001603,187.36511377650746,0.8336448015056686,0.9141498450322831
CH4_C001604,190.5573820770875,0.3863884735460952,0.3532954398258672
CH4_C001605,38.07741629536948,0.7365947274040056,0.4064268902036047
CH4_C001606,18.740240175649653,0.3746545398686527,0.828632848327514
CH4_C001607,216.73248759031898,0.36168278203181103,0.3611212408208194
CH4_C001608,55.519190964742116,0.7046625643086415,0.21944988920374495
CH4_C001609,47.23084389185747,0.328284026520534,0.9178408593423255
CH4_C001610,202.17211754863203,0.588210064541533,0.7032744734348819
CH4_C001611,213.93680138642804,0.9008054775738688,0.6576290355937771
CH4_C001612,11.127299012469283,0.336621377663057,0.3037540055030112
CH4_C001613,219.890528867956,0.6871778078519031,0.8691590321268319
CH4_C001614,13.547798728912792,0.402653330337581,0.3963739941065194
CH4_C001615,169.62445868235451,0.5825870639038429,0.6195000017849854
CH4_C001616,198.3494593869476,0.34970140682943635,0.4359721048804398
CH4_C001617,167.65753411929475,0.7056180228909852,0.7483802255829064
CH4_C001618,134.17076324237507,0.5038735978606187,0.2253624578282383
CH4_C001619,143.91137688731288,0.7826086499239437,0.8598700811509206
CH4_C001620,92.91979747007895,0.9020208891749699,0.35247662682394293
CH4_C001621,212.7053542280187,0.8730551557621582,0.34570427633745415
CH4_C001622,79.73418149259453,0.7417058394181861,0.7867817811565907
CH4_C001623,3.486696699556452,0.8682945492031058,0.6477600383472191
CH4_C001624,57.54762376203218,0.7010456449451833,0.22798069136031246
CH4_C001625,33.95947431179311,0.7929210873904963,0.9053806501300006
CH4_C001626,199.58483912287682,0.4837562002950997,0.6256851743872068
CH4_C001627,156.15575232464522,0.6682187458726315,0.8877848568317495
CH4_C001628,195.68071389648028,0.5549497881438827,0.8662416956938943
CH4_C001629,103.04196114750965,0.3837138043518423,0.8480835211209705
CH4_C001630,212.5652628895483,0.5741755936655998,0.9113181738744442
CH4_C001631,9.797061759178716,0.6299383463204778,0.8726286130767296
CH4_C001632,181.42415086803445,0.6305677648864632,0.5912120662922877
CH4_C001633,195.18137230693878,0.8167101743325074,0.5706505248329166
CH4_C001634,178.24879379230546,0.4749192054689665,0.7936914676392444
CH4_C001635,88.63255337405684,0.9089402065854044,0.222826179013293
CH4_C001636,215.76593028856658,0.35684727411141565,0.39119894837934943
CH4_C001637,69.98533852614081,0.8734133478339214,0.5635769069218703
CH4_C001638,210.5148482516762,0.9049649595842488,0.3145561666688903
CH4_C001639,115.62625055992939,0.42083346435917635,0.2919509585408021
CH4_C001640,23.686278621928818,0.7543174857141224,0.34786582641706126
CH4_C001641,64.95470430161507,0.8834630414124691,0.6268749991937979
CH4_C001642,58.36307127437865,0.641704247834811,0.34848333006156584
CH4_C001643,100.20999998866293,0.5213858193921876,0.6380074478006492
CH4_C001644,241.82850778237926,0.437846994442704,0.9473845584009764
CH4_C001645,4.413010595403721,0.8762472110038009,0.9481534090135668
CH4_C001646,231.3290358830006,0.8900695952844695,0.5888904314865824
CH4_C001647,18.97688435915232,0.6758906484436906,0.7157793564639623
CH4_C001648,134.1828692498414,0.6181640948766238,0.9309678244415267
CH4_C001649,137.51864923360455,0.5952483700978835,0.9459358835439671
CH4_C001650,170.55542486982293,0.7459393305717831,0.3009802673600572
CH4_C001651,237.23245964784104,0.7621854793688332,0.5218134889274129
CH4_C001652,124.309900892535,0.6739382515592371,0.9105629906869759
CH4_C001653,236.1537079372835,0.5437150078868251,0.9139129387415323
CH4_C001654,152.5925707314771,0.7734027260528353,0.8928720337905445
CH4_C001655,74.65243994072956,0.6150473142570523,0.46893042726744355
CH4_C001656,2.4706652195921053,0.4180326411868395,0.9478036102804803
CH4_C001657,87.7504028813244,0.626042858552506,0.41445697525830333
CH4_C001658,85.70449308164605,0.38936244979014123,0.8912804975374069
CH4_C001659,215.75635288782638,0.673580351692774,0.845417272957838
CH4_C001660,28.284068399177077,0.5004848669425271,0.8195744853666844
CH4_C001661,89.64268393639233,0.7854615347642224,0.737082907575598
CH4_C001662,42.06718691748249,0.42264447445858316,0.7086900631957476
CH4_C001663,38.58194845347093,0.5390398099651414,0.9138159078409835
CH4_C001664,114.04399319163974,0.5702928002359366,0.35702833282066726
CH4_C001665,33.697639401789324,0.7545154754470218,0.30744345582644744
CH4_C001666,111.56144411561755,0.3533566814105937,0.8287884950566655
CH4_C001667,66.37437179717631,0.8170492452021514,0.7236579860446526
CH4_C001668,61.917476921033085,0.39325135669678424,0.6365790978089829
CH4_C001669,198.84999473548947,0.37971631208306655,0.7468914888996243
CH4_C001670,182.39072724632814,0.8481259052999541,0.8122871530307243
CH4_C001671,70.1056324498272,0.3346674260411875,0.65537642322682
CH4_C001672,242.86299764358213,0.5793749943539079,0.7807632480432483
CH4_C001673,121.54041865548479,0.8120665932716462,0.28724395225453947
CH4_C001674,171.57331421589433,0.3311090394123528,0.7060441420097874
CH4_C001675,47.52502713858803,0.856503119650714,0.5489150400439666
CH4_C001676,135.30332206552401,0.4771402377884655,0.2155952427644061
CH4_C001677,2.0020109073703996,0.7066337722452608,0.23707711419635932
CH4_C001678,193.00597668001333,0.3268616702956925,0.8118363526749592
CH4_C001679,12.65065792591677,0.6453072744924584,0.531891411045661
CH4_C001680,200.56653410199806,0.708076796643752,0.6175371372297869
CH4_C001681,196.23301802813083,0.38115347934790406,0.30064300244629405
CH4_C001682,9.238157982903811,0.7343812335900021,0.3902655492536249
CH4_C001683,109.8629193576697,0.915151068150198,0.36123080033681865
CH4_C001684,117.91070092876765,0.4169904295871241,0.6558118298627165
CH4_C001685,230.72253441074943,0.8064381513509753,0.5082082985510659
CH4_C001686,87.81657230401615,0.35304988346428734,0.32535943353452335
CH4_C001687,219.85703279857546,0.38092445807385455,0.7865887816182879
CH4_C001688,123.01486280648145,0.5990233921252142,0.711584893844802
CH4_C001689,0.05817942013519595,0.49430707702896926,0.8184342811888132
CH4_C001690,36.767455784068424,0.5420234554910935,0.4070677710460006
CH4_C001691,108.26168962465741,0.41778014534648256,0.35322943889896774
CH4_C001692,143.94978445952086,0.6650107413535604,0.274053194190395
CH4_C001693,38.863724300528176,0.5980604343405471,0.5504013281659255
CH4_C001694,216.42943605961608,0.7017039664549245,0.24488962117715157
CH4_C001695,216.74633182180804,0.6313529429255855,0.38671431902332487
CH4_C001696,115.87672813633677,0.4048748554718922,0.7831119130670492
CH4_C001697,114.8864376857161,0.4027593288089232,0.2301926879924967
CH4_C001698,128.39870537616238,0.4704347667489609,0.24485579644283262
CH4_C001699,81.5700626137118,0.5776213360244205,0.28488579011993986
CH4_C001700,117.02357046231498,0.6193141531194936,0.7574403567179613
CH4_C001701,247.03373137561485,0.4785821108831785,0.9035823381114896
CH4_C001702,174.4331159320388,0.4343346584590795,0.6779335085900318
CH4_C001703,236.42571189532558,0.6435258671070003,0.7619491803116067
CH4_C001704,18.508382984475936,0.7226571948459657,0.2659865099727551
CH4_C001705,126.86761931516993,0.7878945204161991,0.24837836883385614
CH4_C001706,52.0229264851981,0.5835938642740904,0.6302108930363453
CH4_C001707,111.5179823898908,0.8643250094446597,0.37853593337198926
CH4_C001708,228.67698219837925,0.36983074044506226,0.6232128710220547
CH4_C001709,184.89013877236007,0.7005986739916501,0.27109846754924255
CH4_C001710,124.23931174253985,0.37815068052780165,0.627954837969773
CH4_C001711,136.8350836217609,0.6990206927710164,0.9328837210760847
CH4_C001712,53.17852480577276,0.4825697703692434,0.7179120622908164
CH4_C001713,206.81132327756774,0.39054027832541977,0.47318703435981524
CH4_C001714,145.09227440000092,0.8969111080878971,0.5071022348708247
CH4_C001715,13.980620288935347,0.8392112493233852,0.7191330813204881
CH4_C001716,224.9400597338459,0.8521988596345302,0.3306829930993994
CH4_C001717,14.29101494223503,0.5213784655699091,0.3663411378695949
CH4_C001718,198.05478020191836,0.4877058739291006,0.9373076327383838
CH4_C001719,193.64302992149038,0.3411430370584602,0.8005896194888762
CH4_C001720,28.026925850675426,0.4644064567350231,0.810156928943139
CH4_C001721,3.9906386333793398,0.8344245034152675,0.9281615797237583
CH4_C001722,82.2010854191819,0.8185408409847261,0.5449483027736592
CH4_C001723,79.20494262986594,0.3969842052379852,0.4332928506187129
CH4_C001724,160.79153813449435,0.6101212615482601,0.7512519577526777
CH4_C001725,213.63335450372884,0.6293323292076436,0.7100617119560355
CH4_C001726,160.68428716907965,0.5484424982602052,0.8355294578155725
CH4_C001727,46.455645243341394,0.49461565992953793,0.3448332252170552
CH4_C001728,242.65009118291113,0.6582148301102488,0.8965859513684213
CH4_C001729,41.22516541927767,0.7593253632829873,0.2567631237917939
CH4_C001730,217.74410482640405,0.825454442043466,0.9112022311206174
CH4_C001731,149.07448696336706,0.8720886228160758,0.7677803755405825
CH4_C001732,86.24495122267234,0.5883932631753568,0.6432750521572781
CH4_C001733,211.65890443423058,0.4762509138209554,0.6153797019703533
CH4_C001734,241.91919393667786,0.4818552742456956,0.9072618413632021
CH4_C001735,167.8747832748105,0.885116624488415,0.5724726484718685
CH4_C001736,65.72837349977954,0.7075129862919297,0.29920990450462526
CH4_C001737,197.26418099934048,0.34920938899165743,0.7878811423462286
CH4_C001738,233.2003524210497,0.8765446675954998,0.640965106485057
CH4_C001739,82.53000641598166,0.6766644737252969,0.412417096707899
CH4_C001740,114.26780057465038,0.7541453985224279,0.4148587491132539
CH4_C001741,197.5160377697026,0.512441667800827,0.32029657134280465
CH4_C001742,226.31782420055572,0.7830698740549265,0.5036353247537955
CH4_C001743,237.8692486569651,0.8622267990803782,0.5749029334358136
CH4_C001744,99.47980877974378,0.5551853609985518,0.41763907869455497
CH4_C001745,158.0395287665857,0.6127149382124508,0.7268218215722859
CH4_C001746,48.30052141250227,0.582671093244532,0.2972276281074638
CH4_C001747,173.30375752338227,0.5727757370965384,0.5141922959481804
CH4_C001748,11.946789914279721,0.6696394612053737,0.2910896922526198
CH4_C001749,229.03276624655444,0.8305756454985829,0.9376027531442155
CH4_C001750,144.3700940862526,0.8264151499100012,0.3482849122603745
CH4_C001751,109.09373534911673,0.46846031017885703,0.47013715195614975
CH4_C001752,236.60847008327784,0.5366402202874642,0.5068538115590626
CH4_C001753,173.0047451646127,0.5061412804443054,0.53967082492859
CH4_C001754,52.42570523840817,0.8749460512723815,0.8277446135633146
CH4_C001755,219.58188218816872,0.5006225133347337,0.6706225957498635
CH4_C001756,38.354658078108,0.5609293559012303,0.2738104168597032
CH4_C001757,14.122862403236985,0.39707650932108485,0.5150663297099058
CH4_C001758,148.2004362055982,0.6679654866120814,0.5763265650046283
CH4_C001759,162.38258594155582,0.9178780229282197,0.27572974180810134
CH4_C001760,128.2291169915697,0.527753191885785,0.4976297134205702
CH4_C001761,70.58102497913501,0.6627818082568921,0.7820037843817735
CH4_C001762,193.94603654804575,0.3877413836049738,0.6357903249155907
CH4_C001763,82.46109125400089,0.6962098582725921,0.3517955892777316
CH4_C001764,83.56094987953067,0.5619984082978636,0.30351888775752944
CH4_C001765,191.37566851026327,0.5042799877078411,0.4132275207083907
CH4_C001766,157.31850744542064,0.5463366441789874,0.3060833181626775
CH4_C001767,39.2802780981262,0.7471034666542715,0.22110947774347306
CH4_C001768,154.77787679260504,0.8642081006748126,0.551322438167636
CH4_C001769,113.71486017307969,0.3689990580731879,0.6043186652430211
CH4_C001770,8.472911056324362,0.6912881605196997,0.5515299673160057
CH4_C001771,33.336696347470664,0.48502785182902275,0.7865546649873378
CH4_C001772,181.55199685478107,0.5390290095575411,0.22199792497990326
CH4_C001773,200.41105775117202,0.8844697108510537,0.3816508221020305
CH4_C001774,215.82293900382723,0.8471691401858497,0.35905356749831757
CH4_C001775,199.20062256733695,0.7192048868549146,0.9314496933416845
CH4_C001776,71.84997701738786,0.6721326660655124,0.923555058005999
CH4_C001777,187.86407762161113,0.5404210795670858,0.7758211587684813
CH4_C001778,107.98343432523185,0.885414696869121,0.43512858043468405
CH4_C001779,162.08314330730894,0.8217114185803296,0.8762709324262503
CH4_C001780,246.2313661888822,0.3309918018796122,0.9046352877439059
CH4_C001781,135.91480901054058,0.6000619841574094,0.5959741864812513
CH4_C001782,14.657810232568597,0.36148075201770447,0.7374445268845558
CH4_C001783,151.43791473852292,0.3946241103154178,0.9168184902005767
CH4_C001784,136.96441451985837,0.42765417766963854,0.7780379929056904
CH4_C001785,172.11023919361907,0.5191596417811817,0.34610551170641
CH4_C001786,180.26501656090002,0.358095384489404,0.9434363615425967
CH4_C001787,113.25435910950773,0.33177864144718205,0.8090485611711791
CH4_C001788,169.22793224062585,0.6212811402823644,0.589655262194154
CH4_C001789,99.16832668464157,0.521322345378557,0.6154681050522317
CH4_C001790,211.63177799244264,0.8885031316950709,0.3990613182128856
CH4_C001791,245.56476614022145,0.831077269843981,0.6923062831738489
CH4_C001792,209.10795397126455,0.36001019329321365,0.4715431401049725
CH4_C001793,182.2777523796598,0.7373039106875997,0.2515377132345509
CH4_C001794,94.93632167439542,0.7494536017299233,0.7176755608481376
CH4_C001795,183.9191757479133,0.3977750551363803,0.8342977618145648
CH4_C001796,13.78296563065809,0.44212399734773944,0.20764170529749698
CH4_C001797,7.31011475557311,0.5692683742943662,0.22164893259258767
CH4_C001798,90.3589667280769,0.9131897874402486,0.6821649967934947
CH4_C001799,201.7637259246027,0.5905135911694175,0.8653320579252273
CH4_C001800,109.76921803794573,0.651775689130633,0.7106654540895936
CH4_C001801,248.41782132842982,0.7284178937410234,0.5991502324367739
CH4_C001802,41.77510944335433,0.32596572531563806,0.9448270167084387
CH4_C001803,142.04052109846435,0.8145726989510871,0.3850359799069989
CH4_C001804,124.81672968338798,0.3445966529506654,0.9330424285919265
CH4_C001805,144.3121529766652,0.5821003735300189,0.27591566957734165
CH4_C001806,185.22566631948834,0.754766640287855,0.9260297594348064
CH4_C001807,207.95501500459844,0.4334872879100561,0.2589177570901582
CH4_C001808,168.65646537684268,0.6319031244851014,0.8837116553753173
CH4_C001809,10.89559139848581,0.9000125336787399,0.7291045855050011
CH4_C001810,105.8782778511629,0.7909881198011861,0.585187323574146
CH4_C001811,72.0135516255303,0.8133139058398481,0.3758809847252012
CH4_C001812,200.1286098448565,0.5425556907378815,0.8760444291719212
CH4_C001813,191.36783861730694,0.6448340570311919,0.7021321129215521
CH4_C001814,39.311271084675305,0.44720885162606266,0.693879939692076
CH4_C001815,7.42902381509905,0.8886976623965859,0.35765946981759805
CH4_C001816,153.98337193167288,0.40517051840321017,0.5353953450402422
CH4_C001817,42.994186986374885,0.3290768097743631,0.819167393179052
CH4_C001818,46.70646572835824,0.7755072612456153,0.8035032311332502
CH4_C001819,115.82968325848329,0.39141714296536234,0.3063949903212203
CH4_C001820,180.45104573678177,0.7749369360334688,0.2688011028746219
CH4_C001821,169.4235368310747,0.7963688650293759,0.5521759838856433
CH4_C001822,82.79538299102556,0.8679435057422007,0.5182484401963408
CH4_C001823,10.386643468328682,0.9177364380771511,0.5411985097078063
CH4_C001824,77.79293951008925,0.8279528494908073,0.3177047564560597
CH4_C001825,16.294608424460094,0.39575072804262773,0.6169537179409392
CH4_C001826,167.79154058076114,0.46729569503532775,0.8781515623822786
CH4_C001827,240.9982590221483,0.8610249667594065,0.7453099670672627
CH4_C001828,177.76303494106335,0.4624546100075957,0.9274598237394065
CH4_C001829,138.76802561853296,0.578668401808251,0.44073241742309877
CH4_C001830,137.42611123314558,0.792323725839692,0.8101185704175502
CH4_C001831,202.94343071668567,0.5123046358624741,0.9115449593467171
CH4_C001832,43.74085507372563,0.7087098095108382,0.558523089316761
CH4_C001833,113.21405787725864,0.3249759716054745,0.6289897931646977
CH4_C001834,235.67556270505634,0.7836094606959162,0.6666159282896547
CH4_C001835,235.53871095898984,0.612754410098689,0.7387013518023964
CH4_C001836,116.40178010419736,0.4780589766727389,0.5640826578508691
CH4_C001837,239.64403671752478,0.34260301423059575,0.667608015100353
CH4_C001838,246.95081176402263,0.8176560832803478,0.6936095102988844
CH4_C001839,207.9062460815371,0.6003415462142929,0.6162047534152302
CH4_C001840,99.74751171715157,0.4451244551145077,0.47612980615862616
CH4_C001841,144.0523694596941,0.3242266731825532,0.8948872961657202
CH4_C001842,248.104209942401,0.4789470021760994,0.4642295196059349
CH4_C001843,110.51187802994662,0.4912156970014142,0.240352867799636
CH4_C001844,223.1235368969302,0.3493696025479063,0.2767434552073861
CH4_C001845,139.60251635041135,0.9073395789649357,0.8104849688813935
CH4_C001846,164.43519155277195,0.5287885445598393,0.48371569405649056
CH4_C001847,238.18905490983155,0.3397582971621972,0.6314851002236965
CH4_C001848,20.496172856531825,0.5816339936508879,0.9116389698241483
CH4_C001849,6.146627090347579,0.5676490284471583,0.7271978911623886
CH4_C001850,125.27706468860109,0.4058122275247162,0.3605087304864083
CH4_C001851,38.63728523487045,0.6797271401011253,0.25830200706819606
CH4_C001852,195.68991512059435,0.7129628752563705,0.8818713923221908
CH4_C001853,183.66552774583172,0.7361878533136064,0.6092216334651355
CH4_C001854,203.83413321770865,0.4366000752253721,0.5965783495637784
CH4_C001855,202.56915757385104,0.5172811504278059,0.4983437726285312
CH4_C001856,231.3747441802147,0.5848215399363385,0.4152483788980603
CH4_C001857,186.76322536511097,0.803437085362968,0.6538140411939148
CH4_C001858,158.07884455434726,0.4375606442271143,0.5526210338646043
CH4_C001859,0.03736357072833818,0.7238572724745478,0.4737782467469081
CH4_C001860,179.99995484536174,0.7765372003256115,0.8488151248169233
CH4_C001861,91.60755007638899,0.4983346385969709,0.5054148191161774
CH4_C001862,172.23737228348415,0.6354861722760305,0.23195677776515702
CH4_C001863,183.32223515219235,0.334776072005562,0.3200370871398116
CH4_C001864,107.99929868404762,0.8912278521326127,0.2433456025227742
CH4_C001865,73.51398779890256,0.5583066583816341,0.4599143785642577
CH4_C001866,229.8900556974548,0.3417821320144224,0.9267287767048864
CH4_C001867,224.2005970356052,0.40137590191597605,0.3419089890402259
CH4_C001868,121.04195729311756,0.91859113567566,0.7662058327168704
CH4_C001869,115.9761936014597,0.38505641128362045,0.8880904969306018
CH4_C001870,26.269703911947413,0.3379385543206527,0.5587519094384996
CH4_C001871,191.65517280923777,0.5216307502816272,0.4308190775502848
CH4_C001872,128.2654663306317,0.5038423215040942,0.8116943993630346
CH4_C001873,141.09358111647728,0.3233207998431062,0.6863004554799823
CH4_C001874,105.6108641731007,0.5131418185572587,0.8595131264612903
CH4_C001875,59.58716311340362,0.9043093446365666,0.8395437106404433
CH4_C001876,224.33266356547762,0.4390225491576103,0.44810299104818163
CH4_C001877,102.9960008963518,0.796534429980092,0.7572406345709883
CH4_C001878,108.71889497693677,0.4632866314093451,0.5181219749521574
CH4_C001879,139.47521739354417,0.8980889958087914,0.6086531370629975
CH4_C001880,143.75536677002438,0.5284909633123307,0.725515967618058
CH4_C001881,57.138030377394486,0.7863506166228268,0.9366298685220129
CH4_C001882,8.095653401368585,0.5870924337924943,0.34417889287680287
CH4_C001883,42.56701276720448,0.38556290404153143,0.41680005451791846
CH4_C001884,81.16206085520302,0.7831055512406131,0.3108799412439929
CH4_C001885,169.64825688404696,0.8438337787353993,0.21283616395165988
CH4_C001886,12.375452043744017,0.3529938583527108,0.9005985770433067
CH4_C001887,68.01165103016538,0.7075200250158833,0.7272524278750034
CH4_C001888,53.9235924113213,0.7459960954772382,0.8953096646063872
CH4_C001889,21.7651539708843,0.3790621526706202,0.2853558601190478
CH4_C001890,119.1716595270647,0.8532983659931155,0.7250107704404571
CH4_C001891,178.96790526980226,0.8925202290200214,0.2951120404886623
CH4_C001892,198.0383008120698,0.7949608311887855,0.7314227152645907
CH4_C001893,31.647563538215103,0.4241565606741833,0.27909450593441576
CH4_C001894,249.79900540589006,0.5996171592161157,0.6303317448293999
CH4_C001895,54.71330187361864,0.8738350975518678,0.40187197217166537
CH4_C001896,114.35112368033684,0.7408317911076507,0.486650279178178
CH4_C001897,247.59781168075352,0.582595252840549,0.33140664913958573
CH4_C001898,62.94593001328524,0.6307847044338932,0.4094844787546993
CH4_C001899,127.80236955455213,0.5482025420661059,0.6358498336423448
CH4_C001900,144.5744293548425,0.3943787104629686,0.7706156667137627
CH4_C001901,188.3667043306525,0.7925590633125517,0.5144662665915436
CH4_C001902,169.50233561389481,0.593094855748445,0.38923181589782746
CH4_C001903,150.16579223607002,0.6303172286822801,0.5064255992611979
CH4_C001904,157.53408503372313,0.46798813215924345,0.5307367751300134
CH4_C001905,195.4683412186209,0.7756459372649864,0.7000011684976113
CH4_C001906,20.919630255366307,0.7619889244292994,0.8460004201428601
CH4_C001907,198.46506210363472,0.5893127015427324,0.7808148852667272
CH4_C001908,9.415289299966712,0.7010640237699479,0.3444385466201459
CH4_C001909,159.7762569089557,0.9021325440710986,0.38401791545616504
CH4_C001910,223.44192903169002,0.5065723541871388,0.488305814134354
CH4_C001911,129.46979732071605,0.5342646362739095,0.9271091325534211
CH4_C001912,153.96999283141312,0.3208548848335443,0.9397355775094394
CH4_C001913,164.0455047172313,0.8437342652967805,0.6706852373815724
CH4_C001914,218.84362229504927,0.6183562429321338,0.6099649207129632
CH4_C001915,56.08461049660435,0.7660846868091626,0.590083359823713
CH4_C001916,1.3607523134848143,0.736532366748063,0.7634723792625995
CH4_C001917,227.35793103260184,0.33037640749257585,0.46658347479621604
CH4_C001918,30.532146319424886,0.8114576717644416,0.7462097374537082
CH4_C001919,73.73110260438312,0.39953590575880427,0.8431533525444672
CH4_C001920,34.170992528843925,0.5032016584190597,0.45990406703211
CH4_C001921,16.25484019499279,0.7352065072338344,0.6732985054629881
CH4_C001922,181.0967525261659,0.7199089356432713,0.7528965942872909
CH4_C001923,20.583178821459242,0.6046069165450811,0.3864967386146745
CH4_C001924,209.42528661552666,0.8083402807043236,0.5324572817477253
CH4_C001925,209.58890452342155,0.8590404190505405,0.44559423468597376
CH4_C001926,230.38371573042352,0.6442179923850675,0.6231820841578477
CH4_C001927,163.98725578083707,0.3941733590131795,0.8903341016436843
CH4_C001928,82.72634529595979,0.6901400012047918,0.3602818847054746
CH4_C001929,175.3558370113733,0.8047564671454093,0.3223096646856428
CH4_C001930,72.31362257286419,0.3773687301687967,0.4178600677986984
CH4_C001931,42.4263563430772,0.3681277009811076,0.8735716175358168
CH4_C001932,101.6376814292351,0.6365032561411585,0.7739347518642525
CH4_C001933,184.15722243827412,0.8366179752258851,0.5551766966175251
CH4_C001934,169.83578668304023,0.46027733307874374,0.8380463004421064
CH4_C001935,220.25617400550252,0.4685880516273607,0.45589230331290026
CH4_C001936,120.26799655491193,0.6786435487720717,0.7413663710033889
CH4_C001937,156.20069646795645,0.7949937519239947,0.4850159477641794
CH4_C001938,163.49754947051827,0.3773693018745646,0.7765456755583662
CH4_C001939,9.378891183167982,0.34657063743203204,0.7072970946068151
CH4_C001940,218.96017866376073,0.5000311453444992,0.726135900827569
CH4_C001941,108.01290676419589,0.4828735682240077,0.6869042627783448
CH4_C001942,118.77939481734337,0.8889549001594808,0.4632692790318791
CH4_C001943,87.58532904255418,0.8526432019351178,0.567351694072151
CH4_C001944,80.66503199820013,0.39719483397346267,0.23602115777172042
CH4_C001945,225.3462898837389,0.9093107003326104,0.7022734393633583
CH4_C001946,215.69435974973598,0.41855191202394293,0.6395582739826997
CH4_C001947,158.62345415964774,0.6180736103391321,0.6877814959601294
CH4_C001948,166.01038766346983,0.5167027964943418,0.7271144405898713
CH4_C001949,129.51035981452313,0.41304552339747097,0.912903633864987
CH4_C001950,76.4699631102401,0.6676794654522982,0.37810487014332683
CH4_C001951,181.61033780389582,0.7587631860225561,0.7912617050791328
CH4_C001952,151.3513736079576,0.5180117744060407,0.847788087489024
CH4_C001953,62.7760784508366,0.3831306077899267,0.2410445510457485
CH4_C001954,132.8441791122753,0.4373830285491802,0.6773326807980076
CH4_C001955,247.32286130002552,0.8161611261366769,0.8832778312257317
CH4_C001956,166.59990648039852,0.3312150812623538,0.8258524275876367
CH4_C001957,129.72204451287774,0.8106305141459932,0.4262450265074659
CH4_C001958,234.2446303360354,0.7996431737779581,0.5970951162332785
CH4_C001959,212.5145378119324,0.3456845566968686,0.39933762306088394
CH4_C001960,172.4707636924775,0.8784960804610864,0.2801178070915261
CH4_C001961,154.05622298083728,0.5991719957585506,0.5246498354566635
CH4_C001962,19.65654351602375,0.5046698488952391,0.45758410753884704
CH4_C001963,192.17689213963502,0.6851893305691578,0.3429004761840951
CH4_C001964,78.62385535084154,0.8024248221268415,0.32313840081792267
CH4_C001965,188.33387813504567,0.3830729954594457,0.8636267425040363
CH4_C001966,138.6749611687292,0.4606419948815277,0.6776044238347665
CH4_C001967,107.21504291824327,0.6172294931355469,0.6686672109315468
CH4_C001968,187.59955926673965,0.659664950845231,0.7732291029289085
CH4_C001969,167.2188231665087,0.32525161120410623,0.22074393423710892
CH4_C001970,47.92485649599243,0.4609383307538586,0.7773238925561834
CH4_C001971,37.06336741542399,0.6955481187978896,0.7328231621495334
CH4_C001972,214.14889333475915,0.32728868794857696,0.9051584554376646
CH4_C001973,102.30931955969805,0.3990251247741038,0.7017516214946848
CH4_C001974,24.779989898607163,0.7645633379699244,0.3746568374523724
CH4_C001975,191.5047792887456,0.4724057020801097,0.9270463556934558
CH4_C001976,118.68225747244732,0.33260097447281667,0.5321513834499536
CH4_C001977,131.94638608472104,0.6063067631777423,0.36098014674225143
CH4_C001978,127.34161351277734,0.35354657173708626,0.8929157139356687
CH4_C001979,6.128292990829065,0.8897126554265116,0.3344198631113462
CH4_C001980,149.32814549606186,0.4699482436855412,0.7557115343140295
CH4_C001981,134.49109464357176,0.678664699364221,0.8829624632511222
CH4_C001982,108.36145228798799,0.7711059705219498,0.6543530571920196
CH4_C001983,2.5958067190453296,0.5319982565358203,0.2168424300355223
CH4_C001984,77.13448917968302,0.8478851866861818,0.2704299288964227
CH4_C001985,101.0201290800776,0.39334652555376637,0.21422980667832098
CH4_C001986,14.74298519102607,0.45584812265318225,0.7282465343104119
CH4_C001987,153.73753788299445,0.704506741869926,0.6587236886103045
CH4_C001988,4.740039402077373,0.48278023592039554,0.5291187094175387
CH4_C001989,200.81113482422626,0.9176862900597436,0.4007929111760734
CH4_C001990,162.31500123102256,0.5069471229356074,0.5259893673949365
CH4_C001991,107.16585268114981,0.8342618306466814,0.762785318796301
CH4_C001992,189.81203768378222,0.39011674435461663,0.607997881400645
CH4_C001993,189.35722463769952,0.7124185317199778,0.5953828057425006
CH4_C001994,203.83911267605853,0.7096759289203912,0.5739095546546195
CH4_C001995,161.87149526714572,0.7886428430839049,0.74977419817854
CH4_C001996,170.79411504370364,0.548620771177813,0.9458075063874587
CH4_C001997,82.02879173100696,0.5504858113143162,0.806609458301925
CH4_C001998,124.76519982726239,0.337505511969969,0.350189514893236
CH4_C001999,173.82121590141142,0.9177222632374404,0.6382709196036
CH4_C002000,194.19674017793852,0.8022700076170461,0.8744857255285781
CH4_C002001,19.56803233820162,0.5411860712016614,0.9424990735438095
CH4_C002002,141.92192794899051,0.3298791670594952,0.7694504294757127
CH4_C002003,66.7446324193004,0.39370662442259957,0.38083212789981724
CH4_C002004,159.02244537929926,0.7670057515804044,0.4957085986298517
CH4_C002005,244.15840303156384,0.7776987346477229,0.3126494005214321
CH4_C002006,117.50862145816221,0.5110719947898452,0.4639471066152973
CH4_C002007,131.82708161629716,0.8065872652233341,0.41548917498392135
CH4_C002008,240.2149590571252,0.9000822041445413,0.6955923950994307
CH4_C002009,158.30949098069658,0.7548510393930299,0.6881996423787591
CH4_C002010,150.9993362337404,0.4570886245096575,0.3039536628179126
CH4_C002011,237.70975444129274,0.6233342277452494,0.5033325228081607
CH4_C002012,99.71530680191964,0.6128711729455827,0.7367262883629273
CH4_C002013,93.29726524736608,0.5518777980236924,0.5354600405214234
CH4_C002014,166.92767063125237,0.46479381820201393,0.4575122090148607
CH4_C002015,169.03645461207762,0.3634486825169912,0.4731174394871091
CH4_C002016,205.05264618866494,0.7434466330934018,0.7848100199347363
CH4_C002017,177.61198081578502,0.7763231282053948,0.2757880401636492
CH4_C002018,241.4136318371645,0.7271714021780773,0.2128593396575885
CH4_C002019,39.90534869728557,0.7664347363336463,0.8983775947450654
CH4_C002020,190.8249093262036,0.7026985563744164,0.6689596550795993
CH4_C002021,54.40570484904841,0.7256432302203858,0.9284093091204837
CH4_C002022,48.393293827384916,0.8832401312137483,0.848925219710875
CH4_C002023,193.82939734410908,0.47506808195812794,0.6902297007166078
CH4_C002024,163.31554292773905,0.7085239513554387,0.8961463437920176
CH4_C002025,3.482332672539945,0.5179236941839227,0.2363933211011202
CH4_C002026,10.694444416469745,0.4207177579803544,0.2411346229073446
CH4_C002027,228.09430246824223,0.5757407799632848,0.7309696094985616
CH4_C002028,54.84057822520991,0.8054766777873736,0.8012682488780152
CH4_C002029,108.67508633896095,0.8573662662494104,0.20130942672503493
CH4_C002030,217.61776592722663,0.7200970259238668,0.8302914609036867
CH4_C002031,247.86675958862992,0.6678247196960532,0.8398230366562871
CH4_C002032,100.28682919758866,0.8250700506549482,0.3233476849639999
CH4_C002033,128.84609210498078,0.7019975231398552,0.6204599635197301
CH4_C002034,114.53741600201847,0.8080921051246168,0.30377695419716066
CH4_C002035,202.3431129733535,0.363838602133147,0.42168795997527336
CH4_C002036,19.931560849184322,0.5700502360131774,0.20499369028440195
CH4_C002037,164.26318916009873,0.6106722971995404,0.832827276991285
CH4_C002038,237.08890923188193,0.5674333587271297,0.6887500460248096
CH4_C002039,193.3380700135427,0.6238378126368935,0.599375884373325
CH4_C002040,213.76205488422622,0.37159171527340856,0.3386396769827987
CH4_C002041,210.18772921259458,0.8930478394786532,0.823490557340578
CH4_C002042,88.1996000192723,0.8282529654971702,0.37551391657185174
CH4_C002043,46.60713985296236,0.5094947236509181,0.6648984341122608
CH4_C002044,209.48990899054493,0.7467735375546718,0.7679012135058436
CH4_C002045,198.1685551283502,0.7357936392096927,0.8949075855987694
CH4_C002046,227.29188456518912,0.32282768630845976,0.4859704297127731
CH4_C002047,94.60791339534985,0.9177842401520042,0.4995721692518605
CH4_C002048,124.48089989392619,0.5245988193735277,0.8104982773332345
CH4_C002049,51.6531805319006,0.588169769156514,0.563242981984801
CH4_C002050,42.68677266501408,0.3521061472538395,0.4574076268171407
CH4_C002051,107.60369512619312,0.5141387085084351,0.5905145701864081
CH4_C002052,156.8496050363452,0.7380519891177593,0.6714095096088555
CH4_C002053,127.92430042481188,0.9137061614171917,0.4787207548552472
CH4_C002054,41.56031981881514,0.8978180645388301,0.47937563512708486
CH4_C002055,38.21859424286758,0.8965644186752857,0.8178148951369473
CH4_C002056,107.50051617433532,0.6052899564229595,0.7181930712139342
CH4_C002057,118.5705774293522,0.7324345632430769,0.8578890662179903
CH4_C002058,62.23809592324361,0.32591752852895123,0.4917347638690141
CH4_C002059,9.941176516819084,0.7181423908939291,0.52958235668358
CH4_C002060,43.68461186646711,0.7854973857428482,0.6181318847506669
CH4_C002061,148.52973341249074,0.43056811639078585,0.2871904346340597
CH4_C002062,170.1459360537262,0.5454128587995348,0.43396350868529926
CH4_C002063,217.46963065523883,0.893692244387031,0.8071729006208455
CH4_C002064,62.862125107869375,0.8465186359923276,0.4803764871562541
CH4_C002065,36.749692701684324,0.8278878344399134,0.38710479293581845
CH4_C002066,39.66625103500593,0.5163469099323071,0.39621773626221957
CH4_C002067,42.45860801073456,0.326209492722574,0.5815596558309828
CH4_C002068,21.1454362181967,0.34456549915757895,0.8035742153116967
CH4_C002069,133.2869915588701,0.48679939754629625,0.7553310235289235
CH4_C002070,80.61314941350675,0.39935145749519213,0.5873361835656192
CH4_C002071,191.84289422345037,0.6332075617914878,0.30377935466217426
CH4_C002072,239.0493935313617,0.7390730606987825,0.5882720413188314
CH4_C002073,54.95285377527978,0.43179081458429447,0.7770549540906933
CH4_C002074,5.509101703176422,0.7342532745884931,0.852976484608228
CH4_C002075,17.03282022913041,0.7445353882594717,0.7937861774906865
CH4_C002076,31.829228790726305,0.827747506159684,0.5138432220949227
CH4_C002077,171.69868678613088,0.44570684091007373,0.25460119350653143
CH4_C002078,49.235494725003186,0.6514480498914859,0.25489470159390615
CH4_C002079,130.43394063629142,0.7548678693873698,0.6140016804387591
CH4_C002080,40.35438020730317,0.8834132022367605,0.6527019425840659
CH4_C002081,129.53216676172593,0.9096603917283219,0.455846741781069
CH4_C002082,219.89498757623224,0.4008092804160104,0.48239157533559457
CH4_C002083,8.707434631186006,0.9157025674977588,0.3754004650773609
CH4_C002084,129.3635668080465,0.7820475098049888,0.829203868203922
CH4_C002085,82.54300270723441,0.8581237084221585,0.25755653243246635
CH4_C002086,37.847409435253724,0.42872315754052737,0.6674130110722856
CH4_C002087,102.59561793119954,0.9144590164043882,0.7116452337896866
CH4_C002088,82.48841529583636,0.6080233520876241,0.29895467956386484
CH4_C002089,209.45820042149074,0.5872807499799932,0.8686367540283637
CH4_C002090,127.65415746963876,0.6716440952533355,0.9119464615831032
CH4_C002091,222.2715942490429,0.4063704634722791,0.7724369955707369
CH4_C002092,170.78601951039377,0.4369232460197724,0.25319673835545287
CH4_C002093,203.7488607212128,0.7906588847681795,0.5650204734117062
CH4_C002094,110.96790182250632,0.5691723349391243,0.7012891847653566
CH4_C002095,23.29514408807104,0.6289779332678869,0.47557971995775944
CH4_C002096,29.18661532358596,0.8012846402731469,0.672268304175524
CH4_C002097,217.9222593154576,0.37612745248728774,0.4725344272612482
CH4_C002098,158.95933421158557,0.7331264000232163,0.5618764804862324
CH4_C002099,122.871773930217,0.7305320778944955,0.46651214153080006
CH4_C002100,120.67666395951723,0.3494848024614845,0.41273531057493507
CH4_C002101,56.806048478279166,0.7636737901002155,0.8852253577084028
CH4_C002102,138.67559972989486,0.7033660877050094,0.5574610956874275
CH4_C002103,88.83581443299646,0.6892096443858983,0.35553987560412126
CH4_C002104,116.29195254136133,0.6351848430041676,0.7827172567084231
CH4_C002105,121.3372659418549,0.7053209458986902,0.538024189378697
CH4_C002106,122.59465024583743,0.793749659121952,0.5152179036574244
CH4_C002107,178.1825754970747,0.4706601957409139,0.4496908702828063
CH4_C002108,14.962560010667897,0.8478832854084857,0.5286423715393689
CH4_C002109,41.821168783284676,0.36648983009776703,0.36646718009051105
CH4_C002110,22.753023650689624,0.7772958403129462,0.37543701229821946
CH4_C002111,77.94803426203428,0.6263944393005645,0.2690059864081689
CH4_C002112,220.36082724187634,0.7127580179233192,0.8208425094076834
CH4_C002113,178.68272913414788,0.6650126426721017,0.7225366659932151
CH4_C002114,53.70622945060985,0.3747036016402311,0.7893295731954173
CH4_C002115,16.996263524544613,0.7101170241806716,0.8304749167069874
CH4_C002116,0.9939379359918954,0.807784556119336,0.7944346059404443
CH4_C002117,217.97554537355865,0.701276066331451,0.9424896808908156
CH4_C002118,21.79789718201991,0.5563721592869677,0.7361195004262566
CH4_C002119,179.3106163557423,0.5796402266146989,0.8378492574823708
CH4_C002120,123.67718828338381,0.5830355201700931,0.5788154110854276
CH4_C002121,178.7212301848656,0.4272964794072498,0.301126237311659
CH4_C002122,175.05444227017446,0.38241171803153645,0.39346007389579185
CH4_C002123,29.211597280129286,0.41295040039574216,0.2846321794355342
CH4_C002124,227.52878602836861,0.838760506732092,0.5696467430799892
CH4_C002125,14.657758452172043,0.43762121406532994,0.919237164178569
CH4_C002126,67.34651245513403,0.7657550166107607,0.7844429992082103
CH4_C002127,84.33194444407407,0.7468569080561976,0.5607880911644785
CH4_C002128,34.3361607442059,0.5600876918359803,0.5905249814526612
CH4_C002129,34.88549457706242,0.6540179839877883,0.71853016740213
CH4_C002130,35.44596404404673,0.6251265510824145,0.9378078939284495
CH4_C002131,100.05563305128761,0.7245669804274486,0.4068469995727209
CH4_C002132,232.9296624238834,0.48556689744353587,0.28160243100028315
CH4_C002133,228.87096667636501,0.7494382930267709,0.2579041127405237
CH4_C002134,91.3146603100696,0.8738770787327486,0.8464898844152762
CH4_C002135,249.94372460804394,0.601722574503029,0.8504257720970982
CH4_C002136,53.257046774842024,0.5707956597546946,0.8788742031980885
CH4_C002137,72.20291923095517,0.7328220022919042,0.21875295963363445
CH4_C002138,66.2808422139671,0.7986471340103205,0.8597085761850094
CH4_C002139,135.62693977698837,0.7639333597082395,0.3616414654511156
CH4_C002140,146.23715803933112,0.5020681558557015,0.9032394725963118
CH4_C002141,209.57002206604693,0.5514445912665479,0.8979964397008007
CH4_C002142,164.98090865429998,0.3931940476175386,0.7219511152887659
CH4_C002143,84.54899591242169,0.8352393005178964,0.6179851189972398
CH4_C002144,99.14502089246388,0.8287232945753931,0.779136717347575
CH4_C002145,147.7924255595958,0.3419457514900994,0.35408269509569656
CH4_C002146,10.231831008150339,0.43774016879130884,0.6609074020142353
CH4_C002147,242.00530877302953,0.42424890746188626,0.8001808152346479
CH4_C002148,110.01220692452243,0.4978704086062745,0.7752852136622164
CH4_C002149,29.87228121645699,0.9020435873888921,0.4500664878637403
CH4_C002150,180.05519429927202,0.8013336491739664,0.4457759077067362
CH4_C002151,189.6659651043274,0.3338859189144579,0.35051355062913087
CH4_C002152,235.4934576971963,0.8701379396634243,0.6685580746128352
CH4_C002153,224.87791234430833,0.34975232261674166,0.2940722084304373
CH4_C002154,87.18566972396155,0.7501150269185375,0.9321459750658643
CH4_C002155,228.69149165129423,0.3382483588009417,0.2897250246944564
CH4_C002156,197.469757721428,0.7857083199864477,0.6028275074749108
CH4_C002157,174.45966009595114,0.862982435589184,0.4089732138657264
CH4_C002158,233.65195074531795,0.682668355761165,0.7598483753498968
CH4_C002159,122.86749434223098,0.7642255614125189,0.54331593117748
CH4_C002160,92.2120214729443,0.885975853934595,0.2671427752518662
CH4_C002161,58.05183810575143,0.8870142989040344,0.8037126654919655
CH4_C002162,145.90564908043763,0.3476828920138212,0.5594139102671754
CH4_C002163,179.85442031484078,0.7868401713220641,0.31659948490664713
CH4_C002164,96.4814285606233,0.7282517297986841,0.5479038957334355
CH4_C002165,54.17909749380995,0.3984194510935914,0.8845068261496067
CH4_C002166,110.24528237868739,0.7629400772774197,0.30675971847229955
CH4_C002167,116.07603033817618,0.4822665884476377,0.8828967619291237
CH4_C002168,133.1379226916998,0.8876384825603527,0.5283101279776494
CH4_C002169,64.938138211216,0.6625262080774448,0.8017889804684268
CH4_C002170,212.58603359484957,0.4912346547814352,0.4481066777885435
CH4_C002171,20.271147267424684,0.3755779751340427,0.5252385744782206
CH4_C002172,248.98886497586327,0.6995270149337829,0.6657450875707878
CH4_C002173,48.8979627763079,0.5415963841050859,0.5286488200407911
CH4_C002174,215.4442642017167,0.7063553366869895,0.5617810835551351
CH4_C002175,157.88237088111472,0.5994285140604068,0.739139015038665
CH4_C002176,48.324494259547656,0.9100357399044043,0.5002707840044442
CH4_C002177,201.83938161020777,0.8040121216709644,0.9339813476720891
CH4_C002178,45.82015360151631,0.8833044320090133,0.24292328924918485
CH4_C002179,216.3135352214657,0.8535954981679945,0.5673115442209633
CH4_C002180,87.78569655662221,0.5225086720925705,0.6065975651448412
CH4_C002181,18.563009891504585,0.9111664079045421,0.47825378874699315
CH4_C002182,182.64453731424555,0.6336577970362047,0.5374612299350585
CH4_C002183,21.564316207120406,0.45965530483742956,0.3450537019535652
CH4_C002184,227.6580299461064,0.8427308936232714,0.6492466479864081
CH4_C002185,99.90639660526965,0.7420732784872952,0.5609947935357991
CH4_C002186,176.65588628892505,0.43334240644441807,0.7958843066415715
CH4_C002187,95.25938061822842,0.5878780011624862,0.3373157903509322
CH4_C002188,8.963118333953911,0.39246508678111863,0.7422069137935898
CH4_C002189,65.63775620180104,0.41274355931985385,0.27612820842947206
CH4_C002190,74.58164930778396,0.5962371260242916,0.7856900140415204
CH4_C002191,139.09746836217832,0.5021976404145061,0.5267472171761884
CH4_C002192,36.300701257444054,0.8683506352218657,0.47927775323862964
CH4_C002193,48.469043383842866,0.3538210192095229,0.7995698432937925
CH4_C002194,214.98059674780535,0.37896189563751415,0.92921245214007
CH4_C002195,4.0967467249157234,0.877442951978586,0.38164715605747124
CH4_C002196,137.20780255425785,0.918414943130154,0.8260352063215641
CH4_C002197,187.8402068655482,0.38302701665338323,0.7762700674201921
CH4_C002198,6.949526152769447,0.7930029618516052,0.2738777432033527
CH4_C002199,135.84293510129473,0.6770362020329674,0.5700744399732789
CH4_C002200,9.881979020253173,0.8631965620421858,0.6978019011986667
CH4_C002201,12.804005470890056,0.5501866070507437,0.8409454697014305
CH4_C002202,93.46082060648767,0.7329656744488557,0.34777242966563654
CH4_C002203,163.04109280160634,0.38208535683194134,0.3925529905885232
CH4_C002204,145.22724020310457,0.6663491214962818,0.6165850445669059
CH4_C002205,202.35402539358867,0.47820711411373323,0.3630925130408086
CH4_C002206,22.510588013494704,0.610173206047904,0.772287912848413
CH4_C002207,200.88308757791128,0.4972600222140293,0.44253920587564444
CH4_C002208,137.567116213025,0.7839737058638181,0.6243651797941854
CH4_C002209,44.93233350754411,0.5739226227632589,0.9467379109412766
CH4_C002210,74.81273801818148,0.35256201528114195,0.503598163908856
CH4_C002211,181.82983963899247,0.3675051316385691,0.5138027996935699
CH4_C002212,141.56519437483692,0.8752255136114131,0.589537566594944
CH4_C002213,223.11389200393663,0.4490850619765418,0.5727932861297169
CH4_C002214,7.010086886857336,0.3485497916163486,0.4582771950928129
CH4_C002215,80.74700463237053,0.844121499762039,0.3555702927816604
CH4_C002216,22.732168083790082,0.37607853071489483,0.54701722454358
CH4_C002217,230.89323564421625,0.5176023158293536,0.2057917412663574
CH4_C002218,118.19888715709395,0.5709501185353532,0.45838059442979523
CH4_C002219,25.258534103034247,0.5566112550373831,0.6957964299547752
CH4_C002220,68.6370903305659,0.9048958758706274,0.8164391370854438
CH4_C002221,212.63974952380266,0.7319011479996821,0.842791881997311
CH4_C002222,84.97918034125334,0.6312456854618188,0.21545335913690636
CH4_C002223,43.4652198642409,0.8824000008755575,0.5430011647766624
CH4_C002224,214.64149640994796,0.343332786995613,0.5686076628653167
CH4_C002225,9.14508457405594,0.8178772536576498,0.360428197180063
CH4_C002226,114.27893180338147,0.8403665351226763,0.5288482250562498
CH4_C002227,207.7645200779556,0.6286958627219841,0.6013833766071337
CH4_C002228,93.57480514932045,0.7631365674472024,0.7718929786802946
CH4_C002229,139.37390338606923,0.7087495523593428,0.22626280537239424
CH4_C002230,216.33206965181736,0.5976998457384987,0.8291361469990524
CH4_C002231,88.47561766977533,0.38288600659053923,0.6865427119887133
CH4_C002232,125.53920750176853,0.32425466053288143,0.716312258222882
CH4_C002233,177.01935300601326,0.44180167732535025,0.9099013334170345
CH4_C002234,175.28396938232967,0.7589212597784474,0.9215600126866446
CH4_C002235,195.63973717231949,0.5237442594004718,0.23482207410637929
CH4_C002236,87.83164038092814,0.5244174807916533,0.8722503567084701
CH4_C002237,218.25139905715892,0.5448756315403103,0.5958677587765826
CH4_C002238,113.7550826853424,0.35859599115908347,0.8052964347142584
CH4_C002239,140.965739119858,0.4861866123332847,0.28977628749273343
CH4_C002240,243.89880676861253,0.5696029027026897,0.3281988599579787
CH4_C002241,66.41947584611103,0.3446388037734352,0.4059173917364703
CH4_C002242,132.28712846366636,0.7619872813546678,0.2919584746821786
CH4_C002243,204.86989017106924,0.8720061323967947,0.25633670717025453
CH4_C002244,79.66428673408122,0.4785457677726958,0.8404937405632285
CH4_C002245,136.49162627590562,0.6615569793102144,0.6999043772449132
CH4_C002246,33.8497736253047,0.43863848762972746,0.6528895109464323
CH4_C002247,2.556236459658523,0.8160483353962815,0.6298750177749806
CH4_C002248,23.759075655802903,0.42137665692710136,0.725628253169218
CH4_C002249,112.64000377532463,0.8122903493194766,0.2539272944864224
CH4_C002250,63.47795010256399,0.46456917465229475,0.2998971096573072
CH4_C002251,99.01555548084787,0.5412901489858831,0.8599811628668639
CH4_C002252,188.38796273458257,0.8873510403683522,0.5078912797170416
CH4_C002253,225.94768412853992,0.7606651642450324,0.6550255378520828
CH4_C002254,5.804603640871236,0.7885105871363902,0.203584835282241
CH4_C002255,148.590291271991,0.4249699500892407,0.2089380684172074
CH4_C002256,40.11476721982865,0.4239523079660864,0.8205114264657296
CH4_C002257,191.67838521092787,0.6183717809045481,0.7644134015207713
CH4_C002258,195.8634145147332,0.7021192864669471,0.6379855308358562
CH4_C002259,58.43672179169449,0.42909521477854007,0.7997809891162888
CH4_C002260,177.43482480374576,0.4928113998939858,0.7458753420570026
CH4_C002261,144.91427355898813,0.7381035777844164,0.730884818240888
CH4_C002262,113.6888494150611,0.8461846333856069,0.7261396124655297
CH4_C002263,21.293245277350824,0.4612834607266766,0.3378334746746142
CH4_C002264,247.80165419358093,0.8665943005507002,0.552300412517426
CH4_C002265,104.7717538191617,0.5690493863260226,0.4961028391884585
CH4_C002266,75.20986081807644,0.49282874384125286,0.3018933701690474
CH4_C002267,220.80123222100747,0.782672862142221,0.26390094262729547
CH4_C002268,38.446483953662735,0.3360191411814185,0.594263450677347
CH4_C002269,132.6037725622919,0.7265738984672211,0.734455783886091
CH4_C002270,44.12199404889744,0.5955722184288892,0.6190500899456106
CH4_C002271,143.40847520779744,0.5227079625049451,0.3184037573764644
CH4_C002272,75.31706449582207,0.4375491969784666,0.4753687019348736
CH4_C002273,168.54122343688647,0.7645753934218263,0.3465219652912764
CH4_C002274,73.3805013482395,0.32663540205477043,0.7627562307026403
CH4_C002275,174.385335937466,0.7251972827897676,0.5565476013855386
CH4_C002276,63.75999958737033,0.5563106646461418,0.28773741179737233
CH4_C002277,120.76517933014458,0.5181995580636654,0.7755087976473167
CH4_C002278,216.4288345070329,0.5452635157962968,0.6890319339537246
CH4_C002279,176.53015856988986,0.4926451674469723,0.49140322619330407
CH4_C002280,150.95493406694646,0.8193978118733074,0.3326614222141535
CH4_C002281,92.8773323015876,0.577798839752522,0.7678347838386106
CH4_C002282,73.52072810080735,0.8871998359315347,0.3950480878086644
CH4_C002283,80.44173779521957,0.8974527139275308,0.4860396207696253
CH4_C002284,147.5660495034092,0.7592403099883591,0.39287457582957663
CH4_C002285,63.981222217540406,0.6015488759457011,0.29847713832119216
CH4_C002286,64.64040835396531,0.38159782956963634,0.5461129431857346
CH4_C002287,215.75345867111199,0.3544191964245391,0.2844437690009878
CH4_C002288,7.0070846053914835,0.8150776973100089,0.5181696689417334
CH4_C002289,235.99016295396484,0.47383363640600384,0.6541626753841341
CH4_C002290,191.90196579073216,0.4924033848469235,0.2781760522031811
CH4_C002291,162.14467288085385,0.6654616480390256,0.894758340811475
CH4_C002292,111.93501886635845,0.8960641673388128,0.6705343451546029
CH4_C002293,11.657982358868612,0.7874559360206161,0.9442427963948772
CH4_C002294,37.86877220238763,0.8727730742675917,0.8443873639978212
CH4_C002295,223.3706024765221,0.45738728593871814,0.4312586111255702
CH4_C002296,235.29085348139785,0.48688126065778126,0.7060088486235787
CH4_C002297,238.0634501511849,0.37125658061941363,0.3608798982853827
CH4_C002298,79.34100958759907,0.48091648230728234,0.5452274959452104
CH4_C002299,167.8046262682162,0.3260717241377012,0.45095537919613404
CH4_C002300,32.56033723818508,0.4558317020722218,0.7330008294900989
CH4_C002301,205.57978938174693,0.33217698355532205,0.6424798990962757
CH4_C002302,4.054405749138845,0.6090543722036204,0.5004273555990264
CH4_C002303,98.0244645198923,0.8607495683024404,0.8948679221951856
CH4_C002304,157.3052786530019,0.35948238585044273,0.36663459911788876
CH4_C002305,219.88357758306518,0.3421544273791839,0.4175034415353017
CH4_C002306,247.92019953246398,0.34805644092086496,0.4993233768983586
CH4_C002307,192.99191359412254,0.33864162827954464,0.8540490632366426
CH4_C002308,161.26679528701317,0.33193137765179953,0.8732156564621385
CH4_C002309,109.09148980654277,0.5264387025810691,0.564593660979134
CH4_C002310,73.47115171741933,0.8261527174748309,0.7660693065912865
CH4_C002311,119.77036602830101,0.5616641753450116,0.31516577856769057
CH4_C002312,7.125155910539943,0.7884525517918057,0.8586985066928894
CH4_C002313,56.562719901915194,0.7843448744840602,0.9024446576010272
CH4_C002314,74.26322993057998,0.7590977491055424,0.5370498378351685
CH4_C002315,128.14002900190627,0.4367328599746961,0.5324275065705097
CH4_C002316,88.86023054808764,0.514916778132344,0.7255598888708163
CH4_C002317,12.966693989670736,0.47661131576009674,0.7794498018906326
CH4_C002318,131.5432377289349,0.7078215413521733,0.3131710675249051
CH4_C002319,74.40756087992773,0.3484318317899774,0.3792998905846824
CH4_C002320,85.12124597473372,0.5013212047144489,0.9334926966687105
CH4_C002321,26.084875309978134,0.3278121955935495,0.7573494673408072
CH4_C002322,38.20019924132104,0.6059262372226748,0.42252846601304983
CH4_C002323,214.81108550468406,0.7347027252485122,0.592286887642081
CH4_C002324,196.59199831572366,0.5327104093478281,0.8596594807883948
CH4_C002325,1.045961546062929,0.4425479803001697,0.7462857341093196
CH4_C002326,205.21792202189846,0.6004572879448731,0.20825526604199757
CH4_C002327,22.72000658579998,0.8361459301779461,0.4645347737115069
CH4_C002328,120.53072200527836,0.3317368989688539,0.8136754280620455
CH4_C002329,237.69020484960296,0.6280665878241574,0.5892059394968426
CH4_C002330,36.134645417875674,0.5458125774764484,0.9045708962731862
CH4_C002331,143.47462692272939,0.8615604320834993,0.6611451002170359
CH4_C002332,92.3551563583068,0.8189559527432473,0.663294314915186
CH4_C002333,20.56906698941516,0.8218900535195401,0.8374755448251112
CH4_C002334,104.06779118305934,0.48705393206243297,0.40905667206312846
CH4_C002335,211.547756504185,0.5323144407686276,0.4086996825756747
CH4_C002336,116.44032259080086,0.5049630676747369,0.27090747812166427
CH4_C002337,109.37149822046929,0.3338216392210974,0.21657784443940378
CH4_C002338,55.75222212971453,0.7446104750529486,0.6033415542720433
CH4_C002339,113.6189566199991,0.7971027715184926,0.38325911277578845
CH4_C002340,133.6010264389908,0.5010521529165711,0.764035109909712
CH4_C002341,199.2179333090649,0.6223321500340546,0.56455526378473
CH4_C002342,23.276942514044496,0.7584690768968001,0.9189131747838135
CH4_C002343,35.670577771079294,0.4353890229136901,0.5806464895875801
CH4_C002344,201.81924400119092,0.5665792819617658,0.6896258329435889
CH4_C002345,156.9828169750166,0.8190249842998796,0.618277193205643
CH4_C002346,124.03130730503517,0.592749292697737,0.8792772307379599
CH4_C002347,48.16104433706786,0.7781859166918212,0.36126119770995524
CH4_C002348,80.52729068509178,0.4500610454895737,0.703106807808191
CH4_C002349,109.32548560291951,0.678788173766516,0.48913740693767144
CH4_C002350,86.63231392879703,0.753753454912685,0.239866935310058
CH4_C002351,135.17327886177333,0.4599751615767466,0.43526144845869097
CH4_C002352,25.75067704331374,0.4574941728274422,0.662183620884554
CH4_C002353,34.341807528173035,0.8852341829080377,0.6116099165117037
CH4_C002354,27.690711819768232,0.3545273104127533,0.7653461663552761
CH4_C002355,94.17903354702062,0.4419714870811766,0.7631247922730413
CH4_C002356,97.27479230980026,0.5562589462132326,0.22370483945267808
CH4_C002357,211.68911515018593,0.4220468080664866,0.7559841660688158
CH4_C002358,48.697445339933836,0.7833148673452226,0.7272405107266262
CH4_C002359,92.33095947488415,0.41636970819945834,0.5018880153048183
CH4_C002360,200.18493467829896,0.8612409440169999,0.5252970115148365
CH4_C002361,232.41729803676,0.38479610499272854,0.4596143978651923
CH4_C002362,129.3793237163536,0.6724076126280016,0.39130277348761716
CH4_C002363,67.60309680776483,0.4243399115677976,0.7638913421522082
CH4_C002364,120.60055937501745,0.38586973978764216,0.5737471670393169
CH4_C002365,163.20888321661604,0.8110198483578841,0.5145222589950451
CH4_C002366,187.663278676746,0.6537245875392366,0.9107650309993709
CH4_C002367,138.30406743511966,0.8146418675649711,0.597195931821412
CH4_C002368,106.02546858698317,0.4362689716530236,0.4306505816917161
CH4_C002369,50.39732386353782,0.37079787468229874,0.8065599808426169
CH4_C002370,132.05136836748034,0.8487608883265474,0.8324395491270828
CH4_C002371,10.947923311867752,0.607714561590196,0.4055857182652317
CH4_C002372,143.92678147033607,0.6108296578702628,0.452351276166938
CH4_C002373,90.88756460513162,0.5234579472291085,0.7866301364963701
CH4_C002374,111.20844720805643,0.5074006719472498,0.9276531248133306
CH4_C002375,18.15477233074067,0.876449154771441,0.8390189333002367
CH4_C002376,85.12075043515053,0.5371954382070205,0.47808041360489156
CH4_C002377,216.4800044820344,0.3576151379350617,0.8442084211459571
CH4_C002378,33.996772275410784,0.3542271402064628,0.251137348231101
CH4_C002379,12.314839401521782,0.5380663682444191,0.2619646489397701
CH4_C002380,67.39743826651295,0.4839132273611186,0.8408250890147184
CH4_C002381,102.78067195751889,0.9015788430740108,0.2651947778312219
CH4_C002382,223.94907969936335,0.6872315315980229,0.7598179428131517
CH4_C002383,45.82047217899077,0.3776922187507031,0.7421865260631977
CH4_C002384,20.887155891080422,0.7249562420187857,0.6661355413798593
CH4_C002385,101.41449412722889,0.6189352660943874,0.32274642276144017
CH4_C002386,95.36363845536746,0.6058025902714532,0.8538419443432963
CH4_C002387,189.0982428195328,0.8990655662730032,0.3931014374515885
CH4_C002388,104.956971910413,0.7093652969144525,0.8211407393122854
CH4_C002389,36.791720750445265,0.40976521324692766,0.7779400322758323
CH4_C002390,204.7119832217693,0.8159846674892075,0.5754557458045759
CH4_C002391,57.307872723661056,0.8814635491455167,0.6571056266835165
CH4_C002392,235.68628344174667,0.4712233947871186,0.4500953938393248
CH4_C002393,114.77458712757307,0.9177029769059812,0.6563959771267234
CH4_C002394,182.33130293395476,0.645096589930352,0.637469224839252
CH4_C002395,46.24202563534283,0.8583581742830226,0.8112276776388889
CH4_C002396,223.76382727950246,0.6712132830649822,0.7875022512828147
CH4_C002397,69.92761286429754,0.8463723714579225,0.6227863485288974
CH4_C002398,103.52780186717878,0.3343239717430741,0.2351573803650613
CH4_C002399,142.83796175204012,0.5450277328072046,0.6025105016442658
CH4_C002400,144.32164040858737,0.4513250955950202,0.5621003866556634
CH4_C002401,185.63258220404217,0.5481970398429001,0.26780793169357875
CH4_C002402,19.69639182602409,0.8923528198149215,0.8805187524796905
CH4_C002403,203.82564242179714,0.4230477395727591,0.615971983311679
CH4_C002404,91.60173483868536,0.3390984274419488,0.5853790555554703
CH4_C002405,195.8939661682828,0.5013888690535095,0.8849772084900087
CH4_C002406,209.7809667105626,0.907610267882162,0.2926499260107487
CH4_C002407,242.61346689610684,0.7604352591033742,0.8203977696718245
CH4_C002408,17.459265247468853,0.6279720123323216,0.3833875558518466
CH4_C002409,192.03890287413336,0.5367029929020255,0.3330922650696978
CH4_C002410,0.6348229302893249,0.6415428346448007,0.6332794883118714
CH4_C002411,175.1732600068339,0.864260730853069,0.4735910343150369
CH4_C002412,98.44937499513811,0.42161283364309005,0.6760458770954274
CH4_C002413,150.30188517587436,0.45989501815891964,0.6214311109203667
CH4_C002414,126.73662117787576,0.7957238218799478,0.639939719662038
CH4_C002415,70.5915268641712,0.4557504300871619,0.7861484280844049
CH4_C002416,166.22725920063172,0.3839620759763272,0.672469468925676
CH4_C002417,105.91399827269845,0.733230216424458,0.6271689322645517
CH4_C002418,39.56871244478521,0.6713765580773814,0.506816089083415
CH4_C002419,204.8779898780283,0.6475031627915695,0.5480747153238547
CH4_C002420,120.72062680097324,0.4627668868354252,0.6626996165311102
CH4_C002421,106.60164843133776,0.7059712338051942,0.33434317826617643
CH4_C002422,228.28539750302747,0.6981803939496627,0.7390856484450601
CH4_C002423,153.2903225923381,0.8247076159785669,0.4154963446822705
CH4_C002424,118.72686957150175,0.7618880385984027,0.6060957827765354
CH4_C002425,60.50403980014518,0.41631393452611826,0.22719878826281958
CH4_C002426,204.9612654000833,0.4124473846444649,0.5621884190089839
CH4_C002427,222.73491849271474,0.6419151949406732,0.8953529816186889
CH4_C002428,117.16699856313778,0.8612709703664858,0.6524100447720005
CH4_C002429,249.0079772031567,0.47561756165751834,0.28064257620948563
CH4_C002430,210.04988576124052,0.7759145854901124,0.8907797572059803
CH4_C002431,147.87720821440882,0.7232915529132715,0.4929211480804832
CH4_C002432,136.31908296497403,0.8712363350114929,0.8308718510280477
CH4_C002433,148.12388203990722,0.6787696288889367,0.4383182080407768
CH4_C002434,199.60028724796433,0.7434892227158385,0.4020953481252989
CH4_C002435,26.68217451093746,0.36021697740812686,0.6204580163106759
CH4_C002436,246.98633804277782,0.8412316243620694,0.5881302157123502
CH4_C002437,55.00563282772003,0.33780045613561444,0.22159468784014355
CH4_C002438,123.91415561466543,0.4863013211320717,0.7523120072404188
CH4_C002439,211.1236250957167,0.5400444935972484,0.33716887434153353
CH4_C002440,26.240826698668673,0.5262054374245018,0.9049836459600351
CH4_C002441,122.22986824683868,0.5052678416739028,0.684532523216635
CH4_C002442,191.3642585413345,0.44041284604153424,0.808201533078506
CH4_C002443,151.3166363171699,0.6430982553425999,0.4275082605008085
CH4_C002444,18.674860224661916,0.4280238450090547,0.5076357965475544
CH4_C002445,209.21622828036092,0.8444276689990622,0.2880859803608421
CH4_C002446,113.45468699374136,0.7450250685167326,0.8134399849544061
CH4_C002447,90.83388547643956,0.5069217775430669,0.9448373760462785
CH4_C002448,61.26170206625434,0.37292147162513267,0.7926595373359864
CH4_C002449,221.6384719548602,0.38416062891810027,0.4504938057361563
CH4_C002450,236.6205155539858,0.758037501808514,0.4451029695538642
CH4_C002451,0.2782246763418095,0.4219933440805199,0.22640304702975986
CH4_C002452,206.62799236308695,0.8292735652834466,0.40774761823455996
CH4_C002453,191.80421658290356,0.7456104295135122,0.8687002444815111
CH4_C002454,95.9375521718035,0.8260476692369043,0.5495401007808356
CH4_C002455,167.18622497780274,0.6293555445577349,0.5394502548829695
CH4_C002456,62.47786441070305,0.737909314028454,0.2323561081141828
CH4_C002457,219.61329665669638,0.5911238044220462,0.23252486932555633
CH4_C002458,201.20130217816973,0.46128956129339654,0.3725362857294956
CH4_C002459,67.72230799862241,0.8355694166901912,0.6594916028562574
CH4_C002460,171.536061292669,0.3878959700500961,0.34007932015394415
CH4_C002461,105.93099387995048,0.501833740711228,0.41577834554708815
CH4_C002462,234.50794027846564,0.8960765562113322,0.24915670903702486
CH4_C002463,2.7180698326777772,0.6505028075151917,0.782183516377198
CH4_C002464,163.3681894022929,0.5885553555693732,0.5971279678323795
CH4_C002465,94.73692744747126,0.8776902752058802,0.8906067540183726
CH4_C002466,121.10207509777115,0.5039751670815289,0.36165158771815353
CH4_C002467,82.52851395273362,0.664421982643776,0.7276805762763845
CH4_C002468,145.8506062465693,0.6489088731376759,0.8777163783291828
CH4_C002469,61.85662400973791,0.33874607573053217,0.9313071060854843
CH4_C002470,154.55052574723706,0.9038597054023967,0.388982964523762
CH4_C002471,181.73265862082823,0.5107845848161576,0.9287691932184827
CH4_C002472,57.37214882425981,0.6362395587864765,0.4791112422637057
CH4_C002473,211.3214404984076,0.47224496856612475,0.7756584725913307
CH4_C002474,221.88473054276466,0.5693026279419965,0.585058238276039
CH4_C002475,3.539784016632741,0.5681029351499496,0.7682325770783436
CH4_C002476,46.308392971914216,0.6501248400086772,0.9181674647815772
CH4_C002477,117.38713945263449,0.45141654538479437,0.7614806560560727
CH4_C002478,200.20292029520553,0.47500384350688296,0.45036223875018755
CH4_C002479,127.67873788213629,0.8781645566238692,0.8813843949033207
CH4_C002480,32.99293703633288,0.7017106668786557,0.4924055374232149
CH4_C002481,226.68745851767105,0.8071883757566034,0.9062476957568926
CH4_C002482,108.26501853733811,0.5340248438918609,0.7278602662924891
CH4_C002483,197.06735527791548,0.41355704173225105,0.5201900878606439
CH4_C002484,222.88129987749534,0.7468337285284401,0.705263866221316
CH4_C002485,114.42000821433263,0.6206251287154008,0.7215376582314321
CH4_C002486,97.28849121205094,0.477149730243953,0.2607817265203364
CH4_C002487,124.45564936304687,0.7416886245599168,0.5213766887686004
CH4_C002488,186.02719448311967,0.8049529720216162,0.4944657402681247
CH4_C002489,15.880106266046552,0.8187891721425875,0.25706001353374186
CH4_C002490,44.01064336372118,0.7107290888360949,0.23946624028927913
CH4_C002491,122.05866880870822,0.8383355365875562,0.5202797036448916
CH4_C002492,31.32241061526836,0.813842120253724,0.34078650324024673
CH4_C002493,34.58224076882907,0.5070302821339066,0.2521431124571705
CH4_C002494,105.67489485921547,0.5828068650627307,0.5196858747632703
CH4_C002495,0.6086932528487909,0.9133149529799942,0.9446662254173037
CH4_C002496,59.650709357350365,0.6996759360824576,0.49304421605485743
CH4_C002497,8.659895754075746,0.6549700204147435,0.837835931637358
CH4_C002498,53.29461916782813,0.7840048196988256,0.29634229518169874
CH4_C002499,125.91237665763605,0.6273172174926676,0.6881333477991445
CH4_C002500,34.49357661306882,0.6900854679835061,0.27428523299314056
CH4_C002501,193.40775984153885,0.560769982524639,0.462852529542137
CH4_C002502,87.57359422309433,0.4282745860357454,0.6714672573518861
CH4_C002503,114.99041774673816,0.5790909395772934,0.30155516484735967
CH4_C002504,131.86869152811573,0.6753334993016493,0.28961706226972356
CH4_C002505,207.31026726035518,0.8660429124925406,0.3088912128439365
CH4_C002506,148.5754939956947,0.3787030328005271,0.653709995394627
CH4_C002507,1.7062846544373955,0.7132009077374568,0.3783909229404868
CH4_C002508,141.4380287277323,0.5918256386240885,0.3475584351397848
CH4_C002509,225.6832798945325,0.8580231695279581,0.4594228421223783
CH4_C002510,184.71316920475513,0.9026012915193378,0.7565968632147599
CH4_C002511,248.7380603180965,0.6422808358539019,0.3148728287969165
CH4_C002512,132.97878754971765,0.7265612263356743,0.7680041983717132
CH4_C002513,195.69328047307957,0.43606070978665823,0.7132089952578864
CH4_C002514,38.63170599061763,0.5417895095922725,0.6580797856343803
CH4_C002515,92.60551370640945,0.8317973997197512,0.942186014361609
CH4_C002516,151.40089961222208,0.8213033043422275,0.3859783723957627
CH4_C002517,54.43001305049322,0.5368241078870746,0.926146904762857
CH4_C002518,234.7834338545017,0.5344771023194494,0.46925562246526803
CH4_C002519,78.1848576817166,0.7861134201616498,0.3031416561324398
CH4_C002520,244.40534856861368,0.5868465970994872,0.682329712553399
CH4_C002521,213.45698475588125,0.8394839734357227,0.6358016049412916
CH4_C002522,212.044994791664,0.33887945097711075,0.9299167000604149
CH4_C002523,179.87467650629603,0.4682372364788544,0.3049911785531516
CH4_C002524,94.29911145329461,0.5840167526454755,0.8471094435809894
CH4_C002525,127.02233138271734,0.47651150468890846,0.8642029517857417
CH4_C002526,187.00387297166012,0.5152369043472039,0.24764053098469174
CH4_C002527,26.019149073128855,0.8638375311148718,0.7904168727868244
CH4_C002528,166.85322214206897,0.9051297030566958,0.5971389389803815
CH4_C002529,244.25259295274938,0.6427132589268378,0.49325708343051833
CH4_C002530,147.68617839483332,0.4610529307583501,0.38931028336956763
CH4_C002531,54.94380311257735,0.4374529928417055,0.6925926249479455
CH4_C002532,29.19764893026791,0.5881440853808027,0.5626058294763016
CH4_C002533,216.172244186568,0.7397630633143026,0.5212000709734232
CH4_C002534,214.4747746092803,0.7751610813506182,0.5508300922035182
CH4_C002535,79.04315551971874,0.4716527980601406,0.5769394398890013
CH4_C002536,14.20218221700048,0.33707286885837623,0.5002847141092076
CH4_C002537,189.7978007023714,0.7038459456093669,0.5380235639253775
CH4_C002538,212.36455060590248,0.7604266823248498,0.7725888852066327
CH4_C002539,81.08607791397677,0.7732087268890752,0.810131283826192
CH4_C002540,234.946610648212,0.7573629608935322,0.8885688332435833
CH4_C002541,247.595474604444,0.8286558496649326,0.36960611064041893
CH4_C002542,142.8021445350318,0.764624481325408,0.28043747554869347
CH4_C002543,135.61365981659455,0.4221889659852184,0.28438411212191506
CH4_C002544,44.063497339335015,0.9025136847608106,0.4756074393950149
CH4_C002545,16.358364536122107,0.5675991889430244,0.28920096767478376
CH4_C002546,142.21288294173976,0.46928776168957537,0.809484599614241
CH4_C002547,198.20115281826045,0.9159521118708529,0.6715298161408954
CH4_C002548,150.32190341297357,0.8307311442884073,0.3479212771134007
CH4_C002549,176.94056004291147,0.8960406366782816,0.9460732341516342
CH4_C002550,117.7905306322188,0.6215650871398817,0.5971615935217198
CH4_C002551,74.92286308691342,0.7161990884520105,0.41017111832241865
CH4_C002552,20.760032673739353,0.47786136567610593,0.3854016885948911
CH4_C002553,168.43497350780103,0.6243690192120316,0.5210888361335579
CH4_C002554,37.17698169416634,0.566110354656523,0.4507747602322824
CH4_C002555,73.57362503850875,0.41703034943740247,0.7723078743657599
CH4_C002556,98.54793672684231,0.7129421126046372,0.7494035038713156
CH4_C002557,67.87373077783751,0.6705387450559345,0.8055455691800084
CH4_C002558,141.29403772873934,0.6208571734953764,0.8227829222020011
CH4_C002559,30.545951427262573,0.39751097775154143,0.9109953122671695
CH4_C002560,63.42456671521851,0.6334714120785165,0.5765924131712432
CH4_C002561,52.506910348239124,0.5303398366843963,0.710167783424823
CH4_C002562,50.81497489862915,0.7620022391130288,0.3900235829091809
CH4_C002563,110.69307962355002,0.67033907218088,0.3885330148831465
CH4_C002564,209.11233525289717,0.5001719782247115,0.9469571645467505
CH4_C002565,104.00577030900001,0.6241842163900666,0.253029516298532
CH4_C002566,162.5378647492908,0.6491458077020554,0.9385113358206325
CH4_C002567,203.85604320967053,0.8840413161704606,0.2570581884306402
CH4_C002568,32.90394254975348,0.9028252601825983,0.5104156457854918
CH4_C002569,38.182585871468916,0.5484489104935957,0.488597507915194
CH4_C002570,76.20814735986586,0.5334049791096527,0.7655538279039613
CH4_C002571,104.98459529689322,0.8315125433962254,0.44556099973303054
CH4_C002572,33.4417630289785,0.8933117207815324,0.8812419351133696
CH4_C002573,73.5476987942131,0.5730230952593657,0.5185117824560133
CH4_C002574,150.9173764295924,0.6432977181794446,0.32678765088424677
CH4_C002575,76.54392596450104,0.8811875536595646,0.4045929494681168
CH4_C002576,130.26653701601495,0.7069992745888514,0.26830135287433804
CH4_C002577,168.7024418852211,0.6038892714698647,0.3686299663686661
CH4_C002578,227.7113166623163,0.7966242493326943,0.5974899194553593
CH4_C002579,160.51275813650474,0.6353568173079869,0.2412440153166798
CH4_C002580,3.885899408879623,0.8486530033800761,0.6022071696691422
CH4_C002581,237.35568394217137,0.3496667743297109,0.7367598138850344
CH4_C002582,169.68461718483525,0.40545363648888977,0.6588490517469798
CH4_C002583,239.2056086866139,0.8011689318775923,0.37177500838255856
CH4_C002584,204.70183581640765,0.530415409355055,0.7865866094616589
CH4_C002585,57.635238001298774,0.8451851463349551,0.4682052262868159
CH4_C002586,9.324425236715644,0.4789010044039842,0.4484455036076941
CH4_C002587,13.403834888792654,0.7266524281638627,0.6582724300642353
CH4_C002588,0.9879760664638637,0.9126440800234326,0.7634768822421549
CH4_C002589,183.25404743917082,0.82660211708138,0.70566359446499
CH4_C002590,71.92040785283716,0.37356641729081397,0.7681077564510175
CH4_C002591,23.654845202647767,0.8334939328343991,0.6929858986417055
CH4_C002592,114.63714562131422,0.8479435007390412,0.7301767908627597
CH4_C002593,149.95325094577163,0.912461746615651,0.8273780221508871
CH4_C002594,160.18401262704552,0.4882098934230906,0.8031283244300353
CH4_C002595,135.00713373048873,0.4941612224282529,0.9047373026618544
CH4_C002596,193.38342975472867,0.4363682336029482,0.611166844532228
CH4_C002597,82.19478827243998,0.4596002905790241,0.20456750275251218
CH4_C002598,221.8439757476369,0.535897184352103,0.6490847739641721
CH4_C002599,242.80100157916795,0.5970120441173697,0.9111031415877318
CH4_C002600,21.33975075728581,0.38525453459255393,0.28912204886830933
CH4_C002601,2.7229420590349216,0.5434203939970879,0.8473068844788438
CH4_C002602,144.2927592891477,0.4801728223586179,0.2208188797865377
CH4_C002603,209.71584357154157,0.5583984286367171,0.9173204475623766
CH4_C002604,112.75802544873925,0.5859555339110469,0.8042138710672662
CH4_C002605,95.26302044791504,0.6877996161893337,0.42015568319006963
CH4_C002606,69.051452159064,0.509767879263682,0.3171664638995333
CH4_C002607,164.9194008087261,0.44108167794469844,0.36155294535765503
CH4_C002608,29.195467531377584,0.6334174702625842,0.4150092875526541
CH4_C002609,50.718381306150526,0.4959478659372951,0.8912579397718037
CH4_C002610,189.54504413771204,0.4985855623549118,0.2577240717318786
CH4_C002611,98.05488178851432,0.6006136714993453,0.6605925727541927
CH4_C002612,244.96310996543025,0.8635003695594943,0.7920902659386879
CH4_C002613,177.80206151212238,0.6395370618335092,0.7752042560899151
CH4_C002614,110.981431791598,0.5941354463482746,0.3852122780565935
CH4_C002615,204.56271579205725,0.6438540699070099,0.6457850893104546
CH4_C002616,225.31053676346178,0.3214593262619708,0.42988740530160263
CH4_C002617,78.4821977217722,0.44699991222796875,0.8896636743759316
CH4_C002618,41.733836401692734,0.35184532427891646,0.2720647392985084
CH4_C002619,191.68134701416088,0.7983761914065162,0.6890866991685307
CH4_C002620,214.13289303114004,0.8915125395162038,0.8376496342243491
CH4_C002621,164.26332834860477,0.8847426245467682,0.7857804389916647
CH4_C002622,3.522468602946943,0.8648888547297047,0.4732682285188465
CH4_C002623,30.13238313048375,0.8174070810170474,0.6753843691827501
CH4_C002624,217.9917868854979,0.6039547902260347,0.5792671480803562
CH4_C002625,144.22423009498021,0.6412594066229357,0.9218845913264464
CH4_C002626,210.4047067466334,0.8335226335448394,0.8026141395670716
CH4_C002627,223.28922226446522,0.9053692713234953,0.8518229363934715
CH4_C002628,56.65083065934487,0.5554241259230679,0.8150473699682481
CH4_C002629,150.08946494000958,0.5966266197332103,0.2240669368745641
CH4_C002630,46.437487938838174,0.40543860279806143,0.24657951827940966
CH4_C002631,158.06931857219672,0.7729482912474583,0.9125458871916077
CH4_C002632,115.57374337506917,0.7722919367829091,0.3303684381204982
CH4_C002633,71.64836176459625,0.7215718345682909,0.8089253764321347
CH4_C002634,87.30807521892717,0.8980093699278171,0.7603170282551157
CH4_C002635,190.08709778947556,0.3453986113895456,0.2533332474348104
CH4_C002636,186.9972991254805,0.6194411939064146,0.7571592429258756
CH4_C002637,10.121469315729076,0.354031502100807,0.7980571246379675
CH4_C002638,221.0442282156282,0.896185495741221,0.9109077577869771
CH4_C002639,73.31287553896357,0.42027721717578337,0.2770811170397842
CH4_C002640,167.6531385388014,0.9021276932617162,0.6403341906300981
CH4_C002641,136.6633150429637,0.7631130793348382,0.32502859331375134
CH4_C002642,196.87302319295537,0.7055860815506074,0.3702355065291531
CH4_C002643,118.22167997714305,0.8124049486317628,0.3456104475979654
CH4_C002644,24.69843413856132,0.5291992800949729,0.7680447637945913
CH4_C002645,240.01012662911018,0.5006764500233167,0.2605311213130133
CH4_C002646,43.42666067129966,0.42433406909106836,0.5378053546926544
CH4_C002647,122.07808088143257,0.5297223220280579,0.6516096980280693
CH4_C002648,37.987249608162685,0.5094620874223647,0.9458951445056181
CH4_C002649,222.65550746774696,0.4289798840033031,0.5960403301726103
CH4_C002650,151.98988629338334,0.8806836167448868,0.8142927456799796
CH4_C002651,173.0103753024747,0.4470478133371577,0.8806857372154002
CH4_C002652,164.6399361402032,0.6958640770133198,0.46274074253023184
CH4_C002653,224.03262127355225,0.8926505281255743,0.9352011759016152
CH4_C002654,38.571216042740055,0.8290830756183001,0.43866195185370943
CH4_C002655,83.23371153349431,0.9007538126158436,0.9063882030765276
CH4_C002656,129.1334158699988,0.668232220546107,0.30542394019509056
CH4_C002657,47.08301698066933,0.8236514793087886,0.2414561288370469
CH4_C002658,170.85490629187564,0.839021841548595,0.7826070551906088
CH4_C002659,18.58819000821152,0.3226142029841772,0.5605982961850782
CH4_C002660,199.22694062298163,0.3475419496499509,0.47334343129115836
CH4_C002661,5.497455837326331,0.37561722558519706,0.4266159462331749
CH4_C002662,193.84084725739845,0.7605066439017549,0.6396323817848697
CH4_C002663,80.90211565523744,0.6158904172020744,0.38928726176215467
CH4_C002664,45.3157149501546,0.5594907123369994,0.8556775083555566
CH4_C002665,162.7249082201595,0.631565661343714,0.396663458313292
CH4_C002666,248.69809230248404,0.5198104011011219,0.7194418941523475
CH4_C002667,219.94216629348756,0.6467282421808453,0.5471873656127242
CH4_C002668,225.84920083325144,0.4734116565037539,0.7565520973991304
CH4_C002669,186.01234378620396,0.6586455006979721,0.5824952613411951
CH4_C002670,35.147247157889225,0.9085910020789401,0.5554205760874013
CH4_C002671,131.91918880562244,0.5121992005287174,0.27272172745944834
CH4_C002672,214.85242495036513,0.6908144541592076,0.4825905363517981
CH4_C002673,163.61482002278902,0.323944197954056,0.583652841747583
CH4_C002674,182.1704773778425,0.46172436573150355,0.6512454497807514
CH4_C002675,110.65089405189016,0.8961710536256651,0.9177359818471353
CH4_C002676,48.2258390041298,0.8721653947461907,0.913994431044201
CH4_C002677,5.982619115940918,0.3425652155074282,0.40925378009447805
CH4_C002678,56.97708029680976,0.7043866734921671,0.40860768216787646
CH4_C002679,97.30311467852906,0.3341638295272877,0.5724286260476912
CH4_C002680,176.64499919888365,0.5374214651191876,0.6666206976146973
CH4_C002681,219.73821440773847,0.9194397167335475,0.3178667562688418
CH4_C002682,50.74580791574265,0.8730370505824949,0.26357306986783174
CH4_C002683,7.0585715421720705,0.6476701558878287,0.6227036547056175
CH4_C002684,196.7499641885755,0.6053821891882841,0.6744161865727867
CH4_C002685,194.52738512372633,0.8257741265838183,0.8836240648212803
CH4_C002686,97.49387944175125,0.8187604335683962,0.8069187273490201
CH4_C002687,51.89067307537168,0.4523403459741686,0.3946935345212115
CH4_C002688,150.46335922433494,0.636679011499823,0.5069145995730813
CH4_C002689,243.98781354279745,0.46554359454753247,0.29069743553978133
CH4_C002690,54.176388194866334,0.7034382648895617,0.31332236247078826
CH4_C002691,42.86718840099199,0.3205986557418875,0.5084116170923281
CH4_C002692,159.3600136910474,0.542662169345325,0.8092472889151545
CH4_C002693,76.14361744254487,0.6953469727667706,0.4631912702037098
CH4_C002694,102.20264731786538,0.7427832949688735,0.8040512474674681
CH4_C002695,42.79826731513478,0.3494601741732903,0.2918088956654046
CH4_C002696,184.96556665123805,0.7791426086632953,0.2970924072102307
CH4_C002697,46.70743477643533,0.7007918911288167,0.3624218791907877
CH4_C002698,31.64668360747827,0.7713749181055245,0.5846273896625931
CH4_C002699,96.30803891849479,0.3434066677355981,0.2845141638851618
CH4_C002700,53.091777880131474,0.4716101246361244,0.937501908646486
CH4_C002701,168.31410090056104,0.8151002158990284,0.4875760465311454
CH4_C002702,67.06085713306567,0.6939689069138759,0.6733844820674377
CH4_C002703,185.56993804917533,0.32051589102678496,0.5965271166078026
CH4_C002704,125.6599354270857,0.8592218192778633,0.36186329806123263
CH4_C002705,84.81829240986339,0.5796453082247242,0.8790556016444475
CH4_C002706,109.6754750479906,0.504934316478267,0.6128062335937445
CH4_C002707,203.19945133576599,0.47325783180349057,0.6115715669861941
CH4_C002708,18.76897120436205,0.5159379860293836,0.9349477335684553
CH4_C002709,203.63735739394346,0.5183502273651962,0.8155967260599546
CH4_C002710,245.18287445717954,0.7774305070103764,0.7173529680359081
CH4_C002711,211.33098766888924,0.6906701697755826,0.291193567843986
CH4_C002712,140.11687159365155,0.8589872816738544,0.5930866084755217
CH4_C002713,191.54549685693473,0.45547991667764753,0.8947831488747875
CH4_C002714,106.68998743797597,0.36857127745256074,0.9039694835538721
CH4_C002715,105.72205837808654,0.39739489019650176,0.7092738182475227
CH4_C002716,104.69293425601786,0.6426122053387253,0.6654066878368534
CH4_C002717,236.29449217159842,0.6795708698298797,0.26390852156246164
CH4_C002718,127.56386650975124,0.42940476700163044,0.5157707388790425
CH4_C002719,53.43033317285792,0.7251444640031537,0.6561023198636857
CH4_C002720,235.18606952469264,0.6680775072231123,0.2072776481636137
CH4_C002721,68.72738280745827,0.524333384261226,0.8123825126164754
CH4_C002722,230.5846259836,0.40191824328791903,0.9332285070108721
CH4_C002723,25.402428778299985,0.7551569711903383,0.7642885327379223
CH4_C002724,148.71548558166293,0.72098090097351,0.9287662592770671
CH4_C002725,35.075394345793626,0.7321109817449646,0.4466416836791973
CH4_C002726,137.76632889265187,0.6888333147562667,0.41818198972462517
CH4_C002727,102.58856174828097,0.8227666723066009,0.7256151169970404
CH4_C002728,124.26000255051889,0.3943383755084705,0.9342383465230237
CH4_C002729,166.19848063014146,0.40572516409800113,0.25489232495249237
CH4_C002730,214.4163133703841,0.7622136820060623,0.7263869482994372
CH4_C002731,93.64956402874064,0.44010152657609963,0.36611662803686545
CH4_C002732,10.706844611363952,0.8708625128308902,0.4462598191022232
CH4_C002733,90.73753803566589,0.9139972442116704,0.9071392946183559
CH4_C002734,115.62146442385085,0.3804865509247272,0.3923969026613592
CH4_C002735,239.95476254316128,0.5827470506092695,0.4827310141172156
CH4_C002736,71.60893840578214,0.3240856669188888,0.5491861066209167
CH4_C002737,181.25721283512456,0.5157801340668839,0.8552600403874877
CH4_C002738,141.12236056925573,0.5069806443418852,0.7069497212640024
CH4_C002739,156.58396483597085,0.5594939998819326,0.5763608825047648
CH4_C002740,74.84501361004966,0.6655734220053683,0.30587028844637393
CH4_C002741,140.26017252837798,0.6407120340356147,0.9127230700635367
CH4_C002742,53.663581665383404,0.38194176952927894,0.895922763254499
CH4_C002743,112.48401382021672,0.82897440630188,0.6952307697774274
CH4_C002744,224.27889062353745,0.7514294861408172,0.6920111357981766
CH4_C002745,167.8668873772364,0.5418116500240646,0.8010044399797454
CH4_C002746,12.898734940554462,0.6228318081675628,0.533957698910783
CH4_C002747,9.672414515515538,0.7409451014941553,0.8347098922453555
CH4_C002748,2.523990608246179,0.9090410347460591,0.6729134652283093
CH4_C002749,66.92242729166195,0.5704454492354908,0.7874311854193901
CH4_C002750,170.0541908791812,0.4434596406873179,0.8374693088771876
CH4_C002751,193.6967589531972,0.5004981383306845,0.31684730997145594
CH4_C002752,208.60814318062333,0.5760415885734746,0.6016814046481749
CH4_C002753,81.1625132468806,0.5607978496835444,0.8056511361762422
CH4_C002754,131.7740188035099,0.616650945634318,0.8939322080299414
CH4_C002755,66.87057591616349,0.4787446236777564,0.20245189311677808
CH4_C002756,131.45746731425473,0.37134300594115144,0.5687735054223639
CH4_C002757,46.16377047378137,0.33082514442545796,0.808377008590585
CH4_C002758,43.55760543119633,0.5331175957861538,0.3837631736798224
CH4_C002759,242.95879822366297,0.4605466359396637,0.9383483015679961
CH4_C002760,192.0393904274076,0.36307262828080145,0.6463934281986012
CH4_C002761,148.07694699464366,0.7139976690846197,0.552493887036192
CH4_C002762,172.04368463313745,0.6569419236964906,0.36142690028280444
CH4_C002763,231.08657596514195,0.671144869546116,0.8408055409005697
CH4_C002764,33.80228388685208,0.7882626829054491,0.3031684461737686
CH4_C002765,15.123479014168495,0.3834974442935202,0.2932696324894215
CH4_C002766,115.40420305344082,0.6426866137533755,0.8744036127681065
CH4_C002767,129.891905399819,0.9007309769015825,0.8305957127220696
CH4_C002768,228.17517501066862,0.47302113592509965,0.6033547099534395
CH4_C002769,238.9185383485038,0.8021595801103132,0.32477091473362707
CH4_C002770,225.63877448873345,0.4637101992269509,0.37933715189856354
CH4_C002771,139.74484138568283,0.4080034722325257,0.7030244198469879
CH4_C002772,158.85764903097134,0.5680801653971163,0.4165346519160587
CH4_C002773,114.4535120665872,0.8931458964135015,0.7844205235633228
CH4_C002774,103.29726888132198,0.4241359608058555,0.6499432293331266
CH4_C002775,31.644061141376774,0.706098438330355,0.2708115770924593
CH4_C002776,16.099409299808578,0.9000331625934153,0.5507521421144477
CH4_C002777,187.30672329691123,0.35537133986779346,0.4304052544278991
CH4_C002778,32.98336018411319,0.8292784558641864,0.6461220250065427
CH4_C002779,134.66929085541278,0.4304322189416108,0.7435346080271819
CH4_C002780,41.9481902235567,0.6943125808047644,0.6121992524343995
CH4_C002781,218.36366698920145,0.6782066443319412,0.2751889195342232
CH4_C002782,215.919956688838,0.909615943441366,0.4460495902738213
CH4_C002783,15.799061190596236,0.38542653296597396,0.7695980255626971
CH4_C002784,151.25153909137862,0.3413995688898625,0.36185841124153145
CH4_C002785,232.74101333524737,0.7355073384818531,0.899586653137471
CH4_C002786,13.411219067251928,0.6871252417959923,0.6549292159499649
CH4_C002787,168.20290055627336,0.761062901990952,0.45472138098720616
CH4_C002788,12.052174411453564,0.6177070458052769,0.4648366870097114
CH4_C002789,135.61172877827622,0.416428594391978,0.7538400917439767
CH4_C002790,239.3676761005763,0.5775315954234919,0.48503608014951066
CH4_C002791,27.92948660486824,0.5431564973593128,0.2498903395039027
CH4_C002792,211.18599855278944,0.8300225105088685,0.36175727292964166
CH4_C002793,189.7552011900969,0.3999755791290499,0.7902600775215036
CH4_C002794,68.85906566950136,0.3841014467799334,0.813626414597703
CH4_C002795,43.51308565099049,0.7912786587349085,0.6563260710499398
CH4_C002796,210.11025232835206,0.8463088520112723,0.7424201040466585
CH4_C002797,110.37282047417641,0.6606431851066112,0.5035618826794528
CH4_C002798,40.86331637858315,0.8810388440060006,0.37529794565596797
CH4_C002799,10.998612193409778,0.8796180476026476,0.793145061610927
CH4_C002800,151.7091145516947,0.6040058429769678,0.9088643077954874
CH4_C002801,45.847507310461246,0.4023998405781272,0.7706031796854445
CH4_C002802,50.64203047632213,0.4656896731192776,0.5602974972418815
CH4_C002803,203.13928761039895,0.4612142809917842,0.23062053876582173
CH4_C002804,246.92377389676648,0.6633049829571006,0.6240044307533024
CH4_C002805,182.22935173138558,0.778836628070265,0.5831895260554987
CH4_C002806,170.951108217837,0.41946935979013766,0.47711981780520546
CH4_C002807,65.3385013099611,0.8683424859321931,0.3023985302431733
CH4_C002808,244.59479687656804,0.34358354815966397,0.8718554616411718
CH4_C002809,222.05741658730236,0.7514202465820831,0.9240874889771908
CH4_C002810,46.97887328357722,0.6580916872853129,0.34670648515656677
CH4_C002811,224.84897403272606,0.858366533236496,0.311570703827425
CH4_C002812,215.90608688031213,0.40833152819180046,0.20285611718842142
CH4_C002813,162.59645285023208,0.9094077566677108,0.44360937528667677
CH4_C002814,200.32529876688153,0.7203790856181546,0.48720492523317177
CH4_C002815,187.88836983170185,0.509449729089106,0.34617839696396835
CH4_C002816,106.91185402094963,0.7524706116157025,0.6146779693140113
CH4_C002817,111.59967683732735,0.5747449917192026,0.5700030662070472
CH4_C002818,203.36423582417237,0.321606845074682,0.7235922573700577
CH4_C002819,206.43421125384998,0.44783108177302033,0.25575292110480885
CH4_C002820,100.1251556118097,0.7340452648907148,0.7980430663471785
CH4_C002821,204.84914350354427,0.5900495360451528,0.2380616217228668
CH4_C002822,158.10289320063285,0.798333850682427,0.2015664917145281
CH4_C002823,53.809053130310005,0.39176881589146634,0.21638171212027088
CH4_C002824,83.99852152585585,0.8020513844183843,0.41561407521033655
CH4_C002825,179.36576535701616,0.7055866764409116,0.8906545798900276
CH4_C002826,185.2011935069345,0.9077600294318335,0.22809042215878195
CH4_C002827,137.52797189096327,0.7697736567538876,0.3928103636953647
CH4_C002828,181.50247785731938,0.7923085042060999,0.5424157926424933
CH4_C002829,63.740273724975985,0.8987997614568175,0.7122785106572218
CH4_C002830,98.56228996048286,0.5678767168300606,0.7683357758129159
CH4_C002831,92.29725871798638,0.32633656296802965,0.5928894397901967
CH4_C002832,202.8487363396412,0.7194163216392191,0.6469856905599554
CH4_C002833,153.65817075138014,0.45041601999161895,0.8772177576240041
CH4_C002834,80.85144762241245,0.53654730786216,0.65143576219498
CH4_C002835,195.4794431899573,0.545010882838171,0.26428057773783376
CH4_C002836,168.11802548166398,0.39340678651766614,0.4031606549733554
CH4_C002837,65.72144355904646,0.8575502044997647,0.3306797943870738
CH4_C002838,41.41937932557327,0.5338054713710733,0.517773468697978
CH4_C002839,36.795382399523405,0.39821879179155606,0.9253377590620278
CH4_C002840,38.01447637572233,0.8441413979257355,0.28514508652604353
CH4_C002841,193.40895554436722,0.8271262792755967,0.5757731974028035
CH4_C002842,50.61792350736241,0.7053232540615704,0.8375721669284553
CH4_C002843,59.252252821510005,0.6959953843928106,0.8926230328319915
CH4_C002844,161.1911424256085,0.8479674610110519,0.3770420984276598
CH4_C002845,99.71605010391451,0.8518425090469375,0.2514265764157704
CH4_C002846,61.62520547491193,0.8491532194742466,0.39539160648662847
CH4_C002847,124.34136139139315,0.8167598495641522,0.8010048219098731
CH4_C002848,121.82035969888386,0.45990068159911246,0.6774290680833056
CH4_C002849,103.19900327051701,0.4049546009182705,0.44671410738764616
CH4_C002850,44.75184589880074,0.4601616241069655,0.9137820620493355
CH4_C002851,32.293174167340204,0.704213820461011,0.7356293954778585
CH4_C002852,179.60304473595477,0.6790283403092375,0.2690684653038774
CH4_C002853,30.347692543001237,0.49710700690534815,0.9052390941559765
CH4_C002854,209.44021690143498,0.5926376246550206,0.887945589608337
CH4_C002855,150.61517864450474,0.43124430557212456,0.2404659405691139
CH4_C002856,74.70947811259471,0.4331670443133942,0.35098390233116245
CH4_C002857,163.2836647860709,0.462006565277767,0.5724962368385043
CH4_C002858,13.541845809318803,0.42085994593876663,0.44670485787143777
CH4_C002859,211.39126617775077,0.49346689528294696,0.880314812636585
CH4_C002860,26.596765870769396,0.38496562647921684,0.517132157111746
CH4_C002861,126.90538316675024,0.4521548134328275,0.20270685267384417
CH4_C002862,131.75174493815263,0.85837502188098,0.8021218593136519
CH4_C002863,107.07955192781046,0.5190932042258714,0.2950097970736206
CH4_C002864,165.95506915279216,0.8182558669420767,0.6026474134869226
CH4_C002865,16.155441725519665,0.6744667657771881,0.21624070142716617
CH4_C002866,214.3551533887639,0.4210839617788309,0.920612799196503
CH4_C002867,65.2013385956352,0.8961246003044285,0.8977168965825209
CH4_C002868,55.17280652304712,0.5514126408819281,0.6437814523216974
CH4_C002869,77.03221277792258,0.5060834092991693,0.43862255213955925
CH4_C002870,208.43121700981365,0.648339933013653,0.511827546124775
CH4_C002871,72.26578574090713,0.8894808217177499,0.7538937760277682
CH4_C002872,90.70977310064093,0.5857988139541968,0.43558890382743565
CH4_C002873,212.65399321886426,0.8036365909994097,0.8687895209442342
CH4_C002874,74.59008266496609,0.7804362841614025,0.6090228181671122
CH4_C002875,176.10339237993455,0.8665812615289736,0.35003977194353497
CH4_C002876,249.86973315147654,0.5431970462080271,0.8538556273675386
CH4_C002877,138.61141650047347,0.579371631096799,0.38708423034832773
CH4_C002878,161.856607373131,0.4243835653950463,0.330934711509434
CH4_C002879,175.87953203678978,0.6720080438344445,0.8229554154515293
CH4_C002880,216.29012836971884,0.7316604986392758,0.6671326062200071
CH4_C002881,193.74845728232052,0.6794074568983668,0.6397066482548339
CH4_C002882,22.915579275645413,0.8550657552870284,0.7014166118537462
CH4_C002883,248.43631607194865,0.5121052388314815,0.9439188034702208
CH4_C002884,143.0919991257065,0.6743965372770673,0.539223634523444
CH4_C002885,68.96124979227785,0.8384885746222988,0.8892447220823727
CH4_C002886,215.71694550770377,0.8612325728158343,0.7989011347332293
CH4_C002887,192.3943601038169,0.8898649926536302,0.27732931637063885
CH4_C002888,57.618066660601876,0.43898368544470034,0.6124555772863283
CH4_C002889,174.99872327193702,0.7777227664637689,0.20749875423073202
CH4_C002890,74.81120957105166,0.48117156594155275,0.8846172488933972
CH4_C002891,2.029766391747234,0.46313805672838093,0.42555229104834913
CH4_C002892,90.45086026217811,0.533915349217023,0.44482927440910425
CH4_C002893,184.58600250819055,0.6963396675815061,0.6200258518275374
CH4_C002894,91.54929560143707,0.607646129745316,0.6762107641498076
CH4_C002895,53.45295659863003,0.3956861455242362,0.5827472699090896
CH4_C002896,79.52695587341299,0.595325599702146,0.9493679851596486
CH4_C002897,182.49401318200287,0.5017831458720714,0.7371210185527963
CH4_C002898,38.74280532818286,0.4385029031403308,0.24933391790448212
CH4_C002899,92.86817834060987,0.563013290703817,0.4998543312662318
CH4_C002900,90.02864535833142,0.42472298261235025,0.6237738937308286
CH4_C002901,183.95840095371946,0.8954925981165258,0.6362319740776592
CH4_C002902,77.4272849244195,0.6936368897719216,0.3156105551276912
CH4_C002903,166.949683961752,0.34797171619314304,0.4962376904022328
CH4_C002904,248.02089151182534,0.8823315335197996,0.4732863952837176
CH4_C002905,155.0432328463668,0.5983369014547029,0.7992040088434205
CH4_C002906,75.20824193116133,0.62037199208667,0.8339469777194446
CH4_C002907,105.56204733044441,0.5856068028373067,0.5194799324399563
CH4_C002908,184.77675592619886,0.3889358779034081,0.546269336388151
CH4_C002909,24.46576226142902,0.44483700404230053,0.39607147049808583
CH4_C002910,78.37178212646137,0.5825415596947968,0.6709493044117665
CH4_C002911,111.50759946981367,0.9068773337572329,0.5114897075126716
CH4_C002912,83.8227633322395,0.3562279847130136,0.7755164637733767
CH4_C002913,144.20835200017956,0.7858256473957936,0.8789979701156554
CH4_C002914,147.6511120925432,0.4901374891132815,0.46960478367243824
CH4_C002915,48.699207328252555,0.5356355122213656,0.8677068798789285
CH4_C002916,126.4759231239668,0.5114177867336115,0.8057503143550313
CH4_C002917,93.38875997294308,0.7529256092114387,0.4089941144051724
CH4_C002918,128.9307546477174,0.6654895907455222,0.8227839055551736
CH4_C002919,131.16180393792035,0.3519728201499217,0.36515833932896247
CH4_C002920,177.5457195720952,0.849768771455254,0.9161553451454667
CH4_C002921,98.67042241358631,0.7813107676417483,0.901551605417694
CH4_C002922,219.15286350693907,0.8657552278924252,0.6704938720856906
CH4_C002923,52.01834652241172,0.7602233362852517,0.6994645804974031
CH4_C002924,137.73840325125227,0.8537739257214136,0.7079239893685594
CH4_C002925,212.2926274583848,0.34125238478603465,0.6388243159361982
CH4_C002926,17.656486329374026,0.6958645193514855,0.49001017123158785
CH4_C002927,153.8774706179051,0.3206947549505686,0.8851775628547967
CH4_C002928,192.34214516192597,0.3497223500377768,0.41392064399520767
CH4_C002929,135.78453094848894,0.9000730392500298,0.3983407009060939
CH4_C002930,222.9775068472537,0.6427496053118477,0.3637706594737905
CH4_C002931,74.60680257547145,0.6108947960659645,0.6765097789446191
CH4_C002932,234.96094560125655,0.6707968442360184,0.7086102976557938
CH4_C002933,28.956868638511157,0.7904468055006095,0.8035839931572897
CH4_C002934,70.4068916448636,0.5007520666802907,0.6947891470616545
CH4_C002935,155.6788111665017,0.5437217491999518,0.745685515718902
CH4_C002936,27.542242523670073,0.8969195201564053,0.7727908942466855
CH4_C002937,79.61710500232303,0.6349241892774729,0.8871608449671398
CH4_C002938,232.04349811403972,0.5230386424785067,0.47073996711800015
CH4_C002939,135.16110638516582,0.5197464777349068,0.8180246038028929
CH4_C002940,91.29239419207939,0.5571750872159498,0.8703555888498722
CH4_C002941,203.08934029687325,0.6162244195457856,0.615180476501846
CH4_C002942,60.30248796864262,0.7311557106829749,0.824179514086784
CH4_C002943,88.98563799028649,0.6563860873053413,0.22671055680489974
CH4_C002944,128.216267950141,0.6859169913251413,0.772228828919568
CH4_C002945,232.67060466375247,0.35044793519670653,0.27650538835058536
CH4_C002946,128.65032249625773,0.3958970838671447,0.9375790440018723
CH4_C002947,74.35577299937881,0.6692432579241661,0.9408967428724864
CH4_C002948,49.224077830169634,0.7699599453332461,0.4420185791190905
CH4_C002949,243.90665823018034,0.6151467508760264,0.7481089853486256
CH4_C002950,8.66130463162218,0.7561531718315454,0.8805814723921761
CH4_C002951,189.60554102661212,0.3571348238452054,0.7098619110160587
CH4_C002952,231.71666869568645,0.7319850762636142,0.5037496867967921
CH4_C002953,236.5414443666672,0.7223458618628689,0.6452260894391637
CH4_C002954,96.14490049019581,0.654648202420788,0.6128313987768175
CH4_C002955,50.25476422053302,0.5822030341023229,0.7728887291826239
CH4_C002956,88.09421787653548,0.7726388485977116,0.23005882543802292
CH4_C002957,227.56044239224215,0.5572531445114023,0.6734049817589343
CH4_C002958,142.82070638584264,0.398648015835131,0.47947057592514614
CH4_C002959,59.2996711689367,0.5719819415093185,0.3087114629855259
CH4_C002960,193.05500719184894,0.6607296298163257,0.6026445206531468
CH4_C002961,139.1811118514248,0.8802652108852886,0.5279346788843862
CH4_C002962,146.94176842062382,0.4343781241284507,0.8372203050082132
CH4_C002963,14.761565966394274,0.6641702720053905,0.5223746960327555
CH4_C002964,15.755926223369688,0.598769434453061,0.6508047900166078
CH4_C002965,10.123611210824057,0.5348838388599347,0.625120062494253
CH4_C002966,96.75368999813038,0.3463103909526606,0.9210733450162567
CH4_C002967,81.2389066176356,0.6925105239739087,0.45780583630706767
CH4_C002968,147.53032357989898,0.32305873531033696,0.9193675041879958
CH4_C002969,160.74276384681792,0.362955865138362,0.3261364969444076
CH4_C002970,77.27667166838035,0.5739192873448681,0.481816446927527
CH4_C002971,67.15349249047331,0.5534521910753595,0.7445649831062213
CH4_C002972,192.98347621523914,0.8236717966830043,0.3352426324861514
CH4_C002973,215.23000735510865,0.8075792900722807,0.2789975681045094
CH4_C002974,75.18701218347718,0.6554409750748593,0.6574533134964384
CH4_C002975,41.68619053889447,0.34630248394856644,0.39021907577826387
CH4_C002976,200.92801654829879,0.775590081044709,0.7248111195032121
CH4_C002977,85.67771173006497,0.5678984666211331,0.6203278206864171
CH4_C002978,151.35137273713374,0.5144202951419753,0.8328390772732457
CH4_C002979,21.313646324105456,0.49278353731566227,0.4039925099773629
CH4_C002980,241.05385430355838,0.40792653150410196,0.9255775804599047
CH4_C002981,76.91626628902418,0.3771488226466026,0.45773651502786
CH4_C002982,122.76217551528806,0.764174910316942,0.8635409860125705
CH4_C002983,205.90306020911402,0.5764335759957327,0.8086130893193462
CH4_C002984,45.355554696475956,0.3901649036659198,0.7683152747212432
CH4_C002985,187.97014244744105,0.8407256069730105,0.531620658493707
CH4_C002986,220.88146270835392,0.5177200346886619,0.21319389919683882
CH4_C002987,197.26359505221362,0.39791384439211247,0.9187769339236216
CH4_C002988,166.25808241252108,0.6119088858845354,0.5566226768927098
CH4_C002989,70.21269397492702,0.8510760826009103,0.45847699808584896
CH4_C002990,91.38402072788482,0.48225202770767983,0.9166204493182508
CH4_C002991,221.83659574102174,0.8737095684075047,0.4573821701361706
CH4_C002992,18.942508968316062,0.8385079187139013,0.4042148720606321
CH4_C002993,177.51820362396458,0.6820550439107942,0.3996392561467099
CH4_C002994,206.90779121968023,0.4932002521155332,0.22048433771228673
CH4_C002995,80.51321292015918,0.4463810762623449,0.6865350112485629
CH4_C002996,176.9455035653508,0.5144974691907227,0.8375591689351387
CH4_C002997,60.93512052728445,0.7424012230605722,0.3473024735890157
CH4_C002998,213.06010519005727,0.5989806749616582,0.23911827948197037
CH4_C002999,175.879388820746,0.44296790166407685,0.6317631538141326
CH4_C003000,72.93326056785656,0.3550422419194844,0.5624671384683371
CH4_C003001,111.10929348024493,0.38582535113515526,0.3459217862342666
CH4_C003002,231.2187672955744,0.8925331532685559,0.932334408532014
CH4_C003003,27.77626091025859,0.5706151860472908,0.35763327013465684
CH4_C003004,186.40953739040071,0.695739908170449,0.5726139786974254
CH4_C003005,114.4852237960319,0.737017663445003,0.8240355149248118
CH4_C003006,148.0956808081704,0.8499206385606752,0.5363824646283273
CH4_C003007,102.65454975825938,0.9123681225294513,0.5455292631272901
CH4_C003008,110.6610270844966,0.581791524009038,0.49080520569203195
CH4_C003009,176.47104388055993,0.6835645992710939,0.4356702586763447
CH4_C003010,219.95427729878838,0.42258206695989414,0.8521245294481916
CH4_C003011,238.6104526450773,0.5660039658286158,0.7659525795470734
CH4_C003012,212.98151507554596,0.6144623085081646,0.23639283073771983
CH4_C003013,55.16515251542278,0.4936339350654864,0.775684201089061
CH4_C003014,166.64541599255978,0.33896061000774597,0.3286307335700847
CH4_C003015,7.046616438786401,0.45095544765573203,0.8544688246487051
CH4_C003016,149.3049546920613,0.9146093099040502,0.3692737699840395
CH4_C003017,150.849688075421,0.4852299596801288,0.617766906873618
CH4_C003018,131.18860328645823,0.3842963191276975,0.3413865420261644
CH4_C003019,230.0263696154637,0.36090340660101083,0.6165046922511741
CH4_C003020,186.77348771688256,0.7696913194183403,0.48886636091399394
CH4_C003021,237.17322824078644,0.42463495803771095,0.8248831144790878
CH4_C003022,245.1968577463457,0.861236947025513,0.6170289650426461
CH4_C003023,160.30813812218918,0.690973947917747,0.6174667391375264
CH4_C003024,99.41897129220548,0.3296546888733352,0.9114526885554943
CH4_C003025,68.17160374353742,0.48562574082212195,0.4416696008479048
CH4_C003026,146.754738333364,0.4319212316565984,0.5552413691787554
CH4_C003027,1.0899842764506562,0.5857134179725741,0.2568001907999471
CH4_C003028,207.2822451340958,0.3630378978064402,0.7638369722997855
CH4_C003029,146.15103991284124,0.9071361171765124,0.4237732170813951
CH4_C003030,235.87995356471328,0.7681352958774961,0.47514072601569085
CH4_C003031,157.51419259683448,0.4825935443490385,0.2437898660802977
CH4_C003032,27.3678517614562,0.4954689556255794,0.7620375855116401
CH4_C003033,56.70985024859137,0.7357344423719404,0.3363545926800695
CH4_C003034,216.30571598080158,0.6950142812562867,0.9361789561555647
CH4_C003035,37.17000390533728,0.6934193351556854,0.4810130706341503
CH4_C003036,240.2704338414826,0.33712378901074075,0.6591839853763024
CH4_C003037,5.881360899536392,0.519331022756971,0.4805928968084743
CH4_C003038,163.83966668970143,0.36747919430142584,0.376499059027115
CH4_C003039,137.7220307290829,0.4701947924139215,0.8856845556052808
CH4_C003040,63.333649882398454,0.525672949700088,0.6685761868960112
CH4_C003041,169.81620638368793,0.4644699518863707,0.5867965600464351
CH4_C003042,127.72263724862482,0.5616725511624738,0.631806201177612
CH4_C003043,103.90909237902859,0.5995562021445555,0.7687686649139387
CH4_C003044,86.66568137667072,0.6450943933274806,0.5026113103544948
CH4_C003045,8.256906568797461,0.6615356250519218,0.5475998294775
CH4_C003046,103.25937148067283,0.3578474473601639,0.8037625194768612
CH4_C003047,111.68022982102882,0.7792641207285095,0.6995986110586718
CH4_C003048,169.88454048864676,0.7658067561510667,0.4493444680515682
CH4_C003049,49.401922469195334,0.8606916043005788,0.5709741136928506
CH4_C003050,156.86954798737185,0.8208632352147269,0.8498599460154717
CH4_C003051,29.23826519372405,0.694126611021711,0.48622199067356336
CH4_C003052,209.13495713921043,0.5206767694352716,0.3881610052606867
CH4_C003053,115.56829530901999,0.4512414689179265,0.33155488951128403
CH4_C003054,134.53366273251507,0.761286270334795,0.5555543667193774
CH4_C003055,108.64492452741678,0.502929828838777,0.6374617247770731
CH4_C003056,110.65749756382675,0.6899072876547261,0.9319122194605451
CH4_C003057,113.44384550828381,0.5700270586537926,0.3116128026982713
CH4_C003058,173.57709190957675,0.8797543377849208,0.34353130093891765
CH4_C003059,6.834459299241535,0.8205480295250351,0.938895032310908
CH4_C003060,121.60704567170156,0.9090272541490787,0.35954723689368134
CH4_C003061,149.45363696601197,0.37843177525721816,0.3724699855867109
CH4_C003062,204.99909446800376,0.7640469741289635,0.5587899595784867
CH4_C003063,174.1824893447214,0.3822520271718402,0.25213882287208966
CH4_C003064,148.40731636426034,0.38849758721704336,0.5613223968494285
CH4_C003065,92.37518436778194,0.7830126492995093,0.7948890111606441
CH4_C003066,243.56984128182742,0.47795120978475686,0.9213046983650015
CH4_C003067,165.73264699978753,0.563680227608885,0.47543658783368986
CH4_C003068,23.691458679843013,0.335222085778042,0.7114397283870448
CH4_C003069,24.293915930619413,0.3754126599682405,0.49626971875159914
CH4_C003070,60.366737638895025,0.5653226828947401,0.5112679821908419
CH4_C003071,17.110097641620943,0.39371045858357046,0.7997083085899113
CH4_C003072,206.7959484302405,0.8956105720732297,0.8697549925957775
CH4_C003073,167.95128659211755,0.6641376891688149,0.9469024972065252
CH4_C003074,84.94537476979814,0.5097129998633065,0.4043302823565955
CH4_C003075,201.10356628527018,0.3581455684567886,0.9089496769523104
CH4_C003076,5.606708496129043,0.7922760923657315,0.8566154053205246
CH4_C003077,15.5689365615026,0.5943262329305321,0.9239127078783811
CH4_C003078,13.571289798686854,0.636000747417616,0.6894325424359056
CH4_C003079,76.69057118945405,0.4133831341245911,0.36823763916656027
CH4_C003080,66.18726086535182,0.4408755537858942,0.508048473151945
CH4_C003081,246.2153058569255,0.4005713023287721,0.3188733532000586
CH4_C003082,186.5875946486551,0.9151031688830771,0.6288310243835891
CH4_C003083,77.29911973893083,0.732896282984014,0.8924228974252162
CH4_C003084,149.56337192904144,0.5390594426853232,0.31133481513450567
CH4_C003085,30.693893145449124,0.3344412760141934,0.33685615509097017
CH4_C003086,76.24264229924663,0.5609359328361012,0.8793002092971722
CH4_C003087,202.60402262258395,0.5384834980140798,0.22537682833322986
CH4_C003088,115.99317772224674,0.7787398988289909,0.8131209098807675
CH4_C003089,83.23752850936381,0.40489192475808017,0.7906715738392147
CH4_C003090,61.242196729241584,0.37921035532911707,0.3746315198925684
CH4_C003091,31.203694423813737,0.7232149362173788,0.6083065109670862
CH4_C003092,119.49615023378799,0.5249201483801137,0.35647383007481404
CH4_C003093,249.0521338662427,0.8221884486578286,0.7931900146227815
CH4_C003094,86.19682950813015,0.6354277817800602,0.44795160392644795
CH4_C003095,249.83047944636562,0.4641590308292862,0.7541377883500009
CH4_C003096,137.504612103615,0.3325577185810652,0.79062667023444
CH4_C003097,26.834599205763976,0.682636555905331,0.4793612685119772
CH4_C003098,202.123142890642,0.6042229895449112,0.3575557107242391
CH4_C003099,195.6181277213037,0.534165507401853,0.356992764169405
CH4_C003100,164.64621000296864,0.7375911445333596,0.3671517865853666
CH4_C003101,71.46412213279521,0.642924051100978,0.6204305770445262
CH4_C003102,28.87038766695901,0.5263866523488638,0.6543423154357855
CH4_C003103,192.2088015487746,0.5958284526150679,0.2891319270331657
CH4_C003104,218.1608364143622,0.43977110365369504,0.7435637565394477
CH4_C003105,79.78891155215554,0.5549936839125953,0.8032000676309932
CH4_C003106,144.24326465729303,0.6923933282031411,0.8538429374783028
CH4_C003107,213.1931656993503,0.8098839212916968,0.47429779411657164
CH4_C003108,131.17730178875237,0.5695999710694535,0.8053351204825765
CH4_C003109,198.84397220847328,0.5918958098894365,0.36417522263879
CH4_C003110,27.99483996521576,0.7831477181961921,0.3574735377215479
CH4_C003111,139.10932575156139,0.4894365291480818,0.924607176758206
CH4_C003112,82.05747419699085,0.5265226642152899,0.895440406162648
CH4_C003113,115.12280321317567,0.6740434275031244,0.8972618810700139
CH4_C003114,50.43426434792184,0.7950167091272626,0.44488631963422065
CH4_C003115,98.56483345814945,0.8796275289716164,0.29538901546972385
CH4_C003116,167.4230194500389,0.44838671252562845,0.4588213990524746
CH4_C003117,199.79626028173698,0.7727922407070489,0.23467918312616373
CH4_C003118,184.7208536744782,0.7016028903593905,0.5396889478332507
CH4_C003119,4.830561541525668,0.8527761626325399,0.3659250315242295
CH4_C003120,91.25151770008522,0.8446727604532349,0.8907290024572667
CH4_C003121,16.130028180163457,0.46242508006270466,0.8081551840942212
CH4_C003122,228.87652279076323,0.6676932283612829,0.43436632315863993
CH4_C003123,99.42810996232548,0.4401372084867665,0.6823494389744165
CH4_C003124,188.59124763778013,0.8148706042121883,0.3959923494988111
CH4_C003125,161.78923344944215,0.8526808555282959,0.8222748848719581
CH4_C003126,133.47351759103174,0.6771582544792938,0.8193347203338712
CH4_C003127,16.641386013150793,0.6903518619671112,0.6876870456836215
CH4_C003128,229.15512046342107,0.8834462050269942,0.48569769418126457
CH4_C003129,172.0384941750824,0.8996815232199566,0.2553568189191682
CH4_C003130,246.17121906655427,0.5050231337194669,0.5958857652492195
CH4_C003131,180.20922997173298,0.4300049100653267,0.7003122295260649
CH4_C003132,135.56579660849678,0.6323096141752573,0.3860439054666146
CH4_C003133,91.0486789101152,0.48388467337704105,0.2163960451862249
CH4_C003134,63.7308097641622,0.5909523617240795,0.3292074448651978
CH4_C003135,188.68134796792233,0.7796675371836375,0.9177150348487919
CH4_C003136,81.94637386903474,0.8074071972910724,0.565399899044768
CH4_C003137,21.517984742942474,0.6577779897243827,0.9485312127755199
CH4_C003138,247.8644249131813,0.7108748844979459,0.41627537803698667
CH4_C003139,96.53070673858072,0.7702178233387809,0.7611937661147268
CH4_C003140,111.23499349928038,0.7295813383171479,0.5504235392457555
CH4_C003141,97.36774543383555,0.49542517276961834,0.8705473478580741
CH4_C003142,187.82445180412222,0.9078432049335983,0.9297740440560278
CH4_C003143,4.244505119979286,0.7091568986832699,0.829111367757811
CH4_C003144,150.48145403219243,0.8310583246690235,0.5374185080878677
CH4_C003145,98.66139989960193,0.5356714998670244,0.7268968493103065
CH4_C003146,241.19549895224068,0.7126250824723535,0.4685177731106443
CH4_C003147,208.21802186628122,0.8867806131260101,0.7793726018945653
CH4_C003148,157.93157174703816,0.5046649396610366,0.6186603063524174
CH4_C003149,17.22662539321457,0.711518787784254,0.5682083199792756
CH4_C003150,92.50061214833622,0.7463750697761526,0.3916762679953744
CH4_C003151,62.67448472873308,0.6479321032789265,0.37822978287374587
CH4_C003152,249.65782339612005,0.8630178380879938,0.5137196348633817
CH4_C003153,143.24631363070623,0.42210239937673194,0.6812284868426992
CH4_C003154,114.28999814012849,0.8901022403575316,0.8263283697028809
CH4_C003155,85.82290262082375,0.38264234994097807,0.8288980583061207
CH4_C003156,136.1477242562657,0.36567480846248485,0.817801067865761
CH4_C003157,228.9503687245371,0.8379532333640485,0.41498707937254603
CH4_C003158,1.1005306402113446,0.8549011109082141,0.798719624445899
CH4_C003159,68.49975652220436,0.6067289368657742,0.7364057458624189
CH4_C003160,70.52470713222891,0.7263677391595631,0.6839613224257652
CH4_C003161,10.319084045582017,0.5055671891088115,0.6547406682969703
CH4_C003162,1.0559910929105465,0.43265204108621863,0.46449031179592554
CH4_C003163,183.48535843233964,0.7557526428018864,0.6993802012680596
CH4_C003164,51.429850569585376,0.45997191205423504,0.7475014825579243
CH4_C003165,6.704561635086343,0.3517112215286948,0.7064209408193309
CH4_C003166,128.54549406384956,0.5869259773343297,0.4197760952491011
CH4_C003167,44.451029980114185,0.9022121052747187,0.44396443470743946
CH4_C003168,231.77827011262178,0.49980126004048064,0.8863539497993318
CH4_C003169,23.335301184846337,0.6628062372360619,0.7743764063162246
CH4_C003170,230.83748958711706,0.770494027172175,0.3278380282544697
CH4_C003171,54.78508229138387,0.6679473528968803,0.3157726628158556
CH4_C003172,211.23440790664426,0.7174131606522343,0.8550155674713176
CH4_C003173,206.12113654398854,0.8971611090971083,0.2975237232811528
CH4_C003174,128.96008273580912,0.8962718924032682,0.4007591290606488
CH4_C003175,169.40863838179453,0.7592935569497072,0.6684337384270503
CH4_C003176,97.3097893993427,0.3246738551080577,0.24572056513593316
CH4_C003177,154.29346896385647,0.6857291634878663,0.5181507559412459
CH4_C003178,196.22347790924255,0.7215796728225529,0.5417347983721885
CH4_C003179,211.96769001729575,0.4306383245774767,0.9199248183775193
CH4_C003180,189.2539233784637,0.6686815231900625,0.4047273726953191
CH4_C003181,184.4933080630468,0.5853780087656764,0.7691587665412074
CH4_C003182,109.56815145730714,0.6204103587064657,0.6208499261809057
CH4_C003183,178.91177259032457,0.44273236856720405,0.6941745750415269
CH4_C003184,176.01037025851213,0.5802360836568388,0.24191689045070555
CH4_C003185,200.8676589466712,0.3393483328195908,0.6967484947326055
CH4_C003186,200.18606494479673,0.48430972064431277,0.5712206486908478
CH4_C003187,128.27769761687873,0.7607391679326211,0.4318374031425898
CH4_C003188,223.5843254228428,0.41859528814666036,0.8392417808140407
CH4_C003189,190.77275196205198,0.4552104496112366,0.4116031329005069
CH4_C003190,249.73163026811855,0.34038475560074355,0.3948243957392982
CH4_C003191,7.502125097010981,0.8689704609256488,0.9351245599470472
CH4_C003192,56.088151526721475,0.34542964232271006,0.4291780183192557
CH4_C003193,212.63262931952494,0.7336027663713097,0.5620550209572601
CH4_C003194,164.0373558510792,0.43399018402218814,0.28972371935788827
CH4_C003195,238.7741082751231,0.4081900382486534,0.7653419705314304
CH4_C003196,128.40576579323587,0.3247947133092414,0.5438316433997563
CH4_C003197,102.98454082716704,0.8324671718721792,0.39487778161806725
CH4_C003198,83.77616288532342,0.6184237214588767,0.9323668913415404
CH4_C003199,47.45425236310255,0.9015740626802868,0.8050041258555831
CH4_C003200,132.82363760408424,0.918799029067503,0.292124956932972
CH4_C003201,192.4137721736151,0.6068385561186094,0.3747734714895271
CH4_C003202,157.8733120775491,0.43341708977568283,0.23301328740847146
CH4_C003203,171.888293200896,0.5647387857701544,0.5938718645788456
CH4_C003204,81.57217326566824,0.5452435251120937,0.45291307473658204
CH4_C003205,17.6082817008473,0.6842603832918386,0.41697456773264596
CH4_C003206,83.12380173882036,0.3597874582101278,0.20932114677666708
CH4_C003207,213.8001249003652,0.8366020986352622,0.759172888202347
CH4_C003208,166.90708216096115,0.7864666875836361,0.7637379069154622
CH4_C003209,223.19722540133824,0.4710398691114905,0.917861896828382
CH4_C003210,71.53955732820533,0.6456526704673895,0.9018281492272868
CH4_C003211,51.821944984794946,0.7964892478584749,0.8031671506451545
CH4_C003212,23.949434861981146,0.41387950276539276,0.6746221860498596
CH4_C003213,196.8115106740897,0.7063874785554132,0.8290861189157095
CH4_C003214,121.16582577731974,0.4646792083858883,0.569193761606791
CH4_C003215,182.225243834571,0.41824108708980595,0.841315048047047
CH4_C003216,93.98748768053488,0.7731325908177753,0.44997911984936656
CH4_C003217,179.81288514682367,0.35443432210521064,0.5379660010769697
CH4_C003218,8.123866175170441,0.7172540272157306,0.7059603728946375
CH4_C003219,202.26316419385446,0.6072120125556376,0.28555662686071875
CH4_C003220,55.877732932482274,0.866595915692645,0.523369856786505
CH4_C003221,145.43989392708718,0.9042646951365696,0.6509584463893443
CH4_C003222,8.509367615609193,0.9096098061763176,0.37448300084654607
CH4_C003223,198.26631311475128,0.6837133334229958,0.23675283667719368
CH4_C003224,58.064480499654486,0.4247407151683836,0.7526885975399096
CH4_C003225,38.20743750245778,0.6044236324349038,0.548894221404699
CH4_C003226,247.62771015721836,0.3658923713658516,0.3845078591489576
CH4_C003227,79.73277060334605,0.5810548310843706,0.43915714748581103
CH4_C003228,148.629089776508,0.6374675041761254,0.6679768091164109
CH4_C003229,93.86323410847474,0.6581709923128285,0.9477731506133156
CH4_C003230,75.95909346341016,0.45732300082567734,0.5999900442274828
CH4_C003231,178.38304970233642,0.8523674146706666,0.45906219418067185
CH4_C003232,76.47668081969272,0.498757212557031,0.7212907651889275
CH4_C003233,239.29286556315643,0.5027212097340169,0.8889094480535225
CH4_C003234,22.359858674549454,0.8545270428505267,0.4297745872734069
CH4_C003235,18.93446761572118,0.45631126195331084,0.885702710232571
CH4_C003236,242.56885660201763,0.8811124870883278,0.39747530750633375
CH4_C003237,109.20006771540045,0.7864735600349007,0.787333691505989
CH4_C003238,189.98936130132336,0.6008407755668321,0.7791170529963607
CH4_C003239,181.02737569759677,0.7868106399876307,0.8562254689082298
CH4_C003240,28.88479477824624,0.34149668573227604,0.8267333721269368
CH4_C003241,58.18143530977527,0.4061908384472183,0.5470626303510258
CH4_C003242,157.34058000381958,0.47961417642230086,0.29158092375556877
CH4_C003243,158.86168434805998,0.5680085582583669,0.40673561482650317
CH4_C003244,154.8262445852177,0.7560921034977854,0.4457159648148807
CH4_C003245,205.05429980884108,0.36386800551404214,0.9098490943837989
CH4_C003246,181.50305305652873,0.6815573248699871,0.6781183782323298
CH4_C003247,117.29006864446434,0.9031092509326093,0.524534113243664
CH4_C003248,124.7209639194656,0.3881682439154214,0.34253580332904454
CH4_C003249,193.72722164683694,0.6833065014627946,0.4981472082111487
CH4_C003250,48.72616990976664,0.7526889673976302,0.6512127226791844
CH4_C003251,212.2049029694483,0.7746069870196265,0.3938059829650832
CH4_C003252,191.9907520111967,0.6802212193700476,0.4728441870115785
CH4_C003253,209.87800382409077,0.5371172576697936,0.39448548688436447
CH4_C003254,124.51250325783688,0.7219589247536352,0.7488065996334667
CH4_C003255,43.930147886973025,0.9136442252594346,0.5036682714600123
CH4_C003256,120.27272324096324,0.45230584970448484,0.5694790639654161
CH4_C003257,104.245227428301,0.3291386717340468,0.4229255538438814
CH4_C003258,43.176274601742364,0.7746678928250907,0.4744319540026865
CH4_C003259,190.44645622977973,0.3479839551419566,0.31527811336052713
CH4_C003260,242.2752841054875,0.7933099917706898,0.6769266882265761
CH4_C003261,230.9865440099874,0.3353481844437777,0.5580026853614286
CH4_C003262,246.11342714121474,0.7981522589948452,0.7718917716322269
CH4_C003263,214.22576683038986,0.616863544661296,0.41734971632754686
CH4_C003264,52.75315639899578,0.6479054191176721,0.858739655236622
CH4_C003265,181.18645280146015,0.3477166447838468,0.2009842563719207
CH4_C003266,110.25691019397651,0.3786057707120923,0.29311669242348953
CH4_C003267,4.2461625684223065,0.48597107829163605,0.2341387742278519
CH4_C003268,140.46158343968418,0.7042721751118135,0.44829061477502596
CH4_C003269,46.47663405408947,0.6055980277186634,0.5533745071004148
CH4_C003270,92.50972164454524,0.8693441797750499,0.3576178913585719
CH4_C003271,108.11785734512557,0.44299075659542464,0.7436192687830911
CH4_C003272,48.39896207533756,0.5113860456832647,0.511938171722575
CH4_C003273,170.44312558555515,0.6408428302571734,0.4390994199820254
CH4_C003274,213.76554048463402,0.8441799993101367,0.6852751645016415
CH4_C003275,237.7969041342497,0.919628400453115,0.8701908592352006
CH4_C003276,163.23546768613298,0.6635759365214096,0.3379626068855648
CH4_C003277,179.040087635567,0.8841248142184612,0.9144459525850117
CH4_C003278,235.5817276614777,0.7244524764870355,0.24750059470789412
CH4_C003279,244.30820858905565,0.7215526181197448,0.7807725418765128
CH4_C003280,69.83804220934512,0.6833564455296882,0.655253972909861
CH4_C003281,170.2779771063589,0.40619472403300994,0.5521481851395831
CH4_C003282,216.1329472649329,0.3642048132871121,0.6075592953612883
CH4_C003283,236.27605110230297,0.5389573152984787,0.2664883749234296
CH4_C003284,65.76585355670356,0.3317677093750385,0.9011348587196129
CH4_C003285,59.65947216369036,0.6070294088764407,0.5981634217107887
CH4_C003286,136.06788064117447,0.7881671054271302,0.29649310956076785
CH4_C003287,17.331873335320214,0.6857023426890925,0.5087702839817172
CH4_C003288,232.8774516235614,0.38579477505596255,0.8533855788921949
CH4_C003289,78.94976713055516,0.8999223150784286,0.4388646327781412
CH4_C003290,246.89888876775,0.4584098759340005,0.30254067187233413
CH4_C003291,205.32466786501894,0.8348798826568313,0.3526051323834544
CH4_C003292,111.43193728161211,0.7547012623192002,0.865673553281253
CH4_C003293,0.6759261485700385,0.8628410996544122,0.8854825342520227
CH4_C003294,103.41225516015184,0.49528212672649075,0.37672806298359307
CH4_C003295,109.85893545104433,0.45290250704784873,0.6241967123277588
CH4_C003296,144.96549676958043,0.6387945157985446,0.6717243803521928
CH4_C003297,156.80568438231458,0.37406112270985087,0.6631306497486025
CH4_C003298,73.2673977982092,0.5879826078535064,0.7548769974400273
CH4_C003299,83.77535952881038,0.5521619410201168,0.23780178531735846
CH4_C003300,149.62677798502315,0.6685083693161764,0.37956037444601876
CH4_C003301,117.45242853862581,0.7167609648256021,0.6326134549939693
CH4_C003302,174.17414376197783,0.3917745915073877,0.6599162029220489
CH4_C003303,137.99051685071723,0.7493124701669349,0.2957534340200374
CH4_C003304,123.25596571846556,0.698813266523475,0.6941211051709018
CH4_C003305,240.65138512494588,0.8240483319906655,0.46389346177233215
CH4_C003306,113.99856999597004,0.8830743486842516,0.31263484339900294
CH4_C003307,81.82719645229236,0.589655005297602,0.8471778576028655
CH4_C003308,211.7321180730859,0.3758957876833092,0.9076055374472682
CH4_C003309,13.746959779342788,0.4315348577625941,0.7588045379488706
CH4_C003310,67.95145948402192,0.5171834009931554,0.21505650046553546
CH4_C003311,202.33721118863886,0.9009473842577762,0.34537350153408114
CH4_C003312,0.17643761907792932,0.7551394205863791,0.23580333060539538
CH4_C003313,2.8185025988308468,0.5651544828642732,0.7683102451605182
CH4_C003314,238.12839039941326,0.8282255215688088,0.4275397489543291
CH4_C003315,114.22998291170414,0.3401312934824275,0.5746982809400243
CH4_C003316,167.0706178657339,0.46315232901538894,0.4540879162819786
CH4_C003317,41.30400174980428,0.8333964566475311,0.923269817565618
CH4_C003318,228.62473631589583,0.7979921353391664,0.8367189721056583
CH4_C003319,126.7931123171624,0.8644414157908025,0.6922585228563274
CH4_C003320,182.037178318936,0.7119845364252931,0.5992786727429462
CH4_C003321,195.93712702780272,0.44441623353717596,0.6138896348909006
CH4_C003322,74.23595727690963,0.8372758880157238,0.5100083507407385
CH4_C003323,214.60274058126325,0.3739637501164582,0.4007906764072181
CH4_C003324,125.63210022281778,0.7240137694213867,0.7433154805555136
CH4_C003325,2.3563175397024736,0.6599376560208485,0.7420632191137333
CH4_C003326,243.54263165015212,0.5690058135595103,0.802154725848117
CH4_C003327,135.76633043256197,0.37623221631651105,0.5233918222200329
CH4_C003328,32.03405758342895,0.7696920272921176,0.8297881778404446
CH4_C003329,27.237938136347285,0.6691081285728516,0.34537974459717097
CH4_C003330,170.0587223411673,0.8940333559447815,0.44837174430552673
CH4_C003331,72.6174744467751,0.5861654345148541,0.585326748559001
CH4_C003332,38.84661256419519,0.32037671206786816,0.3145911605780323
CH4_C003333,165.40152261899607,0.6582628813555398,0.3156862796285095
CH4_C003334,135.25326874119781,0.5704150640503496,0.27373337261891795
CH4_C003335,96.12827931135881,0.36534421582524834,0.7418594114295205
CH4_C003336,35.47845528280699,0.7047329841353867,0.516462933163659
CH4_C003337,114.80780665172877,0.4204337240237602,0.9422719867896676
CH4_C003338,70.37440498025055,0.8515571484079063,0.28323079169396675
CH4_C003339,68.85648828427985,0.622414513533115,0.2630632636737995
CH4_C003340,14.963821507997244,0.8685936296430159,0.36551984187138986
CH4_C003341,220.77364852233805,0.7100587937581329,0.8869022657335537
CH4_C003342,67.00364622899122,0.5069176001220428,0.5913770485548735
CH4_C003343,226.2825093030371,0.5794571418976235,0.373234652321887
CH4_C003344,249.95856605704853,0.8214790237841978,0.6648070456619655
CH4_C003345,156.46994342891722,0.6871948862834221,0.7825628151679589
CH4_C003346,220.3592227563861,0.4516153182242042,0.5301530738390524
CH4_C003347,34.30930424274739,0.6578994783779146,0.3801650273944921
CH4_C003348,191.75392803205395,0.7692985490860985,0.7846639743054751
CH4_C003349,90.31242823766323,0.3271925502195326,0.780854542352106
CH4_C003350,34.28243118705948,0.696479780704645,0.5991434296033604
CH4_C003351,154.926253245279,0.5067780864539781,0.5328006657080842
CH4_C003352,69.69233228482052,0.4529385999116944,0.3063734311088171
CH4_C003353,76.03233226934644,0.5431228987615644,0.6778862265639942
CH4_C003354,153.4058462048503,0.7791931918380413,0.5672773046848647
CH4_C003355,65.38836404969112,0.5433426021360691,0.2702112404394702
CH4_C003356,46.185385214353474,0.37719090307177333,0.8641210949073534
CH4_C003357,176.02528846627084,0.5067596198126558,0.47533431235268836
CH4_C003358,166.1956550402532,0.5843307268663817,0.5197988482868676
CH4_C003359,10.798460665862708,0.37277514598104344,0.6712614395890828
CH4_C003360,42.740043099017576,0.746209035709086,0.5423939685694068
CH4_C003361,201.2327928251909,0.3606612187960999,0.8789396969482159
CH4_C003362,155.64749237911934,0.5217894885764911,0.7231168620691337
CH4_C003363,247.74274279080177,0.596924505463509,0.3227386608865879
CH4_C003364,243.8702810451985,0.7647791231864023,0.4212678083037964
CH4_C003365,122.3049912916685,0.536105557045691,0.5984173058394862
CH4_C003366,155.7545103442223,0.6818581626353588,0.23518410880008575
CH4_C003367,213.0246420489006,0.49867461665954205,0.9353066012327045
CH4_C003368,154.93287638700062,0.412246162642554,0.8451828280925999
CH4_C003369,196.5288199342161,0.8263646703907443,0.6456473072609359
CH4_C003370,44.690216960190824,0.6699107031576588,0.6409765636991251
CH4_C003371,225.51684740567865,0.8998964963643696,0.33664699290255806
CH4_C003372,193.12181314252356,0.7816940039724252,0.7414129081150138
CH4_C003373,241.21253378010672,0.8755639113280207,0.2530641723637056
CH4_C003374,144.11161450600673,0.3321977271713813,0.7499647628922284
CH4_C003375,86.98632280298484,0.4681801022068135,0.7142717843797484
CH4_C003376,10.525356470466956,0.3496943720294485,0.2593643330416057
CH4_C003377,104.69873713037207,0.46622387359896955,0.7740527778341093
CH4_C003378,119.61421291197391,0.6679752728396937,0.3777744816582707
CH4_C003379,129.10907335331459,0.45863364533419065,0.23289513405920909
CH4_C003380,163.63235622616193,0.9025446485617523,0.8421285469865702
CH4_C003381,101.28083697683746,0.6384589044166309,0.7761924723606759
CH4_C003382,33.91255340248375,0.39629797872953115,0.7851457214950031
CH4_C003383,203.69755964783408,0.44373273215810655,0.6509607643299098
CH4_C003384,129.86623168547834,0.3584723006253708,0.9206466281338896
CH4_C003385,22.087304695323382,0.8125467630388123,0.8235319816245412
CH4_C003386,120.89590447241596,0.694745580967979,0.8849740322769717
CH4_C003387,141.41027734845684,0.4632600671231508,0.22556258528715237
CH4_C003388,29.491506826488877,0.5278177411993475,0.6105914813511222
CH4_C003389,104.03398732420565,0.47936217314539753,0.7729782724772749
CH4_C003390,22.09120131852027,0.38278960662398626,0.9204806581988647
CH4_C003391,148.17080330864238,0.5751438225827559,0.747055246868912
CH4_C003392,60.66746645922905,0.5143046942499946,0.4915854812725197
CH4_C003393,84.26704281292719,0.5677414270878379,0.6718205420552303
CH4_C003394,220.41861727559066,0.5576909730073849,0.940688803770938
CH4_C003395,222.73119104516547,0.8014031426033652,0.22868341644178694
CH4_C003396,90.35553820530498,0.6145355191642585,0.3234367521568948
CH4_C003397,104.79791543428519,0.5075370179193397,0.4489736888442004
CH4_C003398,232.97480797918834,0.7882339322613139,0.2747704945407341
CH4_C003399,173.431054985946,0.44966288685824607,0.2398075028442555
CH4_C003400,242.02449443065308,0.6866167173751602,0.8296116989315543
CH4_C003401,67.25944637585305,0.6583364921952528,0.4888319125438751
CH4_C003402,2.849297900750752,0.7516243554248692,0.6565168545862794
CH4_C003403,169.14239217400362,0.45013604033439625,0.3818522382476557
CH4_C003404,99.73155615712226,0.5004035156503486,0.930237864085917
CH4_C003405,121.0548142862812,0.5591755101440332,0.6452159514701932
CH4_C003406,155.37371539786196,0.8522231853830937,0.6652908115425034
CH4_C003407,16.23718464981505,0.8253834069658317,0.9458835271762462
CH4_C003408,111.4026875565049,0.4759329921455136,0.4513226441639268
CH4_C003409,210.36778308296823,0.4556541498315062,0.312564220414835
CH4_C003410,75.50921904071708,0.8359296090485802,0.5149045368791022
CH4_C003411,237.7856441441318,0.5965317158656791,0.7725321322520662
CH4_C003412,159.27386087375857,0.6712808992399744,0.6132454109409562
CH4_C003413,106.37270017868306,0.534760551356401,0.7139410429286903
CH4_C003414,165.01102857350233,0.49180535906266987,0.8448362049104752
CH4_C003415,135.09772284280353,0.3690678539637017,0.6540691189800185
CH4_C003416,196.585963164183,0.8594901467477198,0.5563434863861374
CH4_C003417,160.93948678992007,0.8455847983350093,0.9015978783442953
CH4_C003418,168.75530148213676,0.6179046587209923,0.2146451495232085
CH4_C003419,158.56445884866173,0.6018178687378224,0.5046032629184231
CH4_C003420,14.781200661790312,0.34406944388292765,0.7933416925224901
CH4_C003421,150.76454458241446,0.7858904311848063,0.47459673927230334
CH4_C003422,82.35384763120857,0.7540753846412092,0.7179986026004439
CH4_C003423,109.72698413231046,0.5556308387308337,0.2611765535687964
CH4_C003424,160.7936154058673,0.867636273269903,0.21273678264423823
CH4_C003425,190.4857379859514,0.8594220698866912,0.2330845976869533
CH4_C003426,45.70974187072349,0.622113469769144,0.2885969999922111
CH4_C003427,108.24023408635148,0.7086902038376295,0.32492809296537395
CH4_C003428,175.65078028492334,0.3505809558979189,0.8391181187490488
CH4_C003429,106.53525898713478,0.6866049218137243,0.7527718695754997
CH4_C003430,60.865542653392914,0.3461269679643664,0.46388879427229796
CH4_C003431,197.28990025547446,0.8146235315954902,0.7470269208797666
CH4_C003432,118.1346946641049,0.8125276399084572,0.7960794557246824
CH4_C003433,248.0913953552441,0.9106799569268673,0.27826828445538465
CH4_C003434,18.77244449470486,0.5955000637676491,0.4673263512298312
CH4_C003435,28.54471653927948,0.3315222462880254,0.31899719708965313
CH4_C003436,168.52262447772742,0.7663037672571433,0.7190012717933365
CH4_C003437,143.0482647957711,0.32498529895091993,0.6940730725910156
CH4_C003438,106.89285897092599,0.4130771800528294,0.4514693619709687
CH4_C003439,86.78669598382734,0.631111256572336,0.8083004666809046
CH4_C003440,247.2633693622723,0.4918885014107153,0.6174188832271241
CH4_C003441,152.0081065639115,0.3860506248137028,0.25722511865226416
CH4_C003442,151.92128743581736,0.8117376988403721,0.7920458487796356
CH4_C003443,59.85625118925131,0.5688278185923837,0.41885086259079773
CH4_C003444,88.73352784479465,0.9021658533356889,0.765217240512311
CH4_C003445,217.90966921855372,0.820380000752081,0.4694848631373245
CH4_C003446,30.189515968428864,0.48871347305012913,0.35394858266790497
CH4_C003447,201.07648611484592,0.7373351812628111,0.6921116409424821
CH4_C003448,232.7721187724285,0.7132505363566296,0.7833640509461821
CH4_C003449,215.6803985351419,0.7336213603849326,0.8331949102911829
CH4_C003450,221.99289432138215,0.5175484799360365,0.4962145326662902
CH4_C003451,105.89827629982554,0.8160515775034881,0.4699213299876051
CH4_C003452,88.1122632892814,0.4938386415137738,0.7330387482387752
CH4_C003453,31.319975066389503,0.9049349091212244,0.8097600893109898
CH4_C003454,153.01463685393142,0.47627517007667125,0.2542384175055985
CH4_C003455,240.74540259132158,0.874589926832184,0.34811267193837103
CH4_C003456,69.73569916962121,0.9082484400328934,0.9064786777225688
CH4_C003457,202.27111310922078,0.8362068761219292,0.9050645026242632
CH4_C003458,114.87654874432995,0.6565537032278057,0.23963737537559818
CH4_C003459,124.19265892020512,0.5941607329028964,0.5390061788607495
CH4_C003460,147.31273824203427,0.40607116167221663,0.43332918859672354
CH4_C003461,157.08940588108334,0.6634381444285387,0.8678387241515682
CH4_C003462,177.79312371079232,0.3852426091985024,0.5099608517354051
CH4_C003463,88.07680787093238,0.7548596697326178,0.3917023987766379
CH4_C003464,100.328508673327,0.5825635839179429,0.7563564354391943
CH4_C003465,197.8623072898416,0.6121485686288015,0.3872548537071269
CH4_C003466,15.255523605478993,0.8940758375628797,0.3160693565366378
CH4_C003467,207.89831801875556,0.5168864006523487,0.6755889362721685
CH4_C003468,58.19055045594107,0.4780526618001216,0.4433668807485492
CH4_C003469,148.55294638531407,0.8049030858569459,0.7523517036890237
CH4_C003470,92.33335143488678,0.3653045341893948,0.6505967524795584
CH4_C003471,183.75168502477658,0.6456325278773462,0.2641760123804273
CH4_C003472,177.54023299124955,0.6700229749520916,0.2797263930236062
CH4_C003473,199.77179932861358,0.5751650148139212,0.3617597775792182
CH4_C003474,155.24682659030225,0.7370700313653886,0.7573965747516351
CH4_C003475,227.25542608401165,0.3858217159180385,0.33607197728748217
CH4_C003476,63.07523047159525,0.6847772719021881,0.5469284127344801
CH4_C003477,115.9567633665259,0.3561517067281224,0.47811640185504073
CH4_C003478,6.19707905603295,0.8086304557357937,0.4105752325209375
CH4_C003479,152.1863349532929,0.870123108042864,0.8362760849190367
CH4_C003480,16.905631991220776,0.557496268978324,0.4025977773996001
CH4_C003481,243.57060692111529,0.8626091386284507,0.7136075651060041
CH4_C003482,226.16889610016247,0.5229479784692634,0.3521975847430545
CH4_C003483,184.96955801154192,0.32773798105553953,0.669445646416221
CH4_C003484,84.86061616749147,0.637074914800702,0.8683438871239282
CH4_C003485,206.61776710345757,0.48015305306857914,0.702393570806541
CH4_C003486,204.2111491081459,0.32801752907064646,0.43883300145724563
CH4_C003487,12.325755548696998,0.6419542165999093,0.5543563486975112
CH4_C003488,195.32492781009088,0.6911313890997519,0.4739750130064721
CH4_C003489,153.769426276851,0.3517695249492475,0.7679429370768411
CH4_C003490,190.90724799767142,0.6817001628008335,0.9032748729492057
CH4_C003491,218.42623160411156,0.6558971200961246,0.8053637209206368
CH4_C003492,213.5245112046502,0.5046267373676574,0.34101179007703497
CH4_C003493,21.860608336863375,0.39297997834951814,0.6364839857535474
CH4_C003494,181.76908242106694,0.8943339177629965,0.9421094567333943
CH4_C003495,249.64116534420074,0.6673807829302637,0.44692271945042017
CH4_C003496,147.65935513315648,0.5840869248739085,0.8305388639553659
CH4_C003497,69.3004887241886,0.6826786363332971,0.8608487449780606
CH4_C003498,11.323690660071994,0.7452785277861809,0.2729891153206508
CH4_C003499,181.70240317886024,0.8577316729256783,0.2518500817448456
CH4_C003500,187.090053524209,0.8755257819802131,0.754836108468866
CH4_C003501,233.9006688843316,0.6056220738587498,0.4416537351171602
CH4_C003502,55.19693218904406,0.4549099914003516,0.8945766062680147
CH4_C003503,1.6831002809671591,0.8125582317904982,0.4396607237557823
CH4_C003504,248.70074215806622,0.57699477506661,0.8059501461090057
CH4_C003505,223.32781733432552,0.6864396129744617,0.6131072600411105
CH4_C003506,224.43804842610507,0.6399131713548323,0.7992453523716674
CH4_C003507,162.67917075114812,0.8183218339386891,0.5347217241362452
CH4_C003508,184.624692984639,0.7026990938537925,0.21808450763021106
CH4_C003509,84.04121397206352,0.47861109402851154,0.7737117841911401
CH4_C003510,44.62160129182843,0.581083957366229,0.3701108531279916
CH4_C003511,110.90722914187512,0.715080319811397,0.7516611162668521
CH4_C003512,90.50699144246785,0.6096695806954235,0.21392072101182127
CH4_C003513,136.57591700320685,0.354710815301237,0.47531371038705433
CH4_C003514,83.87570404398997,0.41767353749586444,0.5861719904418334
CH4_C003515,18.468429513719908,0.7385114805492544,0.8982266064923068
CH4_C003516,5.488049962351055,0.3253123366800653,0.5023987297083253
CH4_C003517,95.78683694715842,0.80128874464653,0.8996488489770085
CH4_C003518,7.190425381363635,0.6983612557677945,0.6924354172869596
CH4_C003519,199.12622953511473,0.5823132226090226,0.3720276097295371
CH4_C003520,248.6716691398856,0.3846601145221094,0.2572385973954535
CH4_C003521,114.26251148472532,0.8473984903232641,0.6276282429094417
CH4_C003522,91.62115919841732,0.6274651172718506,0.8798751400323603
CH4_C003523,15.957669300285277,0.7622067290124124,0.42372580799796644
CH4_C003524,12.238988637035597,0.4141139024060129,0.40380936597065653
CH4_C003525,195.5390071466703,0.7353448830591681,0.6835343964060053
CH4_C003526,249.49606640229314,0.5809848719903022,0.5290136752802072
CH4_C003527,92.32223302058357,0.8916943086347129,0.31590917631680115
CH4_C003528,21.585349394357856,0.8021170988741355,0.9484521233093808
CH4_C003529,60.39006263338531,0.41165162373457204,0.587032412073855
CH4_C003530,81.18672963231407,0.4056149058421112,0.9041613249055704
CH4_C003531,146.73155616647475,0.8361602359573834,0.5778687703483825
CH4_C003532,243.89251743293323,0.6248111755675394,0.737623147598728
CH4_C003533,30.118892434052942,0.3775429460612396,0.2789304818543153
CH4_C003534,207.9663428522685,0.35912189283120277,0.507327856933429
CH4_C003535,238.67131413054008,0.5697059350624714,0.8814642983104253
CH4_C003536,167.08973273910948,0.4614668576782335,0.6547953273258587
CH4_C003537,14.538277078862876,0.3469200438259402,0.3278200305909351
CH4_C003538,76.17385890147446,0.5765933563270969,0.30880491113878117
CH4_C003539,86.74518150452914,0.42503100646669145,0.2635362810661291
CH4_C003540,109.94583069555713,0.4535986443892367,0.5161689628680939
CH4_C003541,94.81448831618991,0.5949098185599832,0.41943178318609065
CH4_C003542,214.53033178196185,0.4851685254801019,0.5192188393997963
CH4_C003543,218.99383327034624,0.6776411507651054,0.7900328640265826
CH4_C003544,219.05264627538008,0.6466636715877312,0.8047818256018511
CH4_C003545,66.66500995619157,0.735566127789235,0.8177034039876514
CH4_C003546,196.43448950065735,0.3274341679082902,0.7620471505261059
CH4_C003547,181.46114823465624,0.7383990608571914,0.30175097847046345
CH4_C003548,1.4952946493495545,0.5119290816009883,0.7745063847627995
CH4_C003549,180.51286082812476,0.332589790972755,0.48137292215015515
CH4_C003550,57.219995750897226,0.6929885691563669,0.8438168452794033
CH4_C003551,86.47090599640437,0.8716411842521945,0.8138443113979552
CH4_C003552,1.3771099584678481,0.8850394533913424,0.6922719355432518
CH4_C003553,164.16129068001953,0.33948582773774777,0.7931004556325381
CH4_C003554,66.21717076476291,0.7888954845392611,0.3643456303200463
CH4_C003555,236.91547207433752,0.494119566057198,0.28647661117650514
CH4_C003556,78.17809407840276,0.6605597289003122,0.6635464550097088
CH4_C003557,52.60177535304772,0.795402538445469,0.6394207389206545
CH4_C003558,219.15042275563152,0.7489561241129614,0.9367404122281668
CH4_C003559,166.59393545681698,0.8008165174159161,0.9152414827406581
CH4_C003560,7.812593934149764,0.7161753818390069,0.6805346289260392
CH4_C003561,175.31451556442153,0.7268344146739634,0.8541882617868399
CH4_C003562,175.38285135723365,0.6920267530065012,0.3330943500198974
CH4_C003563,173.10553104234168,0.5725680455605826,0.6312659150149069
CH4_C003564,135.5561579898488,0.6514746225508705,0.6604161650529006
CH4_C003565,93.30853167896763,0.6440392377158839,0.2481882788143807
CH4_C003566,11.011981110238544,0.34319415869334885,0.3947351054829731
CH4_C003567,21.949213759286796,0.41061494877684945,0.6215550209871799
CH4_C003568,61.7181713499034,0.5493996523629977,0.7731969181278668
CH4_C003569,34.860476792807624,0.7871886364063425,0.854272800141604
CH4_C003570,50.47426998960194,0.7116401913442446,0.6595205711842196
CH4_C003571,153.99369243324819,0.5422776400985234,0.22963171855987785
CH4_C003572,28.862399636524593,0.7527815894322711,0.24539971599353458
CH4_C003573,64.43434026266509,0.7489592414569725,0.2982717922649816
CH4_C003574,2.372733099728186,0.8613961715277609,0.6440290263279453
CH4_C003575,177.65142068498022,0.8330612350504831,0.6320499216369768
CH4_C003576,186.56353803400842,0.8715360677155222,0.6889323833761356
CH4_C003577,71.04656553549613,0.918276590630325,0.6997879148757027
CH4_C003578,176.6461663645038,0.7459643694133153,0.7022902524166497
CH4_C003579,183.48052886412512,0.6214074211166813,0.4437682732441398
CH4_C003580,10.45759382734454,0.53030737264201,0.4731806692856701
CH4_C003581,29.615431922638187,0.8815995711916043,0.66540217991568
CH4_C003582,4.165041823732923,0.40242961109731007,0.7428259088588547
CH4_C003583,239.92369505939547,0.7281597312482944,0.702016219779636
CH4_C003584,201.3841673489691,0.534150495434436,0.2380354373141745
CH4_C003585,44.62001641544103,0.37137507522651414,0.5695038694740853
CH4_C003586,110.94623882673804,0.5326493621915506,0.6564626013972634
CH4_C003587,150.64487612915548,0.6161876749839894,0.8161686870947624
CH4_C003588,107.98235876829423,0.8446944004519275,0.6600779692966001
CH4_C003589,68.03751241843636,0.8884186365128439,0.7427421406034982
CH4_C003590,108.02424979212236,0.6516979489764239,0.7581805765304332
CH4_C003591,242.42222424540955,0.758972681168189,0.5156676298385717
CH4_C003592,121.33357848694796,0.43636642936492076,0.5371397689042463
CH4_C003593,103.5564681408914,0.4635154796823072,0.5748849850890427
CH4_C003594,53.07473230800558,0.7091795105381525,0.864000104988264
CH4_C003595,203.23714123075166,0.8638512758344352,0.8300102621173804
CH4_C003596,216.1101881065519,0.3296234785681354,0.7179010026639749
CH4_C003597,213.5655456197735,0.7483290528749964,0.8932097095133193
CH4_C003598,132.84431534076913,0.7007059031321605,0.30651579554811303
CH4_C003599,102.34957373996082,0.9013861337778268,0.604904680962582
CH4_C003600,53.3127305054639,0.37166151669719105,0.39751484808957377
CH4_C003601,95.53348568169743,0.6956898142652284,0.8736137802198425
CH4_C003602,226.5343583327527,0.6644987044612731,0.5325772575410599
CH4_C003603,195.528935632354,0.4859048036597654,0.26430330041711547
CH4_C003604,240.4381818674449,0.5084751534997322,0.7873124361733295
CH4_C003605,126.75458509976431,0.42405824846472,0.8792795166311491
CH4_C003606,196.20859576871612,0.6024681627804462,0.5533762529624935
CH4_C003607,6.839219944313607,0.6867909504562836,0.683354839721487
CH4_C003608,176.29959694449883,0.8994558125655328,0.4710324258986575
CH4_C003609,46.98564530822277,0.5377287066584802,0.5390257307434744
CH4_C003610,45.88557338944482,0.3301438750763918,0.9318014522829219
CH4_C003611,115.70018936390237,0.5595422559983371,0.5163790147658645
CH4_C003612,163.0213938931161,0.42142560704313203,0.6332111156080198
CH4_C003613,28.28250680900882,0.3247080082759913,0.6736598191539915
CH4_C003614,116.26065726900953,0.33316391857249666,0.570563362264225
CH4_C003615,47.53337099646945,0.507512639444233,0.2368083770862587
CH4_C003616,219.32656544723773,0.6631182311862058,0.6230153925258599
CH4_C003617,93.49998969596923,0.8044479680184636,0.89459603130951
CH4_C003618,238.5026199177557,0.6547837363405393,0.7975271965613764
CH4_C003619,162.91547604654886,0.58160884305187,0.45022262675920854
CH4_C003620,5.270036042552523,0.40580716706807546,0.553894084018786
CH4_C003621,60.16096526716075,0.7086019208530355,0.4349044801999893
CH4_C003622,2.937050239497724,0.4453074220059017,0.22653562702064514
CH4_C003623,209.02007749693635,0.49912432864440914,0.3125079056911386
CH4_C003624,158.9995701629746,0.7458410550083583,0.5166454014891746
CH4_C003625,175.38335157194672,0.8877546670611798,0.26800111271556426
CH4_C003626,213.8809043566661,0.4991670851724618,0.2022979012362523
CH4_C003627,113.6306552191731,0.8138078728669484,0.2567236141071545
CH4_C003628,199.20001880802405,0.6132273892931739,0.6710150236126555
CH4_C003629,210.34986625769304,0.3273740387153527,0.5435691343242797
CH4_C003630,71.31113865951286,0.7943011530030542,0.8824467433959089
CH4_C003631,212.7509756341831,0.6982374087650519,0.5397895438589937
CH4_C003632,233.60370406833405,0.4801221431506205,0.3430604348843928
CH4_C003633,100.74577359095966,0.5756916096205816,0.654536156607229
CH4_C003634,16.27615187761447,0.5209918909294554,0.40643213371931697
CH4_C003635,54.57674856590103,0.6249388144004517,0.823137117207325
CH4_C003636,39.49240226686876,0.7524511121330746,0.6375830149309496
CH4_C003637,2.036463434171881,0.5505625221544149,0.5976714774005598
CH4_C003638,165.18790632898572,0.520762113042879,0.4591925948064739
CH4_C003639,208.00743263602558,0.4974466774902325,0.5894891677816221
CH4_C003640,145.93909188268336,0.6780989895539732,0.5457276246181757
CH4_C003641,164.22164483915094,0.46166998757612343,0.4312210320917158
CH4_C003642,113.08549922223129,0.6405032606574599,0.6474292046401433
CH4_C003643,208.4960165551563,0.3679819006663621,0.4343459238266223
CH4_C003644,240.55747785795555,0.6423921010733271,0.7015576326654838
CH4_C003645,207.3227096622404,0.5669763227934481,0.7002176902816961
CH4_C003646,182.25649489298883,0.46626951248317716,0.8235333338767794
CH4_C003647,204.24981940380943,0.3239791719045165,0.5769797544277095
CH4_C003648,162.29051985211655,0.491736310203588,0.8193558037220867
CH4_C003649,219.76521874527486,0.34335099426241017,0.8224487743399937
CH4_C003650,112.64889566739205,0.5347054781282365,0.2877199696243978
CH4_C003651,164.4824994707361,0.3570666553006128,0.9414177815041345
CH4_C003652,172.63661828869942,0.7539894271099418,0.22974468195441342
CH4_C003653,243.03402166578795,0.554474420512798,0.6322653610835591
CH4_C003654,42.74979153489819,0.5915995192463823,0.4966386919559174
CH4_C003655,180.88282293692424,0.5150993642565911,0.5493533746364874
CH4_C003656,141.66929646769987,0.5728834219390957,0.4484731856946176
CH4_C003657,223.86542792173012,0.35502757178385236,0.8732437827531203
CH4_C003658,25.878231693115843,0.6793376674758735,0.34460241593446517
CH4_C003659,167.11916270949754,0.7371521363361999,0.8022303419833399
CH4_C003660,69.70222531448641,0.41079520814913195,0.41043157967900756
CH4_C003661,7.6615387772006045,0.4156572979392154,0.6935948650624293
CH4_C003662,140.96147280027165,0.5933227606158245,0.24857053024148618
CH4_C003663,84.09279267822059,0.5962950666068826,0.36108682015426413
CH4_C003664,73.56639319893927,0.32632194749891585,0.723488590627825
CH4_C003665,153.53698677820424,0.5318882225085145,0.9008968207916692
CH4_C003666,2.3586904076226825,0.6503622198410591,0.3879911769609953
CH4_C003667,85.65167557690536,0.363181440747875,0.42944969624584123
CH4_C003668,137.54340540688918,0.5608430172160359,0.3787194396739595
CH4_C003669,9.436623472371258,0.45830369976764457,0.9476321811244002
CH4_C003670,231.16627398613372,0.698670737186877,0.3406304707687855
CH4_C003671,51.60723296720407,0.8658901211439451,0.9070220057041156
CH4_C003672,92.52480396317978,0.6567534900589008,0.7540804997403943
CH4_C003673,137.2220039611203,0.6537319819144596,0.8764188248283165
CH4_C003674,112.09193867957298,0.682753780782837,0.28398520652572784
CH4_C003675,171.79501049266264,0.5608620075540074,0.30486109140145645
CH4_C003676,135.4477408234939,0.34762342988421324,0.36912342092219735
CH4_C003677,95.49991018950207,0.9045405836618199,0.2973617287066114
CH4_C003678,205.2601579509099,0.3919314075185322,0.8634520938012757
CH4_C003679,30.088560934182663,0.7791913585557166,0.9053034455721916
CH4_C003680,62.54002925064514,0.6304064102475417,0.7483286815051775
CH4_C003681,62.49278125754734,0.7027895140387036,0.4804683857271668
CH4_C003682,238.44769081385778,0.744628717707041,0.42527762047870843
CH4_C003683,52.832528615553656,0.34479853675642574,0.9349170401416922
CH4_C003684,131.34815403493823,0.7541494301915105,0.6989792396144481
CH4_C003685,243.55697525589096,0.6955226967558301,0.41056516317934466
CH4_C003686,215.13283468650917,0.45859415484489074,0.946056563841728
CH4_C003687,185.71282970405406,0.8231684063119771,0.86444835522826
CH4_C003688,30.49831081450158,0.38959577125579514,0.8209735413840991
CH4_C003689,104.0880916927086,0.676762957056696,0.3797227961241735
CH4_C003690,186.74528997944796,0.41803397456254204,0.28884753401336505
CH4_C003691,232.34786591340733,0.8866850362429921,0.5600936142738708
CH4_C003692,170.46345105049724,0.4341901102939706,0.6831458108268053
CH4_C003693,137.97060696177837,0.35394404411348546,0.31225219728549103
CH4_C003694,117.25144560823031,0.9039374588415496,0.4139606509546227
CH4_C003695,237.32895906094421,0.36663820079947484,0.946672949460885
CH4_C003696,217.80343192652768,0.8097021727667316,0.6244981508645896
CH4_C003697,221.53739524758168,0.8736185977338424,0.20364097691004898
CH4_C003698,99.1815073879399,0.8677775180156249,0.39021108637990876
CH4_C003699,43.53359412907526,0.9089085869837303,0.661789601475669
CH4_C003700,32.307508722516644,0.8557535978956214,0.3668384852293306
CH4_C003701,239.0022916619441,0.7454720997588156,0.5413741768700229
CH4_C003702,248.0823501582993,0.45788647116085934,0.6352842695151049
CH4_C003703,229.3030222702771,0.6972488241747843,0.4252120414431503
CH4_C003704,169.4504454255299,0.8339454096042069,0.7078402740572367
CH4_C003705,140.52263699281036,0.4012178616647916,0.8673634092620477
CH4_C003706,110.14281086577572,0.6818450453421001,0.21528742630048692
CH4_C003707,43.8928924102413,0.8126388880925726,0.5805447644542903
CH4_C003708,142.05476306854976,0.8404770633225471,0.7451466062639338
CH4_C003709,189.73736729167612,0.8131036721295299,0.8107120846417788
CH4_C003710,62.17749572496131,0.5941956172180136,0.7202709924615975
CH4_C003711,4.347643223414133,0.5581583319343353,0.5895481306786878
CH4_C003712,212.17530200731986,0.5670230930913056,0.6068119350822162
CH4_C003713,68.77745363165056,0.42339947850018855,0.7310883291385208
CH4_C003714,248.73501478604794,0.6563152268206918,0.4944761010095869
CH4_C003715,190.7436315888472,0.7442577781087445,0.9149965776562006
CH4_C003716,83.97761655925632,0.4974662751409181,0.4412482275011256
CH4_C003717,235.13005016641247,0.6430055584120173,0.764607797684205
CH4_C003718,65.3018048680307,0.7680564799320422,0.32629770290959403
CH4_C003719,22.15230574962826,0.8595544121992236,0.31380510753250107
CH4_C003720,126.59137841266637,0.6284119004915103,0.46006349843356226
CH4_C003721,218.3548046023047,0.35252603918698794,0.49619666777776944
CH4_C003722,232.51814570109786,0.7632753611714695,0.731115660468709
CH4_C003723,95.40513479960636,0.6293468571152598,0.4992305319407148
CH4_C003724,73.89525081595383,0.8999764567482749,0.6361075725191061
CH4_C003725,0.58645982920702,0.9135443701995967,0.7111462210131689
CH4_C003726,32.76017673073719,0.8973634656467873,0.40001017698186525
CH4_C003727,108.5710357379793,0.41620689953696505,0.7641285993474851
CH4_C003728,173.89056315256602,0.5899213174298785,0.8198259135434811
CH4_C003729,85.59990263820418,0.8840360265955223,0.2969543411462784
CH4_C003730,182.76239088522135,0.5312577361579612,0.3774834409971227
CH4_C003731,8.630614679435322,0.3838840340111945,0.5493868229824769
CH4_C003732,163.45769075333808,0.8058457458099029,0.5064718258131591
CH4_C003733,244.23643079393435,0.5954645046207787,0.3945290276498573
CH4_C003734,126.26832514711364,0.7530575404051534,0.457506621594067
CH4_C003735,117.8582050542458,0.43684612886703145,0.5433548290249679
CH4_C003736,194.1886060207239,0.5148889083260138,0.2635061943568692
CH4_C003737,79.66113578385733,0.34407812321103554,0.20143222277545692
CH4_C003738,10.003238210428561,0.4378562298270028,0.4228949306468655
CH4_C003739,61.203411286636616,0.4401771032616846,0.8363907765503082
CH4_C003740,210.74677729076194,0.6422354752053527,0.9247940287978809
CH4_C003741,1.372828003258525,0.6247370750533594,0.5034488196439657
CH4_C003742,15.791991324436427,0.8276625443496051,0.33098933307021744
CH4_C003743,154.9140723583767,0.35288733233700836,0.39874152394641943
CH4_C003744,39.24826374743265,0.37308718275704805,0.2710550684607239
CH4_C003745,237.2394765198187,0.6510404426086567,0.3895534343536421
CH4_C003746,224.206372171203,0.8384295199342187,0.8682153789122378
CH4_C003747,229.32237638861088,0.576023842954827,0.2872540231142701
CH4_C003748,184.2703469293103,0.8185493309727848,0.6547951486088401
CH4_C003749,59.43776172754639,0.3277354718307989,0.3329243119330475
CH4_C003750,109.25386141457052,0.42809887079829934,0.4415969180116206
CH4_C003751,87.74177455632245,0.8345387648044327,0.4615121168916175
CH4_C003752,156.92182167454862,0.34307666241636753,0.5545470728051531
CH4_C003753,37.62017157937228,0.6320333331301088,0.4110382500927292
CH4_C003754,240.73528984362756,0.5592377230812418,0.38798990808917544
CH4_C003755,245.0709047538923,0.894228664209668,0.5625530669040433
CH4_C003756,108.36537983463518,0.7349774476664042,0.5547811008540064
CH4_C003757,39.38750117485773,0.810925734043448,0.8949506313887741
CH4_C003758,130.90007703447006,0.42743932184788797,0.8978260670121339
CH4_C003759,175.38013654086768,0.4139366527569891,0.725002306742061
CH4_C003760,174.59746763820647,0.36981878467604634,0.8519840668882117
CH4_C003761,63.06639388387719,0.5430400158749374,0.3560810369596913
CH4_C003762,247.10739939458026,0.6119499006003385,0.25743683652535937
CH4_C003763,81.16464113582234,0.8927464100847939,0.20486414187213622
CH4_C003764,89.51795684271474,0.6130259681333665,0.7061509125467649
CH4_C003765,232.69233809765873,0.4383714124382601,0.8298221789671325
CH4_C003766,118.66375542083266,0.8599090944888641,0.637906743515798
CH4_C003767,112.88066554760584,0.5302937199238231,0.3325229798905242
CH4_C003768,162.11932729096705,0.3513894805205113,0.21703706707099457
CH4_C003769,1.5203845288138118,0.8578260785036802,0.6051833563533175
CH4_C003770,218.92119499162004,0.8045570262901713,0.26646528389203084
CH4_C003771,200.10453833625363,0.7674602048134673,0.903774171615868
CH4_C003772,15.250932169925457,0.7300164927432498,0.29988479507854143
CH4_C003773,130.38877461939973,0.7958947566731271,0.7260107661348871
CH4_C003774,89.3593653593856,0.5831739018065991,0.5880261475390111
CH4_C003775,145.0525152144325,0.590199583647629,0.5209080611732777
CH4_C003776,147.81812340586455,0.46679882216053376,0.5082541501660265
CH4_C003777,174.83024045064593,0.5148965851361571,0.6350868861514083
CH4_C003778,65.98849670033779,0.8597306886192537,0.3080540957765818
CH4_C003779,32.27579264450853,0.8965905568275845,0.9132744113819209
CH4_C003780,176.86878690685293,0.454762584486844,0.7887521157947508
CH4_C003781,26.632207983646822,0.6638041387212577,0.5436732534593991
CH4_C003782,182.98773913863732,0.5912189252476076,0.4885394817279234
CH4_C003783,0.014047366348884927,0.3888425339752249,0.4094276633203616
CH4_C003784,161.84740749742923,0.8827129523122155,0.7098263382592525
CH4_C003785,199.21563810875585,0.6879114430394375,0.22657166189243713
CH4_C003786,222.11546262205832,0.36793852394997334,0.5744980917150355
CH4_C003787,84.90222832601651,0.5052654587968183,0.2138848208821937
CH4_C003788,171.13397881950308,0.6241899517845245,0.6867546747292181
CH4_C003789,17.235636894027323,0.4241164296774436,0.7240018678059659
CH4_C003790,59.58458148497067,0.7742305748925766,0.8230658398205366
CH4_C003791,198.13603723617496,0.8986114513255312,0.7683374374936445
CH4_C003792,210.09182892188042,0.519465917159915,0.6431843543902258
CH4_C003793,25.500526822680058,0.3643275674688248,0.946855978277751
CH4_C003794,144.97064447208191,0.3700983106599429,0.6112899745905396
CH4_C003795,123.467949989706,0.5116411781983754,0.6007741604300066
CH4_C003796,122.23890939643772,0.36293360492195603,0.20531799980153453
CH4_C003797,189.47713875807537,0.34620871409881426,0.8549124486085002
CH4_C003798,174.4548841419248,0.3546631301164197,0.418265255025313
CH4_C003799,103.88264800625588,0.7914081697693252,0.8135188005589211
CH4_C003800,128.68522413832767,0.395612406719075,0.5991525643822666
CH4_C003801,154.15175597153316,0.517010197563851,0.2619562009667521
CH4_C003802,102.06875492142007,0.48726834093354504,0.6005237957145075
CH4_C003803,87.86171515640578,0.5713681746779339,0.26539349338325235
CH4_C003804,115.49673061980053,0.7823111280740562,0.745403907159131
CH4_C003805,40.068396913523095,0.4835178831743261,0.6669666209075098
CH4_C003806,147.70205096289249,0.4806690123952402,0.7738994352250983
CH4_C003807,47.858408815779214,0.8964515189136177,0.559471902202413
CH4_C003808,32.57211161419371,0.8857353124303531,0.8281975361851801
CH4_C003809,56.486924375459544,0.8965124076558133,0.29327765217318946
CH4_C003810,169.79867431648702,0.36356588021749975,0.6203369777312505
CH4_C003811,109.77289761804329,0.7996746420990564,0.6376318936908747
CH4_C003812,61.22054842215027,0.7301851205752024,0.5072719069730836
CH4_C003813,109.70978813786125,0.7948958044454697,0.23931597203224872
CH4_C003814,85.78915598647508,0.7290641487480205,0.85519271679779
CH4_C003815,214.73914437753055,0.6839492237256541,0.7276970460005125
CH4_C003816,184.420144678924,0.6238777331993054,0.6681691475163796
CH4_C003817,90.86237009469478,0.7598677659153987,0.4656441919831768
CH4_C003818,248.6209755649402,0.9009360013901524,0.8045415926533581
CH4_C003819,130.92574735753968,0.5109654184367162,0.5695192167795691
CH4_C003820,115.00076795086255,0.48489002193696606,0.7639677718279736
CH4_C003821,205.1879008428143,0.8678727992503354,0.5810500668993119
CH4_C003822,150.36780627128354,0.6608005839362663,0.47143764236131896
CH4_C003823,75.65726857910998,0.8998998883604277,0.5382140409858045
CH4_C003824,139.09062781637337,0.6899718642761845,0.6429245200888818
CH4_C003825,177.12890637159194,0.46321554826221,0.9141193295465122
CH4_C003826,155.79183762587897,0.7687764439621771,0.4075063800748233
CH4_C003827,35.86060955106565,0.3244794290444449,0.48833126403801785
CH4_C003828,63.70371032314595,0.685272854519756,0.8824831086718081
CH4_C003829,232.27097255306848,0.6521187045953294,0.8225331300719549
CH4_C003830,47.85442499144612,0.8059602128940333,0.23013557397669818
CH4_C003831,124.54366581394427,0.8112528186728984,0.8612065997027913
CH4_C003832,145.48591269740754,0.653505140315775,0.8978099960122568
CH4_C003833,221.64369845108104,0.7537468500269539,0.35921820822192874
CH4_C003834,84.82428575402453,0.422025499351139,0.7303651106154092
CH4_C003835,133.95467798133134,0.39042505613525935,0.23783545916078921
CH4_C003836,19.189291390296514,0.5940318649298826,0.8922481636911725
CH4_C003837,164.06513346594565,0.717487326693311,0.4717481574020463
CH4_C003838,157.35061075255123,0.36584023838610225,0.7371541098130947
CH4_C003839,101.5647486716972,0.33170402422762846,0.35857857818803673
CH4_C003840,103.3894150252002,0.8599809673097198,0.9157557930270763
CH4_C003841,57.69035838900777,0.565027162898194,0.32563765492242297
CH4_C003842,111.81573522599544,0.8845540313619562,0.2982894504280874
CH4_C003843,94.9808911669831,0.3233807598001394,0.8754956664448232
CH4_C003844,158.0497665207689,0.608435697457278,0.6453236111908772
CH4_C003845,231.7840582874316,0.35401960884790873,0.5448777406075307
CH4_C003846,67.68370403485265,0.742104842088041,0.9188648643475752
CH4_C003847,124.71434682552123,0.5197287710711359,0.6174115657811943
CH4_C003848,195.95280303989995,0.8929562589128381,0.3188789030286068
CH4_C003849,87.5152808635574,0.6683105195303267,0.8817744163473829
CH4_C003850,62.70371867942823,0.3674820152160291,0.7939176316488366
CH4_C003851,4.598127794687462,0.619160019894549,0.41348707825049
CH4_C003852,145.1693643998196,0.7004099855263168,0.8625082249292195
CH4_C003853,91.63859350333753,0.45755984485772017,0.625551058845804
CH4_C003854,95.4040018772703,0.49798156161473905,0.5350826442918735
CH4_C003855,24.906580380564066,0.3906070115500517,0.31384419262983243
CH4_C003856,164.39615590692935,0.36171554726524496,0.4478550530749705
CH4_C003857,144.50547292879313,0.7422041958800918,0.41802580061575323
CH4_C003858,229.71102120707738,0.5560967036313867,0.8789468234139135
CH4_C003859,184.21127146677009,0.7992478337355833,0.218598550321446
CH4_C003860,159.53275700490184,0.6264313405992057,0.6559906538461417
CH4_C003861,119.77882832148268,0.7202264399786225,0.5346156457772597
CH4_C003862,134.29752049201886,0.55322544971941,0.5721751952628318
CH4_C003863,163.14225420880138,0.4975182496796225,0.8339599873689529
CH4_C003864,97.23890367972717,0.44220855855936847,0.382257103909886
CH4_C003865,228.83905438665172,0.6564087022440381,0.4934121057184891
CH4_C003866,241.02042655258998,0.876702896062848,0.4350460804843151
CH4_C003867,219.54553035405388,0.5658144348298156,0.8584902344892065
CH4_C003868,134.58132726574595,0.4870463198410061,0.7539119231566345
CH4_C003869,148.27398568364256,0.35550888214474613,0.24011083457155727
CH4_C003870,164.4733659905369,0.7785960048847649,0.7416863705867704
CH4_C003871,101.0834425515304,0.39109923481030556,0.39483254896324593
CH4_C003872,156.4821887247036,0.7062554670180825,0.4153334584544709
CH4_C003873,238.89572978079767,0.3290129494822151,0.9276700055724769
CH4_C003874,195.6648391155813,0.5766001543248229,0.7656806165047914
CH4_C003875,102.33724231565976,0.692166656813568,0.30229801318755617
CH4_C003876,111.61302248060228,0.8366865678847861,0.7255477201390246
CH4_C003877,128.55313976238975,0.6401664171456427,0.28489085885457677
CH4_C003878,184.32636285522187,0.8327567032928127,0.2288879617054661
CH4_C003879,136.03089441843233,0.8848434147652469,0.5609821954086469
CH4_C003880,105.8864978020391,0.9156372680996288,0.6270464620889427
CH4_C003881,2.823554870929473,0.7837145795609228,0.6208249145980914
CH4_C003882,43.709297535894784,0.7212387165981806,0.753809053342591
CH4_C003883,217.2798074608702,0.6926926227610849,0.325066531470789
CH4_C003884,230.8246114551089,0.3631415018700305,0.5476967429190173
CH4_C003885,189.6736284316627,0.3314763739354353,0.7857636591360622
CH4_C003886,134.49105947564738,0.6657137226693127,0.35810370424366306
CH4_C003887,149.12787699047968,0.5569250147395284,0.9033829892050165
CH4_C003888,219.30102200399534,0.9110614812412519,0.8348546208610685
CH4_C003889,133.66992505914337,0.7601546788398816,0.26354930856241165
CH4_C003890,11.708790550651326,0.44928064770766085,0.6667943337828977
CH4_C003891,73.90782561658368,0.46118437315804384,0.9271889549345285
CH4_C003892,207.00629618291836,0.6922340126976975,0.3152986271305541
CH4_C003893,44.495559095020845,0.9058831068652347,0.6009160192645391
CH4_C003894,245.6933655535638,0.5629562755889749,0.583791260176924
CH4_C003895,218.10626133730995,0.4793063510237494,0.6239215345471529
CH4_C003896,67.79311426034837,0.4103654346883578,0.6102441474229765
CH4_C003897,147.98010895725906,0.39455327220473996,0.3118057952780984
CH4_C003898,85.22818567593734,0.7593229715266838,0.6128099020123259
CH4_C003899,159.02991967973222,0.7466505153484988,0.6799193678775641
CH4_C003900,230.60387322706774,0.5878635743542975,0.5380301208691876
CH4_C003901,196.74539031561997,0.8835237847913211,0.6528171840086933
CH4_C003902,54.014181126239876,0.807408438980014,0.7367359628636454
CH4_C003903,124.95806535459539,0.6885279699720039,0.23004511454612883
CH4_C003904,248.580246846189,0.7180434367065681,0.8399599826432471
CH4_C003905,106.23057468164585,0.6491069874495482,0.6967811794227066
CH4_C003906,184.35224707448123,0.8871795790286763,0.6981831577863531
CH4_C003907,84.7179319351444,0.6047897386136177,0.35082884654417074
CH4_C003908,68.03444585787894,0.8381985372653606,0.35696617194828617
CH4_C003909,201.7108493262816,0.5076572911258084,0.8886992764305199
CH4_C003910,38.36422381336113,0.842736565152719,0.3024347737608528
CH4_C003911,58.70292343162076,0.7689680831684043,0.9168470208758734
CH4_C003912,231.84433299941685,0.5594880609630044,0.4670590043822191
CH4_C003913,221.55799465028963,0.6318416553731422,0.37677203589223907
CH4_C003914,52.10681755588475,0.7395381220969164,0.51990056770625
CH4_C003915,87.14506517196419,0.6954251756708683,0.5926776471708146
CH4_C003916,67.1598307635314,0.7779745143807821,0.9138094835791195
CH4_C003917,70.24955147298542,0.3552707296051774,0.22797524727389729
CH4_C003918,214.26090329066028,0.7037343052426688,0.5096814121723887
CH4_C003919,201.8028849206291,0.776458456013096,0.5166111388710151
CH4_C003920,239.80554365652733,0.6362056331038541,0.5768765298468712
CH4_C003921,84.09248081789036,0.6671330601894672,0.3582930303195463
CH4_C003922,108.3964338334053,0.521430949551933,0.5036905378340277
CH4_C003923,63.38065261109421,0.5712173915133281,0.2295163392725732
CH4_C003924,229.65203767007043,0.7212563314018314,0.5913024542538572
CH4_C003925,3.808156202043056,0.8394294676642364,0.8208810247033957
CH4_C003926,194.1828841677728,0.8883700729640527,0.9205603812129945
CH4_C003927,167.22301394562504,0.7625978708698682,0.411196950187818
CH4_C003928,74.85997061434091,0.5401808877604011,0.5503291464741082
CH4_C003929,75.17230044696497,0.9157616427323902,0.6628954986765885
CH4_C003930,119.18915690763582,0.41399133184661757,0.2528133826293911
CH4_C003931,227.0946369466685,0.6600183837945772,0.66594391787714
CH4_C003932,236.10879478530256,0.8264800540010229,0.8361371838449756
CH4_C003933,144.69948179544247,0.9152306360284237,0.23983922605029764
CH4_C003934,10.567199840638503,0.371866367977286,0.3026186846460318
CH4_C003935,125.20899983242212,0.8604460741985283,0.45802997171181176
CH4_C003936,50.9732656701476,0.44037091623430136,0.46108874604905553
CH4_C003937,185.3123357439847,0.6615621512391912,0.7780242654731413
CH4_C003938,191.53677199842878,0.7995243226837134,0.2702393845557057
CH4_C003939,41.94479237288101,0.4186878320348669,0.8404661017612436
CH4_C003940,160.33620302839014,0.4090342828065596,0.6864559135860058
CH4_C003941,15.99858008348956,0.7912611612575737,0.6585221232950492
CH4_C003942,2.2210690950481005,0.3525773244598364,0.4287736442455504
CH4_C003943,226.75351684772048,0.7576559808109337,0.8673050956268928
CH4_C003944,88.94498244468494,0.6567947594555044,0.6853194370395236
CH4_C003945,34.205562679272546,0.8305970055874434,0.9316976320264221
CH4_C003946,168.1513905823192,0.43005819806839185,0.26968245258927137
CH4_C003947,85.69903289519692,0.685112654785268,0.5596151674153724
CH4_C003948,231.60571130556787,0.7672676531438092,0.5792996647992832
CH4_C003949,212.59020629399822,0.758891771760394,0.34154115874913793
CH4_C003950,24.45740565136953,0.6620967772939059,0.7391454741587717
CH4_C003951,75.41335752362022,0.4929304607197106,0.6054543343581746
CH4_C003952,99.35844838464355,0.8227979230778828,0.8242263021058713
CH4_C003953,68.7706876579674,0.8501854432379943,0.9091978866159249
CH4_C003954,89.01979529005679,0.677687907126364,0.5175284138094305
CH4_C003955,188.38140884250782,0.8309128722374903,0.44614242257395875
CH4_C003956,195.47933214414607,0.4142412877488753,0.7616300760308128
CH4_C003957,209.54681878105293,0.7871218984127799,0.6011153312982309
CH4_C003958,172.70971320054568,0.6919527459712871,0.7197597641989821
CH4_C003959,51.34996180592266,0.33201679995591477,0.23181091080913144
CH4_C003960,65.11129201313773,0.46429656532412045,0.5774915509787764
CH4_C003961,98.56595278936653,0.7874508415541794,0.8288961007874736
CH4_C003962,173.54314764570037,0.8453855206064298,0.5693544251320015
CH4_C003963,74.83460231427311,0.8239998594091436,0.30906334122614054
CH4_C003964,159.4729832864915,0.8828185948487,0.24356195460281072
CH4_C003965,106.36608854102828,0.656835402327175,0.7100754837641996
CH4_C003966,125.94107090825624,0.7638833812478163,0.578874407100968
CH4_C003967,210.05323279680456,0.7337080629623209,0.2736325119219875
CH4_C003968,162.7388033499004,0.47171375436753493,0.6535431558972717
CH4_C003969,83.71038792220837,0.39916785469747634,0.7930922108073473
CH4_C003970,193.8107777745244,0.6517149647880414,0.3899318041619825
CH4_C003971,184.36733278297066,0.9054785714660949,0.5131992595727679
CH4_C003972,141.5051551105284,0.5977777776142457,0.25025780014768795
CH4_C003973,88.20814302743932,0.9188209733675721,0.7577138026856611
CH4_C003974,149.74824777525595,0.764960335999099,0.3863296490313124
CH4_C003975,181.4116317742156,0.5437374047322147,0.30117707651677317
CH4_C003976,208.5175718646515,0.9116953117138993,0.30616097863867886
CH4_C003977,169.04777319763684,0.524742349484028,0.3351895500668703
CH4_C003978,174.8649604914902,0.7513229766158176,0.6509426392843933
CH4_C003979,126.18159185051606,0.7572231321516518,0.872954210418551
CH4_C003980,193.74109684166768,0.8829219178274315,0.49528320380754476
CH4_C003981,110.67714824873076,0.5161083894751686,0.6552034887299159
CH4_C003982,109.49521481089417,0.8284115360166051,0.4614188186331555
CH4_C003983,192.62554671241423,0.567688025350642,0.39523790044959317
CH4_C003984,118.27361237650341,0.7464715327714588,0.5823317894164226
CH4_C003985,181.95037475953353,0.6782616583616802,0.36968749078383845
CH4_C003986,141.6841398815317,0.4322853596774729,0.5018169651340865
CH4_C003987,96.37371406485973,0.7805778195304895,0.6809544692744967
CH4_C003988,211.12781801307545,0.7167691398537628,0.43901421611581337
CH4_C003989,32.70471813124565,0.6306431788682743,0.8896942103970176
CH4_C003990,82.89338048861173,0.7543013062722722,0.8049530946243142
CH4_C003991,90.08036545251686,0.6681053405781628,0.8532768911353021
CH4_C003992,126.0357104737437,0.4093288675571234,0.2568719576904568
CH4_C003993,121.2536767002442,0.8952352353614457,0.5480111656632101
CH4_C003994,21.602434666988913,0.5876198675941839,0.4900746408487529
CH4_C003995,64.99074555498919,0.806651930746498,0.28023722683256336
CH4_C003996,224.00855014196173,0.5477705353547513,0.7270177931054467
CH4_C003997,120.18593338138054,0.6613280706767042,0.9040777406102438
CH4_C003998,239.8015568408754,0.7647785067640118,0.22857231577724496
CH4_C003999,86.5576304176294,0.7932853457047396,0.3633520153900749
CH4_C004000,194.564308510525,0.6950830835710952,0.22950942912014985
CH4_C004001,200.3792673576341,0.9028443161201876,0.8880632433946463
CH4_C004002,77.08062998474252,0.7312004968360954,0.588040603746061
CH4_C004003,18.41510144618763,0.43811111376618966,0.5957513520186475
CH4_C004004,70.08937376768864,0.8496706657773192,0.8184767129064383
CH4_C004005,87.93430403378466,0.5797437738665654,0.7290260684162408
CH4_C004006,91.90446751157016,0.3961609301717029,0.870668746462282
CH4_C004007,234.38865986447126,0.6309112411301921,0.742876268555599
CH4_C004008,161.59867449634356,0.34044715498571015,0.28772442322875713
CH4_C004009,243.78864594589282,0.41633920501814137,0.2818016329652993
CH4_C004010,7.957459856624799,0.5930055422965603,0.2169348434767795
CH4_C004011,188.8392297855854,0.5194421540275186,0.30697846586630395
CH4_C004012,181.4685578836405,0.6589244149274465,0.35350113173178976
CH4_C004013,242.64912645126512,0.38018119513419446,0.665831624731525
CH4_C004014,243.88788024742294,0.3757151227425788,0.5676404380199305
CH4_C004015,20.50282735930495,0.456317623670354,0.5283975069801334
CH4_C004016,182.005362180153,0.348524092893938,0.3423108006473245
CH4_C004017,38.626902820769,0.6528634014059531,0.7930340667598674
CH4_C004018,114.31282459565884,0.5991639705554601,0.21695877352788942
CH4_C004019,238.43376949252678,0.5473076103917908,0.2732040536542136
CH4_C004020,177.0528365399663,0.6594108745395231,0.3560119166716168
CH4_C004021,158.379087591229,0.4849773651881915,0.6558725545931987
CH4_C004022,220.04299813047055,0.3866514391131324,0.6667609716012652
CH4_C004023,141.38758895643795,0.7383941948048993,0.6489814354023724
CH4_C004024,66.85614110267448,0.3384428221646162,0.21102326672336424
CH4_C004025,235.1498607465827,0.6416897123589698,0.31186680132301287
CH4_C004026,234.43896583078552,0.4989162379671168,0.29079604981205365
CH4_C004027,249.16830670726645,0.6298632994114044,0.7633104814735312
CH4_C004028,189.46674228431831,0.39843802360991293,0.326163573157666
CH4_C004029,186.9075794982537,0.9182758405354767,0.7576352085282785
CH4_C004030,244.50422971529608,0.4647621994886865,0.6489442390855982
CH4_C004031,57.56529214232054,0.44534267405875394,0.6525393881023542
CH4_C004032,146.73912226710064,0.5588170857809935,0.3315757461017068
CH4_C004033,116.14620808394591,0.5983483863965579,0.6109338844019262
CH4_C004034,8.144951977034797,0.6389352389241294,0.48766603156346355
CH4_C004035,177.66650155786246,0.9037967050804747,0.7111556930969238
CH4_C004036,152.6701962113965,0.32099882274538355,0.35507357675715884
CH4_C004037,106.39670104665203,0.49599965265977297,0.9379579200600008
CH4_C004038,59.536659832170216,0.43270800040551394,0.5216211980074584
CH4_C004039,220.95218736272145,0.4695395665685267,0.35624696584639637
CH4_C004040,41.41348585882271,0.8711051433450467,0.8394879592200484
CH4_C004041,25.6272142692561,0.6631366386752013,0.7618506178205577
CH4_C004042,93.882386940454,0.7066048363365689,0.46129039783383957
CH4_C004043,212.58219524533416,0.6494938989058501,0.2829210948472785
CH4_C004044,189.4907688974342,0.8303010906769452,0.6602583670809865
CH4_C004045,52.99521155706263,0.456937818662834,0.2856737936159761
CH4_C004046,143.40216333689668,0.5877100847502611,0.27373059028849445
CH4_C004047,75.92198875300163,0.4729884916661746,0.234322524359752
CH4_C004048,75.04243683159825,0.4249269168989171,0.6252248978054522
CH4_C004049,144.11809324077745,0.660828285415332,0.7233913534730323
CH4_C004050,160.80919755735223,0.714204382464491,0.7907371017786933
CH4_C004051,104.88150413406,0.4655893403305574,0.24139289872757203
CH4_C004052,94.88669364233427,0.5843989651817116,0.4258544499852469
CH4_C004053,91.26268390323328,0.5751930772994389,0.3758020614957654
CH4_C004054,173.4921913513765,0.4909466408237304,0.6010577549424948
CH4_C004055,193.63585970942353,0.8983804270185818,0.536093004464755
CH4_C004056,35.00618625006227,0.6054731223381127,0.6884118772800383
CH4_C004057,108.39518061002087,0.3545723638077858,0.5757051074627718
CH4_C004058,6.581975237394011,0.45183057574183716,0.7069290973405353
CH4_C004059,85.72185114770114,0.6532146596445666,0.9199705008530392
CH4_C004060,16.508397093110528,0.32609571655894076,0.25005345473982704
CH4_C004061,103.98291252214584,0.6175750234734734,0.28644830829600665
CH4_C004062,97.12280489541847,0.859452133872495,0.28934995167811284
CH4_C004063,54.909845222043394,0.6770004019795497,0.21841321178241058
CH4_C004064,150.9052712038572,0.8276622932039228,0.6360492737996359
CH4_C004065,212.51643126969876,0.46484217388424376,0.2364208714662821
CH4_C004066,213.23633730772613,0.8251718993604382,0.7318034465475345
CH4_C004067,105.50732952735557,0.4529716815762731,0.842903608711536
CH4_C004068,69.31902628873235,0.7697943569976105,0.7861140294100137
CH4_C004069,167.5768168872049,0.9099230257935558,0.34589840734406413
CH4_C004070,54.545086919409655,0.4035239957029809,0.7154358205186935
CH4_C004071,248.87692778434277,0.3707381397854843,0.7495639906011211
CH4_C004072,51.31359444660652,0.5522146306645213,0.20825982715017913
CH4_C004073,98.99677218296004,0.6899113072328682,0.6792159961181845
CH4_C004074,104.08439729610505,0.8757849471378454,0.5631050787796887
CH4_C004075,50.60359749584634,0.415389649023816,0.7358716908241374
CH4_C004076,236.91511866970595,0.5232425794643186,0.9288462813426126
CH4_C004077,207.3473425145461,0.3322844925572836,0.487792750407282
CH4_C004078,54.5305512972673,0.8500539460547998,0.6599173750033773
CH4_C004079,115.93914105251906,0.5545146704679289,0.8171341674188959
CH4_C004080,51.19078507150526,0.8573133609917023,0.29227832355798666
CH4_C004081,162.94030473067616,0.3976885286028919,0.7171949055026405
CH4_C004082,25.206589948184476,0.7401077938954401,0.555881109092961
CH4_C004083,50.376236660886,0.4526276882801088,0.8117845181030339
CH4_C004084,201.86152388319775,0.5691726595672383,0.29169715100642823
CH4_C004085,156.34783634705244,0.687213549810449,0.873780867864786
CH4_C004086,210.58675962128856,0.4015806636962833,0.37033495549814877
CH4_C004087,187.7865198362294,0.8193855001995214,0.5643049674177425
CH4_C004088,237.09051749876377,0.8677835531514495,0.28349691225163864
CH4_C004089,59.6883290629292,0.7699066651662068,0.6684097065460515
CH4_C004090,15.196393920177798,0.7457831945967124,0.39305102119457663
CH4_C004091,195.737519243033,0.5199869883607455,0.9389382693199695
CH4_C004092,237.64096565867771,0.5850797988004224,0.8736118522429206
CH4_C004093,215.77456352704553,0.6675656238210061,0.3256237778269916
CH4_C004094,242.26121890241865,0.7479956131103823,0.844875716537298
CH4_C004095,114.39553400821956,0.7548904995877543,0.5406219827671277
CH4_C004096,18.65501112332582,0.5511898002703961,0.28744674111809443
CH4_C004097,77.70081227276815,0.7816294714229115,0.42565624858933926
CH4_C004098,50.37336182686189,0.784988190658682,0.7464472685525139
CH4_C004099,81.21285798233008,0.8909265163577085,0.5978905287863028
CH4_C004100,206.56792019458385,0.8634852762442173,0.936487851279223
CH4_C004101,122.20681500171543,0.5492060164751356,0.3794224052628731
CH4_C004102,142.46701493384586,0.3454089269847043,0.22557369067620622
CH4_C004103,89.68340036202072,0.3946118540191701,0.23446287393096316
CH4_C004104,183.24568318315735,0.46441226011233816,0.24513744417856106
CH4_C004105,69.99252297863323,0.5077846507012548,0.7630133587512802
CH4_C004106,18.970676290695152,0.812656400838769,0.639155888533355
CH4_C004107,29.960285583209096,0.914093026340969,0.23754958907621895
CH4_C004108,170.39859327078042,0.4372925743249792,0.32307945246116654
CH4_C004109,81.5997794421636,0.7141719001216384,0.6139045424053031
CH4_C004110,87.91726118227483,0.5795146640286011,0.6454838438948953
CH4_C004111,62.18176053115895,0.5449277280415381,0.6000212498054027
CH4_C004112,210.57820642506894,0.8537944210889967,0.5928943404439737
CH4_C004113,217.73199462275943,0.47814257664745263,0.6741182913462895
CH4_C004114,162.73796922780838,0.41212897212618227,0.9175364622714206
CH4_C004115,233.96267727298647,0.718469194383073,0.8869026919429124
CH4_C004116,244.90356031699534,0.36819820293496586,0.31633764029561723
CH4_C004117,176.5346798141011,0.34313697937517246,0.3948405908876804
CH4_C004118,165.89972388642778,0.7492544947052107,0.8671540194381626
CH4_C004119,149.7165183522556,0.5321706415144531,0.5805278002560734
CH4_C004120,17.863858330296022,0.6725821006064489,0.8138972651494918
CH4_C004121,105.09464878519823,0.8402215304605587,0.3027223975915857
CH4_C004122,167.8433842191035,0.5326238365273774,0.26521001070555966
CH4_C004123,14.700403645911658,0.559586005172654,0.6928879397587304
CH4_C004124,227.9523774077166,0.6261226035294626,0.8637690104008164
CH4_C004125,106.41709788354365,0.7587784573831322,0.2236536021381928
CH4_C004126,192.9240327056214,0.7652825788917452,0.6110840467749938
CH4_C004127,120.79862934355673,0.7036933024397931,0.7667532649486881
CH4_C004128,88.532299445467,0.562636092048767,0.617984411486977
CH4_C004129,92.81935764951457,0.5468868016923386,0.948507575477904
CH4_C004130,96.97446041651672,0.5548157108117662,0.20666936704588654
CH4_C004131,90.24639775863538,0.43634436569357515,0.2956475701467536
CH4_C004132,7.04835218575825,0.3681780275543065,0.4411713827140341
CH4_C004133,89.34305550070873,0.780701670279974,0.4743957974735398
CH4_C004134,225.95454809069284,0.7638094409971066,0.6165752692337587
CH4_C004135,187.61203064451274,0.5023082812524936,0.8434386011050017
CH4_C004136,62.252810895929436,0.8314797463679613,0.531714099362868
CH4_C004137,108.4467372242846,0.8179571389348849,0.32095614890736146
CH4_C004138,41.45343518605929,0.9100501866261217,0.8945077926454952
CH4_C004139,194.87271895853434,0.7307981914085391,0.35182996269519456
CH4_C004140,167.76254613403066,0.9094089731362889,0.34720752703733604
CH4_C004141,49.134700140595264,0.35200044318402857,0.4045232495294385
CH4_C004142,86.65646257674247,0.4084292598212392,0.8563599701443716
CH4_C004143,21.284965097752682,0.3390136981804118,0.6828665997848407
CH4_C004144,236.37009189317558,0.9057315299687501,0.5968492102869192
CH4_C004145,144.06805452684947,0.79178312254457,0.4160878272159383
CH4_C004146,214.21487841598628,0.7044154864178666,0.6320041470328495
CH4_C004147,164.51131681693224,0.32971149468905747,0.2316649966257922
CH4_C004148,239.15068187436822,0.8945338718472986,0.5999926322093196
CH4_C004149,120.48070431943736,0.3270330617755951,0.30349979468484445
CH4_C004150,25.137350577889016,0.7661421847313055,0.7329520723620191
CH4_C004151,193.28488085549523,0.38714536952659045,0.356108103915283
CH4_C004152,90.42500576296025,0.3869729123670682,0.5847227998044318
CH4_C004153,2.804178139439922,0.6777192888678472,0.3613925691221682
CH4_C004154,210.78131746567408,0.36565876515369233,0.2550436816309816
CH4_C004155,102.72911386820249,0.7434117628446949,0.47725563928829456
CH4_C004156,64.22462909480217,0.7501657906798604,0.7262709419815911
CH4_C004157,88.01267637805324,0.6346492466619595,0.5165825190819648
CH4_C004158,161.8888764318628,0.35411573928142626,0.5470162941365635
CH4_C004159,98.03682738760145,0.3491258129619845,0.7362896223935074
CH4_C004160,31.719611090204324,0.32600786444668856,0.5872225646126279
CH4_C004161,233.22833600632362,0.3539955782626504,0.5967882369646766
CH4_C004162,15.562563884215507,0.7586287564548857,0.7603493209886982
CH4_C004163,13.55159400979608,0.6092513803252124,0.8674664245603323
CH4_C004164,191.31760901928192,0.737474812685252,0.6940509513776989
CH4_C004165,86.50506654085794,0.35934362955328325,0.2881031714776444
CH4_C004166,153.74245161471504,0.9126982747143273,0.7479709265928316
CH4_C004167,53.943469841895045,0.8708976620039024,0.592970139669859
CH4_C004168,234.97684701154745,0.5033106128917733,0.24595738098922626
CH4_C004169,88.22247581192994,0.5001844155494909,0.2050138252388477
CH4_C004170,167.43720967662617,0.6364331691448206,0.7978015687375022
CH4_C004171,206.80009323423295,0.6756761951362867,0.4000521724504773
CH4_C004172,136.64172243310168,0.39723192966376974,0.4904554705581217
CH4_C004173,212.0369133137155,0.7223971908209903,0.4455943775185368
CH4_C004174,113.41558047045599,0.8326904503157557,0.4317821229202665
CH4_C004175,48.83524546520962,0.6005110558819755,0.81484784962303
CH4_C004176,164.12069792192432,0.5328197548269324,0.40565115446100763
CH4_C004177,94.34762422865575,0.6638545635704907,0.4245689598331326
CH4_C004178,179.49370151149884,0.7551472861542168,0.5166713897135928
CH4_C004179,165.2281784552543,0.6215144879113013,0.9226873859098526
CH4_C004180,240.62820414717592,0.8023065638303867,0.6640077304266563
CH4_C004181,147.59391581490232,0.39393309499671936,0.5999648398333103
CH4_C004182,137.16755227887435,0.5133871188059824,0.8025941027543921
CH4_C004183,128.6517467907074,0.8262666250395456,0.9231719851475662
CH4_C004184,155.09302489173749,0.9088808830099451,0.24017833161782595
CH4_C004185,117.62179210812087,0.8670205793364567,0.8232053917093125
CH4_C004186,191.3553491596251,0.8449560549701562,0.5420563110421641
CH4_C004187,136.2972909243673,0.4637750810514192,0.35842892127824233
CH4_C004188,134.2848607427472,0.47686027279606447,0.753346546657758
CH4_C004189,113.72255543923401,0.7074324595365893,0.4483973965728145
CH4_C004190,89.05029978362155,0.5410575871954848,0.6529261676596434
CH4_C004191,190.50021427600748,0.864567847027409,0.8619244942861906
CH4_C004192,96.84406393475791,0.45128115536159735,0.6988556866371858
CH4_C004193,57.929270996084384,0.8227696726351865,0.40039977310330843
CH4_C004194,68.26368675348566,0.8422498625801267,0.5627661973332918
CH4_C004195,85.28507151296505,0.4096365535044268,0.4419819080787759
CH4_C004196,121.75345113665767,0.8105117866223428,0.5858549522954666
CH4_C004197,126.83818604648827,0.8291915717781062,0.6723441879906265
CH4_C004198,244.5424244659416,0.5681285280202244,0.8022621860043428
CH4_C004199,236.2585170641809,0.8582521144704323,0.8267308350368205
CH4_C004200,41.61957312258202,0.6265364795861872,0.7726048026753989
CH4_C004201,147.94965617719728,0.4389988179485618,0.30755118246460833
CH4_C004202,186.7777117733008,0.48291259703387845,0.6440947697784609
CH4_C004203,10.040418343263635,0.896705669794208,0.4259219116469025
CH4_C004204,228.142857845693,0.3539676750015616,0.8489567629565653
CH4_C004205,206.65406307481877,0.663452468255826,0.8288966713025052
CH4_C004206,96.95681397583039,0.7841689259457869,0.8425682228490023
CH4_C004207,122.67535674545391,0.7075870671356319,0.7536524158292037
CH4_C004208,219.22714245902702,0.8377838673493707,0.4094921510138688
CH4_C004209,88.04909310443759,0.7910685779937059,0.5442693097130045
CH4_C004210,120.00603837273474,0.613303323984477,0.6762819640104554
CH4_C004211,143.3164412134682,0.5363791060406218,0.5438411753587808
CH4_C004212,30.122563861459202,0.3298853199924067,0.9315952233338154
CH4_C004213,42.473174340272344,0.7833828307023556,0.4137140504327339
CH4_C004214,205.01439664721624,0.7122330180763035,0.8515586057197897
CH4_C004215,76.56932645416373,0.36936514636320855,0.43346792895610253
CH4_C004216,246.57040260440533,0.3209411225530794,0.2764626338406192
CH4_C004217,27.26901110747232,0.8798443790004298,0.926724347225705
CH4_C004218,43.7459942452573,0.842651445609361,0.7283626300713832
CH4_C004219,152.51764284633572,0.33826752096896107,0.9260098923182101
CH4_C004220,230.21125613294697,0.8558551047824836,0.5538931894433134
CH4_C004221,98.7873844775303,0.4380310139326177,0.44381814134194464
CH4_C004222,200.12382218951194,0.5171456219029262,0.43885358743640845
CH4_C004223,101.13003930271894,0.8807414306619923,0.426899200670092
CH4_C004224,220.17117618025352,0.6757741135573775,0.7345569117888202
CH4_C004225,122.04854738578669,0.3885629604429528,0.33398604690212297
CH4_C004226,232.47071083472215,0.6286326246972822,0.8463486626900498
CH4_C004227,79.68156215354612,0.7905380282369914,0.27702707888586786
CH4_C004228,125.50101235630784,0.5721311781516993,0.22151544758130817
CH4_C004229,18.72442651758144,0.8367627336696792,0.6787675931189816
CH4_C004230,153.06451249084083,0.8378297117391424,0.9269519567719249
CH4_C004231,35.14789562216833,0.8637062958091171,0.5242066701750401
CH4_C004232,186.1739460581102,0.5856932861648476,0.2835461893318447
CH4_C004233,207.6788714039296,0.40528623461151986,0.6892027628510585
CH4_C004234,8.037581234344865,0.34884422846070784,0.6684938572079804
CH4_C004235,248.69870095186855,0.33881973318754954,0.45125876088170525
CH4_C004236,110.10226873431841,0.566825220944245,0.3062060146158926
CH4_C004237,174.53906787295261,0.661918558540133,0.693820965369194
CH4_C004238,80.99377323209711,0.5970653701827735,0.2867361412858728
CH4_C004239,69.12412806862724,0.38199442412254425,0.5834785172113617
CH4_C004240,86.2002444557566,0.794145093525566,0.20167161863710473
CH4_C004241,167.84558773489462,0.8812270661460697,0.7375067587357098
CH4_C004242,239.73201554640565,0.6455937350075097,0.4116947186842313
CH4_C004243,118.35519443423934,0.3309346381679047,0.5229444590349595
CH4_C004244,248.89396902222248,0.4777871877839909,0.4544501895574568
CH4_C004245,219.8302671607147,0.5710579333954233,0.8325154445917033
CH4_C004246,100.42276324327476,0.33368401546500276,0.38189583520374776
CH4_C004247,83.68621393237916,0.8965232762996733,0.31284089371713975
CH4_C004248,209.65322707066096,0.8450677550547248,0.6225727437168371
CH4_C004249,84.10424257560531,0.617190691175006,0.8340809089662358
CH4_C004250,21.758716206196627,0.43790583678697814,0.5042900962412942
CH4_C004251,222.22205855777452,0.5084748876680977,0.38933181343187206
CH4_C004252,131.88768826665225,0.5260094320993721,0.7925018851710308
CH4_C004253,175.97961089085643,0.3956121308335054,0.7026103127251067
CH4_C004254,153.5595045157942,0.8271010949757682,0.24981427955192992
CH4_C004255,158.67268542032738,0.9113729985679617,0.22840975571671376
CH4_C004256,81.96683505352875,0.51592934175237,0.3789951675104999
CH4_C004257,30.978115114648595,0.443558850764379,0.2805048718387254
CH4_C004258,106.89277720957102,0.470813841972756,0.23725570625859704
CH4_C004259,98.54342927225032,0.5076185364885325,0.6390909602129093
CH4_C004260,108.78663694643811,0.5188518116444792,0.4673250970922604
CH4_C004261,1.076031403642208,0.35689525500986635,0.8644330494975756
CH4_C004262,196.14240654935304,0.7330459899080717,0.48615736996309694
CH4_C004263,208.0996909127872,0.8217119554326011,0.24924282382568297
CH4_C004264,86.75372507874185,0.481086449405447,0.7979554101108646
CH4_C004265,103.18188325056177,0.6338431579321337,0.9018505755199939
CH4_C004266,7.211875112312333,0.8902847309442428,0.5118499879037166
CH4_C004267,155.37220873510404,0.7804530121754192,0.824440490377987
CH4_C004268,49.59483681976004,0.32159959883558625,0.8930207068577656
CH4_C004269,133.55522746196928,0.33156392061785156,0.37287456214264303
CH4_C004270,115.5329308950167,0.4086171031094871,0.3852546177053209
CH4_C004271,126.13722264873287,0.8884773544514493,0.20203270735660098
CH4_C004272,195.69324835886943,0.48949599570097024,0.29365868136861206
CH4_C004273,209.56415378036257,0.8133606027206817,0.7664037131733283
CH4_C004274,98.25367145737415,0.8399981999639483,0.9450650457493466
CH4_C004275,170.0935872403196,0.3930210835267037,0.5448583043084223
CH4_C004276,34.62428562789438,0.8668038653997703,0.3520910390437061
CH4_C004277,2.57785874531663,0.831793953127119,0.2561970297033652
CH4_C004278,130.07694502189574,0.3849845148646377,0.38330622124475117
CH4_C004279,161.0612403305122,0.8241022937482498,0.6086216506722482
CH4_C004280,99.57039706475152,0.3825867778935101,0.6976587635862497
CH4_C004281,131.44793303805903,0.6981288518849061,0.5204630166729987
CH4_C004282,4.90885945745384,0.8880235906859257,0.35895658584439616
CH4_C004283,175.646086145374,0.8977452352759767,0.8327100499661886
CH4_C004284,185.7351218868799,0.8842834121254799,0.40593027503377327
CH4_C004285,218.01892444958898,0.7768131418077564,0.7853994519589274
CH4_C004286,213.00635225594775,0.5316243697198588,0.2183980301384013
CH4_C004287,192.6672576725241,0.6729317069289934,0.3858095731610627
CH4_C004288,183.04591159045242,0.3873154220848075,0.35098337301770177
CH4_C004289,65.17651313933231,0.6150033152465989,0.2187017283940639
CH4_C004290,243.51669306378466,0.5985746512723753,0.7594583056585358
CH4_C004291,32.66005324799792,0.8184630551697125,0.919944171689153
CH4_C004292,237.46935361135513,0.5328899161359635,0.5625864389705137
CH4_C004293,14.165095118126386,0.46330227885052633,0.6877980996292963
CH4_C004294,147.9245816600235,0.4148854430560765,0.31404296769914586
CH4_C004295,197.0227254516246,0.7463891493655298,0.35722281472569534
CH4_C004296,51.17410874702516,0.7153613060874726,0.7576908793448498
CH4_C004297,217.3525376841647,0.911772562898548,0.40248210714156685
CH4_C004298,184.2257550524569,0.6592557441961006,0.4742354889561188
CH4_C004299,124.0034893771548,0.8033481421045543,0.7526062302625733
CH4_C004300,46.47205419147307,0.4136758647273245,0.8935221073921933
CH4_C004301,248.44623749635065,0.8634084298864051,0.831385396895046
CH4_C004302,176.05610125206812,0.802300171582665,0.7713978858639183
CH4_C004303,98.47355646532208,0.8259206328835229,0.9008107275867163
CH4_C004304,61.58781158332857,0.5333829472803866,0.5872269188724812
CH4_C004305,231.01354792505416,0.5592949001274132,0.2329519353178262
CH4_C004306,212.52689286078905,0.7159640483884773,0.6215646970040021
CH4_C004307,189.8266447280226,0.8211352519389399,0.2577462417549378
CH4_C004308,92.08366298209003,0.5113842424305186,0.4257117280859666
CH4_C004309,203.3166095926113,0.833237293880631,0.48011678539313707
CH4_C004310,17.850636570254125,0.32237272313657467,0.24464475207458053
CH4_C004311,41.96402771697091,0.4596822403628572,0.2952845543851431
CH4_C004312,33.86022955829571,0.3398569758057373,0.3556661903347055
CH4_C004313,68.90650718948119,0.8765778480112427,0.706063286749768
CH4_C004314,77.78238778999722,0.9002359135828353,0.3309190654445793
CH4_C004315,161.51259270239672,0.8713207267234773,0.40953608925214846
CH4_C004316,197.91067808049004,0.36292218873786175,0.5426192345948266
CH4_C004317,45.79165120500301,0.3308377236770756,0.7849948265477191
CH4_C004318,157.5463849263843,0.6382006762562569,0.2736248479343796
CH4_C004319,227.15426187584887,0.514174619913492,0.6388934488140485
CH4_C004320,33.23596534162743,0.34865477882325346,0.8196293233442753
CH4_C004321,80.52736185904664,0.9004583013451368,0.8301769568616135
CH4_C004322,20.977007366484695,0.44922950794995514,0.6097164715480345
CH4_C004323,223.60373525284604,0.7680591935896288,0.4031825387317145
CH4_C004324,99.51353297179364,0.6971004183047497,0.6245631893330306
CH4_C004325,181.5691249270464,0.8529192572039765,0.47077258940511574
CH4_C004326,226.01263970248988,0.8299019333006274,0.8920339725228101
CH4_C004327,105.64643847978103,0.7368471640026955,0.5077258822674608
CH4_C004328,165.092773636951,0.9184059940053191,0.9348830366465457
CH4_C004329,142.45469144038776,0.5064112470877074,0.8085001209388449
CH4_C004330,181.12477474557525,0.8525171565735032,0.7211522694857386
CH4_C004331,154.058558774434,0.3473123786268386,0.763835092399852
CH4_C004332,243.71652660233548,0.6156657180482648,0.6299855939419192
CH4_C004333,163.30212089870818,0.464527822759924,0.4102467540991137
CH4_C004334,96.43941696825476,0.3312793831628156,0.8725534616396666
CH4_C004335,241.99922744855496,0.6862996470728632,0.7021798122949967
CH4_C004336,140.24402591345188,0.3748788754359752,0.2949628609837215
CH4_C004337,34.87603729676938,0.3686469731770233,0.40046798243983084
CH4_C004338,58.30813448660271,0.5707457994746223,0.6125511431768023
CH4_C004339,35.635930220320105,0.704711841983664,0.3878977974076675
CH4_C004340,108.06934608257946,0.7666398326466631,0.4854695044217869
CH4_C004341,245.65775459425126,0.7585374324256617,0.4115177302305617
CH4_C004342,31.956087258815437,0.752324900619681,0.3969064479037274
CH4_C004343,4.772940172631718,0.45587435336150195,0.6144640874877121
CH4_C004344,143.58616933628343,0.6188581149866468,0.34663276928309456
CH4_C004345,237.8176784470368,0.5414787572620708,0.41512140875961906
CH4_C004346,175.91947270965952,0.8307968867470841,0.34683851634344165
CH4_C004347,61.467041110670806,0.34705222901530525,0.8251778997099779
CH4_C004348,69.3399534649523,0.853600562747183,0.2017410104791163
CH4_C004349,45.418083848776185,0.4571782604692516,0.6680535343180445
CH4_C004350,84.8895399182957,0.8296545796327437,0.2355065777449016
CH4_C004351,223.04599335569412,0.4536914047058602,0.4445071724590901
CH4_C004352,127.92528617841073,0.3356592417613912,0.22422820914718525
CH4_C004353,248.66630265692262,0.6917269801139239,0.7158107295286833
CH4_C004354,119.41919804230339,0.6025567765045104,0.8262249122790841
CH4_C004355,190.26857371163462,0.7160542539542243,0.5470186478781169
CH4_C004356,185.35865135674493,0.8553296433777777,0.2098035484676937
CH4_C004357,96.6671423440098,0.6200812219654614,0.2879777671468272
CH4_C004358,15.989704955726797,0.5914436959091887,0.5340785394337133
CH4_C004359,17.803379317114842,0.7377290002781378,0.768665248672858
CH4_C004360,221.21921124152823,0.6039537621854023,0.405572425849975
CH4_C004361,96.76427757170094,0.6622513760012663,0.7634814422915155
CH4_C004362,56.93895108512667,0.6664469700858031,0.8059895465108491
CH4_C004363,117.48180932087851,0.6167245789985892,0.21867957081128342
CH4_C004364,42.546738501528544,0.4844224250121979,0.580667169825422
CH4_C004365,161.68704334063963,0.607082630346393,0.8422134281240019
CH4_C004366,47.074363854722606,0.49819360350976627,0.766868633070817
CH4_C004367,40.67076497970415,0.5504072261890001,0.7867731191439533
CH4_C004368,221.18309262431188,0.4461317996132378,0.48742688336673784
CH4_C004369,243.48721472277228,0.6301113713122071,0.2865962932739292
CH4_C004370,122.13478628605733,0.5499795047530401,0.43290457268752364
CH4_C004371,41.510692575746994,0.5320657835837304,0.4833905842659328
CH4_C004372,181.7749978972552,0.5588770954468134,0.6866487744662166
CH4_C004373,57.32348943644461,0.5653641204883109,0.9192478705549285
CH4_C004374,85.94728855208952,0.5591382346011924,0.24134812615682374
CH4_C004375,105.81806264453,0.3306436136050364,0.6888109649024974
CH4_C004376,144.6524006410811,0.6034698410534367,0.42939887299814405
CH4_C004377,223.5559296486238,0.49453600304651024,0.23406305725143667
CH4_C004378,57.47306924648943,0.39183309898094404,0.6768972959954096
CH4_C004379,47.49173053855738,0.5598751391493786,0.22689721518562453
CH4_C004380,1.9135890917246767,0.91247762480769,0.41660373505854875
CH4_C004381,98.28654502692547,0.8859643317260508,0.7905202791365566
CH4_C004382,175.51097811466633,0.567854505921382,0.44655699501385204
CH4_C004383,19.453862265992218,0.6699600875258398,0.9498692999134521
CH4_C004384,67.98839890703897,0.6918111857366865,0.3830708145976015
CH4_C004385,60.9449197345282,0.5233611696626355,0.26274086644956485
CH4_C004386,187.64649892773267,0.6256449717096038,0.2644810725401995
CH4_C004387,196.65049928893728,0.3919751557892487,0.20435709018865605
CH4_C004388,6.216027925966899,0.4070846239797387,0.32743016367826794
CH4_C004389,20.673201042855442,0.6452875862782719,0.6334815047715406
CH4_C004390,234.73043859366598,0.6997890888525252,0.5549195973164636
CH4_C004391,206.6333235465225,0.40996384313997203,0.6676517534559951
CH4_C004392,163.21239674710657,0.5834026463814352,0.3656859531006854
CH4_C004393,235.43403933288334,0.8011132650371794,0.5498115110592494
CH4_C004394,42.12968315487425,0.8720863688516727,0.9312246637262438
CH4_C004395,201.7038312888506,0.805377243676308,0.6628391719514881
CH4_C004396,54.87855466483871,0.7871502767924539,0.5232650304201876
CH4_C004397,161.86658943991833,0.3868387017913523,0.8460870821740107
CH4_C004398,153.9516555756939,0.7370678472391157,0.7300401707040343
CH4_C004399,108.59504627644104,0.6750115388211197,0.35886994368604985
CH4_C004400,70.39309281486943,0.8901784153483798,0.9310876096079037
CH4_C004401,158.4935216839719,0.3247647172187203,0.4984839161513887
CH4_C004402,47.44694524800472,0.3866502320118428,0.6996165177796716
CH4_C004403,60.92462120919989,0.39506626099461684,0.5159060401428124
CH4_C004404,233.56997223467312,0.43582728642870905,0.7996684174759598
CH4_C004405,0.6476373736616081,0.7836004946457843,0.6702432890168806
CH4_C004406,185.45582035300205,0.7930844601346063,0.9431690642318724
CH4_C004407,22.6285138694009,0.4542194063354775,0.5122620961321387
CH4_C004408,127.96454748694711,0.6993203317626643,0.5220317369124905
CH4_C004409,152.9522716588625,0.8842428409389975,0.280814132795939
CH4_C004410,51.739188350584136,0.8332240127445212,0.23557002605532595
CH4_C004411,33.321254364946874,0.3521645496540088,0.41164729221612073
CH4_C004412,125.9262575355088,0.3457599424948775,0.7788848971066971
CH4_C004413,38.85893838913726,0.49337904553737205,0.8335653166773087
CH4_C004414,18.61139659464306,0.8561309990957096,0.46431989399895873
CH4_C004415,45.8697082700952,0.5978091904151253,0.2653243320102891
CH4_C004416,128.14236830198828,0.8703876737769571,0.6891898733236561
CH4_C004417,166.94477367375683,0.5957382903501611,0.580941241902084
CH4_C004418,96.8324234813578,0.54150886087445,0.23483765268091433
CH4_C004419,17.885301094359875,0.43465422619316835,0.7482298060282815
CH4_C004420,186.35559124733115,0.556432323612732,0.6668874913124121
CH4_C004421,218.26489083255854,0.43990087625428553,0.4919486543764814
CH4_C004422,237.48149044559852,0.5232163010696377,0.5763024167886972
CH4_C004423,132.8257634630036,0.4114250784584274,0.730581210617969
CH4_C004424,64.41313122856043,0.5210979400394589,0.6460755977714367
CH4_C004425,213.2253743519184,0.42544602029414946,0.7544697572463352
CH4_C004426,10.274985660249591,0.7939316023389396,0.6508845724339747
CH4_C004427,61.50221517871321,0.5944388477563904,0.36577816389592377
CH4_C004428,78.64227611302316,0.35490888065750237,0.5032388828335097
CH4_C004429,183.11721321464546,0.8563476473356928,0.6294423629956896
CH4_C004430,172.29844726810353,0.49492474681302734,0.2204346945655496
CH4_C004431,112.01704797275552,0.5108342528098082,0.41411825636787636
CH4_C004432,20.547956231287607,0.5009198679426049,0.6924959442705376
CH4_C004433,221.40007002914473,0.7227604821400327,0.5464606727225724
CH4_C004434,93.29158024286718,0.8034681315665599,0.7015385329950832
CH4_C004435,237.67791847738525,0.7185439866329137,0.920740178916587
CH4_C004436,75.86251652219592,0.498068633845657,0.6298496491040242
CH4_C004437,213.54783215616,0.6348696850776927,0.2734504022375505
CH4_C004438,181.23411728275016,0.380177003561871,0.5799984726851668
CH4_C004439,149.28252074702263,0.764368608164925,0.49702736564311567
CH4_C004440,90.69353237533082,0.7514133275606069,0.8015828362552682
CH4_C004441,38.422003968010905,0.322315161089774,0.7948955823618624
CH4_C004442,155.59661182812746,0.5014386313121928,0.7121937586440419
CH4_C004443,61.00168416922935,0.3950234296936974,0.5739587927219303
CH4_C004444,125.36375381973546,0.3883415017692218,0.2543769818640612
CH4_C004445,39.16336904585585,0.7416754152414938,0.515233522383354
CH4_C004446,60.258058203421086,0.32407629604429006,0.5620261016522765
CH4_C004447,4.774100182981689,0.4254323882633653,0.6265797063305849
CH4_C004448,172.29194938932483,0.8082366991022677,0.43393747044194886
CH4_C004449,71.84049198621439,0.5983330363319035,0.6406308417119986
CH4_C004450,216.88686475867692,0.667538956851442,0.6215947000029529
CH4_C004451,179.90523620768298,0.8302018661929145,0.7986243270276965
CH4_C004452,194.28440171500438,0.770981443692198,0.6859001502585826
CH4_C004453,99.94949849171053,0.6475358374657254,0.6208036641393329
CH4_C004454,184.97181535452617,0.549995549199281,0.5002839063239766
CH4_C004455,110.88869416502956,0.8455868622821359,0.5038198847556812
CH4_C004456,91.05244619967326,0.7821304266686624,0.4838330621721246
CH4_C004457,209.3086549023432,0.7517221007021895,0.24470957877096733
CH4_C004458,35.12488787265336,0.7807369248834753,0.6309535185571387
CH4_C004459,75.59703173703205,0.4725713844150943,0.8106744026558639
CH4_C004460,194.722648367559,0.46220881303833716,0.21688581412423866
CH4_C004461,34.94050985800423,0.41723937904073854,0.2539850152767102
CH4_C004462,233.43351000759608,0.4547857443755329,0.7976665661254949
CH4_C004463,233.90080503532914,0.901731716172949,0.30406040678066243
CH4_C004464,78.25686516808939,0.38090450930781045,0.6186717331792972
CH4_C004465,132.8940458228914,0.534152643291576,0.43988041708090525
CH4_C004466,156.860633282989,0.8142123100093421,0.5964955566008057
CH4_C004467,225.44283608837267,0.5497261111039887,0.7835335742523348
CH4_C004468,220.9883799535476,0.40548726517187844,0.7537583620491246
CH4_C004469,54.04961058097232,0.6504036724783093,0.36565850764860136
CH4_C004470,160.9258108168546,0.6356358379085328,0.7499269194318072
CH4_C004471,225.51899793715918,0.6168946449912767,0.3106112630291045
CH4_C004472,220.41933342408763,0.7907271127672987,0.2875506197330995
CH4_C004473,96.06658583101898,0.7395028294003284,0.7088963619525526
CH4_C004474,84.23924085952176,0.6329315424738441,0.7146811308377805
CH4_C004475,41.30025927449338,0.682899032990729,0.3167302594949417
CH4_C004476,47.23786853448292,0.5578421811909833,0.2483238548028296
CH4_C004477,200.17649246548243,0.7256580774119128,0.20728475448958011
CH4_C004478,201.13015705625335,0.5280612915979724,0.6859769855092079
CH4_C004479,208.7585231093028,0.8548926280782954,0.7226714311477171
CH4_C004480,203.3100510367679,0.42376214670114304,0.554366640905982
CH4_C004481,139.18188699859132,0.5446906693797069,0.8612518538351912
CH4_C004482,184.90002020644638,0.7338699415148364,0.43616973717622953
CH4_C004483,189.9290414716354,0.5035867127014768,0.3095948215932258
CH4_C004484,108.8837742083515,0.604328595682511,0.6088701766895963
CH4_C004485,74.65436228257494,0.8962102525902502,0.35072003780513455
CH4_C004486,76.6151138080598,0.684493635334801,0.7939605503921998
CH4_C004487,160.73968890651574,0.8310461808400342,0.21025029047898966
CH4_C004488,85.61885427998634,0.6013423239645188,0.36840489025155915
CH4_C004489,18.704403861530384,0.6219594810513471,0.4879268636091227
CH4_C004490,203.78250433092896,0.6424664995250247,0.9098182759194557
CH4_C004491,84.26070706711234,0.49418032276985324,0.7414773896248121
CH4_C004492,26.7310086434486,0.461595368328882,0.511153547932099
CH4_C004493,95.59153566446535,0.5386948032677047,0.30931275555342846
CH4_C004494,130.13394047129034,0.5846408056988395,0.6878185981290543
CH4_C004495,245.14147643885775,0.5609137617412325,0.7986925308854644
CH4_C004496,183.74910935401306,0.32216190678047446,0.3937766823237258
CH4_C004497,96.37497759615488,0.644797579472319,0.39728173554119306
CH4_C004498,50.77787111096743,0.6414080493628129,0.4994723321519069
CH4_C004499,248.8009125172763,0.639295848039819,0.899211046815394
CH4_C004500,157.6186781505327,0.8496332547816388,0.29498089808018757
CH4_C004501,1.1741162799998595,0.5963852855895749,0.8464230764535832
CH4_C004502,240.53795459623203,0.5274419495388436,0.5768891646913893
CH4_C004503,150.35265479692333,0.728949984071005,0.5483798590649951
CH4_C004504,14.643482729092716,0.32087364677388525,0.5683353531495698
CH4_C004505,219.48559105116036,0.8757163842682372,0.8814514307896819
CH4_C004506,82.00996071217672,0.4325194644252024,0.6059722248079275
CH4_C004507,8.759266354018692,0.8631848769960335,0.22237438684793884
CH4_C004508,240.10025482255,0.8928517475237137,0.405329393620365
CH4_C004509,211.56053598770305,0.8195372843405787,0.5141160109234206
CH4_C004510,111.26318592506566,0.5068713407956927,0.26483027571679474
CH4_C004511,203.57378503216304,0.9008223038921326,0.6983370499200529
CH4_C004512,21.465523439235827,0.464240934044732,0.5164583738301809
CH4_C004513,2.8130160586236075,0.7293306546961266,0.3468802998857049
CH4_C004514,226.5793527058687,0.42471829789962584,0.2756594658790393
CH4_C004515,220.2040732707881,0.39797773437735967,0.5544401079619534
CH4_C004516,83.3639294715838,0.6132905130624338,0.6085143797940713
CH4_C004517,193.0624848146001,0.44981820896604674,0.3630840366795294
CH4_C004518,217.3075039509668,0.8036394879724531,0.2716409943679766
CH4_C004519,249.33587579341278,0.569833663360245,0.48652220807150487
CH4_C004520,246.31254590301327,0.7360286038251882,0.3748488308742182
CH4_C004521,39.0516123885048,0.5103563818533768,0.4700559342987563
CH4_C004522,215.68186701041327,0.8846117686573784,0.7545365392125907
CH4_C004523,233.6815869705556,0.4795509655135348,0.9333476577685049
CH4_C004524,8.522240799710062,0.4259063873037325,0.2103926027934384
CH4_C004525,124.9547594224418,0.8670092799528153,0.4651413514561317
CH4_C004526,218.78824313208054,0.6204915761410483,0.7656962604663449
CH4_C004527,23.72225171035022,0.8994087852484385,0.23319546196266636
CH4_C004528,176.7537110474307,0.3757367716035809,0.8817653495198745
CH4_C004529,28.11639457155196,0.6449553322400903,0.5841683164896299
CH4_C004530,165.18030090557755,0.34159739560854907,0.38044104457733274
CH4_C004531,74.64132167486883,0.381446190394624,0.6244327320039127
CH4_C004532,4.708345250479945,0.8278048268414904,0.6706898679328464
CH4_C004533,57.855618419025454,0.505100361912754,0.20821455327380142
CH4_C004534,217.60969945728297,0.5657297780670252,0.29862622836853586
CH4_C004535,41.287879421322614,0.8667567620012724,0.26041232110181534
CH4_C004536,182.0764115706602,0.8057591680090999,0.7242816121375371
CH4_C004537,25.406885042761452,0.5083024901343822,0.4547630653090367
CH4_C004538,210.64140775071084,0.5127310536201537,0.325937369725242
CH4_C004539,249.93462047956183,0.917753542270189,0.7247125567059076
CH4_C004540,149.60420087990988,0.8664985907885869,0.6985522559070774
CH4_C004541,128.51938565995644,0.7619703136180074,0.8230655048281457
CH4_C004542,163.3164928603624,0.35646963347110444,0.611930245804525
CH4_C004543,74.31146011699599,0.6765483948101184,0.24855105770991315
CH4_C004544,144.36273744640593,0.5673301366874934,0.704434691271363
CH4_C004545,59.545148430102415,0.854126524103594,0.39105322921901114
CH4_C004546,38.85387118161193,0.5966248529845992,0.3437227043504229
CH4_C004547,174.15157104701393,0.4583706453714945,0.6455362182343083
CH4_C004548,147.5497988790786,0.501036464257875,0.34589756889873613
CH4_C004549,36.71145211818189,0.782258620249733,0.7100880380711359
CH4_C004550,69.93448280512557,0.39760964893777523,0.6998086510803732
CH4_C004551,52.12085466008856,0.70075774511051,0.5682062656210969
CH4_C004552,175.7650960801174,0.5981127510693138,0.5446064000330673
CH4_C004553,62.865063157489324,0.566381319045608,0.3320837151523055
CH4_C004554,13.281385013063169,0.6891719549032534,0.3210887244895728
CH4_C004555,69.448352311369,0.7388956169876271,0.9443150455797591
CH4_C004556,79.86583731979202,0.5705690513343129,0.24401167197090853
CH4_C004557,249.09055981576927,0.872975700193745,0.7449360430128138
CH4_C004558,23.28350639248644,0.6465828727840373,0.6261645634744126
CH4_C004559,59.52681662080664,0.713613736153327,0.8889933999502824
CH4_C004560,131.16877585600574,0.7077357902063087,0.8577395875840186
CH4_C004561,236.2655929957151,0.4385422795577127,0.5563284902914745
CH4_C004562,223.58317994218697,0.5084510414289045,0.911335448215715
CH4_C004563,170.5871847835863,0.8888886243731178,0.6147476644389642
CH4_C004564,66.66784144347088,0.5590143422257754,0.6213882737059195
CH4_C004565,45.5212374442652,0.3564312603302783,0.283755260779478
CH4_C004566,17.668542618065135,0.7069948320024504,0.7139580846558455
CH4_C004567,224.8410115203936,0.8756732111966428,0.38548183068541936
CH4_C004568,8.951281184081866,0.5532221237189279,0.7190055929708303
CH4_C004569,162.13098773180758,0.7379804384459493,0.28539484476843513
CH4_C004570,8.386402614672967,0.5731601139517327,0.22214644592158575
CH4_C004571,237.95074058292275,0.6631508407852797,0.9339826067264032
CH4_C004572,1.4216749724709765,0.3880272929764389,0.3940400246898955
CH4_C004573,230.52607059625078,0.36070931258397637,0.2905590001601691
CH4_C004574,66.37113322642347,0.9015903669433154,0.571122205913851
CH4_C004575,19.641603898933212,0.859959163323857,0.489845973652381
CH4_C004576,44.106926446052604,0.341425139893973,0.4340992455601925
CH4_C004577,19.950137076962026,0.7480689261867114,0.217634141912918
CH4_C004578,224.78214476705938,0.8873622071342266,0.7385085127800533
CH4_C004579,54.10125440159774,0.39117443856142403,0.7542830750489278
CH4_C004580,61.89860143479567,0.5869529419075812,0.8756750704235008
CH4_C004581,77.77649795772918,0.34053023974330826,0.24452154765027967
CH4_C004582,109.53158488631617,0.7217223468854548,0.21639330858847017
CH4_C004583,219.013070719029,0.7570683905248541,0.3498431881498928
CH4_C004584,109.8195359094604,0.5383043712109059,0.6987341792221442
CH4_C004585,187.9125027023028,0.3638517894252663,0.43717916701951476
CH4_C004586,4.750007813212304,0.8673414212664179,0.44775362425346205
CH4_C004587,191.7445567314302,0.853417506877928,0.6402439963853919
CH4_C004588,192.03073033702177,0.5032296434317578,0.856671336832729
CH4_C004589,24.07497156984906,0.5539509226124222,0.6898445986323465
CH4_C004590,48.33621543770092,0.4960110334616045,0.4669999975509
CH4_C004591,152.70449246794115,0.8685804317577219,0.8059714680345373
CH4_C004592,62.07609672872655,0.5648692830903116,0.9496487201791539
CH4_C004593,148.98657608219872,0.8446365220526046,0.9310732031403386
CH4_C004594,7.670783687199339,0.5923958622224414,0.4187500798636659
CH4_C004595,191.69237728597258,0.33945976394072075,0.6152411615193916
CH4_C004596,82.23678369439621,0.5131475848279031,0.6493758080202781
CH4_C004597,56.47680863979115,0.5198589051630782,0.42199071256750476
CH4_C004598,148.0140986014807,0.7073715892040122,0.6113464531889452
CH4_C004599,91.51623487999005,0.5161329381642584,0.23545230799806185
CH4_C004600,17.035922436029082,0.457946282326409,0.31821366738079004
CH4_C004601,205.1329879086695,0.5211363294699991,0.2990825484369541
CH4_C004602,206.56786758478435,0.8021057877115216,0.4345846948256406
CH4_C004603,21.13412581500726,0.7643814000310294,0.7695939940026539
CH4_C004604,8.054243514876491,0.3437381363599075,0.6656879928224824
CH4_C004605,130.01987103282224,0.7366499993161024,0.3978511929186371
CH4_C004606,46.269845929837935,0.6127634714014362,0.38341820759300305
CH4_C004607,50.045840878459344,0.5363307497755861,0.42838852404943234
CH4_C004608,34.27709100977266,0.6543405245131697,0.803875497515933
CH4_C004609,49.352405925078976,0.7567792087817029,0.8548098372737507
CH4_C004610,119.77889936790942,0.3791723297546816,0.8179958970484118
CH4_C004611,207.44147879363328,0.8759663940913569,0.2974546548000123
CH4_C004612,158.14476000795756,0.9160413330816743,0.542981699335563
CH4_C004613,107.81467972292039,0.3799024763466225,0.7809412128340008
CH4_C004614,46.4790119217324,0.5069880781957745,0.5906212477896865
CH4_C004615,98.72374974310414,0.7223934706497299,0.7296171180687732
CH4_C004616,247.6027501941766,0.5763062754920394,0.22530628207805947
CH4_C004617,28.19539868249307,0.6033727318046885,0.6469583955018123
CH4_C004618,41.938948285727804,0.38665144579146726,0.600474524313497
CH4_C004619,130.69169085982153,0.8619698848767146,0.6358865704446104
CH4_C004620,163.02170712616726,0.7381583333427968,0.6254260447503721
CH4_C004621,229.268253894442,0.6314966906473971,0.8742099475836964
CH4_C004622,220.6249991410664,0.889702529235715,0.6952368402975178
CH4_C004623,188.5086082155612,0.5021636840682548,0.4125726167920315
CH4_C004624,162.43072467575237,0.40924394656220475,0.6308074457190391
CH4_C004625,33.18158223468082,0.40126444789679466,0.8677666539842741
CH4_C004626,21.303501805437858,0.7229475589966625,0.3930231540058158
CH4_C004627,0.8651406599208544,0.49215825779415,0.536366817964858
CH4_C004628,148.42201739754483,0.7779761442725941,0.6927260993681763
CH4_C004629,141.4044573573041,0.7189540224277626,0.9442168895847896
CH4_C004630,211.8216311044319,0.5459611314584053,0.7897322472084538
CH4_C004631,3.245499140074215,0.7401542500300236,0.9079482181776455
CH4_C004632,186.71926312603918,0.9133421631069787,0.7545473525021873
CH4_C004633,20.83721903352026,0.46746982023115924,0.6008671020278888
CH4_C004634,141.94433595445255,0.509581270414261,0.5716836072131433
CH4_C004635,45.947272761664436,0.41040314614179213,0.6495702040991611
CH4_C004636,114.26899127268561,0.6493772962131555,0.2061793371161159
CH4_C004637,231.2337572844148,0.5750245804977747,0.5365105839487072
CH4_C004638,59.142731406232166,0.3833704004693674,0.27998864910945936
CH4_C004639,134.3205152298439,0.9004587202329677,0.7719763014642467
CH4_C004640,63.0424316969447,0.7628595348601933,0.38182383352592847
CH4_C004641,236.79813148359784,0.6925342034929949,0.6631759904044019
CH4_C004642,114.50903529624013,0.850695512493679,0.21430799280740512
CH4_C004643,209.02368072372593,0.41324521886827326,0.9140699683522737
CH4_C004644,235.70207834708572,0.7216009510083958,0.8729464546204182
CH4_C004645,21.71329223187124,0.8645819631061602,0.7923989327625447
CH4_C004646,205.47309223782045,0.6921381156101066,0.8799785274967398
CH4_C004647,248.38612106414269,0.3240042512443278,0.6166991052277506
CH4_C004648,172.8797368755659,0.7387684063042432,0.6360487335565603
CH4_C004649,50.84384307720827,0.8229780148382786,0.5284563670268203
CH4_C004650,144.1370148179687,0.574251485114762,0.24312702259626448
CH4_C004651,33.477504182261114,0.5861778046142752,0.44330447271569473
CH4_C004652,183.0230780273336,0.7328835648441322,0.7785341537777903
CH4_C004653,132.15452040477982,0.8401490903532964,0.6185343231728646
CH4_C004654,158.73448034484034,0.4281209092206259,0.8877438996975398
CH4_C004655,198.16351219595865,0.6700562571522355,0.43648366855474346
CH4_C004656,89.13114803746159,0.7397295686785867,0.2306662610929582
CH4_C004657,101.3104739277474,0.6243176905464083,0.9141282851625576
CH4_C004658,231.1806634373931,0.5205294042338565,0.5495290425456258
CH4_C004659,225.91547951455422,0.7870096669772172,0.5099657508191309
CH4_C004660,105.83586340582323,0.7227777222258389,0.44284825268471517
CH4_C004661,186.53193098606434,0.701852412928315,0.5369570780257023
CH4_C004662,241.011535086455,0.42703760979614885,0.5559463100250414
CH4_C004663,114.74341348199738,0.7154132956978607,0.4270801210363115
CH4_C004664,105.5716857707234,0.713003371748284,0.45258567654524556
CH4_C004665,57.17881442930717,0.5203064704400739,0.816854193691468
CH4_C004666,210.50920077264232,0.620772215717988,0.2898293556930019
CH4_C004667,179.91665853171466,0.8251013099501765,0.4227617334284375
CH4_C004668,48.26639291625001,0.48566672108427567,0.726839405917314
CH4_C004669,2.6577039719689335,0.3382117464079845,0.5083533011375755
CH4_C004670,11.221098179019368,0.8175140353684064,0.67064827607396
CH4_C004671,226.7686069934468,0.5682648713987355,0.9146182197734223
CH4_C004672,180.97614934557004,0.7746590418283572,0.39947359733503984
CH4_C004673,26.592329721376316,0.8868653016426165,0.5399932685935178
CH4_C004674,167.03281768487045,0.5424855622821024,0.265265579693547
CH4_C004675,222.9198582148001,0.3328142065692334,0.8895690720458709
CH4_C004676,26.170869953335092,0.7282319381432375,0.5159320735269215
CH4_C004677,194.06518372862726,0.5537741699768386,0.5108201829128336
CH4_C004678,216.6811468844193,0.32906784690652274,0.7384996482080686
CH4_C004679,137.43193769116849,0.7404090842240163,0.3041828200362221
CH4_C004680,74.30099148583452,0.6462693417092711,0.5316721171665382
CH4_C004681,136.91091236265058,0.907917790778739,0.5293575685406211
CH4_C004682,56.32682080924364,0.333430606401245,0.27718644544225346
CH4_C004683,240.90084781750636,0.8329128628002687,0.6153330832996995
CH4_C004684,234.87923645372604,0.36294527425160455,0.5091085545418667
CH4_C004685,162.25452981513845,0.3833934517203072,0.6619956848468858
CH4_C004686,145.09524888503154,0.47261976963164654,0.4953170529542799
CH4_C004687,55.5427595555966,0.5973042199419974,0.3996395995758192
CH4_C004688,24.954426682612414,0.8670450012715039,0.5153318400988096
CH4_C004689,164.66901343166003,0.408056013735706,0.8872519626101005
CH4_C004690,157.35803883292525,0.34627742688485924,0.7009943503436444
CH4_C004691,145.17974234018294,0.5679868580007772,0.9417377138123801
CH4_C004692,175.2072439402339,0.8625599718173993,0.7391666553302862
CH4_C004693,186.56906184333403,0.66846248263704,0.9102431045859667
CH4_C004694,197.08435935207774,0.5504800686604037,0.918311853726441
CH4_C004695,28.882643120923422,0.6997311776009154,0.4887700910337512
CH4_C004696,156.00504786416457,0.8143647563956473,0.6679306673189469
CH4_C004697,228.6968398256571,0.7528814503817794,0.6439112346622009
CH4_C004698,37.71278704530889,0.6934291043810824,0.853648159025006
CH4_C004699,90.50348479663187,0.7130802127601069,0.20214959903334465
CH4_C004700,161.68498441932184,0.9030305619881998,0.7967357373003441
CH4_C004701,194.0374281497356,0.5941216546095911,0.2315764957588071
CH4_C004702,203.55088402293237,0.7200048453682191,0.6879867597161864
CH4_C004703,95.48347781722244,0.5763956709073197,0.2155381019571038
CH4_C004704,149.55558279312262,0.7233992187581413,0.27557771977544543
CH4_C004705,32.9717744820737,0.4269077314732292,0.20176376659658052
CH4_C004706,119.77739653980868,0.9022324203513568,0.8020553997028046
CH4_C004707,34.35719272711823,0.5146978121435567,0.3675584324602694
CH4_C004708,167.53263144567933,0.7670597660908842,0.7631599668312683
CH4_C004709,6.474253600279173,0.7682718118207131,0.20534906782097487
CH4_C004710,168.92451933632498,0.7815615347134457,0.8533939208790364
CH4_C004711,206.8339064286363,0.5489412566807919,0.5921939127694524
CH4_C004712,74.24452253958827,0.8757578869758216,0.5597798551371984
CH4_C004713,205.38979257954182,0.4748963907420427,0.3018277779085578
CH4_C004714,230.62430431308522,0.5969343977853876,0.6977664151608356
CH4_C004715,152.52454530624698,0.4520659216108076,0.9054580580346261
CH4_C004716,123.09521858870582,0.6478301469203083,0.7533816671922406
CH4_C004717,42.04012273661345,0.5786291530543156,0.4526456359563256
CH4_C004718,235.06959609697884,0.4628250515924992,0.26860878854331005
CH4_C004719,105.38618448987991,0.6146205444185044,0.45651335942656024
CH4_C004720,237.1699373203532,0.7913627676697756,0.9267242844060932
CH4_C004721,194.0256366840687,0.8839514647142035,0.5431150200731206
CH4_C004722,224.50310946516692,0.6523706242533223,0.6073281202541478
CH4_C004723,201.98818476431885,0.41781496852265393,0.5964824328884837
CH4_C004724,243.3113192062594,0.3432912254040111,0.6092223882643739
CH4_C004725,38.56727389887921,0.3622907889015733,0.5416461966832706
CH4_C004726,66.11439044437655,0.5040138936052244,0.3848573415996911
CH4_C004727,161.55427291726096,0.803601308980478,0.5322319562668206
CH4_C004728,249.1832123780365,0.614856201170944,0.590128162954874
CH4_C004729,160.1332641124132,0.45004078809308246,0.8628647092265822
CH4_C004730,19.401256735666422,0.7453823429958817,0.9426206985313932
CH4_C004731,112.64530097980874,0.6756060862052236,0.445707158031557
CH4_C004732,91.64062093957418,0.9016396724863442,0.6048894798063451
CH4_C004733,43.4907007257215,0.49757637880562033,0.35071893267843224
CH4_C004734,196.26239981360624,0.3327010780649015,0.30271167725652637
CH4_C004735,195.86676620388855,0.4106274244392094,0.3712902292390329
CH4_C004736,1.5351725783529224,0.8545595423126373,0.6690281431456181
CH4_C004737,64.01932811128738,0.7963076543833894,0.7696197870370831
CH4_C004738,92.95547546164815,0.8076065940114634,0.3643298942227532
CH4_C004739,22.956465210456383,0.843620760632781,0.27675268114776136
CH4_C004740,181.00142729650224,0.6746893954114597,0.5152427854355139
CH4_C004741,120.23363935457812,0.8814593906686781,0.4820190293134497
CH4_C004742,139.20195467540128,0.8164067147633765,0.8643420877933554
CH4_C004743,118.15395887144487,0.7914375903548263,0.6066148113046991
CH4_C004744,246.30057169445547,0.8613108503229008,0.866407858223025
CH4_C004745,45.83337646336286,0.38024783405256757,0.43151612752181284
CH4_C004746,185.84209000705354,0.5487347736762278,0.21682554121444467
CH4_C004747,241.29253469348714,0.3262950247503553,0.21969638969462202
CH4_C004748,238.12335697692683,0.6959377343488032,0.6747320652506665
CH4_C004749,219.72188133653978,0.8361807600771232,0.4663240706445294
CH4_C004750,1.1305707025413003,0.32247553152896846,0.5276424008464531
CH4_C004751,142.71802625809272,0.6416427146264976,0.686613749036624
CH4_C004752,36.77292326884382,0.8684117850719997,0.2459888445759859
CH4_C004753,92.10641582387666,0.46262727887108757,0.26795341335161726
CH4_C004754,190.4961397694704,0.48891706072431756,0.6362532836422481
CH4_C004755,124.5781505093744,0.42632646577966044,0.6221830693324253
CH4_C004756,199.23967500954382,0.7480538826311562,0.625093263393569
CH4_C004757,128.07486162881295,0.5921795734381935,0.34322392329344065
CH4_C004758,144.47993441550125,0.37626735092258673,0.9449045503693203
CH4_C004759,187.63242635994482,0.4127791380136132,0.3965187109520545
CH4_C004760,56.48242311805715,0.5935271488941756,0.25821067785243357
CH4_C004761,80.74552006577024,0.7779788606708393,0.26580590371688106
CH4_C004762,74.12083245938572,0.8064064607806498,0.6334149486526035
CH4_C004763,141.1333042526512,0.666920447493661,0.36647527279227843
CH4_C004764,174.91609390700512,0.8597573521625477,0.25686067987642797
CH4_C004765,98.38394940165507,0.5029724244358076,0.44647564204718604
CH4_C004766,18.36042985693001,0.8832079333357614,0.48907999787566286
CH4_C004767,58.16102652778607,0.6015852863978024,0.8753385044559108
CH4_C004768,141.90594656335844,0.530741900403893,0.8179183466856401
CH4_C004769,40.058312928955345,0.7784717894261803,0.5295471658605397
CH4_C004770,132.19520203664683,0.35368206727184137,0.9474386763562572
CH4_C004771,6.066838680795383,0.49514204979945864,0.3926425532943903
CH4_C004772,243.46828789060726,0.7167315072957052,0.7278791964746267
CH4_C004773,210.91002911037887,0.7596571273318975,0.6287435509155288
CH4_C004774,160.11720857703511,0.7296870281921741,0.7585494793143297
CH4_C004775,203.7706783443731,0.9041863579095071,0.5558484340377514
CH4_C004776,59.08485020583657,0.6607806029957238,0.5280237118268745
CH4_C004777,28.94023779291474,0.5287534059999367,0.9217601192658216
CH4_C004778,172.94914283015348,0.5860189792690018,0.5724262991291673
CH4_C004779,224.46591766685137,0.7467572814524663,0.8556872062193082
CH4_C004780,152.04463256327628,0.8925214596573681,0.8247458761722444
CH4_C004781,112.26954695907295,0.7196197782214193,0.36191163601134996
CH4_C004782,245.62748296811145,0.42259359665341656,0.9079008899315284
CH4_C004783,145.9182378121278,0.6634527397246928,0.9202529533669859
CH4_C004784,36.94729151277515,0.8341043467895457,0.5278749300404892
CH4_C004785,77.37439416591415,0.8955471540214148,0.23024111171092676
CH4_C004786,115.83192727979805,0.7912003487134829,0.48908501359062184
CH4_C004787,94.85740283421529,0.3468566743635086,0.7841430825725881
CH4_C004788,76.22773369234409,0.3856768365576845,0.4284015289446369
CH4_C004789,78.65048833701438,0.6584441531637317,0.7909809913453199
CH4_C004790,100.08850970058909,0.4715564217544772,0.8853642885319062
CH4_C004791,18.90553269034986,0.7933511044321282,0.2642730954946261
CH4_C004792,113.21715894882608,0.8883550767566841,0.9483524712164044
CH4_C004793,187.26014762393976,0.8446116851980543,0.3561386116280916
CH4_C004794,91.49313689300494,0.6324051840399184,0.3014267627556098
CH4_C004795,14.81141919288409,0.7460152491102079,0.911960963144429
CH4_C004796,61.99627372089422,0.5533393929395274,0.36234099003392917
CH4_C004797,158.37320947195118,0.3403610480851048,0.9155490759200859
CH4_C004798,173.02406546360785,0.8384761234360065,0.526329130071042
CH4_C004799,189.420745845032,0.4871085720239382,0.6420709600158101
CH4_C004800,152.27203509743381,0.4513675667614484,0.3544687679840911
CH4_C004801,123.32229154802188,0.7987239844690177,0.38320970556715817
CH4_C004802,45.161723783158855,0.793370611201031,0.4564191294457347
CH4_C004803,213.5003853759236,0.7946665487097809,0.5368591125189428
CH4_C004804,69.61076778524608,0.895539520999098,0.586587979159014
CH4_C004805,104.78005850783912,0.5393354538018547,0.3891034903294348
CH4_C004806,18.289040278941847,0.39224097834802185,0.6297620869155389
CH4_C004807,23.534680256820874,0.4712076655568961,0.5364315864680276
CH4_C004808,99.41163130871567,0.894899465016461,0.3067072369199872
CH4_C004809,104.57209955133298,0.8063439482100586,0.2329804818921132
CH4_C004810,149.5737560142261,0.8936765607199051,0.7759087060893299
CH4_C004811,83.6927184807861,0.8878055367037818,0.38013748670542363
CH4_C004812,143.8043756029328,0.355679294346298,0.7148237581556345
CH4_C004813,145.9970700798985,0.8446716222122128,0.6617903246381995
CH4_C004814,196.31567711258228,0.4346165144742311,0.30470522618282264
CH4_C004815,42.74180553084309,0.6313408808028405,0.6941587628912778
CH4_C004816,125.35528502367887,0.7652083669443746,0.9413350817080801
CH4_C004817,72.65215359149346,0.5970704317369462,0.27599877186198934
CH4_C004818,215.6508882247646,0.46307600390686465,0.4454048943756544
CH4_C004819,82.5548708610323,0.3769064882313918,0.6455590026051232
CH4_C004820,240.9355780602588,0.5172539083424186,0.4209428649077197
CH4_C004821,192.60831664197858,0.3749853927185382,0.8428608089501717
CH4_C004822,154.42775561698343,0.6497629118606755,0.8878769440673862
CH4_C004823,245.1562288670199,0.7472711366851127,0.5108839179916085
CH4_C004824,225.77007727367453,0.5064628346279596,0.30377311022641174
CH4_C004825,148.1080488726146,0.48315377289154615,0.30332634917292034
CH4_C004826,149.63830268534937,0.6920319726586954,0.3364681358695218
CH4_C004827,98.51468560604567,0.7446500916532133,0.83555055307039
CH4_C004828,81.44767909160689,0.8433366396328872,0.7722999050378616
CH4_C004829,163.01775931561758,0.6727918046797694,0.628382740406394
CH4_C004830,65.28112329166389,0.6113766787960894,0.28707818497698506
CH4_C004831,194.57741108795787,0.3258051405156919,0.34629293340411416
CH4_C004832,79.76598544410474,0.7417193763075534,0.3729105998595167
CH4_C004833,218.9409160314,0.8585469395308776,0.9269432571188818
CH4_C004834,3.334028334980893,0.5927820283753292,0.27190127922120866
CH4_C004835,38.80648837817349,0.6866992245133909,0.35567926418263396
CH4_C004836,126.07781313695496,0.39353924879601937,0.5227834729774121
CH4_C004837,47.305058395079094,0.34145058431725134,0.24899308551906404
CH4_C004838,219.2816685624143,0.6041096689158875,0.7557769430290089
CH4_C004839,89.88847986730289,0.8906651435627368,0.4649143990021073
CH4_C004840,225.4884702668424,0.4949899826140675,0.7172809716249622
CH4_C004841,239.1534526556737,0.884701913464691,0.3405151530613215
CH4_C004842,86.90419343019364,0.38948005004157016,0.6691650066254331
CH4_C004843,169.43900898091252,0.665036471022036,0.8806834154324878
CH4_C004844,125.33992212416845,0.88598605485531,0.31602933654111975
CH4_C004845,128.73510852762197,0.7305025828811161,0.9385503953454581
CH4_C004846,77.26681991875611,0.35564086919230553,0.41387430488611315
CH4_C004847,42.247910330959506,0.4693720338398133,0.937299304021803
CH4_C004848,8.7414476201913,0.9094611752015107,0.27818712946305135
CH4_C004849,239.82751957175952,0.6096726347866579,0.7982606131855319
CH4_C004850,89.49712488854809,0.39428535461858727,0.9425097434125305
CH4_C004851,53.79903379551046,0.3372269430932212,0.33936099354571725
CH4_C004852,247.99739329425503,0.869932377478341,0.4563808122970521
CH4_C004853,130.29000831190584,0.4243979243905952,0.37095842918517835
CH4_C004854,94.02545221313852,0.4406201372762354,0.40567378871566573
CH4_C004855,88.70263175222645,0.8883927734394823,0.6476438131553942
CH4_C004856,100.58357720286502,0.6041895036374977,0.7982897810122036
CH4_C004857,161.04944417504518,0.5427070925787547,0.5894345625698257
CH4_C004858,109.29266333313006,0.4377724921187624,0.52503169275894
CH4_C004859,220.07016795374489,0.7743372129514795,0.2798027384912972
CH4_C004860,36.97411968919687,0.6986606717057404,0.3955845308008126
CH4_C004861,196.3605409028296,0.38786989457310006,0.933591886076403
CH4_C004862,89.24440063082531,0.7210945137875232,0.49953973623189646
CH4_C004863,163.44327046790553,0.6900249685986897,0.3133614018428508
CH4_C004864,8.225830302394293,0.35660055369141497,0.6237035150437464
CH4_C004865,208.2455857192163,0.3213103856152427,0.6672903044750075
CH4_C004866,122.10398309619922,0.8497129260947416,0.5531316498499832
CH4_C004867,94.59169327734995,0.7401765702688008,0.34135430210551165
CH4_C004868,213.72107906075345,0.4730901940214226,0.3348216972004635
CH4_C004869,246.66040883249724,0.5464981656080281,0.20130765430786415
CH4_C004870,123.94481038504992,0.8392519969355867,0.6032798727105562
CH4_C004871,219.70381990550234,0.4426583685744667,0.6122157409042398
CH4_C004872,59.036881779051306,0.6985437012388267,0.34373050721930265
CH4_C004873,117.16702974851867,0.8270221778500977,0.36929643318540933
CH4_C004874,109.89827297321037,0.43612818955407756,0.7344024850886057
CH4_C004875,39.676811868244314,0.6587118464946178,0.9104982508919524
CH4_C004876,162.47666657173903,0.7775317929692052,0.43229249495902444
CH4_C004877,211.2050936465945,0.4229055669894098,0.6715829554476156
CH4_C004878,129.7030687736737,0.7133583680372095,0.4101860672069016
CH4_C004879,145.135121842021,0.8235479021194219,0.32593271855380224
CH4_C004880,129.32926249983234,0.43724007768990525,0.5557348650713659
CH4_C004881,175.32576247369346,0.8495619551802895,0.6297513848598556
CH4_C004882,15.212263091412215,0.8147291614315619,0.3310901149674601
CH4_C004883,24.72822330796079,0.5782282086793165,0.27106535464526976
CH4_C004884,152.08420555334217,0.4401551530977979,0.9036146438397923
CH4_C004885,216.26230387459174,0.34040576397496153,0.6361751515787228
CH4_C004886,195.22073684620477,0.4554187282656979,0.4161561565822196
CH4_C004887,2.944008772629181,0.6989803311051468,0.9127543164454772
CH4_C004888,58.75514626115896,0.5792238303460259,0.49007656356145385
CH4_C004889,25.481347285962798,0.8299146361299077,0.9133486668137143
CH4_C004890,128.68285387827962,0.8434707207709757,0.8756970867001579
CH4_C004891,26.75610074339993,0.42334961985797515,0.7852611230955899
CH4_C004892,146.455614710972,0.8616464427670414,0.804803068054367
CH4_C004893,202.9810974525736,0.49728765540008846,0.5638974407494926
CH4_C004894,159.17396237085978,0.47665170845159766,0.2308175045281211
CH4_C004895,249.7261763862473,0.6969882719158544,0.727232878024785
CH4_C004896,5.152928969904991,0.686914267612851,0.44153519092504123
CH4_C004897,55.03563139742965,0.760331694588351,0.7918051967114696
CH4_C004898,32.71926069061229,0.636783262948547,0.7514022574863248
CH4_C004899,246.82457919537185,0.6815412557223275,0.9056549136487844
CH4_C004900,190.03301235025398,0.369086025377858,0.5967906049341125
CH4_C004901,107.04142069102221,0.6313636397285332,0.3258267664261276
CH4_C004902,132.3892211428495,0.876652034526459,0.3588107272747433
CH4_C004903,179.1297337049158,0.4719422516188597,0.38994666685007034
CH4_C004904,86.72411814206372,0.40182877803601075,0.2982634899732328
CH4_C004905,135.4408452518214,0.5339984977635299,0.9105436890038536
CH4_C004906,91.9145920672843,0.8964543489417416,0.3414340238922262
CH4_C004907,68.44504452027525,0.8102409132767188,0.9394985651172074
CH4_C004908,62.552252844582185,0.3842243681275984,0.4668890891249117
CH4_C004909,35.308519831389496,0.5799874617721866,0.6618554990781315
CH4_C004910,122.39795940135397,0.38926225484713106,0.939406186221942
CH4_C004911,195.44929785195325,0.5357873159406452,0.5015931336469783
CH4_C004912,114.89572164646131,0.7733494035169337,0.5179718326020177
CH4_C004913,77.10052144455956,0.6190678759343706,0.4604460532380026
CH4_C004914,205.6081339767513,0.6728536555450928,0.7189497767190376
CH4_C004915,23.661745276655378,0.759434621075546,0.637879697256037
CH4_C004916,242.19809457074572,0.639856642807538,0.532553936833184
CH4_C004917,70.9294400547699,0.6075963789347061,0.5014112871092673
CH4_C004918,129.42952588274048,0.7117292772392265,0.6914101703037362
CH4_C004919,84.41470704523995,0.7817877964539282,0.8311298977938066
CH4_C004920,149.4927767216819,0.6070967164192862,0.7232341990143785
CH4_C004921,60.58861944621441,0.6573561221938441,0.7498929021683562
CH4_C004922,83.17391120012921,0.390596123386547,0.6768271750524633
CH4_C004923,227.9777252966701,0.5131486240717529,0.48763743012471766
CH4_C004924,140.66359436736312,0.417763304849425,0.7703696520011669
CH4_C004925,64.59090011476174,0.7946072944473637,0.8986089099430445
CH4_C004926,174.02098365417746,0.41778850835387343,0.8795462024125218
CH4_C004927,230.7266054762801,0.3904297562550375,0.35508854926785693
CH4_C004928,34.36282988585576,0.7538092315422236,0.2697126191034036
CH4_C004929,40.671116564023805,0.3257187370424732,0.4209406897289249
CH4_C004930,201.65359324218693,0.3858231060853644,0.28373597766389336
CH4_C004931,16.161034372134814,0.7519381115509682,0.741669884829133
CH4_C004932,79.53012440850932,0.7215367893168461,0.7147038321833157
CH4_C004933,230.19770847038774,0.4914764153813507,0.9201954323784407
CH4_C004934,127.25255692122265,0.5901097999136973,0.34554182512811527
CH4_C004935,6.866129414541428,0.535070016446661,0.7391140932649749
CH4_C004936,238.77916242700644,0.7210457230259657,0.8976795268088269
CH4_C004937,187.5587710405403,0.7981689573627055,0.7625364390871527
CH4_C004938,25.599095433547937,0.505715592287024,0.8797748902935174
CH4_C004939,174.33370772707724,0.40268549091367273,0.7073189696184321
CH4_C004940,156.55170191979389,0.40383729772323723,0.688991476613463
CH4_C004941,219.96024144945008,0.3650095557772499,0.3573431613451128
CH4_C004942,224.56034600117528,0.568710383595302,0.5386086026118719
CH4_C004943,72.94462436425204,0.46297845030038876,0.29553746063044944
CH4_C004944,62.879465708437415,0.3378226678688608,0.2898715079524638
CH4_C004945,106.59586127481587,0.6065656281775316,0.5284581713177516
CH4_C004946,116.89554563625884,0.32504437353839105,0.6771310053042299
CH4_C004947,218.92937124516658,0.41752333763115007,0.7068727306472065
CH4_C004948,178.0509864244186,0.5949526416627207,0.2109600153834289
CH4_C004949,95.37180347947668,0.39367904506887963,0.9131457869025015
CH4_C004950,178.08016766215258,0.6231470706607616,0.25099754838981736
CH4_C004951,189.45909472606368,0.6266749664206164,0.3844484351115545
CH4_C004952,191.76626383131696,0.46442992710974185,0.22021810564824312
CH4_C004953,7.154982130879894,0.5230539506045411,0.4461911557259043
CH4_C004954,18.11132559362211,0.33685680644211574,0.830711825777122
CH4_C004955,190.70483241692506,0.6855866232173059,0.7062288350831112
CH4_C004956,31.74869747992523,0.5531125781387273,0.36543081270944666
CH4_C004957,150.1292206623256,0.540983303254059,0.39647823305095775
CH4_C004958,3.6487397516367093,0.7085578796295593,0.5522055647830089
CH4_C004959,56.69702269606841,0.3310099355107402,0.6689308421650915
CH4_C004960,243.89192096316552,0.6466495572134705,0.28321505984397966
CH4_C004961,72.42480123584882,0.3657140817062756,0.2462803086141217
CH4_C004962,8.80913515041845,0.32181504197556526,0.7913124069567097
CH4_C004963,59.09950178350024,0.5308918995561582,0.5443756667806997
CH4_C004964,65.58452976828048,0.3649957299315568,0.9024271377369115
CH4_C004965,19.08316473786986,0.45846954452928823,0.7246019510235053
CH4_C004966,222.3924091948601,0.3787461303174687,0.529250458666559
CH4_C004967,190.44465453718652,0.4646403010621212,0.5683373282173805
CH4_C004968,31.1364922974198,0.4597317777199613,0.6274030832416695
CH4_C004969,34.68948104158681,0.7086099716939422,0.5875354817746687
CH4_C004970,222.97430970087441,0.7677902337849745,0.5087958654546028
CH4_C004971,191.3607110640282,0.6584712574371491,0.3273485670089458
CH4_C004972,181.55051933716194,0.5705160208598183,0.7425152108807032
CH4_C004973,232.83842220955796,0.6489345160617007,0.2615116903521895
CH4_C004974,60.35815670598807,0.477310247784945,0.9202325164507887
CH4_C004975,82.00039230801279,0.7492981386243814,0.46507713979291293
CH4_C004976,1.2355995194455738,0.5581732791491025,0.29754769883612564
CH4_C004977,151.90216797831303,0.7414023295833563,0.2778755305307952
CH4_C004978,166.7335921562582,0.4129170664093294,0.5778277770163114
CH4_C004979,165.3708893083143,0.5522350067065565,0.9238559825058299
CH4_C004980,14.534777312590396,0.47274122828745624,0.48224195199991954
CH4_C004981,76.54678300079634,0.33359183293370964,0.7168365243224686
CH4_C004982,80.62331181566765,0.8636453037031224,0.7703486446058345
CH4_C004983,233.88302099481052,0.6381304228493784,0.9218828595328117
CH4_C004984,186.12403480714883,0.7349442365759626,0.4745921518924897
CH4_C004985,25.584949804341782,0.3546664368078001,0.6576381392967701
CH4_C004986,24.846927653491058,0.33630427674495245,0.6939948698975265
CH4_C004987,234.51143048793602,0.9034510872268064,0.8324242560535002
CH4_C004988,152.7578326683047,0.40791469459049057,0.40970892145341564
CH4_C004989,248.96777284105923,0.8835394020860998,0.5034734655050237
CH4_C004990,109.72737649812439,0.8104378424243828,0.25553472112670883
CH4_C004991,37.39161066238572,0.3731387893012774,0.7719640552783922
CH4_C004992,10.661526786059806,0.5027671359087672,0.2776362323453088
CH4_C004993,186.39993211694195,0.35083483744698285,0.9485522021885768
CH4_C004994,58.50503788584946,0.8236761690685286,0.4197812862386274
CH4_C004995,222.74704923370913,0.6790965387318367,0.5278583063123237
CH4_C004996,56.620305656284316,0.3385540272187619,0.3682267409134258
CH4_C004997,3.172544242083158,0.6876336328941851,0.4525835513044056
CH4_C004998,99.61549873359063,0.6846332994958632,0.3876551939186788
CH4_C004999,103.0804197251197,0.40423308809064845,0.8085471472200247
CH4_C005000,65.84686562274703,0.5862927747194726,0.5225382167976382
CH4_C005001,68.76735527082988,0.7744903495033695,0.672405187989217
CH4_C005002,175.28089856130873,0.4221284470862682,0.9482064526204399
CH4_C005003,79.56119646620863,0.34444569240703543,0.9383075947357151
CH4_C005004,228.29711869614576,0.8419905307452655,0.7248726848004337
CH4_C005005,95.70382645948206,0.41914974727625764,0.5657809865111116
CH4_C005006,238.93883424887645,0.8874293745381905,0.6585314947825193
CH4_C005007,27.159743331886975,0.7016887573199047,0.9329264439785498
CH4_C005008,38.939619435192085,0.7113955444441138,0.5693310266028544
CH4_C005009,84.16508947935172,0.5936630724683277,0.8913450741111575
CH4_C005010,85.90061142266603,0.5841144799405547,0.8799358890255131
CH4_C005011,190.33207198670982,0.7972071979724236,0.7031673010907988
CH4_C005012,66.91688875682095,0.37196571388666133,0.5917180248058133
CH4_C005013,177.6065043029065,0.6258353901353892,0.3436969074538173
CH4_C005014,224.26683541685065,0.8317460397029481,0.6172332815617758
CH4_C005015,155.6247535760423,0.8967530793393581,0.27830766227509285
CH4_C005016,225.11605826584002,0.4304504951756292,0.9261049769976553
CH4_C005017,179.06972025648923,0.7516773997805589,0.779468263319925
CH4_C005018,48.21954723617197,0.45143147727210275,0.42316495478170313
CH4_C005019,32.34498460126228,0.8480398625700414,0.8293266379670263
CH4_C005020,13.299419650881827,0.7021927653435907,0.27963076566026257
CH4_C005021,21.780667268950616,0.8323984654781216,0.4503608305189805
CH4_C005022,232.7608782095224,0.3348582635724564,0.5924688203802235
CH4_C005023,170.07425096000892,0.8541081082401032,0.9070768709421966
CH4_C005024,196.31751762985343,0.7931821523158133,0.8510642241755877
CH4_C005025,158.4547281348523,0.8769515714933735,0.9095911272463961
CH4_C005026,226.81996104316215,0.6459066470293009,0.6620787171760854
CH4_C005027,81.76346925423242,0.4056524651437667,0.22220149941805503
CH4_C005028,51.45779773208309,0.3617674900105099,0.6353142115033921
CH4_C005029,113.30130729754023,0.6716803768598636,0.3167984290185505
CH4_C005030,249.89009705803585,0.4947176933927676,0.8049333306903341
CH4_C005031,210.34336414739911,0.4741429895648147,0.4924473815944835
CH4_C005032,98.13916620626115,0.9031804480860153,0.4149436186923098
CH4_C005033,34.704954747339755,0.7527554224814821,0.2739878398693804
CH4_C005034,165.6205938773462,0.8963241942771609,0.9235461760337718
CH4_C005035,71.43292968397496,0.7414082019903925,0.4540147459908769
CH4_C005036,161.86756785049067,0.5370544247501124,0.6368340977135118
CH4_C005037,76.82639290367186,0.7083879771482172,0.7442489623863768
CH4_C005038,138.9157418309035,0.9048051558342236,0.6463357397564105
CH4_C005039,138.53625658614348,0.43208008461547803,0.39673018645857694
CH4_C005040,56.41970015781303,0.7479570172516654,0.7148656676280818
CH4_C005041,100.22413264013858,0.6428985301809735,0.25400639933968894
CH4_C005042,155.16330512252551,0.41483537734126524,0.6313555266027968
CH4_C005043,122.43993066492692,0.581342560856345,0.8774415632146724
CH4_C005044,37.92405002813812,0.39145009360161465,0.9166969612509512
CH4_C005045,185.8881931924264,0.4371233929105946,0.8602582945439521
CH4_C005046,214.67212673646648,0.5952882578654992,0.4355472271830887
CH4_C005047,123.46356098913375,0.8650471331170739,0.45643083839319565
CH4_C005048,33.56196257722452,0.832231186676593,0.24845525632965487
CH4_C005049,18.263136155040826,0.6659735820936366,0.3390477218371335
CH4_C005050,238.26221076895052,0.6869962914020334,0.6635650355671264
CH4_C005051,42.89754917325433,0.5509140693528336,0.4938850765030098
CH4_C005052,9.882676832048576,0.33408580491123135,0.37886431170752843
CH4_C005053,45.802234400355026,0.86430307699662,0.9171216005739049
CH4_C005054,217.10370348831015,0.849413080734627,0.8011518784847522
CH4_C005055,31.771344867599083,0.3645264739184805,0.5802975232347427
CH4_C005056,86.81266224909001,0.4092128778267095,0.781667345192697
CH4_C005057,115.05958655832075,0.5963795394205829,0.3266575495976364
CH4_C005058,39.72064802999956,0.6389749973962775,0.4743817956103948
CH4_C005059,14.845599846316809,0.32261638235186785,0.4312700612592337
CH4_C005060,74.08430403059141,0.8658166446204414,0.7873070433979126
CH4_C005061,15.348082910871502,0.3698529715945608,0.933740748077633
CH4_C005062,115.65043843051218,0.8956655070453097,0.5603521125553468
CH4_C005063,61.32020800567747,0.6515578462318907,0.7255477026861028
CH4_C005064,5.9367541522977465,0.6277330702454792,0.5394923819238233
CH4_C005065,213.4150076141152,0.7616929084189927,0.5449528189772208
CH4_C005066,1.961059534010795,0.7983646105145801,0.20359256900421674
CH4_C005067,13.530907633988122,0.8922980083248475,0.6821897266604603
CH4_C005068,104.97646327746236,0.7879607475611679,0.5125846466441795
CH4_C005069,211.91028053359466,0.8899391545984272,0.5019210315110947
CH4_C005070,199.17088143618858,0.4179057677792906,0.2613666000300278
CH4_C005071,110.28562736271161,0.5947910247040131,0.40297692124093165
CH4_C005072,75.81420834124492,0.33345018647260566,0.8055452596141672
CH4_C005073,231.90512369019942,0.3968273414007385,0.26104439178407357
CH4_C005074,215.55051124103414,0.7417014283733792,0.5952180322097795
CH4_C005075,135.5034429330366,0.838864878190841,0.7859624607074218
CH4_C005076,128.11930282373956,0.4114672685919865,0.8653630753284487
CH4_C005077,26.347066429998428,0.5173357712860243,0.6197794947424722
CH4_C005078,61.34948246322808,0.4644237246372577,0.8936055175709396
CH4_C005079,105.44963112181779,0.5334235395549852,0.4581917974569914
CH4_C005080,31.499894628713637,0.4693557361702745,0.2544290032351679
CH4_C005081,214.6816072375464,0.7228345068637476,0.3503879753920812
CH4_C005082,88.39200863749683,0.4671089290201391,0.7630898628118483
CH4_C005083,64.17274027920395,0.3513721116722013,0.7714125956703992
CH4_C005084,102.50313543131792,0.40821380046447736,0.6916541303207361
CH4_C005085,146.012572950275,0.8555605433539573,0.7378401957843572
CH4_C005086,57.8019286960646,0.6517809871001807,0.7082468098534753
CH4_C005087,35.19941736708251,0.4929474372238368,0.6096651770888701
CH4_C005088,142.17211523577274,0.48910509741414454,0.4816256066810371
CH4_C005089,86.28726945694638,0.6407568301949647,0.9259144173205691
CH4_C005090,106.75944714935007,0.8322782615799666,0.9341171363100951
CH4_C005091,170.67763089007133,0.8518590029436519,0.6476348130877494
CH4_C005092,186.85012181600942,0.7701056174443615,0.5313223126162254
CH4_C005093,42.597153239166744,0.902348274079672,0.6597632265047348
CH4_C005094,108.72833253042732,0.7376031237301854,0.25253342201886303
CH4_C005095,91.57483075930483,0.4302527520172252,0.5488314794256284
CH4_C005096,90.0971483466117,0.6676807616686345,0.22874086271806002
CH4_C005097,26.748695884124928,0.4763142154835889,0.9421220482980668
CH4_C005098,154.14984638443872,0.3619729941751011,0.22732621118018256
CH4_C005099,23.53826936404954,0.4380167778093583,0.4268936841768881
CH4_C005100,83.39934919189515,0.6149386249850657,0.22322694413559938
CH4_C005101,151.83975652231067,0.41358144874797764,0.8900401811097702
CH4_C005102,23.760348645153833,0.751221957747406,0.8976575758562009
CH4_C005103,168.8821926870449,0.8831394620763193,0.8043485009942541
CH4_C005104,151.59134236729875,0.3299152671274897,0.2145998426531262
CH4_C005105,14.763911868591384,0.9038884693988294,0.8343150813000113
CH4_C005106,76.08911855988184,0.7996625656332821,0.5462445740695343
CH4_C005107,126.97969075877458,0.49990274576072286,0.5750221006935856
CH4_C005108,28.091104088708462,0.41699272835544315,0.775935752126903
CH4_C005109,98.57515199365363,0.6531205351849738,0.9472132931239681
CH4_C005110,202.94329236351763,0.8110091995635165,0.5229035537132706
CH4_C005111,249.8948693778229,0.8360218952591945,0.834404304052617
CH4_C005112,110.14457038493089,0.8171239090656652,0.8794673860305222
CH4_C005113,243.62810028680218,0.6929316578447782,0.874773912976053
CH4_C005114,119.68791745258514,0.36889232868686794,0.533986638957847
CH4_C005115,25.902892278387935,0.8696983548463109,0.7626175382823059
CH4_C005116,71.52456942057889,0.7373944941597672,0.7837898066923541
CH4_C005117,203.91948678741286,0.4284243430638657,0.6100680408171208
CH4_C005118,167.73720719478044,0.33057176860883136,0.687860275538319
CH4_C005119,237.46186600659564,0.7102833879504385,0.33989153176430253
CH4_C005120,88.21958719279463,0.902212396268004,0.32484007310264496
CH4_C005121,196.77933581876604,0.7411602908291964,0.389788200948398
CH4_C005122,46.97014283318221,0.6170704252948076,0.4762375182280035
CH4_C005123,67.83368670135017,0.8655871689018069,0.517883774726887
CH4_C005124,42.465729316509574,0.6197709711013266,0.8239078203413972
CH4_C005125,206.74062397082443,0.9130350986754818,0.3047715039039017
CH4_C005126,79.0765035975848,0.7552448070303286,0.24184804497676543
CH4_C005127,210.11101737065,0.8182971523675346,0.6505991948605627
CH4_C005128,75.35181052320561,0.627074925536474,0.3540216891737523
CH4_C005129,79.28250319700459,0.8773569976356896,0.4298108769482078
CH4_C005130,138.46294982595956,0.7480619343520734,0.5961354156356644
CH4_C005131,90.44042849290304,0.502338760821158,0.29679233043102105
CH4_C005132,60.94027421154935,0.4417062745946424,0.388507317606798
CH4_C005133,34.50097164167246,0.5589503848684803,0.8324220708592094
CH4_C005134,102.86726491239482,0.39365537670724565,0.5462339779705019
CH4_C005135,213.3619450226786,0.6848030902023764,0.3365841815456351
CH4_C005136,64.55879417942997,0.5242615267453351,0.6467001764921649
CH4_C005137,133.0887595377975,0.8880470292602936,0.85195069788108
CH4_C005138,76.16148664541423,0.8258322298146756,0.5315997008288067
CH4_C005139,213.1302453606816,0.4896990173979532,0.8163002264191366
CH4_C005140,9.325424898288775,0.7176071913312259,0.5521914495996927
CH4_C005141,166.1750403127983,0.7111367698416045,0.7603294492797958
CH4_C005142,248.23533337072266,0.38719943659897127,0.8811957609072558
CH4_C005143,101.78787494720181,0.5306237038209362,0.20772050961602034
CH4_C005144,86.80460077017874,0.6066366348399741,0.7441087035309117
CH4_C005145,210.51955195139186,0.3206038735731746,0.28963850159525517
CH4_C005146,128.01051756133762,0.5538921420905114,0.7800069211331864
CH4_C005147,13.56370143582014,0.5047570815964811,0.6560135275905343
CH4_C005148,239.30643106057425,0.9087076668585679,0.7355006021319928
CH4_C005149,28.53950928429577,0.8908121577368382,0.27520201854966214
CH4_C005150,92.7531331513974,0.38487796893807646,0.7918968563522459
CH4_C005151,226.30654227364803,0.41059136189269263,0.574004995854472
CH4_C005152,78.30421210813115,0.7518522929636566,0.6994535553518627
CH4_C005153,129.420855359527,0.8007673888920477,0.38625480317271454
CH4_C005154,194.8467400172203,0.46558237885637277,0.8394300215911883
CH4_C005155,62.86584163468817,0.8211566242214243,0.40301953931790363
CH4_C005156,191.47982044152235,0.8623994297920561,0.264274440418096
CH4_C005157,16.376443068640278,0.33280798111178717,0.8048380294060726
CH4_C005158,108.59547649706494,0.5203097320079081,0.6658861231791977
CH4_C005159,193.07829517783114,0.814647800468818,0.5130726091700928
CH4_C005160,83.45545753221198,0.7552649829903308,0.7252831442881431
CH4_C005161,35.94881837372776,0.8532000402795052,0.2207878017018325
CH4_C005162,37.48049028857747,0.535214140401023,0.8722342452082432
CH4_C005163,168.53534191137683,0.7727004575710008,0.49429469703367934
CH4_C005164,31.160283121289932,0.6883418197352149,0.5805948642506544
CH4_C005165,183.73430786643013,0.7790358070721368,0.4383545240046287
CH4_C005166,85.7054781759008,0.41833003124202195,0.899538036376988
CH4_C005167,44.04244404334828,0.6306160030834883,0.7240273302293065
CH4_C005168,160.0952528754769,0.7816988148842816,0.9379665837417797
CH4_C005169,197.88338452009324,0.320511278598344,0.6494882013672649
CH4_C005170,106.62204577102908,0.5439960400559599,0.584882242418685
CH4_C005171,150.32426914386758,0.3235114758008871,0.8927042100097164
CH4_C005172,50.8584748816277,0.8620473881964783,0.7577906626020701
CH4_C005173,149.8734218452764,0.44623645868953765,0.8088694425990284
CH4_C005174,249.30888851898214,0.6244219443085686,0.42752903662339325
CH4_C005175,124.79653007574402,0.821014912030033,0.6657992584156593
CH4_C005176,229.13764242131703,0.5277993441728517,0.9136272452549821
CH4_C005177,158.2503576602088,0.3796755289435076,0.6226407276101723
CH4_C005178,45.61797542472823,0.5230120247720045,0.2453752141807683
CH4_C005179,127.3774304929919,0.600246913446089,0.7175037113122829
CH4_C005180,207.26623020422548,0.7865737775821668,0.508329177517072
CH4_C005181,62.39634849207171,0.7201754511291322,0.5778841806004711
CH4_C005182,51.429905180093385,0.5009872724292697,0.4081693856543202
CH4_C005183,69.29464510977368,0.7931497323249015,0.5934998653201842
CH4_C005184,102.73869474617783,0.7084429914818932,0.9464644248162117
CH4_C005185,99.84282038919329,0.8812119476208162,0.34835198408617635
CH4_C005186,102.76037672539049,0.5442196571152379,0.7025145850734504
CH4_C005187,122.26044803308767,0.5903849017726048,0.3676991577890788
CH4_C005188,125.81813853095039,0.4157194406410889,0.721156266375359
CH4_C005189,41.08543337557255,0.5708051338531734,0.8974826049876776
CH4_C005190,88.05436177102091,0.8761187805156854,0.8937737762004925
CH4_C005191,240.506280945231,0.7112370423232686,0.58087121880058
CH4_C005192,207.91414530757257,0.7930203061438859,0.8018976174893699
CH4_C005193,37.79593583456661,0.7810531593774136,0.581120122695101
CH4_C005194,249.30410754861367,0.5729092159670539,0.590068355831888
CH4_C005195,60.39363004529896,0.7875076780712532,0.5251759342276061
CH4_C005196,29.747705101770272,0.4778528685398421,0.6379540669841337
CH4_C005197,69.34685073184232,0.8872005141261692,0.8023570197616463
CH4_C005198,195.8651414336927,0.5266715425193502,0.3402346332752584
CH4_C005199,113.37520759480107,0.5595411223381601,0.8860129950587889
CH4_C005200,163.98021988041137,0.5823699185149924,0.6524625432609885
CH4_C005201,122.79686536172146,0.5350487924083536,0.4122404701961962
CH4_C005202,24.473496839605758,0.7928846192024963,0.37721808537148604
CH4_C005203,81.78741308205845,0.8291914971005765,0.5383931736848704
CH4_C005204,34.57814124811415,0.6238166354009806,0.8541580654325764
CH4_C005205,115.69811500856703,0.7497879070011813,0.7839426700719656
CH4_C005206,8.14418719090626,0.5539449908389531,0.2815914471800518
CH4_C005207,126.22682501892857,0.3298143236082207,0.5033316332025426
CH4_C005208,207.9985758213625,0.7970714511210696,0.8495625390186579
CH4_C005209,235.64506310955258,0.5961312818282716,0.7088098031531551
CH4_C005210,72.6185680288442,0.4824440228771978,0.4501281005499103
CH4_C005211,94.55242635565558,0.3246339279331903,0.7144576837371841
CH4_C005212,49.54692082202003,0.5466125240897366,0.5017104009877045
CH4_C005213,121.34865291169153,0.8294644237367947,0.7670318124471802
CH4_C005214,213.9526069845378,0.3469071203999313,0.9317180685501081
CH4_C005215,16.53253298087706,0.6479166451279814,0.8089884163629073
CH4_C005216,109.87462545467721,0.8152827179087104,0.7496324598177264
CH4_C005217,197.24510006161103,0.43219015792955934,0.6491632932850797
CH4_C005218,205.93758186396246,0.36297751095429415,0.9353381191729724
CH4_C005219,239.4589227860593,0.7951136660497504,0.635264843438369
CH4_C005220,55.764510333036036,0.3225926751436828,0.46963283955085317
CH4_C005221,121.5460455924518,0.8611214742685229,0.2853901492296783
CH4_C005222,44.123901758539475,0.4559393876635989,0.6273879206645485
CH4_C005223,10.443344752493783,0.7562252910260856,0.6398820927250572
CH4_C005224,91.32270118342431,0.352963490007158,0.4171498014361743
CH4_C005225,90.23689488732455,0.5391474386179383,0.7027799189403667
CH4_C005226,233.95826924529803,0.40009586534591424,0.24492072535900414
CH4_C005227,52.09042743140524,0.7713334249052746,0.4907835153730237
CH4_C005228,33.906624765832646,0.7745337323134838,0.2595627080302639
CH4_C005229,160.18319782834018,0.5680602530812289,0.4767661931289336
CH4_C005230,100.94687590871945,0.8801992427198813,0.6500355601347441
CH4_C005231,63.54130592370982,0.7396491938084471,0.5661921364299127
CH4_C005232,239.770405637493,0.836278902447084,0.24316161458547622
CH4_C005233,102.32424606169624,0.8523995026326194,0.6709431561182946
CH4_C005234,210.355702127239,0.5044349456168786,0.7012062036011248
CH4_C005235,91.29991760212388,0.4178793512685879,0.5804732872695255
CH4_C005236,88.31591890605625,0.7071954276828047,0.271311288210459
CH4_C005237,161.15918492473227,0.7006210972753177,0.344646528190253
CH4_C005238,53.62638418609161,0.6238209140933905,0.5484160326442289
CH4_C005239,62.05885410758483,0.4288906302469677,0.6733614380225068
CH4_C005240,81.7326633668572,0.38537825356401006,0.3081051513904841
CH4_C005241,167.79150500573024,0.5372499267224387,0.6326648488027937
CH4_C005242,154.17710360412295,0.7851133361049676,0.7110362722611991
CH4_C005243,144.1243803279096,0.4521802579499492,0.42375162219656926
CH4_C005244,227.15541502089275,0.325266313107107,0.5187927362372198
CH4_C005245,20.671671737211767,0.8114602040351468,0.6583387301936365
CH4_C005246,150.2972485819491,0.6531865452988951,0.30480362313044285
CH4_C005247,223.1378836795835,0.3400053280685439,0.5238187700972632
CH4_C005248,182.6798380258457,0.8872397087059243,0.4318378587872446
CH4_C005249,151.7197651411374,0.3493829523832864,0.2898208803895568
CH4_C005250,82.18740805171201,0.7382433549901898,0.4280488013827371
CH4_C005251,71.11756612171996,0.5043223341135425,0.3221571980164376
CH4_C005252,181.17529420849817,0.7632618518868843,0.38277621545967977
CH4_C005253,54.934914400885965,0.7138535193254241,0.8539127521425687
CH4_C005254,65.87037659692047,0.8544885905881305,0.6053312840492364
CH4_C005255,201.41247682681748,0.6826952139922948,0.4360040384976972
CH4_C005256,80.67135781952656,0.3847863729565931,0.272855438736866
CH4_C005257,69.32588693748848,0.9045552212081842,0.484953209138725
CH4_C005258,79.47787845294043,0.6440468772074539,0.27253131498841454
CH4_C005259,143.58227493547435,0.9135706721313848,0.4891889764751877
CH4_C005260,175.36639418581757,0.5977143071960915,0.37537024584905143
CH4_C005261,95.1905496477104,0.8467253728879554,0.5041367900473626
CH4_C005262,239.6494552007528,0.7112699633838859,0.7345412223038852
CH4_C005263,229.5229963814652,0.42280189012654684,0.8738934362288822
CH4_C005264,24.941320873748037,0.6087023247028541,0.9415190379842076
CH4_C005265,101.61409168294958,0.717858771066807,0.7398880323395323
CH4_C005266,79.93891109449794,0.6743992817346722,0.27346987763440206
CH4_C005267,67.84569323955344,0.624605898725991,0.5269287142021228
CH4_C005268,212.11212472245296,0.8250712394436979,0.540975528641674
CH4_C005269,92.2655705110148,0.6924585275394827,0.911604262820847
CH4_C005270,138.7304586507687,0.6968365087824173,0.9079630532509475
CH4_C005271,168.03349831210608,0.6381236106471337,0.24247061960429334
CH4_C005272,215.56793223938578,0.8301296208239659,0.41965612460053886
CH4_C005273,4.8945273263480695,0.5879435142029776,0.7679367448726369
CH4_C005274,131.5255613455303,0.39965251130293206,0.25164873487960204
CH4_C005275,230.9014717734832,0.47298831420196163,0.47217185262990197
CH4_C005276,130.0730796696204,0.7670268515779692,0.22333500796086106
CH4_C005277,206.89439422251726,0.5582730337757074,0.8014846118883365
CH4_C005278,127.04333941771131,0.3861054587762063,0.7641250758790707
CH4_C005279,86.13185716856981,0.37621663259772475,0.7479371534743304
CH4_C005280,59.32295210430893,0.37471480725896733,0.6269995190164634
CH4_C005281,221.34933096159273,0.48650472067146777,0.34379887263857445
CH4_C005282,153.931642832673,0.8812507228865751,0.6797716733922974
CH4_C005283,126.21826226508969,0.8385205653194763,0.6269390387123208
CH4_C005284,133.41780672647252,0.74733122899537,0.35603141229533036
CH4_C005285,33.81383493333254,0.7137653644371276,0.6753836690395278
CH4_C005286,63.61466389412662,0.7668091923031415,0.7611528894096584
CH4_C005287,71.56185629212536,0.3792993734153788,0.9200411141361735
CH4_C005288,206.94976228259802,0.5448439556187221,0.36651929818824835
CH4_C005289,138.0264995092839,0.7070247644976173,0.7104547188730661
CH4_C005290,39.84030140247732,0.423421476043968,0.35962625346707455
CH4_C005291,37.30749697522573,0.5870946931751573,0.6385648501089927
CH4_C005292,87.76817564123748,0.8431404810789069,0.3390255935656883
CH4_C005293,221.74532652525735,0.5786126408323149,0.23855122972785422
CH4_C005294,237.1069982129892,0.6520130614900168,0.5818133561519441
CH4_C005295,142.66345007104312,0.7178805907136312,0.2153434757047909
CH4_C005296,7.217550918735577,0.4144428709613227,0.2349084160435777
CH4_C005297,87.16205058146275,0.6557617872433563,0.885156089155267
CH4_C005298,160.7760449802945,0.7136447863103259,0.877002688094018
CH4_C005299,116.43490451504263,0.6704455575665366,0.7977728404268023
CH4_C005300,69.26213734690224,0.675824812844873,0.9048891931825818
CH4_C005301,99.19091275500492,0.6049916039344714,0.8436710057599457
CH4_C005302,45.015259199726074,0.5071395544700811,0.8836405480761005
CH4_C005303,34.34211309032034,0.33760191852743127,0.25130543814024486
CH4_C005304,239.12948907783203,0.8473745809297881,0.7136483794965458
CH4_C005305,226.56664283461936,0.6964913577075773,0.8676481206683104
CH4_C005306,63.34019146766332,0.519314176327679,0.5248862740078368
CH4_C005307,165.22296543551371,0.41813967706868926,0.907857545779416
CH4_C005308,92.99839345988984,0.7803119188070169,0.5220124357003172
CH4_C005309,77.53012260439618,0.5531137904404922,0.8940572372764455
CH4_C005310,239.69716044216784,0.4812192947369966,0.6423933560871532
CH4_C005311,45.414459762690626,0.6076877117740218,0.832710335115711
CH4_C005312,174.20895954208567,0.5186244869085981,0.3701644949236936
CH4_C005313,188.65176734105864,0.542617982411103,0.5838275466628973
CH4_C005314,41.40169885443906,0.7179281888590383,0.2676343522817469
CH4_C005315,230.54533288400364,0.7209970716302316,0.5909319871803362
CH4_C005316,155.64376145736185,0.8083286070342466,0.6362945550399043
CH4_C005317,180.6547964934152,0.7691380673476926,0.6884608763599884
CH4_C005318,206.96107312720466,0.4099698340378439,0.37469101310582364
CH4_C005319,213.30958066893226,0.4674108721558504,0.8869080442058961
CH4_C005320,172.30966607050937,0.7590245956794853,0.8321178625800132
CH4_C005321,133.3334685272232,0.889455042501964,0.6722909600431679
CH4_C005322,165.67800463254963,0.3683584971202511,0.9248211879173502
CH4_C005323,27.482689543026765,0.7598390162348971,0.6774001377786034
CH4_C005324,207.8767319786067,0.8280761867663029,0.5843076679480046
CH4_C005325,153.37643039075897,0.4657595496907134,0.5605963717863982
CH4_C005326,167.61656792482881,0.7494622028009903,0.5044785601465324
CH4_C005327,214.2254286981423,0.39718238545141105,0.7555950470675141
CH4_C005328,50.63084384123312,0.4758353418105351,0.48051807572903155
CH4_C005329,189.49581787025036,0.6816168116889961,0.7229308200885654
CH4_C005330,7.010254713217535,0.587964693244471,0.7797561937402255
CH4_C005331,224.54403857851622,0.43644710255889463,0.6028909774188191
CH4_C005332,199.828589654674,0.6234124463218016,0.8616407484984663
CH4_C005333,101.2347772022761,0.60913192543866,0.41808129259776816
CH4_C005334,215.97397007560795,0.6211498052315462,0.24298689292649672
CH4_C005335,6.545431708845056,0.8400440643126295,0.45778168325298946
CH4_C005336,116.49064398257677,0.3595503687442348,0.6559869752053684
CH4_C005337,65.64903250266954,0.5878300354458345,0.20085365873280955
CH4_C005338,147.22908702566144,0.37570313300244873,0.7050130148472002
CH4_C005339,7.997097174124917,0.36783897773535207,0.8518886206005161
CH4_C005340,177.11307884941115,0.5072854272207189,0.41300086270887193
CH4_C005341,73.24715023538079,0.8893154215922676,0.28669817278743587
CH4_C005342,220.9451760522176,0.7957109396075497,0.8134937273713694
CH4_C005343,64.18948496833049,0.7557039463917621,0.7635897602681692
CH4_C005344,118.40028648826745,0.6473638425824855,0.41291280650791407
CH4_C005345,53.85029449810735,0.5473835783773684,0.9351829328516892
CH4_C005346,168.37312261361097,0.8132189986523761,0.4434047338765963
CH4_C005347,227.971808318985,0.668971960517424,0.719274907566029
CH4_C005348,111.02652429868068,0.3377385108755465,0.7918135880611348
CH4_C005349,36.65794461479577,0.37275828195680505,0.8526308697822094
CH4_C005350,154.17278076302802,0.6300640700525131,0.2062385338582401
CH4_C005351,176.48366916070592,0.38926567171720283,0.5255044170052414
CH4_C005352,154.4822723808971,0.4930747026590925,0.48462792474672095
CH4_C005353,84.26753189559993,0.47861312318516214,0.3423163022975527
CH4_C005354,245.02731994807908,0.5941343343811232,0.7391413182604456
CH4_C005355,69.37902976838359,0.37397326698138833,0.2443168880202667
CH4_C005356,159.84779224225713,0.6296016876369068,0.7623644224332382
CH4_C005357,66.6540143030253,0.6355408869066863,0.9139201967590656
CH4_C005358,61.63302022683101,0.3866529933429817,0.7388668721222911
CH4_C005359,57.66619920667757,0.48310617799395505,0.35461736312658865
CH4_C005360,216.79407109590028,0.35443769502356715,0.6745259344044063
CH4_C005361,173.4671764465479,0.482394259710493,0.29598452838292477
CH4_C005362,53.968607730185134,0.5471406884525407,0.2902762538560427
CH4_C005363,231.9998683476688,0.46685364768358306,0.2975772532674924
CH4_C005364,190.35492929895366,0.5361020610872234,0.29869307404706436
CH4_C005365,198.53757367953926,0.7089907464978573,0.6011367245665075
CH4_C005366,175.84304336313986,0.7929037571410691,0.6329130767759761
CH4_C005367,190.2681407026012,0.5452517397866515,0.5807573813374327
CH4_C005368,118.8081387443871,0.7047591957917607,0.940335504559084
CH4_C005369,26.314056054246805,0.7424112145894233,0.7604864201256165
CH4_C005370,168.77613246344734,0.8909350145382853,0.6258516439939495
CH4_C005371,42.09639012345642,0.5945563673005094,0.5427685552570786
CH4_C005372,73.171862559793,0.7399552588600724,0.33970907301358755
CH4_C005373,203.86497033021763,0.845258014504709,0.7431150646991616
CH4_C005374,87.74986142532015,0.5860400134917492,0.40395257285209973
CH4_C005375,110.01796999757654,0.7311064578496984,0.5088842052796815
CH4_C005376,55.830985464317195,0.38182557558135277,0.2346701511572811
CH4_C005377,225.76509209038136,0.816006983738344,0.8582696701904777
CH4_C005378,135.51722550519952,0.32179640662094394,0.7346194210980503
CH4_C005379,7.5554403304596285,0.47313954789357504,0.29949102924484033
CH4_C005380,79.91037793313541,0.892738771560204,0.22010059912763597
CH4_C005381,215.34624167361048,0.7972670524839855,0.5995204900830787
CH4_C005382,161.51239120402738,0.7827115506639695,0.5771377319916811
CH4_C005383,86.1656492237167,0.38944037130808395,0.9377780616234335
CH4_C005384,128.185172984124,0.4305751397778046,0.6615268865259321
CH4_C005385,232.01783543340568,0.7340925163165164,0.3190896461152031
CH4_C005386,215.40956815394887,0.6151424248639372,0.42527186970834097
CH4_C005387,36.11104573174509,0.7749796414557342,0.9277857295441863
CH4_C005388,99.15421755396444,0.5130767762860793,0.6724800262392201
CH4_C005389,166.4552267741547,0.8773375246578066,0.913918778783257
CH4_C005390,81.75322669606719,0.6284763913619054,0.4034427101814527
CH4_C005391,111.24784379420477,0.519215387836528,0.32983253028069454
CH4_C005392,141.69757794872993,0.5516561330866159,0.5963929938589201
CH4_C005393,128.7993445800779,0.731220936872417,0.2359681854934764
CH4_C005394,17.313200053910098,0.6289535762474017,0.4904088336130748
CH4_C005395,134.94365444895598,0.8287553470360713,0.2836967913195321
CH4_C005396,152.40003616475062,0.32171045213375266,0.6573409720474976
CH4_C005397,244.3561505212823,0.7321612965780536,0.3914335122129359
CH4_C005398,54.62545030522886,0.8205735824910547,0.3624068026657703
CH4_C005399,153.11712271886583,0.5032457692524621,0.7662654300962948
CH4_C005400,128.015169410713,0.5337558529725257,0.7461441501599442
CH4_C005401,204.71747289410564,0.7722378934448015,0.2637816080987291
CH4_C005402,40.54790451054183,0.8564594151782907,0.6400562159691559
CH4_C005403,240.0473363512456,0.6749750836489723,0.5348706709009348
CH4_C005404,82.26583725761685,0.8178094154872646,0.6571412786858302
CH4_C005405,54.8010145794009,0.8156124434448719,0.4181513530889306
CH4_C005406,179.08840633202334,0.6356122990334544,0.4685937085190414
CH4_C005407,210.23489347491542,0.8931213860422584,0.8211325878687634
CH4_C005408,230.8846187494528,0.8494062803419691,0.7693691909879405
CH4_C005409,67.3369251975941,0.4685310549861078,0.21274679676337516
CH4_C005410,157.79518225876086,0.3214223178605336,0.25541220541291393
CH4_C005411,138.1762593958749,0.45159565864333606,0.9177007206515806
CH4_C005412,156.0809620171398,0.71365519033865,0.7462472060490901
CH4_C005413,235.4657082873393,0.8349469654212613,0.5830924259996262
CH4_C005414,137.6840344678581,0.8443058329408488,0.552551707231278
CH4_C005415,166.5046348492804,0.5538192811494691,0.499168752607131
CH4_C005416,17.70330613918422,0.4872507766291324,0.2778628761106007
CH4_C005417,184.494086312463,0.3593062292211314,0.5655205308314426
CH4_C005418,163.58740134340698,0.9160385620512614,0.6934118220543193
CH4_C005419,31.942507477628055,0.6037556077460757,0.7814254545820765
CH4_C005420,74.81844774138116,0.6162229434581752,0.7683222836992625
CH4_C005421,37.400428049173065,0.6268911058244033,0.46898397771183736
CH4_C005422,44.53639466167858,0.5218443090897043,0.4711394953493853
CH4_C005423,162.53459237533468,0.5678413393878542,0.3872375755026686
CH4_C005424,36.960454677140206,0.6284463468416482,0.5673023547477674
CH4_C005425,127.52173328172609,0.4584704508412718,0.8474644347027573
CH4_C005426,69.4103842928494,0.32491368934116976,0.7660418715683244
CH4_C005427,162.66582409253715,0.6028042830046696,0.9458858295736889
CH4_C005428,33.73754386962335,0.856428572146176,0.4730271175724723
CH4_C005429,98.96214811021645,0.32042136779241887,0.6087955615647871
CH4_C005430,38.34698129440661,0.6892854706503033,0.9317055749468224
CH4_C005431,139.4537490124438,0.5545157372245508,0.5788152321388507
CH4_C005432,70.7406687862319,0.8453253959529707,0.29216825450139017
CH4_C005433,73.1239803604076,0.5650039660560393,0.22065898897150338
CH4_C005434,147.60908819595738,0.412065154055163,0.5385179605687405
CH4_C005435,109.71933604828246,0.8878097731753092,0.677706084446557
CH4_C005436,229.3493945016049,0.6656206573687422,0.6333051543683648
CH4_C005437,61.347987775878714,0.6581127857041689,0.2239145656902742
CH4_C005438,113.73986455163038,0.4613102248059013,0.35625541897039714
CH4_C005439,213.23285276278742,0.6627426215292969,0.8454890099431884
CH4_C005440,60.71400259301857,0.3701622524431245,0.8046182742093613
CH4_C005441,46.3773387884345,0.8315020701138476,0.32433621230931
CH4_C005442,246.8070832194763,0.4277063608173798,0.88516433411405
CH4_C005443,76.49230922300073,0.7252714743835071,0.6546035619819166
CH4_C005444,6.996640285978961,0.7892079487391861,0.637191699170358
CH4_C005445,28.999951734859696,0.6869030785090389,0.8595390747883507
CH4_C005446,123.61586832363136,0.6725500226135158,0.6440498896681828
CH4_C005447,63.9951151239522,0.46926712355443,0.38271894049144217
CH4_C005448,33.54000386994455,0.5610946918677792,0.25480102709252495
CH4_C005449,148.45133270550306,0.7905237150849833,0.8891413271466231
CH4_C005450,62.89024505669294,0.7239578490917069,0.7447727269847355
CH4_C005451,126.09462430796273,0.7956240392683009,0.5264854741995186
CH4_C005452,129.17466706789804,0.6007412828048606,0.5568578223493363
CH4_C005453,139.04974758381755,0.7570935199400584,0.6105859522596349
CH4_C005454,45.27794907710214,0.46417901029275555,0.9206375494322365
CH4_C005455,32.47332148602755,0.5307195382824881,0.24778675913408688
CH4_C005456,54.32299130487483,0.6743459609616052,0.4898316266919492
CH4_C005457,137.07123281543113,0.7232829569844909,0.6699164572559281
CH4_C005458,162.97449094209188,0.5069931654153148,0.20045563088766802
CH4_C005459,84.6174543848174,0.691038708812014,0.8563289857070686
CH4_C005460,132.5036725770987,0.45633467915100356,0.8929092399437253
CH4_C005461,220.902693541293,0.5457853905135267,0.49716043245980646
CH4_C005462,129.84870860287185,0.7316679560177445,0.35739982517220403
CH4_C005463,81.57932843148463,0.8039626048472652,0.8410714311714507
CH4_C005464,180.22849138052374,0.8800406180377383,0.6441442498408321
CH4_C005465,197.23232687908552,0.5790246218655344,0.22859241723123663
CH4_C005466,88.3164425792022,0.3853570688364071,0.27383301456570647
CH4_C005467,88.01851379281467,0.5175628215714827,0.7807899232269624
CH4_C005468,97.42210814013366,0.6825827917279768,0.9068413609815882
CH4_C005469,40.7565235489516,0.362960286303792,0.6442621211150361
CH4_C005470,248.06765467733274,0.8562374161063426,0.4502524737436279
CH4_C005471,218.09939713473787,0.6856995791638854,0.35849854137710707
CH4_C005472,226.3090548896809,0.3374309905680299,0.5382218515371258
CH4_C005473,142.38438390476927,0.9185429606659108,0.6646183701237669
CH4_C005474,142.81116538894048,0.7833710872568518,0.5067350704868533
CH4_C005475,193.08927976997686,0.7760467140214671,0.6172432813737931
CH4_C005476,31.22776702098118,0.42116346250097614,0.7383779029317541
CH4_C005477,122.23431650873817,0.7338516500153551,0.4287366606022379
CH4_C005478,120.79337538854578,0.633132172424653,0.9364836037951185
CH4_C005479,166.61037099962397,0.5017596158220872,0.3324799835480672
CH4_C005480,179.65529096625298,0.6899463456801354,0.893489821900483
CH4_C005481,14.657953326509043,0.7642136872694621,0.6731435417082285
CH4_C005482,54.16343937254434,0.43705188717210885,0.5137825003938777
CH4_C005483,242.5258313907412,0.5846039507627627,0.2851863377692164
CH4_C005484,233.32773603555137,0.5002301613992322,0.5561587367605623
CH4_C005485,165.88873958302236,0.3708536533057975,0.2712630666404261
CH4_C005486,10.491339434207353,0.4611324375145698,0.584534538293835
CH4_C005487,96.4154112679036,0.39414591476342004,0.7152665329604118
CH4_C005488,54.815229090530856,0.36348463578757373,0.4655222510101568
CH4_C005489,186.92110132852105,0.7004146545412122,0.9101717578431692
CH4_C005490,112.39904192653522,0.8609594047332365,0.9043976130976552
CH4_C005491,94.3919676331538,0.8215327588259997,0.43290523046926566
CH4_C005492,33.58166443578517,0.6023446965640544,0.39695135345887334
CH4_C005493,39.66792691067608,0.5939254086233219,0.5572739766952041
CH4_C005494,166.50628747101217,0.6792639660764022,0.2048977484358112
CH4_C005495,206.82373891393863,0.7612578774903771,0.7649976693277103
CH4_C005496,13.193923625802794,0.34222552936877265,0.32153196906692233
CH4_C005497,68.48481645447482,0.8006703919220273,0.6156223771184257
CH4_C005498,22.691794696278745,0.5499365770551401,0.3379899160602917
CH4_C005499,127.50819457086831,0.8438005479652027,0.3879741395271079
CH4_C005500,78.00991228389707,0.7776686588584867,0.35488127342383
CH4_C005501,104.8773331259379,0.762946337538442,0.4562673506099983
CH4_C005502,162.2296134384075,0.8085050998758838,0.2144789791475353
CH4_C005503,246.9312159706245,0.5549284964073959,0.4866270927334053
CH4_C005504,158.0055191026902,0.6043900395776973,0.7834919806473779
CH4_C005505,120.18904996327618,0.5616661713314679,0.615589989648718
CH4_C005506,141.33038905172492,0.8614008740748587,0.6534953621678519
CH4_C005507,156.60596315150664,0.46861109305897664,0.8024630274883935
CH4_C005508,78.64202899316375,0.5663992563247228,0.3716604967050675
CH4_C005509,192.19539950823886,0.579742015776809,0.34838254097813337
CH4_C005510,190.52462083701573,0.6706721343267259,0.33076709019488526
CH4_C005511,128.70886722014302,0.4934852500520833,0.7718715710750901
CH4_C005512,77.03625937197519,0.7766415866488641,0.5402999172127365
CH4_C005513,177.1530153063506,0.8436916841831319,0.6787237391019829
CH4_C005514,28.29710899902685,0.35419440311543765,0.673664373621089
CH4_C005515,91.82813346338534,0.8786516179245916,0.8555573058152302
CH4_C005516,108.20876888694461,0.32047465846499285,0.8533659596498173
CH4_C005517,7.369288149693009,0.6152648686108307,0.21728153304807196
CH4_C005518,99.85136672256343,0.8693508890092638,0.42554510751064456
CH4_C005519,116.87113134276485,0.3594249659495643,0.8628424171895328
CH4_C005520,46.01657235136899,0.5401630973485361,0.6915067639623638
CH4_C005521,197.4595129876951,0.7532098945556571,0.764119974948841
CH4_C005522,196.9980274119446,0.869176421446374,0.5855954159964858
CH4_C005523,26.03773298453313,0.4666536484466477,0.5113001909059496
CH4_C005524,228.49713844451864,0.5570113891589445,0.4291330966155077
CH4_C005525,22.965595066376853,0.7463882613135329,0.23997677134489137
CH4_C005526,240.87053419828803,0.5701792760938857,0.6332891734634527
CH4_C005527,24.94867923004229,0.9061255407410407,0.6579852039556511
CH4_C005528,216.9112574539956,0.4911945461289614,0.2704034596537106
CH4_C005529,12.509697205784793,0.6413512367286749,0.6631321646357895
CH4_C005530,181.6070299541133,0.5937175582210925,0.5376961707136818
CH4_C005531,52.61872212701263,0.5056378260004398,0.923451071459165
CH4_C005532,202.85183399482287,0.6192243568805971,0.2439103851756607
CH4_C005533,29.968578348901847,0.4056601645846627,0.22465190058256337
CH4_C005534,155.44624196708344,0.6740357000379763,0.382520976591901
CH4_C005535,82.79315662058184,0.4637788150816413,0.37460351009937287
CH4_C005536,94.813917119308,0.566034829070336,0.26313353360593095
CH4_C005537,187.30955035570875,0.5037584716776132,0.6682678162059019
CH4_C005538,19.981650251555877,0.3843470544867249,0.7663598042442596
CH4_C005539,215.42839118212143,0.6816256875942436,0.4895951643871424
CH4_C005540,16.54692102627048,0.615423852354216,0.470736054817489
CH4_C005541,34.5453893271585,0.7709618911086391,0.9047698569418012
CH4_C005542,126.15296530912093,0.42496549308602605,0.4885246265706383
CH4_C005543,21.10566268677666,0.5408693665201371,0.24305894143646425
CH4_C005544,211.46783510212384,0.8413705950545423,0.21064920888057403
CH4_C005545,49.83992466002629,0.45902479395351137,0.6819011850571864
CH4_C005546,203.37954624544375,0.4285732860801371,0.7299323143279812
CH4_C005547,73.48454973515425,0.6481422844957818,0.4508628648024432
CH4_C005548,159.07873653623017,0.5458392057256892,0.8731396353916361
CH4_C005549,168.90085839256824,0.8472222269055951,0.3311424139679954
CH4_C005550,246.1469309452187,0.42651832069219126,0.9376782805404695
CH4_C005551,2.3653407830628304,0.8823439751454807,0.4667933186004643
CH4_C005552,181.87297462825748,0.3871457476842166,0.6251154656799743
CH4_C005553,232.58409957916905,0.40753719028668633,0.45018144229996643
CH4_C005554,140.0979639616066,0.6610370418589494,0.7947682077456191
CH4_C005555,105.25301560116493,0.5503098099543606,0.3099171689134287
CH4_C005556,158.32620634945272,0.827516178320844,0.3103400129533107
CH4_C005557,221.93729755818765,0.3880086617904389,0.5773334135267767
CH4_C005558,248.60010351576574,0.4311101717201048,0.439296271874259
CH4_C005559,138.41385757073377,0.6161435514384876,0.5445538282959801
CH4_C005560,219.10307566492781,0.7643098913633006,0.518039682574873
CH4_C005561,235.94130635906794,0.5736044335872054,0.5597855109501666
CH4_C005562,18.50962722458782,0.6999200599771954,0.25579573511751774
CH4_C005563,169.998650337435,0.8091107767089158,0.5695859394583094
CH4_C005564,212.26206661045345,0.5678934003325505,0.7659266216983407
CH4_C005565,96.24038342318266,0.5606782343051853,0.44403574042865906
CH4_C005566,117.06489461164496,0.6680954938435679,0.4403790712750345
CH4_C005567,233.12366714415379,0.53598490673197,0.23298131090251936
CH4_C005568,9.586438281274534,0.7722664839550878,0.5561513573864558
CH4_C005569,174.2503370048522,0.6806555948478815,0.9112368469700924
CH4_C005570,131.72438043317885,0.5787668484793447,0.5338329100338977
CH4_C005571,107.96607034320166,0.5584855847524421,0.20265191179148442
CH4_C005572,245.0029954811166,0.7074878572299905,0.8252099931697905
CH4_C005573,141.05412656944256,0.8655985613156782,0.2278858818755058
CH4_C005574,190.13046313281623,0.7257118487466421,0.3040909507282699
CH4_C005575,160.12997603890346,0.435098890484939,0.6662824641924185
CH4_C005576,103.411725800088,0.3675949755418403,0.21064117736135926
CH4_C005577,49.37612791791621,0.42550142253897616,0.7736774846160075
CH4_C005578,147.36550229168904,0.4782493958304562,0.6498466614640765
CH4_C005579,248.21719007362546,0.36348701786521004,0.61471053088617
CH4_C005580,153.9692038699845,0.7444244544640489,0.9193174187700859
CH4_C005581,71.49578254195913,0.8425655388920823,0.6605085988339265
CH4_C005582,42.99104978308394,0.5341398937046047,0.4479174182158825
CH4_C005583,88.45118809263775,0.9034758681578616,0.35042521871285937
CH4_C005584,221.8138917022046,0.9061692819747551,0.25419824336223346
CH4_C005585,214.59416863902518,0.7711789164918978,0.23997516413894987
CH4_C005586,43.907217343203854,0.9113637378182895,0.8104872953768982
CH4_C005587,94.91028586252567,0.7480081520693695,0.619699522387896
CH4_C005588,17.22091376459381,0.7029824119341297,0.5756502519118032
CH4_C005589,50.8975522467918,0.7994209011443472,0.48213872183780226
CH4_C005590,0.19124325318961577,0.43088239899143455,0.8373013291022642
CH4_C005591,69.81514988980584,0.4565441862713422,0.5548094197245388
CH4_C005592,216.20241365976534,0.6126775225683003,0.6588384707899015
CH4_C005593,93.27229092415566,0.5359130573682296,0.7780690731219768
CH4_C005594,4.733773842096251,0.39315330779189905,0.3928649685884644
CH4_C005595,247.21545569972832,0.5870297561091178,0.2573121150282982
CH4_C005596,15.63895928655093,0.4641100060501678,0.6144978541716118
CH4_C005597,108.97030724786036,0.7240318808808052,0.6386797214544291
CH4_C005598,211.10944804868785,0.8588613593300072,0.23013834892698515
CH4_C005599,2.5211329646100955,0.5150084756614404,0.20356224215514757
CH4_C005600,149.0363462009792,0.34565984961626717,0.5716886989152048
CH4_C005601,4.743408001340155,0.6873542492953546,0.9343723993010731
CH4_C005602,27.556136436843016,0.7892309077954789,0.200708738968316
CH4_C005603,180.23362126287893,0.5880399996516552,0.7816684861376504
CH4_C005604,116.92939763694227,0.41637686782092703,0.5545319792917789
CH4_C005605,46.317042487741546,0.5151687538289293,0.9167676884167835
CH4_C005606,189.97524520556678,0.6580412412200853,0.9237639869287506
CH4_C005607,102.6935928844957,0.3423484129723695,0.2610980018782668
CH4_C005608,164.42991214406342,0.9003088212065342,0.6893337865009335
CH4_C005609,110.62580042026873,0.8662300873441733,0.8689742202874919
CH4_C005610,170.84658131648862,0.462986914115585,0.6769641462326206
CH4_C005611,90.29357596475268,0.474618110861889,0.5314980116567873
CH4_C005612,62.536852051116256,0.7050806519463758,0.2829684761962624
CH4_C005613,87.29862795334701,0.8358375552757562,0.492493929297733
CH4_C005614,124.94314007576787,0.8934968583099523,0.7232191715816694
CH4_C005615,79.65372427973874,0.6455434072937589,0.9100291324787477
CH4_C005616,213.38429093977334,0.8004234044411175,0.8114703900402656
CH4_C005617,32.55654337197505,0.7143136142163992,0.46981159423775
CH4_C005618,143.00838459167116,0.375958724079416,0.5516768529253537
CH4_C005619,58.09475969517114,0.8522761594868691,0.27113160707222406
CH4_C005620,150.8444570898608,0.6848485488741288,0.7134246925492433
CH4_C005621,150.0265820743365,0.42275252937006463,0.6355491115214633
CH4_C005622,71.37028183714772,0.425138457595299,0.8274071117727049
CH4_C005623,30.138975889148906,0.38025687719297147,0.4640971046679882
CH4_C005624,140.72554237358622,0.4116176237836417,0.7671957893257484
CH4_C005625,234.36885657704764,0.6939095917144904,0.9446900123802182
CH4_C005626,57.00728146792411,0.8416769971677718,0.20385458889244712
CH4_C005627,155.21892752865023,0.8292642965048114,0.9406280241177256
CH4_C005628,239.1802333136937,0.9162406832960073,0.4768563370759286
CH4_C005629,190.45611000688507,0.6141102479871702,0.23659026767731298
CH4_C005630,44.59419723823907,0.7487683909781832,0.43330641558056876
CH4_C005631,15.278054121295598,0.9189538331223124,0.3330062534053625
CH4_C005632,148.66913245143985,0.41751788404013673,0.6088931316217385
CH4_C005633,206.12781478332556,0.39365970880291545,0.7001194242878774
CH4_C005634,25.213609651418693,0.4324326051302909,0.4854212210555278
CH4_C005635,225.47043665163568,0.33935564493746445,0.6898655152504325
CH4_C005636,211.9393270215021,0.36286581464138434,0.7691175635384297
CH4_C005637,207.5705625559235,0.45230946512585235,0.666419060477622
CH4_C005638,185.17904345616623,0.3734223824878418,0.6240650439184565
CH4_C005639,115.19141822022719,0.3960601458040357,0.768413981175692
CH4_C005640,187.8559739585079,0.5390078478810818,0.33487592337258665
CH4_C005641,197.91609305202468,0.4711149049054911,0.5039417404013924
CH4_C005642,74.1289556468315,0.5182138555200619,0.4982062970980184
CH4_C005643,29.4808284029007,0.3523267213280634,0.6640402532387403
CH4_C005644,107.1990558776221,0.5795927827496813,0.6764926480873352
CH4_C005645,49.02253772621295,0.7655909340587954,0.8980987333148935
CH4_C005646,122.32114303329561,0.8150954500092077,0.21635275086196393
CH4_C005647,247.4780553040318,0.7802422239192602,0.9315868958527933
CH4_C005648,142.317982830184,0.32842270821438074,0.3516663695199621
CH4_C005649,142.25218663577058,0.4102449254860339,0.5918812185905064
CH4_C005650,247.2820170807474,0.8867862702279259,0.5842344377089017
CH4_C005651,106.64402722221116,0.5440954104864492,0.2449184091425196
CH4_C005652,85.23841320128659,0.5416469094032396,0.3641082422454397
CH4_C005653,119.91671660659983,0.5634936460770379,0.24294052403660765
CH4_C005654,89.84826450153675,0.8971103083464693,0.6976827671987114
CH4_C005655,44.65265900742296,0.5754395660361582,0.44973586059639126
CH4_C005656,153.623417059333,0.730803022322535,0.6013916747107902
CH4_C005657,72.95288766134713,0.6374735492879151,0.5947751788707836
CH4_C005658,61.37881582377716,0.4144951523470797,0.23278769408890676
CH4_C005659,141.56076818954105,0.5372183153970336,0.7654476831287351
CH4_C005660,137.68149641474545,0.3303832683961208,0.30852261609125453
CH4_C005661,112.037237589153,0.6710880516206603,0.2657590407556662
CH4_C005662,179.41449483253948,0.6094689754226135,0.9186577183428153
CH4_C005663,156.05115432141415,0.6065442155133416,0.5746249490003532
CH4_C005664,61.68177087352128,0.5093548184492475,0.29640894616763735
CH4_C005665,111.0836416353079,0.5947341072629431,0.8695748401101322
CH4_C005666,49.59890043133808,0.4669367756665851,0.5021501299651911
CH4_C005667,100.35401230892563,0.6200964326547931,0.4048330528697577
CH4_C005668,188.50825213499817,0.6700256648901347,0.6705123315373922
CH4_C005669,7.568016260884269,0.543183044950271,0.2186075808288612
CH4_C005670,102.6394096017004,0.6696099599581724,0.36309267775211074
CH4_C005671,43.0504961577669,0.8204800385107232,0.8980402893308259
CH4_C005672,18.238807790269263,0.3216479277353017,0.2157099127591031
CH4_C005673,103.14963923940948,0.7380239293721238,0.9421183503109594
CH4_C005674,233.34936899539562,0.5028335636272817,0.27823343456244043
CH4_C005675,37.928202287213885,0.40215869832971135,0.5144027846109946
CH4_C005676,220.95365662591385,0.40813662138856,0.6879398866341262
CH4_C005677,82.93401565272582,0.6844813426927888,0.3483987961595063
CH4_C005678,21.778206015698213,0.8812892086070265,0.8381602118557605
CH4_C005679,123.12993389966836,0.5344406221914818,0.34386765990916035
CH4_C005680,33.05659154681692,0.5801721486400189,0.9150062703152324
CH4_C005681,87.81881711095843,0.5351430294297228,0.6659803644787842
CH4_C005682,195.1749506852669,0.5397084975083346,0.8812475305756011
CH4_C005683,118.59017337502553,0.37589824122477855,0.25833236832230877
CH4_C005684,115.20783341307775,0.7607587713279544,0.6294114321732299
CH4_C005685,188.2733436700251,0.7165339322345377,0.3040962655003187
CH4_C005686,103.47552913396696,0.7335526875511915,0.6434290116487751
CH4_C005687,49.20179935661368,0.6648353953617185,0.5363393044570388
CH4_C005688,50.25581999861448,0.7517043012638038,0.3724388158521901
CH4_C005689,32.909200244979395,0.6201438937158393,0.5615791969748629
CH4_C005690,19.615781723876818,0.8379977836087145,0.26900489338895783
CH4_C005691,69.33031815504653,0.6171992653917753,0.41474783549379535
CH4_C005692,129.27019920827223,0.7265224601517295,0.7915981083000179
CH4_C005693,219.28571822403816,0.470011296817697,0.23138414015737052
CH4_C005694,112.08910611642322,0.8426307237742856,0.5280584115198623
CH4_C005695,92.30647834704772,0.7096630737457402,0.7045895336271975
CH4_C005696,211.92062954880498,0.6366920928174685,0.7812801795173623
CH4_C005697,69.59351560594513,0.34909126847867,0.9217486141165041
CH4_C005698,203.13204649092813,0.4198762616722427,0.26563383796105067
CH4_C005699,169.19460360557204,0.5315844232850736,0.771141703736802
CH4_C005700,245.96139533779433,0.5536254771939776,0.5936545375447082
CH4_C005701,142.27179130402948,0.6618467148884366,0.3958186853571848
CH4_C005702,140.24660531317443,0.32676246141873977,0.5738460581987856
CH4_C005703,151.24885544030178,0.5880612150451026,0.30811549161463525
CH4_C005704,167.8586420638861,0.5630757880214776,0.32201054915215777
CH4_C005705,144.00942007701272,0.5190576856660887,0.32246309964873976
CH4_C005706,153.40263932276315,0.6531883061296847,0.7870426837187365
CH4_C005707,116.22088577049865,0.6996302978898113,0.4104230565476199
CH4_C005708,8.00296754532981,0.47023014005073205,0.2791209301025997
CH4_C005709,98.80715251716981,0.634913857630241,0.9472768862928771
CH4_C005710,242.32803531378053,0.8322303783334819,0.8086977961353163
CH4_C005711,161.07997223090996,0.688103113827742,0.9458537442898045
CH4_C005712,43.62520424782371,0.614551753249766,0.9267469320417858
CH4_C005713,27.576788149903386,0.619302097294125,0.4715434595396734
CH4_C005714,130.55828178691579,0.4011518626127696,0.5180253272991314
CH4_C005715,148.56464191657173,0.43830587354990763,0.46506638520022375
CH4_C005716,215.99950475557276,0.7630722743110954,0.5691837169281238
CH4_C005717,29.75278458011496,0.6319367643825173,0.3598874659579351
CH4_C005718,125.83169461220494,0.7460774808850696,0.5778863531526763
CH4_C005719,162.5247934618878,0.740411500879681,0.6884266724641865
CH4_C005720,10.873752269452835,0.8625434826370766,0.4057960050661066
CH4_C005721,63.222620590969974,0.5577310261838158,0.5226299086752486
CH4_C005722,44.20482999777678,0.4609008645314473,0.4786702844924388
CH4_C005723,205.8019449737342,0.5248394902291011,0.5225331224784386
CH4_C005724,18.954850978903064,0.8678041670787313,0.6047585662426209
CH4_C005725,89.19936569593636,0.5159932657923283,0.5902442641839081
CH4_C005726,168.13407245798277,0.6824232989136925,0.9247006982351773
CH4_C005727,86.71984508332697,0.565926048725697,0.5293929986015211
CH4_C005728,127.46410227432834,0.8714212420936356,0.6361274774494716
CH4_C005729,62.1213385017641,0.5399151298612763,0.635022824183574
CH4_C005730,69.5215182394955,0.8667667187782349,0.43132529054889757
CH4_C005731,245.70017658761293,0.596805017194479,0.48352489314247027
CH4_C005732,28.523958697648734,0.36886224740961565,0.41908483156048815
CH4_C005733,230.40436491843056,0.3278669119516661,0.742594276523719
CH4_C005734,226.476003209093,0.5704671386942357,0.46711843317461815
CH4_C005735,183.6699384388921,0.7970835789581341,0.38300826140052235
CH4_C005736,225.68052368550184,0.3747670777642517,0.8198708297790245
CH4_C005737,39.20804831009733,0.4329066264396359,0.7109601010744129
CH4_C005738,82.7555771274322,0.3880609342832047,0.5675472236152952
CH4_C005739,163.75256865618354,0.8934574819184036,0.22011430068647522
CH4_C005740,142.64575450856168,0.5699765789952861,0.6991418075895468
CH4_C005741,80.26428107544677,0.8363547667913951,0.7965741832047881
CH4_C005742,71.50994979710029,0.6106928077918226,0.21003688381301872
CH4_C005743,75.38929180087725,0.7754606107960103,0.7499354334232153
CH4_C005744,79.54637189813444,0.4973133613777637,0.4912153712727634
CH4_C005745,77.23689360339462,0.33638220601511687,0.3374863001272608
CH4_C005746,214.04186893643728,0.35593378824067673,0.36732975905457665
CH4_C005747,114.32811832418896,0.9034488030427874,0.43722673165197345
CH4_C005748,86.56376245191122,0.8568793557971359,0.3760320512974371
CH4_C005749,206.38781606814013,0.731152132744116,0.6305195674626163
CH4_C005750,233.60426687360544,0.3992740619405303,0.4362948079428157
CH4_C005751,240.22024450032154,0.7103645626983093,0.48665671050452847
CH4_C005752,198.0060732493504,0.6534195907241034,0.7116095325599441
CH4_C005753,110.93250669878441,0.8264427630615476,0.23968883111316241
CH4_C005754,193.06010284571835,0.7442020179911204,0.9149182913991503
CH4_C005755,244.39751378664698,0.5880689716603782,0.8969091821031774
CH4_C005756,97.73119829507904,0.41469451159103066,0.8388377907956748
CH4_C005757,31.295717516340304,0.6802471813501298,0.4667114813865203
CH4_C005758,226.96582883625595,0.8205953929197007,0.2153413482517829
CH4_C005759,127.38879299481484,0.5039385607846631,0.3751428740463618
CH4_C005760,46.8807397216888,0.5622442958317239,0.3251006042672294
CH4_C005761,47.32556249939252,0.41499980537884196,0.6266560946687465
CH4_C005762,205.23375472329386,0.43455006229982684,0.7091519961946364
CH4_C005763,181.8527960803189,0.4329787192880603,0.726116244485856
CH4_C005764,232.9941218864168,0.5283933789422641,0.896207958138719
CH4_C005765,34.39028345305292,0.710053468953962,0.25735113220343797
CH4_C005766,192.1281491047442,0.6087176399455578,0.7612915109890819
CH4_C005767,5.826488571704647,0.5962771867161984,0.9032707365306163
CH4_C005768,96.81805243173069,0.4033094800844228,0.2869481335481384
CH4_C005769,37.19376763251783,0.3322581542941902,0.8106522701409986
CH4_C005770,113.53271501230408,0.4269320647603381,0.7145564268794433
CH4_C005771,2.452214537093739,0.8660494690928267,0.869040833208274
CH4_C005772,37.5698890287004,0.3593166295282673,0.45303662652815685
CH4_C005773,153.38005864792328,0.6476805634224759,0.3922079663630684
CH4_C005774,129.80049890663486,0.7319014103168029,0.5841888248071496
CH4_C005775,144.353814329635,0.9124714900954205,0.4402731368942626
CH4_C005776,28.942282193424596,0.7100400509143786,0.45693696181034343
CH4_C005777,96.71243879041269,0.8033877023610688,0.920380023722587
CH4_C005778,122.28880962646485,0.7033589204180499,0.4965600555847192
CH4_C005779,148.47796640217635,0.8670107402698382,0.507136377219731
CH4_C005780,53.30294046139339,0.7608332683905652,0.8237895521560461
CH4_C005781,205.91616556381447,0.6134727742286,0.848925857219174
CH4_C005782,99.48780680000962,0.3492229599768419,0.392150215726262
CH4_C005783,17.86611470984678,0.655444724223798,0.42235428062258223
CH4_C005784,26.743480809741595,0.3240426446683542,0.91541721294671
CH4_C005785,136.61416357706253,0.8082072485342393,0.6921054511136908
CH4_C005786,221.19414090203935,0.47097694112759014,0.7579368463757972
CH4_C005787,125.13469761986323,0.8060057931262965,0.20443558900250436
CH4_C005788,26.09679761828984,0.9121694590178171,0.7362605267012141
CH4_C005789,185.34363299250666,0.7068615680383896,0.44897095514691077
CH4_C005790,199.19178127665498,0.5516888636911075,0.4501459026899111
CH4_C005791,152.38688481694044,0.47549768431461903,0.4771263417631088
CH4_C005792,139.6893759473599,0.7915249507398792,0.7297797792197291
CH4_C005793,228.1410001406983,0.3797529876201845,0.3163908214309381
CH4_C005794,83.06595126748267,0.7089591299848461,0.510293111458185
CH4_C005795,213.6128345568185,0.6465854655811036,0.648562066339287
CH4_C005796,12.195871736380898,0.6362842738621386,0.24192542858263885
CH4_C005797,131.35575037907992,0.4030949927524615,0.9373912235082953
CH4_C005798,63.30095190183776,0.836338226307267,0.7609971493548506
CH4_C005799,151.49025980319928,0.7316709377257073,0.8772486966466084
CH4_C005800,217.0388534157922,0.5684710271850751,0.4185142302486621
CH4_C005801,166.08316797700564,0.45408712028894194,0.5864309988129903
CH4_C005802,214.10945400122603,0.6183706233191113,0.2635878222351352
CH4_C005803,140.6169973994507,0.39821986816477273,0.7393280641440139
CH4_C005804,41.20585640034749,0.6334912987839567,0.578678483469598
CH4_C005805,40.60074407450434,0.3343112102131944,0.419325605632371
CH4_C005806,55.3890626057546,0.5858829512351812,0.81079106811404
CH4_C005807,230.10707313829937,0.5351858609884272,0.58179892385536
CH4_C005808,122.76879348665884,0.3508429856225043,0.4163897435818191
CH4_C005809,224.9326067801513,0.516855498000445,0.6459049925947402
CH4_C005810,63.18126592543305,0.6579284188541354,0.9186115482817216
CH4_C005811,209.5532718492319,0.3876519458594071,0.538920967257865
CH4_C005812,205.19292012489603,0.4715201597099159,0.4764476575326971
CH4_C005813,68.78074932765496,0.7312045258016051,0.660834792667063
CH4_C005814,172.90001664134863,0.5055088747846423,0.5279644734486788
CH4_C005815,206.1983863800341,0.7555480850484961,0.9431606157250649
CH4_C005816,52.02223165113143,0.37917029836971144,0.653765318524097
CH4_C005817,129.10740125506317,0.36171446199786994,0.5422814271096721
CH4_C005818,55.81067467946063,0.782231510573862,0.30860548795794174
CH4_C005819,17.269607074748087,0.6044565086116027,0.904191585693155
CH4_C005820,14.467856132307555,0.6570616420224265,0.8523068817343082
CH4_C005821,70.8753480763297,0.5030538250519434,0.7510009357338971
CH4_C005822,167.55585626901984,0.5641266172698122,0.44918730489421144
CH4_C005823,235.9306589235786,0.7651816995578078,0.8069976132459871
CH4_C005824,44.91111343431256,0.6313726175295598,0.7719339336493114
CH4_C005825,203.8091187042729,0.4482705397672103,0.4151893912695865
CH4_C005826,132.91228920970465,0.7440601354724845,0.7973140665063851
CH4_C005827,192.16858975453576,0.8184020865421946,0.6640510373279762
CH4_C005828,39.09305813023961,0.4718458188383331,0.24770463466039006
CH4_C005829,99.52954827997083,0.7519968265748462,0.6099116828259712
CH4_C005830,5.043824713303557,0.3207101722099363,0.3648987279821011
CH4_C005831,159.0320525880297,0.839681172270927,0.30175071278415166
CH4_C005832,249.72715560154745,0.5305510339181043,0.43775665842127254
CH4_C005833,119.02789405709524,0.7893401495969072,0.7814890746769196
CH4_C005834,112.08689835252181,0.5461890130662937,0.38378546849145456
CH4_C005835,148.27875015512035,0.5158286748040007,0.22675726432431115
CH4_C005836,71.54837685946246,0.6693296504674855,0.6926075842649535
CH4_C005837,139.78640447254372,0.7272472517518384,0.3379986418593699
CH4_C005838,8.843637657399567,0.5951963771462172,0.8299617830625818
CH4_C005839,92.71372444963089,0.7342743631719124,0.7620762969727362
CH4_C005840,74.65276354683401,0.5615683264994649,0.20303789307452402
CH4_C005841,187.94039919406387,0.39160333429984284,0.2867662865598605
CH4_C005842,4.992195494069124,0.7720667035915252,0.3488873485475933
CH4_C005843,126.97624680628483,0.5572807366286654,0.2795822429948088
CH4_C005844,82.18990182660849,0.3769366784070195,0.6577788166007839
CH4_C005845,185.98599376591847,0.8892757783587797,0.4666286810401246
CH4_C005846,105.43040121506078,0.4017562489605083,0.5844219485607609
CH4_C005847,87.00743629148971,0.747521428398481,0.3914874820310883
CH4_C005848,31.586876110852284,0.8765366162261514,0.3036756789919822
CH4_C005849,64.51291530559547,0.6160953893403142,0.843208018294932
CH4_C005850,86.39672528327608,0.8459758484285478,0.5180655444729969
CH4_C005851,248.54535480407534,0.4817899993270413,0.5734981520590092
CH4_C005852,60.062845397145374,0.4106427785257325,0.8069324868150047
CH4_C005853,62.765895693536436,0.8224946868712593,0.5536989340576375
CH4_C005854,246.86879151080961,0.8919266906509637,0.3885749196785545
CH4_C005855,90.4170455830052,0.752078632322575,0.6659651905284811
CH4_C005856,78.00964464356858,0.5985564092785822,0.7312579288718406
CH4_C005857,197.09255999593157,0.33528073579071754,0.6168470461716258
CH4_C005858,76.66511656378088,0.336140581622021,0.40295942103389215
CH4_C005859,64.78946416147019,0.6208012467544354,0.9293022475073027
CH4_C005860,123.1352388198162,0.33271262333141033,0.9399063296744827
CH4_C005861,98.01255995870048,0.43218183010085226,0.548700469916219
CH4_C005862,100.74855314456774,0.6387934695857737,0.863370177623018
CH4_C005863,146.090856628108,0.8788241280280589,0.5148586858936945
CH4_C005864,228.59195011931058,0.8252005233293991,0.3464227671426616
CH4_C005865,84.53306079111341,0.4409380967690708,0.403728504130602
CH4_C005866,150.08710293831888,0.7620786076278958,0.6289691877397474
CH4_C005867,111.02519037830058,0.7713065014499884,0.20437546348780983
CH4_C005868,3.611630097550278,0.8320425703118728,0.7122183805971654
CH4_C005869,44.35100560015889,0.3864847789828303,0.9328655049680732
CH4_C005870,134.56233726794014,0.6896703807272424,0.8814593537578592
CH4_C005871,213.1682702562703,0.7405568124631972,0.4820457524570351
CH4_C005872,57.55353452476958,0.6471110302567586,0.20166009759149903
CH4_C005873,201.02542903272462,0.7010299712763546,0.2991606728211786
CH4_C005874,197.89533328753257,0.48675149852384103,0.8239161617765176
CH4_C005875,130.4585006989563,0.7714086373987259,0.28964674449431094
CH4_C005876,64.61710656536751,0.8414488523151695,0.23106670985340613
CH4_C005877,97.31833037423579,0.7334171184677893,0.5460213445725528
CH4_C005878,46.718231301384584,0.7359269158982628,0.6678879097782572
CH4_C005879,210.78060087313318,0.6611735668402461,0.6253385286430873
CH4_C005880,188.16932034162443,0.3360525386253449,0.704336407775308
CH4_C005881,36.61254533240502,0.8480077657645453,0.9003130183432124
CH4_C005882,16.092844714994808,0.40792712099889333,0.23278274904975443
CH4_C005883,142.08867024360393,0.5463671455191035,0.26499917221070257
CH4_C005884,43.47314805368846,0.42529064696476365,0.9407771954037873
CH4_C005885,162.3076632018243,0.39853475835206364,0.25595464405690993
CH4_C005886,89.35720989741378,0.34745176360767616,0.8036089722763087
CH4_C005887,14.478063566602833,0.5064121455919111,0.8883118967596733
CH4_C005888,190.63628795350064,0.6218111772235535,0.5026609687633541
CH4_C005889,94.94135620412527,0.9074915888178985,0.9012095400253488
CH4_C005890,205.06643067537973,0.4301221416244472,0.47881212023007563
CH4_C005891,236.53840001542054,0.36111640683091906,0.4307153951706747
CH4_C005892,98.60026636433744,0.4335347147944325,0.3983986650228194
CH4_C005893,49.0831199370034,0.7380587110439114,0.688868551723353
CH4_C005894,218.04082846413752,0.6170523137396724,0.8425038201039596
CH4_C005895,141.32739238319363,0.7756964184360848,0.5010068014194683
CH4_C005896,149.97794487809819,0.5104516680035882,0.3439911009343426
CH4_C005897,186.25552514354806,0.4825931593689471,0.739390497933097
CH4_C005898,72.18196125017884,0.6529169819888422,0.6608150842301703
CH4_C005899,231.61111573822453,0.47851530116703783,0.35177776165876895
CH4_C005900,138.66544059092985,0.7928306946009949,0.30773092099451127
CH4_C005901,163.3849635238201,0.6718712084747613,0.4906829335413478
CH4_C005902,108.076408291906,0.7257435015729254,0.4943626282676425
CH4_C005903,152.40220974332235,0.5018404293609853,0.768010214456637
CH4_C005904,80.91978754685125,0.3563782387200186,0.32725717341518346
CH4_C005905,177.41873208652675,0.9102118136916464,0.3448040414164263
CH4_C005906,205.63548337345145,0.551989628724677,0.3020851768026359
CH4_C005907,234.2335232713902,0.7632962463866128,0.5002565226017768
CH4_C005908,39.0873791217794,0.6855917728325092,0.893341281220893
CH4_C005909,95.48058711390597,0.777092092545223,0.8165990873713873
CH4_C005910,104.29972458921816,0.35701508698111334,0.4327969087732316
CH4_C005911,34.014226294757535,0.49608827647946907,0.3505503165801782
CH4_C005912,191.47171861467186,0.7379829486115803,0.8260566269366743
CH4_C005913,70.42551450414747,0.892888789128313,0.7918992158628129
CH4_C005914,97.45600067248469,0.5711400074124192,0.20180161379576517
CH4_C005915,239.05609667386398,0.42147283587949486,0.753701504430704
CH4_C005916,208.98981551092805,0.3320621958609657,0.29833447637959637
CH4_C005917,141.59247546818588,0.525396048851083,0.4603491591304661
CH4_C005918,132.09965765018396,0.918177215472479,0.6094582202251282
CH4_C005919,156.26079057483025,0.6892860721076168,0.7558644098375404
CH4_C005920,50.48147329396274,0.3826082708020173,0.35285972464736903
CH4_C005921,0.6720390999661041,0.722620701664692,0.25434870303343915
CH4_C005922,166.6498762391457,0.5218825428429495,0.6829040336476488
CH4_C005923,94.86778912664356,0.5236635485629373,0.7484446351121676
CH4_C005924,220.32914444377406,0.8188583309247874,0.25637503416981444
CH4_C005925,240.5340763718477,0.7294449794664377,0.3904588324927139
CH4_C005926,45.67310367090599,0.8162490758216445,0.5526185510422559
CH4_C005927,213.56826628810694,0.4947116415474743,0.7880590158133023
CH4_C005928,181.5431964508922,0.7789003807552402,0.6535078019629743
CH4_C005929,97.846263645678,0.3770982799114012,0.59627500196229
CH4_C005930,141.14974931202292,0.3605548032896518,0.9482545561945872
CH4_C005931,153.28854353731742,0.5798952831135469,0.6353896788128581
CH4_C005932,5.128889356575684,0.41387749950318126,0.27303571582472697
CH4_C005933,76.02926855208456,0.8941928133894934,0.35008430144153013
CH4_C005934,139.8628404823942,0.8201572369755405,0.5633630964379353
CH4_C005935,21.98330261275444,0.4739469314846408,0.7444622866134236
CH4_C005936,159.88740553741943,0.8208538234483327,0.27371895802200874
CH4_C005937,221.03610555283393,0.34642727990297534,0.7256483284935231
CH4_C005938,158.1647946766027,0.6845405596108982,0.45895617555048535
CH4_C005939,175.5834998547183,0.36616729808859044,0.8253225455047037
CH4_C005940,25.514282565507944,0.6362574033189912,0.6134021222308803
CH4_C005941,225.30922973487242,0.33400651189918873,0.4297124722309196
CH4_C005942,75.52603547471776,0.7898478766856933,0.5638974408161497
CH4_C005943,24.63020666753499,0.7181652640255272,0.7103526098292765
CH4_C005944,172.3363003235198,0.47689070438631476,0.9244597752238457
CH4_C005945,82.34848242443158,0.8500692777722392,0.4662827325329231
CH4_C005946,14.695576178922447,0.5291314542461337,0.5490939607185118
CH4_C005947,36.23002779377995,0.3959681897800904,0.6639424598815841
CH4_C005948,113.69223408850135,0.664596065830743,0.35774453087820024
CH4_C005949,183.4693058847986,0.7996220141519532,0.493745781213096
CH4_C005950,155.10308749404538,0.844796699751607,0.5967004388311129
CH4_C005951,8.300369623980203,0.6475108525093995,0.862376373066003
CH4_C005952,45.164655425331105,0.5673185347435641,0.5671864939992393
CH4_C005953,238.8949276601584,0.6660714129396058,0.5828434099126807
CH4_C005954,201.21153959804653,0.6780565806219723,0.7947126855314166
CH4_C005955,94.77408735006892,0.7883365268204277,0.49477795595510815
CH4_C005956,153.63875065177984,0.5082499077155928,0.7453089927438692
CH4_C005957,35.26367218756232,0.8555748622791348,0.8087364375456361
CH4_C005958,202.8429231556727,0.8851513152690649,0.3631533731024068
CH4_C005959,67.56281837979661,0.4463406016409509,0.20162488934826306
CH4_C005960,17.21075937666089,0.7306361853940861,0.37632726209714873
CH4_C005961,97.2650067303014,0.8267037816952918,0.3606886341196639
CH4_C005962,229.82304802620484,0.4081659184357904,0.26027156302278104
CH4_C005963,102.21855756031809,0.714841596015946,0.7584126959197235
CH4_C005964,74.00130720623696,0.50926662385681,0.8543818207878193
CH4_C005965,134.21404356646443,0.6471127131307496,0.33217998622950407
CH4_C005966,107.80644829393215,0.6890826775458136,0.24011887680922925
CH4_C005967,152.47450190678998,0.68022691302422,0.3238102717776873
CH4_C005968,128.03612899066283,0.8778374646253508,0.83093292433379
CH4_C005969,206.91582000714521,0.4153845362752636,0.7340578627373511
CH4_C005970,153.01615264776783,0.885291292197329,0.29543068179257237
CH4_C005971,238.28731670884497,0.8526320896054407,0.5917314563028533
CH4_C005972,9.174446010761116,0.9104110487942607,0.8029301403217364
CH4_C005973,129.18664608377077,0.7736720721553981,0.6024057282138993
CH4_C005974,54.413695311905485,0.886838065638357,0.8262747761082658
CH4_C005975,164.13474996196138,0.6665075378150631,0.2612999639675778
CH4_C005976,138.0786858710435,0.7568359265204971,0.8789063045062893
CH4_C005977,178.5368353590903,0.5868668901049436,0.3180245339219767
CH4_C005978,125.22561739459579,0.7260920299765612,0.3840730725947828
CH4_C005979,86.92050531474543,0.44403217433376707,0.5352023971302424
CH4_C005980,123.98286732303093,0.5847806151712871,0.49647921429782876
CH4_C005981,99.88118551761269,0.38472193802322013,0.4870711100423937
CH4_C005982,145.83789457871575,0.4168161403281818,0.4083475854334485
CH4_C005983,118.41198620755394,0.4621884320530073,0.5282077930729256
CH4_C005984,197.97585588326106,0.6538820656622352,0.7832928814301017
CH4_C005985,185.53971722940884,0.8694565980402846,0.8701712866565865
CH4_C005986,140.03086835235,0.8634309468075907,0.9036052705608233
CH4_C005987,42.36420512361597,0.6086834553797675,0.726231847753446
CH4_C005988,151.18597295575825,0.7322025975313329,0.5370679007698511
CH4_C005989,144.3764955562257,0.7213549871430102,0.3072077385010265
CH4_C005990,8.20338091648723,0.3307470059202496,0.404408550323863
CH4_C005991,145.0244761863988,0.4315565244153726,0.6746164622223065
CH4_C005992,91.97088400991693,0.7622545384907033,0.6798221425307935
CH4_C005993,90.45422970505257,0.8349034794195425,0.5938689881908286
CH4_C005994,198.8592123367179,0.6577960933525886,0.6970733126962347
CH4_C005995,105.79362022185884,0.5487514286651248,0.7258165430404551
CH4_C005996,89.86086182531744,0.5288420290034235,0.7189834678992209
CH4_C005997,25.12304940586413,0.4171611302969167,0.5695929121560483
CH4_C005998,182.99973228735598,0.4498609532939937,0.892603620509836
CH4_C005999,225.59038552337043,0.6047729033638998,0.4817596742098507
CH4_C006000,125.55960450207346,0.8413275253196955,0.4965709004609003
CH4_C006001,240.0258825249165,0.6233489885942529,0.6295848669803588
CH4_C006002,239.53420089472627,0.867965361814474,0.8465695167918799
CH4_C006003,36.599274501655096,0.6059455688477751,0.9456585694508433
CH4_C006004,202.30511159532463,0.7119387541450763,0.7163139304689037
CH4_C006005,87.16222130762763,0.7688101065303283,0.8057759255549224
CH4_C006006,154.004050858921,0.8520380109391068,0.21303367216463323
CH4_C006007,100.45770071685503,0.6485375788256953,0.8584964251877711
CH4_C006008,2.8661060561296914,0.49080722328690807,0.5312045597278203
CH4_C006009,52.88146272970381,0.6227130581360527,0.7231375282713626
CH4_C006010,191.17258138359122,0.8037362813575786,0.7953954821544196
CH4_C006011,213.85951986322223,0.8005880956885392,0.508922578766172
CH4_C006012,108.81163029727354,0.6214402950860787,0.5964291742362675
CH4_C006013,181.51276037114877,0.379563104362334,0.3444015707175282
CH4_C006014,246.13270305694942,0.6959235432458325,0.5162365310221158
CH4_C006015,55.06290199065561,0.3674097593081007,0.9418563458096019
CH4_C006016,150.78962745670327,0.5352874978065603,0.5346954610675323
CH4_C006017,229.9811457691096,0.3221019633363115,0.5621871197148741
CH4_C006018,136.54312648024936,0.7960270249521043,0.5941678909560728
CH4_C006019,77.03253863684509,0.7656442783357515,0.4519325808782438
CH4_C006020,234.26104154575575,0.574430106210824,0.832194775377394
CH4_C006021,87.90962807892585,0.49833473856658855,0.3656868750364347
CH4_C006022,249.1234180271323,0.6224145590157413,0.8037014252543129
CH4_C006023,65.47907435899364,0.6481721932044847,0.31978601884449476
CH4_C006024,148.9758028055795,0.6932559030469284,0.4047688855673171
CH4_C006025,107.06507158836997,0.5821930193491403,0.8884586521205435
CH4_C006026,15.457465782568235,0.8323258593119871,0.7030782619672504
CH4_C006027,224.3790882900792,0.6601446692307776,0.8063358129342435
CH4_C006028,113.48865131187671,0.7058670031950814,0.2826207838142722
CH4_C006029,66.31943269081609,0.7440783633006518,0.6023676400538411
CH4_C006030,181.43450141498028,0.45015279957158144,0.2416554892231466
CH4_C006031,154.53200363152487,0.5559151766240444,0.68264506806866
CH4_C006032,230.13145747217374,0.5540686039213728,0.5865740301099589
CH4_C006033,61.673009930128806,0.4738932194349361,0.28956655085161387
CH4_C006034,247.87529170323324,0.7499230762888385,0.7663416009634074
CH4_C006035,112.75191421113506,0.8210336684838757,0.3263328844293828
CH4_C006036,70.58729280586601,0.5025169770683537,0.5776084483604188
CH4_C006037,61.1256094527842,0.554548959824915,0.6060027655016469
CH4_C006038,111.49988420016076,0.9007836220113434,0.7471595837971454
CH4_C006039,93.4389655130515,0.7518289023312061,0.5112123199093614
CH4_C006040,46.61956092931821,0.3564032092463077,0.6717929312388449
CH4_C006041,85.46592967789613,0.43524129804914613,0.5027904131457046
CH4_C006042,151.60310959301285,0.7901940516499589,0.5122510705644208
CH4_C006043,235.1866846939511,0.8183705265617367,0.9351422524724664
CH4_C006044,99.18175405265073,0.34633247988058347,0.4108482827010584
CH4_C006045,235.19453677352516,0.8352298223403218,0.7723212095689787
CH4_C006046,85.37130847061589,0.5286565547621743,0.675132902474615
CH4_C006047,25.03683226336123,0.7994944980832226,0.7019345258821457
CH4_C006048,192.23958892215813,0.6499739150875073,0.3803513368856597
CH4_C006049,62.59802335848652,0.8712551383028064,0.4700298727551501
CH4_C006050,21.058012555248308,0.521652618362409,0.5160382073883727
CH4_C006051,11.117664645437703,0.5357247735011799,0.715825842403073
CH4_C006052,221.23285247818882,0.569958216961502,0.32982433119892035
CH4_C006053,201.03210150647115,0.8839280434503662,0.40704067865673255
CH4_C006054,160.90243222108336,0.4801148547269807,0.32796794317615874
CH4_C006055,177.37186014762167,0.8338691430647489,0.4971868629030273
CH4_C006056,10.954063388242785,0.4268900865760463,0.5850733122271827
CH4_C006057,76.29682365502752,0.6783370904945631,0.6901367303454959
CH4_C006058,76.02028142291465,0.5669985176673977,0.8538458892563168
CH4_C006059,10.839529887092054,0.5708649196753663,0.6985438838336635
CH4_C006060,244.1079056209891,0.6142785588596399,0.6606829698000461
CH4_C006061,151.31158076071574,0.7369018692990656,0.3407538184898678
CH4_C006062,147.50613832855106,0.6938398970808722,0.9096502077572817
CH4_C006063,131.17928950004887,0.486996171618826,0.2806218819489221
CH4_C006064,225.52531507266616,0.8625470597807421,0.39649703001165726
CH4_C006065,113.88722846896316,0.38068475845457583,0.44466732824384214
CH4_C006066,247.14853518228534,0.8019396540165649,0.5618027470064416
CH4_C006067,160.89405178185896,0.6195555654870464,0.5371956363003394
CH4_C006068,1.5033288229175934,0.5340900682869507,0.6473518205904796
CH4_C006069,198.4037305985176,0.3789562367604446,0.7240082732629876
CH4_C006070,116.52621276180761,0.562693219387731,0.3399528582468053
CH4_C006071,225.92929899487598,0.42211801367017593,0.45500384038750447
CH4_C006072,244.86519730263095,0.5755681354086215,0.5083306605669011
CH4_C006073,229.29908447363908,0.551935392542527,0.5299498141708088
CH4_C006074,116.46995365325519,0.4980430539055932,0.27623549192631935
CH4_C006075,95.57072924390789,0.32234824492491015,0.3756719194843565
CH4_C006076,92.06767013035838,0.6541757148008003,0.6967236006117141
CH4_C006077,28.319919913345814,0.33987293065904933,0.8414836156005372
CH4_C006078,130.30097951716246,0.9120236836608269,0.4200151536313062
CH4_C006079,142.85083936085928,0.8896563784628608,0.3060048586413885
CH4_C006080,181.41338986844403,0.40825319700523216,0.7786470383086093
CH4_C006081,105.10557037035807,0.6644698681527246,0.7463521352624489
CH4_C006082,221.2375628569667,0.48325549204409723,0.4057906787518377
CH4_C006083,189.69834351427812,0.3969337366100292,0.22661670839282405
CH4_C006084,151.26464592272333,0.6401745327436084,0.8773125318342918
CH4_C006085,84.24435077210182,0.9015238757832726,0.9475013567553581
CH4_C006086,63.47340201660515,0.707828013968701,0.32603745695032854
CH4_C006087,7.709767985792871,0.6889802786249499,0.33392074785029713
CH4_C006088,243.83603634494355,0.7259457721462291,0.6484138129304555
CH4_C006089,13.618428648227543,0.5928836449759789,0.7684756954775647
CH4_C006090,157.3905681256965,0.5934785443835542,0.7496219075501611
CH4_C006091,245.1015551921974,0.78920717818594,0.3509135205389215
CH4_C006092,151.44465587298842,0.7883430643191971,0.5682238740998029
CH4_C006093,137.83744531483717,0.3560313363935284,0.7230581913305996
CH4_C006094,73.25494883978159,0.5685468954691625,0.45590851009959804
CH4_C006095,142.1123094358684,0.4654241387763336,0.6827830124488249
CH4_C006096,40.51073337275316,0.34939959807304877,0.5830384295061974
CH4_C006097,163.3670490222648,0.3873389049070537,0.3869956069355337
CH4_C006098,48.12876541435182,0.41232820117346924,0.8069861872291855
CH4_C006099,121.54639062465685,0.8059548615568728,0.8710356079720283
CH4_C006100,137.95640945423847,0.7446853435133549,0.4050460947398855
CH4_C006101,91.11460033635593,0.633713514764427,0.25058760241078454
CH4_C006102,226.8473082896925,0.5679946163204079,0.557610948790126
CH4_C006103,94.89671151311529,0.6771456134639827,0.2066093872893532
CH4_C006104,196.30195869221484,0.5515783551438687,0.5841112240235624
CH4_C006105,244.49580921395386,0.6496627125170022,0.30418312347967563
CH4_C006106,129.8848275692355,0.4694129219386891,0.8733662824565238
CH4_C006107,170.0021711442727,0.48912592571445557,0.8222464110037242
CH4_C006108,217.29297027651953,0.6859489293869185,0.3404467309761912
CH4_C006109,225.64779640149064,0.5347656079903442,0.5414291452048399
CH4_C006110,104.3846446141303,0.5681735914672644,0.6472734484719245
CH4_C006111,82.68252865066408,0.9086276913573081,0.6649456354573156
CH4_C006112,52.410672368308234,0.8626516071906503,0.3779733280866071
CH4_C006113,67.02921894665565,0.5357333152209256,0.2655713839748077
CH4_C006114,155.44414520589805,0.4750014183710618,0.43063936555963944
CH4_C006115,213.43213725451272,0.33080997412237445,0.628696685041638
CH4_C006116,86.91328663075457,0.8215172125714085,0.7056652061438498
CH4_C006117,117.26766520652329,0.7305982697513668,0.474027461260153
CH4_C006118,138.12071245916877,0.9003681015637799,0.33603276697663703
CH4_C006119,64.20279540524184,0.4375152703358478,0.8770533461742838
CH4_C006120,128.53670026108276,0.4853146079353997,0.7486165227360764
CH4_C006121,39.470431689941464,0.7439738878586131,0.5099411329796062
CH4_C006122,203.6422067289846,0.3340033798492553,0.38814606755804504
CH4_C006123,131.69266976941014,0.8415417827838811,0.6873226707681064
CH4_C006124,152.15088160581317,0.32116302502962496,0.9423202393442103
CH4_C006125,180.0662948210606,0.7111045521420669,0.36731559432857336
CH4_C006126,59.068304200959595,0.6227491485908143,0.9367435985277368
CH4_C006127,185.64579188470216,0.8000307055956009,0.6465465826709382
CH4_C006128,42.17182770992808,0.7906708110220229,0.518251209918335
CH4_C006129,202.32347732148486,0.40099908581880717,0.5812715710718983
CH4_C006130,204.79411951884848,0.640894709305303,0.5927207361816829
CH4_C006131,156.02238645442117,0.6760872518190031,0.33607018679805956
CH4_C006132,186.43960382942612,0.3912164732089328,0.5661426896313307
CH4_C006133,198.59803519584423,0.8735960170990575,0.5075460772845968
CH4_C006134,199.39886462555992,0.8025659803621803,0.24653252971810358
CH4_C006135,80.81926314780549,0.6845951546435098,0.4424563134269412
CH4_C006136,131.13029146275193,0.5926498396536932,0.30955272939662737
CH4_C006137,129.07515323158472,0.447382040951417,0.4333338274273299
CH4_C006138,210.89427668983282,0.728473680808552,0.22718089783032747
CH4_C006139,218.982686511034,0.6397402516707049,0.6092791601843262
CH4_C006140,20.199078259405923,0.675940194326446,0.8260464535842771
CH4_C006141,161.88812540328962,0.6787014341117529,0.8897504975990898
CH4_C006142,75.44869178416403,0.8806677021001332,0.7776630533320039
CH4_C006143,210.66538747146134,0.9063440566072178,0.49359977012429307
CH4_C006144,20.534311541347854,0.6454236947269845,0.47712445594764363
CH4_C006145,184.21126347078655,0.7033715246086323,0.8475275867180887
CH4_C006146,217.9816475173925,0.7325437386240475,0.8119110016979403
CH4_C006147,149.49331856131172,0.6550040909911314,0.8785750010660855
CH4_C006148,96.68490018904876,0.48150020672202265,0.24840230448217585
CH4_C006149,188.69340160033076,0.3581753334080335,0.69781299000245
CH4_C006150,33.51581050304192,0.6657803352142935,0.47285891596931967
CH4_C006151,220.1006122867207,0.8108461401624214,0.562593561809388
CH4_C006152,30.24396972900223,0.6316925655222949,0.39239006907490503
CH4_C006153,33.92038788660759,0.5327874696137671,0.46971516365780314
CH4_C006154,50.28264666918558,0.8209677951178647,0.5235960235418462
CH4_C006155,80.46463286858774,0.5181633194769693,0.9370121452841298
CH4_C006156,86.3245276159921,0.5702049875702649,0.44983656429358165
CH4_C006157,49.261654399163774,0.7323379658969656,0.5249204934463663
CH4_C006158,24.473425828815593,0.4686594971951574,0.7588228722526411
CH4_C006159,188.71111384999023,0.9038797693369038,0.4818833792985849
CH4_C006160,193.05470189867842,0.6733860863038139,0.8653998747744547
CH4_C006161,78.94121395909382,0.4337800007791738,0.2771601705852047
CH4_C006162,224.73454754827674,0.37703865048803636,0.685387612789121
CH4_C006163,36.79165131959753,0.6527173637267452,0.261145448579747
CH4_C006164,146.54823540340885,0.7666319822071235,0.3157142982085294
CH4_C006165,134.73517426645262,0.7654477250976071,0.22161857135292629
CH4_C006166,167.76410151316472,0.8737261659031899,0.3287910642412875
CH4_C006167,102.60992683102808,0.47936630886117754,0.809688752610783
CH4_C006168,199.45756309382986,0.7050543045374815,0.41640911810546816
CH4_C006169,218.79646598777225,0.797439069173172,0.537951556727668
CH4_C006170,138.72254290494098,0.726075376250356,0.25260387285477276
CH4_C006171,29.031590010619723,0.3620429810796989,0.28050958608753407
CH4_C006172,46.48714325457537,0.7775766452943481,0.7779309980496971
CH4_C006173,141.67343986301145,0.43837444779769946,0.2717783591957568
CH4_C006174,101.70480383772976,0.7238347978365605,0.2805630144844564
CH4_C006175,141.30632780008065,0.5522839443143406,0.8256387543518835
CH4_C006176,223.62396470106495,0.8894930999121409,0.5953375435175092
CH4_C006177,192.81875348864298,0.919782551738108,0.43567056129601167
CH4_C006178,7.90106474612709,0.34790513123535727,0.5585563578283468
CH4_C006179,10.674263183397258,0.8870967944869808,0.7277444732141167
CH4_C006180,232.37364743537609,0.47068268739871505,0.24600336070658013
CH4_C006181,144.24438185177942,0.749972217554598,0.6011985336534282
CH4_C006182,158.354824101435,0.5052988634729538,0.30899729128911274
CH4_C006183,67.37944112861204,0.6958807876309725,0.886566734223464
CH4_C006184,96.78226353962243,0.7816329199973993,0.5665280660755423
CH4_C006185,142.8932018874388,0.8927518247320894,0.6027034624618806
CH4_C006186,241.43621220919607,0.5073479290037378,0.8149340653768582
CH4_C006187,152.45860320727462,0.38961206987057617,0.7782851666193813
CH4_C006188,62.58111166940977,0.3249769090909633,0.6522307257014078
CH4_C006189,46.62364764766252,0.45508103090683716,0.4800099669232018
CH4_C006190,216.68401544585456,0.7588138497467423,0.204692756259794
CH4_C006191,154.31168987743158,0.48085869052881325,0.5748353274986536
CH4_C006192,239.3303737371648,0.6516118151445833,0.42282706010090687
CH4_C006193,202.70785695019765,0.5332726396969434,0.9360250396438234
CH4_C006194,175.44331729571854,0.736481410590317,0.6986396143471478
CH4_C006195,93.32016710875298,0.4655825374101382,0.736163615175538
CH4_C006196,8.742332928822789,0.5580480558724396,0.5021363249781783
CH4_C006197,37.56168085388772,0.49285975896648093,0.6311072994174947
CH4_C006198,101.3402530719471,0.48993774785843447,0.7493456359696269
CH4_C006199,81.91060675537429,0.6544068080868349,0.8977519089308792
CH4_C006200,21.2483821711672,0.7627706216477509,0.5267890697741344
CH4_C006201,86.95385120797671,0.5077708881359656,0.2911000117883593
CH4_C006202,106.77038075780706,0.531534009965413,0.6843487495039577
CH4_C006203,155.35336699075125,0.6823864446728444,0.2936134427515201
CH4_C006204,79.13140891058465,0.4494312527738158,0.4593043390945725
CH4_C006205,6.4544715552338205,0.7599884180688561,0.3030278826173004
CH4_C006206,123.25391201710445,0.756988993695475,0.23296363271270717
CH4_C006207,91.11036444817799,0.7887051462886481,0.4649663191476164
CH4_C006208,152.76217071719168,0.8499227556679416,0.3173483407884783
CH4_C006209,10.725888184090177,0.8569854931083356,0.9004423612072354
CH4_C006210,66.22380771738462,0.529607464575202,0.4805391456616441
CH4_C006211,140.12719540965975,0.8828388245574459,0.5556418057433967
CH4_C006212,227.42770131028539,0.5570719146820591,0.3016597060851741
CH4_C006213,244.5863217998253,0.4548128661301222,0.6716311670274051
CH4_C006214,74.29040638265278,0.6254969812090266,0.9400062483855041
CH4_C006215,243.55126777383254,0.4219933811305779,0.23451719020215928
CH4_C006216,237.55391438437582,0.4911175006507246,0.8589533746161622
CH4_C006217,234.58137771140986,0.6471256396548764,0.7319419183629168
CH4_C006218,103.0004067188846,0.5049800951404927,0.7265916629809825
CH4_C006219,123.77949034410216,0.8595397151189712,0.24761068822631244
CH4_C006220,56.41902835866858,0.6945268337609665,0.7097662594485474
CH4_C006221,112.66604919783033,0.8606533551524858,0.5052839042191041
CH4_C006222,10.743969017674187,0.3453714352391395,0.5496981022294902
CH4_C006223,210.7505840109517,0.6063142948250524,0.21224081465682051
CH4_C006224,228.67909802792846,0.7925146057579715,0.9274261991386836
CH4_C006225,232.0539848838252,0.4048434269807545,0.922659761106055
CH4_C006226,176.75797901509608,0.4355314584450171,0.6797087224267339
CH4_C006227,23.103588102612427,0.8216333864528955,0.5411325108500471
CH4_C006228,99.56340113165085,0.584675087141363,0.22865271897417383
CH4_C006229,38.01351480287196,0.33140900311602234,0.9028655116008679
CH4_C006230,172.6290178535538,0.38455416559878164,0.8338533452948933
CH4_C006231,45.256697128066406,0.8974319216353315,0.2687133354356124
CH4_C006232,245.807413010524,0.7527401115669623,0.5511747037922701
CH4_C006233,39.29714996969652,0.4556305524298162,0.8037074279033956
CH4_C006234,109.78713958171832,0.4219095635686614,0.7101811250126833
CH4_C006235,197.2914281932484,0.65073223053436,0.6324118797037572
CH4_C006236,201.8400433484658,0.34330726284920043,0.22421413396033155
CH4_C006237,210.55899159978247,0.39825072908280984,0.3912815952201491
CH4_C006238,93.30898991420098,0.6327485684417796,0.20840908784701934
CH4_C006239,230.04936018822886,0.7467867056640101,0.3403438141868156
CH4_C006240,208.8477815938404,0.6144722595014,0.8946211343253394
CH4_C006241,202.49105922623923,0.7763768861210718,0.8641920539423449
CH4_C006242,151.5475907450313,0.37551485925441747,0.8094632506371544
CH4_C006243,165.24281626017356,0.7037322251527007,0.37796188157558486
CH4_C006244,129.06089993933267,0.6919007968888522,0.9402091509928809
CH4_C006245,174.8432337459677,0.44277094030895386,0.7892896714997377
CH4_C006246,181.63502223165705,0.5983345603532644,0.8290689567290248
CH4_C006247,136.97299526140904,0.6624284037468149,0.37991108365694276
CH4_C006248,242.7286612615556,0.5621262926696339,0.8816608594986133
CH4_C006249,227.2548444819886,0.6358275775711255,0.7000929944351373
CH4_C006250,125.92845380124265,0.44898408058231876,0.7427956288384503
CH4_C006251,68.41401706823824,0.42955024976637884,0.7682144175616201
CH4_C006252,241.99086033248554,0.6410113166064475,0.7367725935112714
CH4_C006253,222.21666720684823,0.3864484785298597,0.6224948341901334
CH4_C006254,89.24919716404351,0.4093425854891656,0.2552587035696619
CH4_C006255,203.30058093775307,0.40994303730052445,0.6064550195867378
CH4_C006256,244.23655361161957,0.5921079780466902,0.2840648348681917
CH4_C006257,50.97324254681812,0.7248053291402958,0.7824043975026516
CH4_C006258,203.42241269519536,0.6235907204195137,0.6383702498598609
CH4_C006259,100.47510975803114,0.8351302013637649,0.8192955893687193
CH4_C006260,90.0662477786979,0.6019427063505213,0.8932971218567669
CH4_C006261,155.06268036233715,0.3651909928570135,0.6915636872390392
CH4_C006262,87.41829660515793,0.442803221344674,0.21981048149570295
CH4_C006263,237.27702130458368,0.5816599110157407,0.8929205859607103
CH4_C006264,217.01281109498004,0.3492715473018532,0.5971831201780795
CH4_C006265,220.0653194710739,0.6407233388837636,0.6521937877223656
CH4_C006266,76.55168051796876,0.6555823543176229,0.8839982121776722
CH4_C006267,239.4765058722637,0.5299883798757165,0.2825390323274082
CH4_C006268,9.62527023722376,0.5607850931396581,0.5130315049367694
CH4_C006269,222.8253873809328,0.7926368242941033,0.4072852385762931
CH4_C006270,159.08793060730193,0.7139449671355305,0.9028686247233486
CH4_C006271,173.71521378099735,0.7541165045552926,0.7522983589200192
CH4_C006272,195.14641522417526,0.521442528868812,0.21446738341946014
CH4_C006273,47.71327077607043,0.5499090549588986,0.6362423433967344
CH4_C006274,126.37837114197379,0.7877087278285893,0.7776916592584902
CH4_C006275,166.0743302812605,0.6502769996646742,0.22069251408168367
CH4_C006276,223.33519837626116,0.7262517822221419,0.3879885681654518
CH4_C006277,168.96792566566623,0.389226525293008,0.6466264309658205
CH4_C006278,31.807469187061262,0.9121206310412966,0.8157734947346256
CH4_C006279,243.022047052756,0.7556358607285567,0.7411072210509528
CH4_C006280,61.9743693350677,0.4107473586317388,0.5771329353770485
CH4_C006281,117.10414191060309,0.8861000783556281,0.3028226638560848
CH4_C006282,74.98041877540776,0.7412406078849435,0.897340167579181
CH4_C006283,36.64007136615224,0.7065532895437692,0.22373750141843726
CH4_C006284,101.52126569374894,0.8174784673691067,0.8624092092565352
CH4_C006285,73.61259896895564,0.7333195175281646,0.23021595418691984
CH4_C006286,173.99999244187467,0.46657534646988574,0.2758426453045823
CH4_C006287,113.79972840839147,0.40707042571860763,0.6683817331950835
CH4_C006288,226.97371739024135,0.43001644946667883,0.4440148216895908
CH4_C006289,27.447085878943124,0.7348279217424738,0.30680135617828996
CH4_C006290,85.36651491668285,0.4751319891724203,0.5803390741373438
CH4_C006291,17.75819416509472,0.6191135971679731,0.31875966515978343
CH4_C006292,163.70474405501784,0.4879226191231245,0.7110682865971323
CH4_C006293,66.3825538425569,0.460002657882977,0.8546749703535454
CH4_C006294,221.83287126174127,0.44266054843677227,0.4711368025241845
CH4_C006295,224.211864509877,0.6311938759489404,0.7195909210873623
CH4_C006296,14.025357100679592,0.8120954510189619,0.5066333134127321
CH4_C006297,199.60644420515095,0.4819743685065164,0.9207949097546653
CH4_C006298,113.50980116305162,0.9151815055454366,0.8774436353546973
CH4_C006299,118.31821747666376,0.4880474371709439,0.5358761354777066
CH4_C006300,93.81134640419447,0.35046449501134747,0.5153071491460386
CH4_C006301,34.091059367823725,0.5157931841895198,0.8517291574254064
CH4_C006302,142.05661574713955,0.42218581189754967,0.6307386686450469
CH4_C006303,8.384633650206002,0.7664565381927289,0.5859945129375252
CH4_C006304,124.15109483929795,0.3715348549733075,0.5360996464662788
CH4_C006305,172.19976174203526,0.36829996587576264,0.6777873840613957
CH4_C006306,34.331704921472166,0.8512725584833067,0.9069702212117063
CH4_C006307,78.10769206634627,0.9042379255691151,0.39970785417587285
CH4_C006308,154.96342983121644,0.6288626457013484,0.6442218835157257
CH4_C006309,204.53113392474413,0.7420258389809467,0.22942374990364234
CH4_C006310,238.54459513375903,0.37396825231977315,0.6130502798666206
CH4_C006311,172.32820555083867,0.7875135630733688,0.4524993590939958
CH4_C006312,65.5877365932592,0.6895356042503922,0.4499788056657305
CH4_C006313,25.17426004840001,0.5708985700894234,0.8363631769525408
CH4_C006314,118.48290772096622,0.6960009413418736,0.6713154041083829
CH4_C006315,2.3423779129715383,0.8818191771966735,0.633015281144135
CH4_C006316,130.64369600293796,0.5195391410450443,0.5282830939555423
CH4_C006317,174.46288355655187,0.5632219750825993,0.7077082268129435
CH4_C006318,78.4009450284889,0.7294746563002117,0.30828248297735306
CH4_C006319,239.68360185063096,0.47481640895000227,0.27533549882318487
CH4_C006320,216.38457084343622,0.3327221970613629,0.44641339294148563
CH4_C006321,108.92912259310772,0.6556007473824295,0.5699879474610392
CH4_C006322,156.22671380162302,0.8344968688174457,0.6953777072491456
CH4_C006323,235.65648206112957,0.6051537573937913,0.7673164612563939
CH4_C006324,249.3706779217607,0.6264747712909668,0.5467569611247742
CH4_C006325,61.43910878248937,0.4907408663696802,0.42632117353438886
CH4_C006326,195.86426971689357,0.4534996155360087,0.37377204744781645
CH4_C006327,164.1446454798214,0.7676836436998138,0.7262975945346126
CH4_C006328,52.49719866530009,0.44384206812881655,0.5059975425565264
CH4_C006329,27.486691208729987,0.686350726100038,0.31439199244809124
CH4_C006330,47.17798586552488,0.7180019012795433,0.6978028401726462
CH4_C006331,16.825556675250457,0.47395355326390537,0.26603056549771364
CH4_C006332,161.56771764307393,0.5513088990150832,0.8793894834520875
CH4_C006333,144.24269620909251,0.5067008999513533,0.23210466226318907
CH4_C006334,236.1860637800329,0.6237126439359493,0.4572156032218917
CH4_C006335,176.8631478533507,0.858238471652371,0.4236655590937058
CH4_C006336,83.26355275867114,0.8974725308897697,0.40018030605086846
CH4_C006337,51.554455735400325,0.359316516826591,0.46919704948264523
CH4_C006338,14.528785149035356,0.6120848243324319,0.6266866819107977
CH4_C006339,214.77530529020962,0.47803045036000535,0.5107356836991812
CH4_C006340,22.950870404505718,0.3870444673011618,0.43746811321736584
CH4_C006341,15.637770628891184,0.4050107608722385,0.4546502436396171
CH4_C006342,160.7904651508304,0.6673918281969323,0.4427314375032173
CH4_C006343,25.781868350469445,0.592456339802355,0.7641658263954738
CH4_C006344,222.9291596661718,0.55016785318776,0.20223855371208035
CH4_C006345,246.55807445353835,0.7883997794833493,0.47965702596833115
CH4_C006346,171.46451311074767,0.648764071351295,0.6540523973990514
CH4_C006347,171.597567966393,0.7076375900362321,0.9111224266425191
CH4_C006348,143.92461717805955,0.5845828374286459,0.7913121451533416
CH4_C006349,121.15708150528661,0.8811754914938001,0.9086821221778576
CH4_C006350,199.58627206994612,0.5085279412497715,0.565528018562774
CH4_C006351,79.30847335683833,0.4465562593559719,0.48331002128170975
CH4_C006352,60.5597044362475,0.5794138809648901,0.5115784248318416
CH4_C006353,73.23330365301409,0.3590830740088113,0.46478705892185956
CH4_C006354,89.1514551426506,0.40032240507605543,0.7597803035720898
CH4_C006355,21.775950000215953,0.8264650879854141,0.29150376249025234
CH4_C006356,201.8080868973803,0.7129959623092318,0.3054523278412825
CH4_C006357,91.31210436192957,0.9124098551794053,0.4572856211938974
CH4_C006358,220.9057371396617,0.6389886243340763,0.297155748856619
CH4_C006359,28.751475485826127,0.7922840158029314,0.699657871279034
CH4_C006360,152.90101035868298,0.5055509731042901,0.8846093068622012
CH4_C006361,228.32609569638998,0.5940662014032005,0.46609016153125377
CH4_C006362,196.43939147484338,0.7641461630289492,0.3565037095878042
CH4_C006363,174.96318373920514,0.4279740311773165,0.20828471664725232
CH4_C006364,43.592904855810495,0.6260669643376656,0.5144835905650653
CH4_C006365,92.39722085440604,0.5367239110442514,0.5370191568270184
CH4_C006366,89.22983452103148,0.44310272832007325,0.5709423466209875
CH4_C006367,201.33963469528078,0.4441166745713844,0.7246498739411997
CH4_C006368,162.79903563525366,0.45818843381382846,0.3884529710746488
CH4_C006369,208.59385514589385,0.48966687410566256,0.22495602326296857
CH4_C006370,27.577856757562692,0.3284194088416702,0.6767769379327586
CH4_C006371,72.69643424993782,0.3792082106136293,0.6177803316679715
CH4_C006372,102.48127135018828,0.4366112814284957,0.23119596149020075
CH4_C006373,16.897880519886527,0.6402071808314089,0.40903190750464913
CH4_C006374,225.29889581425303,0.660638099228611,0.40999179999238955
CH4_C006375,15.40839489055995,0.7289712036664213,0.3248437729276128
CH4_C006376,194.63709696551075,0.8965160175952873,0.2954829020847495
CH4_C006377,103.42873479078033,0.748691324237367,0.5655000215062567
CH4_C006378,122.96182716791517,0.4401505779824887,0.23864774219182217
CH4_C006379,153.27572736067899,0.7441598845638113,0.6034920796578467
CH4_C006380,88.70965768931299,0.6153151625604745,0.31736804045455813
CH4_C006381,221.12250602269268,0.8924299864550516,0.43586818050305753
CH4_C006382,37.83579957671701,0.3428859151764436,0.9483001655144208
CH4_C006383,173.7502857834299,0.840620261420602,0.7045398030661345
CH4_C006384,43.97653401562823,0.8252034843540081,0.20727281113693483
CH4_C006385,233.91716900573988,0.41621880265724753,0.5268754586057978
CH4_C006386,19.641342774173925,0.598150626247079,0.3843911195190058
CH4_C006387,213.9105596539925,0.8966418681998221,0.40191482790530136
CH4_C006388,44.32135656845115,0.8716405831435337,0.2878457714749897
CH4_C006389,120.2891692853521,0.8674399969868734,0.6043212073525268
CH4_C006390,12.129755766283528,0.4308627647083001,0.519204899443843
CH4_C006391,54.87728110035447,0.8407877318676151,0.20578214981739776
CH4_C006392,222.9097511131887,0.7957762471653496,0.26119632541881427
CH4_C006393,130.30343947074513,0.5188395788434638,0.6153889465813327
CH4_C006394,34.48794707982136,0.6568570467465429,0.2428726722808436
CH4_C006395,62.93946179227858,0.7818189023389018,0.4410380618429207
CH4_C006396,7.364309310338546,0.7484125786727112,0.41873031243561565
CH4_C006397,17.87135388451175,0.695538321405345,0.7837292914647642
CH4_C006398,101.33753753126287,0.7516830113163865,0.25463816510755327
CH4_C006399,210.8966092014086,0.37839004142271476,0.9350585471156228
CH4_C006400,31.497682265388516,0.5825693831177956,0.5337528710869609
CH4_C006401,55.36440251535138,0.62931840112069,0.48100147263387844
CH4_C006402,191.21425003267566,0.6052143686011309,0.7624388294457556
CH4_C006403,150.82707508538113,0.6324720057278542,0.5912791710141813
CH4_C006404,190.52545815782904,0.3222321292155439,0.38097379758077987
CH4_C006405,193.9378247814651,0.6799311908206029,0.7485489510093166
CH4_C006406,155.18877500403622,0.5948418745072674,0.6187368285328791
CH4_C006407,14.7793140559144,0.912531611242194,0.8782183283492013
CH4_C006408,108.54825961608277,0.6104731916415567,0.24713051464798733
CH4_C006409,14.98167125285793,0.5355910547236924,0.25475631038113933
CH4_C006410,102.26849169141511,0.3279629166080277,0.2257652766810525
CH4_C006411,149.5191358304781,0.7731857966177238,0.7594227102474331
CH4_C006412,58.19709978001358,0.7804840463136156,0.4908039509950169
CH4_C006413,199.60854403931822,0.7296606418957705,0.6763468026335174
CH4_C006414,24.335791433442612,0.8451529234926773,0.6078664850189758
CH4_C006415,212.61245228018822,0.5558324227164049,0.562546838136416
CH4_C006416,14.185442908511426,0.35051753887312764,0.5112755210680535
CH4_C006417,209.4539887206039,0.7262960856218732,0.7935153756778479
CH4_C006418,180.83327909319573,0.5650152423669739,0.7429484232019345
CH4_C006419,186.92224865004457,0.6643723060068241,0.24911808145549846
CH4_C006420,53.449868734718656,0.474710994984338,0.6288563819355364
CH4_C006421,102.88539356954848,0.42225644251749544,0.8710174140581983
CH4_C006422,126.50554233997119,0.768212720146771,0.4433712040975888
CH4_C006423,130.13693518094843,0.6817168642781094,0.5717712643654037
CH4_C006424,198.9657989885575,0.5688483767238759,0.6258631338087755
CH4_C006425,185.74343657795916,0.4112180219012356,0.5958476010459832
CH4_C006426,154.82015828100626,0.7309038869644963,0.2630972297136764
CH4_C006427,190.76435892756902,0.8412860399090984,0.26038112342293385
CH4_C006428,96.39038147462603,0.3574345711240136,0.7989380696446762
CH4_C006429,82.35262615364915,0.6373647354710794,0.8238624890038342
CH4_C006430,214.2444368837915,0.7749430278368568,0.4941327618127352
CH4_C006431,226.47986378343947,0.5172690840142455,0.7153342636425006
CH4_C006432,206.81216988372222,0.4678505499528234,0.7375685608939924
CH4_C006433,54.0850328783424,0.8200173334088598,0.6939350240468871
CH4_C006434,203.1031416302833,0.4459060265945641,0.935446370358568
CH4_C006435,201.31333778871715,0.5564060360426674,0.9063207296675686
CH4_C006436,119.96372187245358,0.5546276643239112,0.7615378783381157
CH4_C006437,44.114402525054885,0.831937922469876,0.45125413913951434
CH4_C006438,29.94342349056367,0.475609570979471,0.5936611806601628
CH4_C006439,216.0610215940019,0.3913236314654466,0.5513911209066313
CH4_C006440,132.19465807192248,0.46556105351943144,0.2161467892590174
CH4_C006441,183.02021812856555,0.5361665952519111,0.47526877494651165
CH4_C006442,204.9880607551427,0.9055810218910898,0.33065463221303615
CH4_C006443,198.8819866062596,0.9013201467633021,0.6259750208208864
CH4_C006444,114.74228021692993,0.5007330158425183,0.3983759904415566
CH4_C006445,117.30885251768252,0.5031208559323481,0.9117075251204458
CH4_C006446,72.39592161026151,0.7870373779774522,0.9092829117307213
CH4_C006447,97.85204499826641,0.4381095087309994,0.23148191854990252
CH4_C006448,206.73333196058158,0.8435941147682526,0.5538324317088308
CH4_C006449,211.0018543138158,0.337381459728028,0.44062387447426843
CH4_C006450,204.1435756885763,0.43245725046551453,0.914815326101412
CH4_C006451,175.73891862214057,0.7932345654034147,0.6098378595800191
CH4_C006452,20.172215018530782,0.7495701396380337,0.8304775508152131
CH4_C006453,69.8126218751533,0.6190283706117568,0.2338303010862146
CH4_C006454,202.31190917975593,0.5231951086158282,0.6271866365604251
CH4_C006455,172.99425327663081,0.45221415723404706,0.848812525922853
CH4_C006456,38.43833535274715,0.7317493915146531,0.9229370144122235
CH4_C006457,121.06595136131476,0.5928939748908105,0.2572057039793003
CH4_C006458,143.07274808587894,0.5405922079473178,0.38777675658810096
CH4_C006459,232.7425862683506,0.3239022409307229,0.2931428952216355
CH4_C006460,131.4895013584183,0.8329534158592073,0.28357186066466344
CH4_C006461,208.61051750199684,0.6919192803203137,0.6564613712996907
CH4_C006462,180.0663372822166,0.8518520848086815,0.5115143793187226
CH4_C006463,180.65961794395426,0.8230143432358143,0.6440345525031907
CH4_C006464,241.12582923322768,0.4960857352831547,0.26580017442717785
CH4_C006465,124.33255964522205,0.7904166226233935,0.39405294510679534
CH4_C006466,152.4674743274906,0.5634888854798726,0.5397870652856904
CH4_C006467,13.645450093172167,0.4392769013636984,0.6587103031991062
CH4_C006468,199.70035876561835,0.3909261917173127,0.6596641093971718
CH4_C006469,39.85459602604893,0.38664835961469635,0.26056425158122387
CH4_C006470,102.88915413490068,0.33771909046193543,0.8719711978427529
CH4_C006471,242.06534015922892,0.9004084472255027,0.6013271644278735
CH4_C006472,21.126026217443222,0.3800289433057548,0.5045794402804331
CH4_C006473,237.01801820434235,0.7956514572670399,0.7966385620593868
CH4_C006474,11.628126392587507,0.6212896022000995,0.6570181618106442
CH4_C006475,83.05779931887727,0.7917549839583568,0.5531591473891508
CH4_C006476,246.24769347800148,0.3681555276888093,0.6762554438941835
CH4_C006477,24.831797008352584,0.7769763439398025,0.745919525355109
CH4_C006478,23.588493021698632,0.5611585395959267,0.4546859040943883
CH4_C006479,198.58379949711465,0.7956975903737249,0.31700430640286503
CH4_C006480,207.34377328198084,0.3414782860966666,0.852877492014888
CH4_C006481,111.26700655858912,0.43644900087080774,0.30344264362414053
CH4_C006482,182.29952161294796,0.4970356042394549,0.6504075704272446
CH4_C006483,45.74450388049547,0.6864276036117305,0.6327823287600265
CH4_C006484,12.616175965876359,0.879829188377713,0.8498826144145541
CH4_C006485,174.73989130770767,0.4053516000131093,0.7387202608299279
CH4_C006486,224.24221003816137,0.48017302285674296,0.6259904732951522
CH4_C006487,48.81229230751619,0.5842887424703829,0.6928760527999154
CH4_C006488,188.8242062754171,0.6906464710936207,0.906617610334604
CH4_C006489,8.489538306778927,0.8737874371744652,0.7566271785018575
CH4_C006490,248.6170537313451,0.5748292666191271,0.8752052936901338
CH4_C006491,210.48686760245695,0.44154250670607464,0.595794721250593
CH4_C006492,84.42534719101472,0.6198346227792948,0.6420637025933774
CH4_C006493,212.46246266220808,0.6813179000668794,0.8102919068646215
CH4_C006494,11.508276132434354,0.503559399909651,0.7890318730210748
CH4_C006495,14.166491269299392,0.8522705332926066,0.25898921845384426
CH4_C006496,84.39213601531812,0.4766143532404922,0.3431935493700663
CH4_C006497,25.348538433024704,0.6954677339719794,0.8939527902476758
CH4_C006498,3.24148439415442,0.5791638287954937,0.2617378963754955
CH4_C006499,142.48516878421336,0.7927120214855532,0.5050511311983843
CH4_C006500,24.203261770076896,0.761612525211607,0.41407301209816344
CH4_C006501,132.4024368885388,0.3335686076109383,0.3321641275877669
CH4_C006502,34.242032369309925,0.690404740553175,0.42101150801783815
CH4_C006503,142.26866784386792,0.6040201479606009,0.490820261280065
CH4_C006504,213.61001314602146,0.7079934635489333,0.6259786630479007
CH4_C006505,187.18663156785001,0.8404439286696781,0.3312133018409904
CH4_C006506,171.65060664966245,0.7405385599040658,0.4793884999361232
CH4_C006507,137.76399562152497,0.3669812307635528,0.6774254062664675
CH4_C006508,5.851548607703122,0.8629743940564893,0.5658555644645571
CH4_C006509,111.06992800344199,0.4493955278572723,0.8142540560877436
CH4_C006510,56.383786126438295,0.3332533540768428,0.4251373935698123
CH4_C006511,201.49343238073433,0.4639755329264603,0.945559543421761
CH4_C006512,235.6618087111426,0.5114793869912881,0.6934275051436641
CH4_C006513,174.8122933999938,0.9156911333564084,0.23386284347494268
CH4_C006514,242.06796810630703,0.4472276027813523,0.6590163524359529
CH4_C006515,168.92105781266986,0.6100696417341249,0.3512844755242043
CH4_C006516,182.10024678101402,0.39763044033239076,0.6749669699316867
CH4_C006517,161.9987829167943,0.7213561316472451,0.6693755628498952
CH4_C006518,181.77630097806417,0.5430613303236049,0.9033186311096413
CH4_C006519,140.67022964013864,0.6840403099921498,0.7783822402640057
CH4_C006520,26.544419926488455,0.514261691950027,0.324459317168334
CH4_C006521,234.1462300068586,0.4574052278904105,0.22508822014678562
CH4_C006522,27.266493324895585,0.4849088453210618,0.3433541544621672
CH4_C006523,185.24721565222188,0.5516203538975624,0.9166677799142409
CH4_C006524,219.6927628287422,0.5740007742864268,0.8669606016104701
CH4_C006525,61.51085461881311,0.3967077247923446,0.4664490595079023
CH4_C006526,144.47813620539665,0.6461316658748785,0.8625468772143159
CH4_C006527,44.783607059722314,0.8640765891051878,0.8820600232889375
CH4_C006528,211.83140332329782,0.3567721443160748,0.6781021104022025
CH4_C006529,193.99512979260984,0.45287868560298616,0.8892789566677877
CH4_C006530,19.185907663573005,0.38052425445244703,0.7527376126424996
CH4_C006531,12.004420825450529,0.3202686333525379,0.5653810250392219
CH4_C006532,52.13215854004774,0.46163471467737915,0.8577834054893103
CH4_C006533,175.93949147135976,0.6694340122893825,0.8625790569901985
CH4_C006534,45.053679040056835,0.6729632684690952,0.909303596120361
CH4_C006535,83.1755248036061,0.7471121726380352,0.8353143083015238
CH4_C006536,46.30447499049517,0.45765968451116307,0.282479333877239
CH4_C006537,42.89691693152486,0.5232407691337999,0.27102056068539404
CH4_C006538,242.07255195957148,0.5717584178007208,0.34675610973560056
CH4_C006539,65.90439206795534,0.8882446521856844,0.4902531137568044
CH4_C006540,143.16292752545485,0.8064372899717114,0.5637271451429352
CH4_C006541,236.23676698386373,0.5724145909837545,0.8360678081147881
CH4_C006542,116.80681955386754,0.8181940379821233,0.21696672849080673
CH4_C006543,94.58695658726582,0.4532549970353268,0.25252172735491174
CH4_C006544,119.91496966343671,0.649058748455854,0.36062559622368184
CH4_C006545,30.431953762888902,0.8600365251478681,0.7933997240318846
CH4_C006546,223.38948629557123,0.5586555204028577,0.8614513181050831
CH4_C006547,148.49666000394896,0.6588300263941245,0.5442506933313285
CH4_C006548,137.08292827814532,0.5531126039771843,0.9303137804441719
CH4_C006549,61.81822264411949,0.363084234874167,0.49696574826647616
CH4_C006550,18.213890533397226,0.7262190887761208,0.31728447345927213
CH4_C006551,205.7749843371233,0.8688544415391459,0.3724170722284508
CH4_C006552,195.54398466218873,0.7056612366508239,0.7380367295445756
CH4_C006553,109.23274473196653,0.3865913834602916,0.5746480482219756
CH4_C006554,138.1923005447484,0.6584502213237772,0.8863512007718242
CH4_C006555,182.1283434193448,0.46126641851930045,0.5953434059928
CH4_C006556,77.21756515656658,0.3319138875910424,0.7051451599009408
CH4_C006557,119.29447531825052,0.6138004246070836,0.35738201862324015
CH4_C006558,4.0109727771623085,0.671323461464248,0.6268161242376074
CH4_C006559,72.52026422230112,0.5388349107922162,0.3797823653558785
CH4_C006560,143.29544128077143,0.36285763151081063,0.34466119688051866
CH4_C006561,129.2786569445144,0.7470626276689651,0.22298722607969562
CH4_C006562,99.43569110415568,0.7188326881926359,0.2758933557831418
CH4_C006563,1.0962922548674314,0.9136942216106383,0.8034378404658897
CH4_C006564,210.9234762790234,0.8301158408522697,0.8009101902035631
CH4_C006565,92.1846960447913,0.6744031562517337,0.8248272153796101
CH4_C006566,135.5556305047402,0.6971426847717972,0.6390966621461123
CH4_C006567,101.8144197147521,0.6933902833525754,0.8547649504690786
CH4_C006568,183.3210025956102,0.4877928061998345,0.34844933755228436
CH4_C006569,127.78029379496151,0.873240855931918,0.5772436477026301
CH4_C006570,188.25633681923568,0.46296723327089784,0.9281756353502311
CH4_C006571,165.24793763344698,0.6728461159713031,0.8418418196259059
CH4_C006572,197.569617674101,0.8740544655571518,0.8703765201045368
CH4_C006573,188.12659654361073,0.798555454525881,0.33662817360452146
CH4_C006574,107.20240755308302,0.42681889019570407,0.334143719571055
CH4_C006575,228.95739095014193,0.6116775232263856,0.40226673278677494
CH4_C006576,130.33000121202136,0.8746081024080588,0.2684156299092101
CH4_C006577,238.85814589592823,0.3805480423893481,0.20390007723873382
CH4_C006578,197.9952013122747,0.6657714128309475,0.7532579478218193
CH4_C006579,220.72907181845275,0.35643869808849615,0.20646078738749132
CH4_C006580,161.07714448734905,0.44538825869290816,0.5976825379873907
CH4_C006581,69.24744845599531,0.9155552541481913,0.6463316851731293
CH4_C006582,160.2544449473336,0.7270103804105024,0.5150755238166438
CH4_C006583,49.345584476970515,0.7157626668594119,0.7362626325075103
CH4_C006584,249.03303420541693,0.7400586240129818,0.510785397819765
CH4_C006585,249.59912884575053,0.5182257146653018,0.3431037631696523
CH4_C006586,171.8867585931667,0.46771923424540934,0.37094203400957654
CH4_C006587,74.85300862445781,0.32071290393461477,0.6020237437825082
CH4_C006588,164.60269970191808,0.8073299197969801,0.8217514624612088
CH4_C006589,205.92019836118837,0.5233203695085872,0.5603250867612053
CH4_C006590,225.10053542706498,0.859276366875859,0.5332431466618472
CH4_C006591,98.76240048464263,0.7936223374482403,0.7370494123620059
CH4_C006592,87.55214390723684,0.9132049872950725,0.20919712737062438
CH4_C006593,109.16732995315579,0.8351712693132656,0.32222945129107805
CH4_C006594,43.53482505727821,0.9188532311621349,0.6106747028886089
CH4_C006595,201.08531841218635,0.41072937633092654,0.27968868784624246
CH4_C006596,0.6467753836224832,0.7254165198341077,0.8088899489108887
CH4_C006597,31.866390430444675,0.4361045253243368,0.8999596260207525
CH4_C006598,110.01944659994747,0.42084849479326863,0.42227804748162556
CH4_C006599,150.73168387389055,0.8129644900030283,0.46522684191980596
CH4_C006600,60.58401856204485,0.7443290906639124,0.31117995886978755
CH4_C006601,77.81612147466357,0.4217288702485825,0.5942518467715254
CH4_C006602,128.6700041907595,0.38960274984608256,0.4296258983370523
CH4_C006603,19.873326742786247,0.4201011867273525,0.7534503146884308
CH4_C006604,144.77860908187938,0.6910338235350306,0.2570639236729608
CH4_C006605,95.18317399173307,0.4130750902948738,0.8360682455158703
CH4_C006606,237.14351797972824,0.32882920418397443,0.58949936011782
CH4_C006607,177.5182098681768,0.5269080591738455,0.2173991547968478
CH4_C006608,162.749640704303,0.43334275745588796,0.8382339218733901
CH4_C006609,173.76787471455472,0.8153311261100435,0.8268961880012637
CH4_C006610,220.0198388963006,0.6041594826010265,0.2873575654364104
CH4_C006611,188.69425527493598,0.44935843073190707,0.7825102558766375
CH4_C006612,80.38584725102643,0.5469062066952758,0.25729391054911466
CH4_C006613,172.37598677394433,0.849094538036882,0.9297531186149666
CH4_C006614,191.96442680242959,0.6517598041880812,0.7832406861580714
CH4_C006615,56.3062425445971,0.3667881225343307,0.2540772577237641
CH4_C006616,205.5090643086571,0.40379210443668084,0.8716608610293501
CH4_C006617,137.81580364798364,0.723066110787135,0.9195109852897703
CH4_C006618,235.84682227720685,0.6885096048828351,0.8494264376999814
CH4_C006619,108.36592486104784,0.9055128537124948,0.509045677119818
CH4_C006620,34.45225498877239,0.5710205157445863,0.8186502359593266
CH4_C006621,71.00287624780374,0.8157568454312112,0.8370134088938261
CH4_C006622,28.99538283403255,0.700746690926084,0.8907252661105816
CH4_C006623,111.84325152692107,0.651790673658444,0.6788257394404174
CH4_C006624,161.23813703551858,0.6730085252583513,0.6869100125270506
CH4_C006625,233.5366477287954,0.4147442194017459,0.7932021284730277
CH4_C006626,25.321306219887678,0.6855427505025193,0.45426182857661285
CH4_C006627,147.28468931374624,0.7592824604856836,0.282159371168736
CH4_C006628,1.562919204745411,0.7605812003395694,0.6379042614407304
CH4_C006629,217.62555024297234,0.5378452646903331,0.8387405634091221
CH4_C006630,190.59749876717208,0.6323437280808581,0.3609925908901306
CH4_C006631,76.9065064584745,0.7000783829231938,0.8377296967745835
CH4_C006632,0.9375812711496789,0.8866181007984204,0.6980195021897821
CH4_C006633,211.24057415433205,0.5451452521731488,0.6469905923082429
CH4_C006634,42.58132880817947,0.8481655383798565,0.7513309964909307
CH4_C006635,119.74696081371638,0.9036064746608095,0.5532392594247406
CH4_C006636,184.05904116867495,0.47885024870279136,0.4571068159201328
CH4_C006637,113.36392620919422,0.8757790243790617,0.9121547370900129
CH4_C006638,228.73192355071498,0.4031818289286775,0.8845410339627091
CH4_C006639,84.06784154938896,0.8467623210372419,0.23203981720215072
CH4_C006640,67.38186123368489,0.35327622762251215,0.43664233640420347
CH4_C006641,56.704209265255265,0.60480746509735,0.4379223517565932
CH4_C006642,187.3530707813623,0.5812707765918195,0.9207409535296582
CH4_C006643,60.65132529017966,0.6771850526410718,0.26716312742965426
CH4_C006644,140.952563742191,0.7810616186723334,0.619880524587352
CH4_C006645,5.911138943274718,0.7337043920923922,0.8691604350732125
CH4_C006646,203.50825790057823,0.8828096999596768,0.9095334947822915
CH4_C006647,65.43226616165343,0.7434311406556522,0.31001229490990256
CH4_C006648,177.1754512017865,0.38139078446408353,0.8320492410108111
CH4_C006649,169.44756804792394,0.6608790763022878,0.3609555530815224
CH4_C006650,16.200809228979928,0.7203237081001457,0.9040641027843199
CH4_C006651,211.7581497838221,0.5773563130118522,0.5629358450578814
CH4_C006652,150.25101455201658,0.4043963876410277,0.7073831183684465
CH4_C006653,249.5317611642386,0.6069303922627391,0.6564234083897473
CH4_C006654,242.94097431869025,0.46745585953888236,0.7392215486440252
CH4_C006655,41.58853502716931,0.5205103786259212,0.8641359646619853
CH4_C006656,137.03084468264936,0.3987357920245541,0.3466265517004602
CH4_C006657,80.57801138611443,0.7133599977567874,0.34907718375568075
CH4_C006658,99.84747546013925,0.8195575817546357,0.2593402387267747
CH4_C006659,94.40700667513835,0.5490929218192512,0.5088091736890077
CH4_C006660,243.24194524599167,0.712795231801322,0.5630465160384519
CH4_C006661,88.54163454784792,0.33882571942066675,0.4155864437463517
CH4_C006662,174.97772121423765,0.8041120808223194,0.8372252438171748
CH4_C006663,224.87592719447517,0.4548161837661752,0.6633288239742527
CH4_C006664,145.5105777473691,0.5082912723456205,0.45079035097007486
CH4_C006665,131.77955167199627,0.8825501454500344,0.4667736092558011
CH4_C006666,246.80996237611294,0.5087409490936214,0.2071675963130532
CH4_C006667,48.79001104918035,0.7808689333441585,0.5971892442193834
CH4_C006668,216.61216019292533,0.5493853296664994,0.5595562868017714
CH4_C006669,193.9698993383942,0.6262537649991472,0.6238147305892529
CH4_C006670,126.06501353042968,0.7958765714509332,0.49261688160687517
CH4_C006671,211.44333448788566,0.39469945152519115,0.7846794962898906
CH4_C006672,157.80683824752657,0.6900848239110929,0.3851757584799267
CH4_C006673,230.68675658836835,0.4651468478524883,0.9482853403171181
CH4_C006674,234.9095803570164,0.42270779654992263,0.4968475199324834
CH4_C006675,123.57799686287676,0.6317847136826219,0.5161407742667921
CH4_C006676,165.5999179550635,0.5619782312361868,0.6083262494563784
CH4_C006677,160.83691785717502,0.4306720209406165,0.5464136811646785
CH4_C006678,175.6462241383134,0.8479059917725968,0.7250220533010838
CH4_C006679,116.92553489889698,0.4923559676393792,0.20311465981020177
CH4_C006680,143.76984911042533,0.6109291935230985,0.5453415090905136
CH4_C006681,241.7931320460776,0.9178169045799001,0.2781159694633113
CH4_C006682,140.39343017159882,0.8939602323585949,0.7313491452331689
CH4_C006683,216.96894256711334,0.8579427272171058,0.5000100044015017
CH4_C006684,117.2366298374671,0.6273358966944439,0.5829389766201896
CH4_C006685,92.85491260217277,0.6922849176008481,0.5387570992125427
CH4_C006686,46.68524685133682,0.6067930272244757,0.581714581785727
CH4_C006687,229.1850653110842,0.38568572283366054,0.35835951625246076
CH4_C006688,12.060369899225766,0.4230540109162455,0.41967439424218467
CH4_C006689,37.82405700743316,0.8866235137947769,0.747105513117498
CH4_C006690,209.9783140614633,0.8657027937050825,0.5144184194093493
CH4_C006691,52.743010610276144,0.429847378443538,0.5997137823631479
CH4_C006692,160.3612935489244,0.7105460318246091,0.5453374798113889
CH4_C006693,100.08025505793591,0.5774215120227283,0.4431074463135558
CH4_C006694,93.76175261866997,0.5342680507104418,0.4444691309540879
CH4_C006695,30.575318523810292,0.7623850512869816,0.6209364766502043
CH4_C006696,94.64995498402085,0.5227488131241775,0.5449898982240207
CH4_C006697,182.77987873769553,0.8413364655468045,0.5894225750076147
CH4_C006698,213.45429915994848,0.7407101785120046,0.5707720040940079
CH4_C006699,89.55398538992002,0.6581970460854905,0.6731477133244792
CH4_C006700,133.86962623087285,0.8077427934210992,0.29819850093598677
CH4_C006701,92.93677517342138,0.6473508393312175,0.6558298147937345
CH4_C006702,77.04666715634703,0.6749366959942852,0.45027184021119077
CH4_C006703,173.2010899670847,0.8345842486455457,0.41410928616291554
CH4_C006704,8.419973106478295,0.7999027499696512,0.50741860835858
CH4_C006705,98.88289023792254,0.3367714200594689,0.7742236578878747
CH4_C006706,71.44873292137721,0.7681181592210298,0.9097134637926467
CH4_C006707,236.8479674352348,0.5769632892943757,0.2717434353491962
CH4_C006708,201.14780132715404,0.49891586121681514,0.32841022556300603
CH4_C006709,218.9545774850131,0.6933772010463892,0.37060752637939026
CH4_C006710,0.4390239946962249,0.4737691923162841,0.4422891892899745
CH4_C006711,18.12866433692284,0.5994977182640469,0.6329515072047188
CH4_C006712,153.0818334391726,0.7517370351863444,0.30619478624663043
CH4_C006713,165.10085538445253,0.370777461339878,0.6091736231438678
CH4_C006714,9.390231690109413,0.4995722159623758,0.49090205149755267
CH4_C006715,223.06002712989314,0.8529761020871922,0.5732908269656479
CH4_C006716,127.75753243630584,0.8842121451145422,0.7143848408054831
CH4_C006717,118.52640993860572,0.6999903884572503,0.21398279304517423
CH4_C006718,115.13044874845727,0.82301342624718,0.6310665805646478
CH4_C006719,134.0283417088484,0.6961416895518667,0.5443447476004553
CH4_C006720,129.0312381724465,0.8559622078677434,0.2622688662229411
CH4_C006721,199.14013473880937,0.32129312064782295,0.21773223646868642
CH4_C006722,216.36179726398373,0.8171368914037287,0.514946077513571
CH4_C006723,89.18191986882448,0.5513427439935548,0.33151036776160603
CH4_C006724,231.10494577413374,0.8291102125526217,0.5337766242945754
CH4_C006725,114.64723049323453,0.7568844296603301,0.5527090352491995
CH4_C006726,137.9942430352664,0.6446074781496716,0.5786468843205859
CH4_C006727,195.40299897894914,0.39784704610046007,0.8273195926736665
CH4_C006728,71.51831334573411,0.5879391131685598,0.5267221804193654
CH4_C006729,146.5961416448853,0.7816785013322038,0.3551393657069879
CH4_C006730,210.63011554422627,0.7042234023946367,0.7239035324248273
CH4_C006731,18.89645349836358,0.7742932889418142,0.6927143271957776
CH4_C006732,140.53943559726346,0.7997437071238778,0.2755256878510527
CH4_C006733,81.49844652844884,0.8018270557902631,0.6699064471818932
CH4_C006734,107.44760506033549,0.523631704752828,0.2689448167908515
CH4_C006735,30.550649727585448,0.4399182790208583,0.3961372065572243
CH4_C006736,180.73062600675019,0.43701857650742826,0.3497118666454513
CH4_C006737,216.3421701438783,0.49966430168268205,0.8946950123194679
CH4_C006738,3.314389973775339,0.7831457589685811,0.7709210701556191
CH4_C006739,216.94116122252345,0.8426885978371916,0.8522506292354208
CH4_C006740,120.55237776922006,0.5472637439196135,0.8765879472690248
CH4_C006741,240.72292995316423,0.8764390302474581,0.926493727877207
CH4_C006742,241.0360814958066,0.5808467503320789,0.5584192895046565
CH4_C006743,7.366943210693505,0.46536863627070346,0.2687655824988257
CH4_C006744,248.06952013402417,0.5164669055682483,0.45283002894119456
CH4_C006745,25.058627317185223,0.42110929145628595,0.6728982751601047
CH4_C006746,166.49106611535595,0.8599406533373417,0.8254488724550575
CH4_C006747,114.52295498524165,0.8901551629404669,0.6735655631836732
CH4_C006748,245.30908421160748,0.6999660478149294,0.7035213640570201
CH4_C006749,184.28972438545156,0.6990545072579865,0.454295685210688
CH4_C006750,71.35833853208781,0.6293183828216007,0.25968602337146096
CH4_C006751,199.00871316154735,0.6639401060899033,0.46737890836512325
CH4_C006752,199.28429377293605,0.43425347956521176,0.6837683131979879
CH4_C006753,143.21786269199768,0.4634702091004317,0.567552667033123
CH4_C006754,13.749825421689843,0.7839519582492803,0.9369825170097144
CH4_C006755,171.46081355364987,0.5428371993633635,0.262066562748554
CH4_C006756,83.76455595046667,0.4138602080308496,0.41782202311559424
CH4_C006757,58.23151285275524,0.7841933712339646,0.39382728322291016
CH4_C006758,126.12758900078062,0.6519092243248992,0.9092913190006411
CH4_C006759,208.19412103417233,0.8818344498060069,0.6124124381304819
CH4_C006760,131.3769605473801,0.8332216018001084,0.8739816237378153
CH4_C006761,164.95779522112457,0.5151131024338994,0.44740858036590453
CH4_C006762,48.609684767317724,0.37646894823723154,0.8189861514160639
CH4_C006763,18.880593347533004,0.4589272291933758,0.21129372270694574
CH4_C006764,194.77210176736168,0.7954413483561503,0.5862388343696833
CH4_C006765,1.6714459615136956,0.4075807184648427,0.6322420697111568
CH4_C006766,135.00165058332786,0.4516366979505053,0.7029199710001053
CH4_C006767,58.57232197603221,0.642417260810153,0.45342559956569134
CH4_C006768,3.4505375122554636,0.5236173861245801,0.820176555645008
CH4_C006769,50.59974981153939,0.34031054151644646,0.27021934176023
CH4_C006770,45.968604659411575,0.35833533784731586,0.5509778564183658
CH4_C006771,196.8100102666403,0.5648557045104846,0.7296195455455716
CH4_C006772,52.279037486754746,0.4807472879110479,0.21439376591228004
CH4_C006773,114.02048274207056,0.7299937360047497,0.9361775350838579
CH4_C006774,61.998969385026385,0.6152934151892855,0.6898717472269158
CH4_C006775,197.13051712000885,0.4927691094796147,0.7577396091080233
CH4_C006776,23.509794488411423,0.5889195652729369,0.3829657262406053
CH4_C006777,16.216174592875916,0.706286572430821,0.8643215785987077
CH4_C006778,233.49243378046614,0.3273735130410227,0.4805511790182396
CH4_C006779,90.3712607602781,0.7031633428016384,0.8259626155234256
CH4_C006780,243.8362320010894,0.8436841006371942,0.3050857916136068
CH4_C006781,122.47747946736534,0.46602485548034106,0.39882827121578185
CH4_C006782,69.38945892686185,0.5277846938122979,0.7400609210154505
CH4_C006783,19.679169677670195,0.36187353180213744,0.6060935916606309
CH4_C006784,236.62107182458564,0.5813292823100924,0.8434617090066765
CH4_C006785,139.2822794174281,0.7178483450948245,0.5063914188070247
CH4_C006786,69.24427533850667,0.6011645069912268,0.8693684221752185
CH4_C006787,103.83068412325461,0.573494418996563,0.6904501950736661
CH4_C006788,63.43478126271149,0.8765982170069238,0.924061466990939
CH4_C006789,78.58244144992952,0.576235755012316,0.4890009100424481
CH4_C006790,121.17613841657595,0.593131588099533,0.6876835171641316
CH4_C006791,226.41551268695477,0.7915365676663574,0.21893562420314266
CH4_C006792,98.70711907152472,0.7781692465311083,0.43864689956317937
CH4_C006793,115.2759933739435,0.7447502334715417,0.8900351506763438
CH4_C006794,54.023756740932654,0.8992096930403082,0.4084846408842654
CH4_C006795,66.79088212042394,0.8407916590668283,0.5177165969228208
CH4_C006796,246.78702872972383,0.741972652490316,0.2299019683944718
CH4_C006797,189.12234594072694,0.7512602316391555,0.48825881520695347
CH4_C006798,128.0099272018067,0.7265817637588454,0.867068448718646
CH4_C006799,198.35005690773497,0.5578885344938884,0.8253293488505533
CH4_C006800,230.4876187150795,0.5448970111400191,0.5140125790347325
CH4_C006801,76.7339017659488,0.8509584382119062,0.46301203190897094
CH4_C006802,107.21501341049513,0.5898974039222473,0.2887023351281589
CH4_C006803,41.207515378710006,0.5735712616993467,0.6187907475686598
CH4_C006804,131.18673311321922,0.7997603658032223,0.2864034269272828
CH4_C006805,154.91064891736985,0.4576510524326063,0.5869923945599973
CH4_C006806,101.27718164326485,0.34533717245826007,0.5436459410217148
CH4_C006807,113.09112173068098,0.4644210904128591,0.2841874913263053
CH4_C006808,157.53390567712867,0.3481152565041188,0.7317708905543265
CH4_C006809,91.96159408740212,0.6217414729734667,0.8597910178882178
CH4_C006810,86.64650265591756,0.8266869583252627,0.5441119050629311
CH4_C006811,17.75125561554264,0.6600547253991338,0.5533648407707965
CH4_C006812,168.770724914523,0.9100557141835357,0.8577071000145531
CH4_C006813,17.324175988500777,0.7290157297308987,0.21833921300208942
CH4_C006814,77.14250148894003,0.5144193100015493,0.6548917370270264
CH4_C006815,127.52381969663045,0.8563532977633277,0.30434494021467845
CH4_C006816,64.4610053418423,0.5717981214185085,0.5509968290107672
CH4_C006817,91.74919911633623,0.7020674400033803,0.8295260485119271
CH4_C006818,2.0789303669765946,0.6873118770644024,0.28202907888685047
CH4_C006819,147.05091437553068,0.42276972323557965,0.40235785973560334
CH4_C006820,141.52271405372545,0.6336819107429019,0.5083295848243357
CH4_C006821,221.54403726420082,0.8578846949133834,0.4827514119772252
CH4_C006822,201.53887112483335,0.6533395276932814,0.949926669207424
CH4_C006823,179.24883030108325,0.42003112210216775,0.48344500796512974
CH4_C006824,84.19206507445512,0.5177550532071172,0.6052835835749526
CH4_C006825,60.97569548265563,0.7322757659120106,0.5941634438575634
CH4_C006826,77.50458974171973,0.32324349072415265,0.5616220314655431
CH4_C006827,75.15387121763139,0.5580946048719206,0.5396972041065187
CH4_C006828,30.177372961749438,0.6222926807609903,0.7703165010274866
CH4_C006829,210.83003034385632,0.34179646178906525,0.567493949216715
CH4_C006830,12.796036830983432,0.36989618459865514,0.7939673680606902
CH4_C006831,0.34384136049855907,0.682190131599928,0.2337413826643525
CH4_C006832,21.057030331320142,0.7635854396290023,0.6535638655089633
CH4_C006833,74.13949147190324,0.5269689704217779,0.3023553637141646
CH4_C006834,197.371414287206,0.6618656057697708,0.8582371290782471
CH4_C006835,28.247122888499398,0.7113136981182521,0.4974840202782422
CH4_C006836,99.87161774849973,0.8885236140436592,0.9382930590990655
CH4_C006837,242.67284879284296,0.47824970207408746,0.8968841886076051
CH4_C006838,100.52204007692534,0.5510842524726686,0.2679572494280527
CH4_C006839,40.285715028686525,0.4631837923252461,0.6180583503755543
CH4_C006840,245.4660867983713,0.5073401272050972,0.3807839432327886
CH4_C006841,243.4097002690608,0.7072223013514602,0.3147283391681492
CH4_C006842,228.57887883306222,0.42454755037357367,0.6627723066832922
CH4_C006843,112.94581959916391,0.5176075543541149,0.4736609059845028
CH4_C006844,239.9377118040663,0.5030432536073687,0.4057794430263959
CH4_C006845,199.17108336030233,0.5151845066755611,0.5773735238937838
CH4_C006846,224.44865501352305,0.4585023998065108,0.29565321230880326
CH4_C006847,194.14148807004986,0.9181216288130738,0.5113430211217379
CH4_C006848,190.79125520833978,0.8000728487460906,0.6670021772721683
CH4_C006849,152.65280813476332,0.5545441078816798,0.8946149590790933
CH4_C006850,46.511568928372604,0.7409637726889611,0.2611512798017962
CH4_C006851,111.26165308894223,0.603873458350324,0.2587620119584708
CH4_C006852,241.90233488750707,0.48557350148791834,0.9255986690461597
CH4_C006853,104.70027988702404,0.6618048094164062,0.26295411322035656
CH4_C006854,129.67591862011292,0.6305946057653649,0.571884874582014
CH4_C006855,119.79138680566805,0.48964911181204607,0.9254513946265925
CH4_C006856,92.88281140585111,0.6239760542234706,0.7366643556254273
CH4_C006857,227.75763891945783,0.43653914298709584,0.3976885420693367
CH4_C006858,108.5983171445768,0.43520960782658247,0.5048853994989204
CH4_C006859,215.09094856212639,0.3636326260659879,0.6309187478266391
CH4_C006860,239.8436556313622,0.3300198253303833,0.4068140741256695
CH4_C006861,55.644194667157,0.4745274423840683,0.29510139311560274
CH4_C006862,194.43179899127097,0.8718524477428693,0.5416194221138777
CH4_C006863,161.10141047108627,0.6196106696454492,0.7960809986978954
CH4_C006864,24.247962021848117,0.45057093355337274,0.5335842996453544
CH4_C006865,53.759618315591254,0.8373738281405041,0.46132927808457996
CH4_C006866,101.32892247886488,0.39256106257580664,0.8143316260361491
CH4_C006867,203.4983078807365,0.8988567564416967,0.6594342536427933
CH4_C006868,31.74527194355209,0.42469729623597613,0.36927532551995146
CH4_C006869,118.81513749672953,0.8329840753194757,0.4354421669125258
CH4_C006870,97.5020718222181,0.5889811065786352,0.8337326499378772
CH4_C006871,73.69979346099656,0.42283021369519025,0.2054199752590351
CH4_C006872,126.42282436099597,0.4635360983767155,0.553470820346013
CH4_C006873,50.67610518225577,0.8920856962120844,0.9275004311520363
CH4_C006874,161.14168937942313,0.5518996467861299,0.5109762120399117
CH4_C006875,185.2895946704902,0.46309121784525503,0.7263639807095865
CH4_C006876,108.56990893733382,0.45686236738796204,0.394222341522059
CH4_C006877,200.14678228234072,0.6455199319403875,0.9090796292555654
CH4_C006878,171.78093626176465,0.40874777588385985,0.626899090363211
CH4_C006879,43.29637517711124,0.7671361289189014,0.3375484581274558
CH4_C006880,29.317618055631655,0.5294303092682328,0.9248321839969904
CH4_C006881,244.26423268013463,0.6029321326666728,0.2520642216869291
CH4_C006882,243.57321169627,0.5678048249441534,0.7853962024694743
CH4_C006883,142.99481268204573,0.34185172118129437,0.7274482661918964
CH4_C006884,167.8535554114555,0.7208169629082561,0.6367213154773901
CH4_C006885,23.275021767382498,0.778617696134714,0.7288028482262408
CH4_C006886,163.50029632814375,0.8565155489154763,0.7511030184083016
CH4_C006887,50.97739670655543,0.6768939608782839,0.881097884676096
CH4_C006888,45.35809591349405,0.6335088191484741,0.6243296359640791
CH4_C006889,204.86208471168806,0.872406796362726,0.7907808511564087
CH4_C006890,85.18542880608537,0.7133818473498761,0.8425690754922508
CH4_C006891,181.70484352236505,0.411419156126903,0.5237450389692879
CH4_C006892,23.52385231064602,0.6677537950308744,0.6118986559324264
CH4_C006893,75.07779240694116,0.6947846564424535,0.7194248455515992
CH4_C006894,144.903690460891,0.37047195043529885,0.9089312662299118
CH4_C006895,73.82458048341812,0.5865365986847844,0.5347198389912462
CH4_C006896,214.29749945584624,0.8165755185216115,0.30221678985372014
CH4_C006897,138.48984143662008,0.8352990728269274,0.25444729592312243
CH4_C006898,177.197775399584,0.7138956711104314,0.8159373361283724
CH4_C006899,54.65398201376967,0.5929216908000838,0.6234781219724468
CH4_C006900,137.2300694007645,0.3244070647294053,0.5230611974187062
CH4_C006901,55.631982564518346,0.757225849573299,0.43744177149325036
CH4_C006902,87.43887569335185,0.8113810251256274,0.6689368862921439
CH4_C006903,236.1664981747897,0.6882398954736192,0.8030732588242342
CH4_C006904,227.7578179290742,0.6194884169597936,0.25185712114499925
CH4_C006905,237.5754342773686,0.8155200807347102,0.7143951837199913
CH4_C006906,79.7702154948185,0.8708678056770149,0.6105395008871404
CH4_C006907,236.29631702229813,0.3748483502623564,0.2649180851218716
CH4_C006908,225.5407499566917,0.502343204936401,0.2668639478634016
CH4_C006909,196.57330064374247,0.4537568356474762,0.7554238806508511
CH4_C006910,98.14814170428122,0.6045904535140514,0.3927472577300434
CH4_C006911,247.03465836327857,0.8084071973973253,0.7147731422778669
CH4_C006912,237.86589825635997,0.8177535931843385,0.8285343913208523
CH4_C006913,107.87206596863763,0.3721078903096241,0.47759710103349967
CH4_C006914,9.669193662538877,0.5231762043921325,0.2862253745639407
CH4_C006915,174.24914931806475,0.8148927123489708,0.8965239319153604
CH4_C006916,165.1554000919287,0.45663033108968887,0.8766938386237157
CH4_C006917,53.251127477719734,0.433909341297952,0.8872861278364239
CH4_C006918,183.54677283212445,0.6198916047817757,0.2058594388428039
CH4_C006919,229.60131289745834,0.4989192113423646,0.5912155452162849
CH4_C006920,174.8107227432803,0.7005478752681177,0.8276639874477953
CH4_C006921,26.01374865274611,0.7890875018022216,0.4729880988618567
CH4_C006922,4.951804665801585,0.8313521787036964,0.3801979320091554
CH4_C006923,55.55485349049455,0.60180146964263,0.44035167274141757
CH4_C006924,76.38904722783352,0.42864415693965086,0.31906631435004107
CH4_C006925,128.6805537710661,0.584006380815822,0.6053414556820507
CH4_C006926,57.66245651914637,0.6842450982371634,0.9498325245138981
CH4_C006927,42.92611789817655,0.41426481255197817,0.4610453073570069
CH4_C006928,248.64456256786914,0.6216316569008704,0.2792657571677304
CH4_C006929,21.173682037074066,0.619538429447412,0.9179117496606837
CH4_C006930,24.34447210200305,0.5030360470500668,0.30067514441524235
CH4_C006931,42.30141102650878,0.41566366235082974,0.757178246193684
CH4_C006932,48.62705250375585,0.8296419666434831,0.5755921929746926
CH4_C006933,212.44032483361457,0.6614572344184023,0.6887909441874538
CH4_C006934,215.80975385121806,0.7768308864184078,0.6240743695991284
CH4_C006935,185.98903599595965,0.3642916640831992,0.700035967926758
CH4_C006936,128.17437697486986,0.42412729775690694,0.9137460944962497
CH4_C006937,170.34017205369773,0.8295474271637115,0.6472027727996936
CH4_C006938,164.26414701129056,0.6423843796853308,0.8117653699810323
CH4_C006939,47.68186374898234,0.40767326907366425,0.49227138211461735
CH4_C006940,179.22417527209154,0.7077787498884456,0.6599845666744176
CH4_C006941,35.537749862035426,0.9065383034289467,0.7954174012404878
CH4_C006942,6.90892028921794,0.7637138897340986,0.5217400805098844
CH4_C006943,166.06431245123696,0.707157080503259,0.7841270436427323
CH4_C006944,81.00569969056356,0.5029678670725332,0.35160157906556855
CH4_C006945,223.53954320657206,0.3974874058501182,0.40160630183367396
CH4_C006946,113.957862415693,0.8714491516363914,0.309542259313338
CH4_C006947,158.72900818030723,0.8547510477595395,0.531012522970068
CH4_C006948,57.85005463571155,0.36353162259171473,0.4383309767402869
CH4_C006949,147.38205807623063,0.7533505267209305,0.45972858219070106
CH4_C006950,33.19642989930352,0.3382939387541603,0.6500126143702907
CH4_C006951,0.9240539654107316,0.7914983251326303,0.7414717302632863
CH4_C006952,197.72957110148235,0.6029227971175661,0.27257492579729414
CH4_C006953,206.9823809597312,0.43090093247592215,0.6097238839882435
CH4_C006954,64.9071477232536,0.7154322405676097,0.7083129975532982
CH4_C006955,78.40122379043585,0.34456554692334507,0.4327588742420052
CH4_C006956,238.9511101266228,0.44535134506731155,0.9464504392443318
CH4_C006957,112.6772488921042,0.3658619070294294,0.4839169262940944
CH4_C006958,3.1505627610673717,0.6229507199162421,0.5815148293396069
CH4_C006959,7.522367162505206,0.7156654657952211,0.6122781689917443
CH4_C006960,220.27111133189646,0.8602350833525725,0.7910876593027756
CH4_C006961,49.90170690054477,0.8898394659029583,0.6174674227721129
CH4_C006962,84.33106345598499,0.8564193533131643,0.4151012139322403
CH4_C006963,140.6901098820256,0.7077539083578167,0.8478443220673333
CH4_C006964,49.04578963842096,0.8780689530937356,0.8402224622604126
CH4_C006965,81.93097775940485,0.5334949172736985,0.2793889222712602
CH4_C006966,38.41702388786314,0.8138424050842052,0.4025454241593093
CH4_C006967,247.80936680412142,0.5690697546056964,0.42289216048342804
CH4_C006968,193.3012866657907,0.3644711374141261,0.20571032228261613
CH4_C006969,177.9922889318544,0.353161861189394,0.3599127512608845
CH4_C006970,196.20736559048646,0.7623915150314985,0.43905312459331675
CH4_C006971,154.6161195909517,0.741306622078854,0.7992088763934122
CH4_C006972,37.96925831434525,0.8617315991511512,0.37864505241940843
CH4_C006973,5.590033615692436,0.4187612056713751,0.5407985762888747
CH4_C006974,50.16335476358094,0.5224131163905276,0.48516773313948824
CH4_C006975,10.570534746691006,0.6314418262081303,0.38323185410432975
CH4_C006976,139.19144109548057,0.9079223875626503,0.3593182596701111
CH4_C006977,224.19492716719844,0.665957555018952,0.9403635557052654
CH4_C006978,193.91923515346116,0.9083308242340173,0.32829726701993195
CH4_C006979,41.48602748940105,0.860004018740828,0.5435091158725651
CH4_C006980,130.93214135635836,0.9052704072785314,0.871734432246337
CH4_C006981,39.92949503621687,0.8597092659151992,0.6263963524043626
CH4_C006982,229.2834601564704,0.9077150723300016,0.8224893447668091
CH4_C006983,1.434996177585135,0.47110680440553154,0.8534775425459233
CH4_C006984,194.14439819463865,0.7787217364373904,0.46548958139175683
CH4_C006985,19.9430142040761,0.6693202547659415,0.4095143675258024
CH4_C006986,14.598022451291603,0.9051437458373597,0.4735176939984252
CH4_C006987,210.8995592169841,0.4809840746092052,0.3877997695788125
CH4_C006988,150.9225095230556,0.8209473257563893,0.514125455802653
CH4_C006989,35.188779972911284,0.5281307370607975,0.841346893707569
CH4_C006990,189.04523553760524,0.45484569990215296,0.7408178422927298
CH4_C006991,100.45515963519696,0.5629319906418111,0.7201792116148054
CH4_C006992,81.99001076866624,0.5907524025432764,0.598108384909944
CH4_C006993,38.65258642737862,0.6231371263603718,0.7798759084490343
CH4_C006994,199.47281628177768,0.9050086860673043,0.46073258860141786
CH4_C006995,112.49817201370821,0.3308565100458834,0.8375881124004774
CH4_C006996,122.79481155569924,0.8991649742901631,0.8342529553646099
CH4_C006997,118.88034455607449,0.46121153335049203,0.4574131418524376
CH4_C006998,231.72800548612958,0.9158116660490727,0.6088973478748516
CH4_C006999,60.76267289275602,0.5291660910071652,0.4085995403197723
CH4_C007000,92.34164385666332,0.36707111898261346,0.2739729505623085
CH4_C007001,145.73212817698314,0.4810010807119538,0.487786025084262
CH4_C007002,223.66135610225624,0.629710074181066,0.5833269053128556
CH4_C007003,118.44065389778238,0.6455556972068539,0.6372923629018132
CH4_C007004,155.19728724243316,0.5378456299128653,0.7880685076421692
CH4_C007005,27.619266454599,0.8675806472497127,0.32261192667019867
CH4_C007006,241.95949685891213,0.3351295865637585,0.5584431273368977
CH4_C007007,215.5207057529539,0.6106185008969581,0.42908377862917285
CH4_C007008,169.79214934486166,0.5991202679030956,0.8740372070394551
CH4_C007009,45.14273099684662,0.4340846042648287,0.9042468547947564
CH4_C007010,157.6941006886959,0.5779460936195304,0.9067502511150429
CH4_C007011,215.94369037688156,0.8610126223227417,0.24963373003709077
CH4_C007012,1.5196515703444213,0.4037595761712722,0.9133963982843332
CH4_C007013,202.3682544930433,0.4338994741246226,0.6848068944743393
CH4_C007014,203.33127205321446,0.3305805056898728,0.41176079421927936
CH4_C007015,197.3543323875818,0.5740201169284151,0.4534976171419263
CH4_C007016,69.60876398217763,0.6094282433460515,0.7607761145566276
CH4_C007017,185.96951660412142,0.5163060387106325,0.25975770165695233
CH4_C007018,144.66849028267262,0.32813853088689615,0.6677583074902824
CH4_C007019,53.647326408339886,0.44436078711745153,0.6437462463412162
CH4_C007020,171.20911545505575,0.37558385112379455,0.616576720419235
CH4_C007021,89.87599310583747,0.6638269381338529,0.3869380565823809
CH4_C007022,84.70946145391287,0.5906059477551043,0.8811069249018268
CH4_C007023,108.99397458485984,0.7599138050519514,0.9098062416258312
CH4_C007024,105.00487353490287,0.47437023663688505,0.7144146837961314
CH4_C007025,168.87059916981997,0.3539159420261847,0.4008052049048265
CH4_C007026,117.10319772533958,0.44623386461026326,0.4880157236650214
CH4_C007027,68.65341601177482,0.4099885324538666,0.7659702146679037
CH4_C007028,6.629305828822762,0.8581234455381908,0.3366712826820294
CH4_C007029,192.52126611618294,0.7473904205687296,0.41277205274483797
CH4_C007030,199.31788863611436,0.7868342952526781,0.639163658929087
CH4_C007031,243.39275480260136,0.38877209310734,0.8537748619331154
CH4_C007032,138.11555372663094,0.44755145882849845,0.4158573699631659
CH4_C007033,57.60260738776252,0.37820202870315744,0.6263682584929375
CH4_C007034,102.81131443939084,0.8086523789949338,0.7486896273789467
CH4_C007035,111.21471128389348,0.41093462261180314,0.7320480369776878
CH4_C007036,221.393308243727,0.5297911144621761,0.9448769155001135
CH4_C007037,160.3783210942404,0.6178734311521805,0.8567216557989048
CH4_C007038,183.69969971490286,0.43623065695837776,0.2629155934743078
CH4_C007039,190.73210292545372,0.8110785676896941,0.5910925384563221
CH4_C007040,119.96488049747327,0.32649764866274517,0.22435975730898985
CH4_C007041,233.74911681749896,0.8624036116138045,0.2490989349691943
CH4_C007042,49.07216018245286,0.6908733886581004,0.37172038500370974
CH4_C007043,68.77745147274462,0.6290678537839323,0.7538853235958038
CH4_C007044,90.97167195160128,0.3254757231003035,0.25114262555019784
CH4_C007045,48.15095366189737,0.43997210055351094,0.7516129151094426
CH4_C007046,149.8219138315391,0.3580353239962592,0.36569980653036105
CH4_C007047,110.99138213032825,0.6197480892947077,0.24714179436406475
CH4_C007048,142.29299493516882,0.8869526121437432,0.8803802309618127
CH4_C007049,13.202395805447797,0.6874890521640904,0.7568175440959799
CH4_C007050,224.6665550562559,0.5910379806469688,0.8422567236168645
CH4_C007051,200.4895115511723,0.7327344469370474,0.716492825136632
CH4_C007052,199.02371164490134,0.7017266392195176,0.5041056682247005
CH4_C007053,184.354877646344,0.423946109698809,0.6970499062332685
CH4_C007054,90.01123249931881,0.6963972574873486,0.235169053706547
CH4_C007055,97.98651967906272,0.6560091911761341,0.6328820770582297
CH4_C007056,33.7118139384191,0.34748628102355944,0.2492183939272087
CH4_C007057,189.53055692381284,0.9146101015774166,0.8941984391890827
CH4_C007058,69.07223305151291,0.557596718174467,0.7741831626007494
CH4_C007059,82.00185397863638,0.8722611134870384,0.8528163803455076
CH4_C007060,139.9572718428158,0.8493823675792225,0.2652261471127078
CH4_C007061,213.24738343753873,0.5487562251792176,0.6913547066321566
CH4_C007062,47.437666760276166,0.9008773229391327,0.46999502592320863
CH4_C007063,100.26910153125895,0.8856399247976567,0.725563103961097
CH4_C007064,85.25742195569941,0.5809044532939878,0.7388934722961209
CH4_C007065,6.241571649668154,0.8409544782640017,0.30194431445821407
CH4_C007066,142.29400685685152,0.6489267731274623,0.23366089610069052
CH4_C007067,195.31952096226823,0.8549274999953398,0.9175289530097825
CH4_C007068,146.40647386551353,0.7820730976188542,0.5123244947855008
CH4_C007069,82.73696580743436,0.8273535356537156,0.31371912473974195
CH4_C007070,9.941884559511033,0.8937356435628272,0.654302420101492
CH4_C007071,50.20045474322416,0.7116726267947998,0.7595916499975508
CH4_C007072,199.45705308349704,0.8621934482728362,0.6263755232782058
CH4_C007073,10.231064939691393,0.7328190359309305,0.9319481145254329
CH4_C007074,243.0994599104365,0.37017300752622695,0.25288952976685164
CH4_C007075,103.21426431431586,0.8438590518593319,0.3044561266398776
CH4_C007076,226.04284983754286,0.4052071959517546,0.7626805206367433
CH4_C007077,77.3750703848595,0.6646180381342325,0.7118264404925072
CH4_C007078,211.78220800076826,0.6862443394461978,0.4654898483070771
CH4_C007079,152.36054778118776,0.7560648101405267,0.2473300610374749
CH4_C007080,173.66894788536894,0.6437776433112418,0.7808499234355506
CH4_C007081,130.16782479623188,0.826801333667142,0.8398818224394868
CH4_C007082,143.37837135523236,0.6749262961280442,0.27846893072042633
CH4_C007083,25.389950735945437,0.8847438431405992,0.6019257305461552
CH4_C007084,239.89795450265186,0.39059183741786835,0.3916879917340936
CH4_C007085,18.061280031293037,0.3909794523689726,0.5020727906050544
CH4_C007086,211.91098787520212,0.5551837618211146,0.5644463495033745
CH4_C007087,120.91111272530023,0.8227077131955154,0.39617179245483575
CH4_C007088,101.57398240767931,0.879482585932273,0.6054335550642944
CH4_C007089,122.68752212049624,0.43775927091251143,0.3426084634287844
CH4_C007090,21.126213425070706,0.7754971530550099,0.36906967621707343
CH4_C007091,229.14381359622467,0.7519156602940342,0.2014601375885076
CH4_C007092,23.27600009634348,0.6119460400794015,0.4593617346330318
CH4_C007093,69.03295789610713,0.5872839717509459,0.6484809874403312
CH4_C007094,167.2820786488564,0.42441080844613294,0.7216302542611106
CH4_C007095,15.20173706332148,0.6680028659810123,0.7147579933624719
CH4_C007096,11.69288729353779,0.8624900384209173,0.599548040736928
CH4_C007097,104.34645715295107,0.331018424967315,0.5925982394655396
CH4_C007098,155.85426233472762,0.9125160484339758,0.8461038021459051
CH4_C007099,156.0990978460031,0.5476375070806743,0.4583925620665618
CH4_C007100,194.19892677601067,0.8494851876010252,0.73783313291867
CH4_C007101,100.97874798789015,0.7262159510768338,0.5040120095882299
CH4_C007102,35.62015401672719,0.3700123456181546,0.534159327964959
CH4_C007103,225.1864687713623,0.7915029730650589,0.5444558324413954
CH4_C007104,94.94328910472952,0.34768636691629384,0.41639328494455385
CH4_C007105,67.87406319127257,0.5898990353173748,0.757133817999218
CH4_C007106,158.999201500108,0.5413405997263543,0.5357441199925421
CH4_C007107,50.01042158983859,0.5066466969830681,0.38373105587555667
CH4_C007108,231.82928814738293,0.3915152328602566,0.31749057963030636
CH4_C007109,184.8869060423678,0.42498536420358396,0.7150475236827445
CH4_C007110,59.46294852087741,0.5175350343799087,0.8634768226144618
CH4_C007111,171.58082906443948,0.3592469881363454,0.6224226851369785
CH4_C007112,21.78542666156702,0.8352241396961961,0.8842231997312655
CH4_C007113,164.86177536348293,0.4138015237995467,0.458217601245915
CH4_C007114,157.7785352343676,0.5421369989295879,0.9385220939815211
CH4_C007115,145.0373004185935,0.40077971677012697,0.22046933735426952
CH4_C007116,205.37681714418952,0.6901483597049748,0.9394832172927585
CH4_C007117,16.07438672005615,0.9030740085005287,0.249913175768285
CH4_C007118,92.08705663346642,0.5014037512512954,0.8225772160530731
CH4_C007119,3.9539593933009822,0.8057813963552019,0.5806970075066018
CH4_C007120,131.29388413497017,0.6219320289430763,0.9470522938647379
CH4_C007121,164.42965437207386,0.6618122658541599,0.4585644283333838
CH4_C007122,171.57186451815818,0.6168726799272626,0.3608096704957221
CH4_C007123,75.51474386046841,0.8244382458234372,0.7608910737538972
CH4_C007124,171.56415227395624,0.9149139752452313,0.5480052325935594
CH4_C007125,31.228538199480905,0.39327877293266256,0.2918087477967446
CH4_C007126,237.43803214771688,0.7724731446065357,0.536418439697962
CH4_C007127,64.3165086699469,0.6381833335128217,0.8763361536592067
CH4_C007128,200.07887476685676,0.8772283935326988,0.5160231655880874
CH4_C007129,36.317110048988546,0.7721942715893901,0.24700235193054557
CH4_C007130,187.9180465465731,0.35952518913777426,0.6413227468883802
CH4_C007131,67.23436295898533,0.910117749243043,0.7427347785485512
CH4_C007132,198.919526722325,0.6779433242161652,0.9372799649106782
CH4_C007133,24.954973414291647,0.8981381322915842,0.20496046171442056
CH4_C007134,239.848365881109,0.7853012403573556,0.3051025125309006
CH4_C007135,120.45483643313662,0.3403141972434286,0.29219276158048646
CH4_C007136,69.02806663621236,0.34213047548677483,0.6192047118455334
CH4_C007137,93.80357875132312,0.8366010084167217,0.24589324102726987
CH4_C007138,41.046770647249595,0.8536459175992921,0.5857643483806586
CH4_C007139,113.14053904438725,0.6469066272117058,0.23819767716054752
CH4_C007140,16.724882657493,0.6674375503491716,0.5629221685023627
CH4_C007141,110.01839389264023,0.3547638734772266,0.6940636206784787
CH4_C007142,217.4327120739988,0.9075051036021162,0.7969600149707934
CH4_C007143,216.51350591153644,0.6443958440847664,0.9371541225598747
CH4_C007144,95.94723281724463,0.8177981092872715,0.44155419591616074
CH4_C007145,83.39416445900433,0.6332736511508197,0.4136315291814958
CH4_C007146,16.995767632344922,0.3542301707579372,0.9071642036767131
CH4_C007147,177.47703119997323,0.796637473369445,0.22132509092431824
CH4_C007148,218.55265733807173,0.654552596329903,0.24955670567273697
CH4_C007149,198.9051075256396,0.5382571733972716,0.35685588896331577
CH4_C007150,121.00756849158445,0.6545913926367892,0.4241633717072072
CH4_C007151,131.23879685606536,0.843001950318971,0.4920947676521121
CH4_C007152,181.5603395075498,0.6474760943243344,0.7971896299774313
CH4_C007153,214.96984166435143,0.46439520686136193,0.6328568341374157
CH4_C007154,182.03288821872866,0.8389837576051775,0.8201856197976842
CH4_C007155,213.3864795591024,0.49915000644899166,0.920909376542925
CH4_C007156,237.48980331419895,0.6615428615474774,0.7788690977146155
CH4_C007157,203.55454025520754,0.6966665146594904,0.832821613467077
CH4_C007158,98.14812010218948,0.5444728557036618,0.7212096407439865
CH4_C007159,179.02179817992706,0.8476243408812787,0.645452285472487
CH4_C007160,58.892580360603766,0.407349534169323,0.5133578486433659
CH4_C007161,211.6202149609268,0.8819096321872177,0.38637921022667054
CH4_C007162,33.45794047449346,0.5012164550096746,0.6886260407348919
CH4_C007163,238.40625779310048,0.9017725062405622,0.9449971817597369
CH4_C007164,41.30331955389391,0.8471596112072266,0.5450019043529353
CH4_C007165,157.18532048773525,0.7408633267987889,0.865638289119935
CH4_C007166,66.99776352798925,0.42416544626742864,0.22153144822050969
CH4_C007167,92.49618488354855,0.7275766929609613,0.4943570057721551
CH4_C007168,77.72910113087869,0.6571426431161691,0.2917928794409639
CH4_C007169,157.74864607610806,0.6909486427670295,0.35402653563022024
CH4_C007170,107.0911898695753,0.48243589278209587,0.2911435936151387
CH4_C007171,169.22070896366859,0.6525701328515923,0.6706661209698923
CH4_C007172,115.07788379625086,0.6260115702572311,0.49300501866180263
CH4_C007173,116.69999876112897,0.3917956641458697,0.2662069723061614
CH4_C007174,195.0749875437697,0.40522538618646314,0.6673952114102264
CH4_C007175,29.090560848862136,0.5712203552653223,0.20753461374606474
CH4_C007176,198.9919004058599,0.7197198033904872,0.8238156906657788
CH4_C007177,47.80267142841166,0.8409351464028392,0.44898922409434217
CH4_C007178,76.17844813286554,0.4362396490118579,0.3112768545412916
CH4_C007179,159.1612697430036,0.5620788411861488,0.6074552824659487
CH4_C007180,174.4427961833037,0.3906355019255446,0.5402867029196425
CH4_C007181,119.48281434926633,0.5327353490496265,0.7196001267586518
CH4_C007182,102.96455638983076,0.841118736901673,0.7008755470063084
CH4_C007183,121.36139093658963,0.801080870772297,0.9182967769734263
CH4_C007184,166.28180444491076,0.7800857471338972,0.22767945233815287
CH4_C007185,223.77540620025835,0.33586107626327427,0.9161702805720264
CH4_C007186,91.48901780321094,0.8777619879589598,0.27997592753392536
CH4_C007187,89.78461633128762,0.8332422026242294,0.24119284147580372
CH4_C007188,82.46437222624841,0.8290290037409707,0.555315539423895
CH4_C007189,130.30930927966364,0.6731459939407962,0.8880980151536817
CH4_C007190,16.93829318758852,0.7140221816486598,0.2920912082392293
CH4_C007191,171.44889002542578,0.4052897840728556,0.5407348048718595
CH4_C007192,129.77588230002956,0.5826823617935084,0.5613058687351409
CH4_C007193,118.25234396900075,0.4652112965650791,0.4275016436687847
CH4_C007194,78.03681103034432,0.448599124184595,0.38330783467859036
CH4_C007195,112.40717964199936,0.5906815111255042,0.7177939747331679
CH4_C007196,158.7219936338777,0.7387948880128682,0.7618732597408333
CH4_C007197,176.00331741354603,0.8133487112727169,0.43399709747619786
CH4_C007198,190.0912591303393,0.5985716093647606,0.7224375927397364
CH4_C007199,154.96706538733127,0.6616356713360747,0.5210202148097423
CH4_C007200,163.465430395749,0.5926032773999301,0.31557586415825306
CH4_C007201,112.93842846463268,0.8801717501919337,0.3389751912036383
CH4_C007202,171.73331741269544,0.4243699643887849,0.5253346564579295
CH4_C007203,76.5070540612014,0.6205025106315549,0.8290257928849876
CH4_C007204,60.75874178219637,0.6480636452787156,0.8560471951676187
CH4_C007205,157.10682106660892,0.5654693160937252,0.3369025235646042
CH4_C007206,83.6594598841405,0.5057354150311533,0.666544467588204
CH4_C007207,32.78351429702031,0.5854682354442232,0.47742572357712126
CH4_C007208,120.70655093370092,0.771767610180377,0.7242868328833949
CH4_C007209,110.93369339187359,0.39927228085803323,0.48325723710670554
CH4_C007210,206.6352619734425,0.4168581913986935,0.47860241043937307
CH4_C007211,0.178359501666836,0.5398490952702877,0.40514205609238507
CH4_C007212,189.31351106632889,0.39923849595754995,0.3643228321411257
CH4_C007213,145.7602915614623,0.7830448981550384,0.41359195060316867
CH4_C007214,4.2908190236396475,0.4113341211218423,0.38178344487544835
CH4_C007215,158.8044572319407,0.4527474865748541,0.2189235908661295
CH4_C007216,107.12397956178086,0.4554603765612426,0.6861133992799249
CH4_C007217,39.33859540209905,0.4988454053403867,0.25015502692110214
CH4_C007218,100.19753428907879,0.4857152044017664,0.3043603168443214
CH4_C007219,26.294325398175527,0.8893768460385174,0.7543347341376361
CH4_C007220,149.23120715512698,0.8465263443021478,0.3664186897320626
CH4_C007221,136.39080420913703,0.5372627891610738,0.6230314070126539
CH4_C007222,4.662267772899548,0.4075357376950216,0.4422872225691037
CH4_C007223,88.88674083350043,0.4766152894506287,0.834812800071834
CH4_C007224,90.5690417027819,0.884953483353706,0.5436137724932851
CH4_C007225,121.94912751272716,0.661921652725914,0.9027953734916105
CH4_C007226,3.051829053994953,0.5872063430015892,0.8771085972580996
CH4_C007227,248.6367707242026,0.5215431369284755,0.9472975834407675
CH4_C007228,74.28406253563291,0.3487596211978046,0.7607690384807653
CH4_C007229,136.20143467737955,0.3478765643680556,0.5372249247887909
CH4_C007230,113.64464613803393,0.8735337227266902,0.5347889290653949
CH4_C007231,159.5190824755734,0.6538689815419112,0.5176835424499622
CH4_C007232,178.5989770175172,0.8920957562474514,0.721459330435501
CH4_C007233,81.83863981736606,0.35242374021005585,0.25572734746360903
CH4_C007234,58.97407849276762,0.6959022535955506,0.6605413967565951
CH4_C007235,33.243733719590495,0.4460219937993954,0.46524041974021163
CH4_C007236,73.23512782161929,0.7146233924455484,0.8625925286383449
CH4_C007237,204.26405282983538,0.759348286550765,0.4036373355935684
CH4_C007238,183.27828682814203,0.5101195146672037,0.3822697080858357
CH4_C007239,236.7257507001863,0.5450259037133145,0.601734940776181
CH4_C007240,49.31566296795467,0.6347560907735017,0.42752158239945504
CH4_C007241,213.70619322166166,0.8466502059904231,0.6526842953495868
CH4_C007242,0.8207977225540009,0.889744752816793,0.44018026113689923
CH4_C007243,44.56171986507554,0.8855026429603001,0.8816801426824179
CH4_C007244,202.8620410739311,0.7353134367015902,0.2404736123217519
CH4_C007245,2.728274936816738,0.7591036335907059,0.27840390590433317
CH4_C007246,198.56241187040592,0.3847350510886478,0.7139074432190167
CH4_C007247,196.99536170362256,0.36061206529112655,0.6207079973838454
CH4_C007248,180.12588616945717,0.8574046988398325,0.22273309019114484
CH4_C007249,200.03146369033672,0.4057736944349576,0.6408846967661281
CH4_C007250,7.902692501858683,0.5567269386342353,0.9188307473741197
CH4_C007251,22.438796778644132,0.67881172107623,0.7997872413234806
CH4_C007252,15.435606891859383,0.8708265580427399,0.9064397042700649
CH4_C007253,192.7307666975051,0.5900963328522011,0.7012072946613754
CH4_C007254,115.21090007968662,0.5358910609884284,0.2229790881724114
CH4_C007255,190.77515040530216,0.7355314563458573,0.7190830511575608
CH4_C007256,247.35623350391657,0.4286074915518229,0.8090370179082305
CH4_C007257,1.009874967449198,0.39229602096513394,0.8905018944941177
CH4_C007258,41.00716518599573,0.8671154846392264,0.7679746864546357
CH4_C007259,157.0050791695054,0.5716185547187409,0.5278213353575558
CH4_C007260,98.47793858818999,0.4788873015676829,0.7471501933533609
CH4_C007261,54.08956753589347,0.429453244931057,0.37227378584769555
CH4_C007262,5.320324133714638,0.6348416700246969,0.6261912329128179
CH4_C007263,82.21609014206332,0.7483218493856905,0.4091246823037455
CH4_C007264,23.522161949354746,0.8483280322729527,0.6148909019994815
CH4_C007265,48.59939608932648,0.6722794575684208,0.7535688158034395
CH4_C007266,73.16003305749405,0.6196360689850822,0.43005471169728604
CH4_C007267,152.1272574921044,0.38095806762366924,0.8503802175236312
CH4_C007268,181.1886139074504,0.4176540123803273,0.5403533574887234
CH4_C007269,206.98788332428052,0.7449269946104047,0.3267412644582358
CH4_C007270,84.83755266827134,0.3963065077308367,0.4170548231310367
CH4_C007271,199.95077938371531,0.754948853617454,0.20867069007975678
CH4_C007272,204.52398458832343,0.347273789386208,0.6951380719067238
CH4_C007273,236.7751600302279,0.33413677058383146,0.7788018980271034
CH4_C007274,84.19748691387625,0.522484144121785,0.4428931559648929
CH4_C007275,120.25692170929844,0.5968396346868166,0.7510913074240437
CH4_C007276,70.83303748984312,0.6591804479638232,0.31417227173378964
CH4_C007277,163.43080765171158,0.5934359711712442,0.2611771573012013
CH4_C007278,68.88086502070881,0.9114489770106402,0.7587818088078193
CH4_C007279,142.0327116365183,0.8170966260683765,0.7783650888846829
CH4_C007280,31.044712979222094,0.5761763529000818,0.7611835438431505
CH4_C007281,182.0459546436394,0.5351477944394901,0.5564759842082219
CH4_C007282,116.04958566923455,0.862095899469514,0.47700185418947477
CH4_C007283,145.65070754120856,0.8284337036964349,0.6830087771646547
CH4_C007284,17.988022789042546,0.7867613767900465,0.8726119544923812
CH4_C007285,90.38654155434314,0.9073745781463849,0.832854954525206
CH4_C007286,146.92187428032767,0.9029082145852889,0.407581393226371
CH4_C007287,144.4080696433776,0.34208311874294267,0.6676038495488508
CH4_C007288,54.69112136872123,0.7558873546391389,0.6982780314053318
CH4_C007289,116.59720176391359,0.7994275066484288,0.673736685837717
CH4_C007290,202.8989579057312,0.4358030499860065,0.27046283808833504
CH4_C007291,86.7718152908866,0.6852939593643625,0.334389536346303
CH4_C007292,224.56698806723531,0.8045926152093017,0.49193709427038873
CH4_C007293,210.92323164430434,0.7926382401754928,0.3174023664458953
CH4_C007294,209.07924486386742,0.7143244654068178,0.5227698013514185
CH4_C007295,210.4706528554815,0.520778134278503,0.7175754855519307
CH4_C007296,85.08679649692239,0.7793574597660278,0.8615370482205666
CH4_C007297,203.6608817128238,0.7164173546672838,0.40133378419977483
CH4_C007298,46.07949585245247,0.6312183510267937,0.9062938754256604
CH4_C007299,209.843359220957,0.41496526679346035,0.2428427053837092
CH4_C007300,29.02238457674325,0.49455040346947315,0.2978248720372177
CH4_C007301,78.75298336456848,0.6376174409476827,0.3446900387100359
CH4_C007302,190.60554016709136,0.44656949453787087,0.27859205546071125
CH4_C007303,240.72813803255485,0.9023260152811832,0.8861478678866355
CH4_C007304,26.48203114263095,0.7309050612396049,0.9225273711080084
CH4_C007305,164.6844430984225,0.47854580000835467,0.8151149107908322
CH4_C007306,152.6493813855035,0.6398324308452068,0.32765358545052903
CH4_C007307,233.29363592677402,0.49170922502360864,0.5071180401397247
CH4_C007308,69.60881423775875,0.8033964302954332,0.7310468531739371
CH4_C007309,202.37870485114146,0.4172696691449188,0.4890899347460778
CH4_C007310,141.4359590325974,0.7492641618305258,0.7601103244013463
CH4_C007311,41.23827418432086,0.8497604191648331,0.7015100509927146
CH4_C007312,83.58692824986075,0.8117331333454985,0.8974519029608641
CH4_C007313,105.59285795265616,0.6862397451643266,0.49369214701412195
CH4_C007314,248.4520370052389,0.8390458442410875,0.5816655119292402
CH4_C007315,195.86859174683443,0.8630460482076983,0.594411879633409
CH4_C007316,214.0265534583815,0.7496047223218363,0.3253653276532794
CH4_C007317,18.084678990824333,0.3676046432729497,0.5739718373337306
CH4_C007318,178.11278311597724,0.3524189868425526,0.533307911985452
CH4_C007319,52.62459713023307,0.33162790126474134,0.8077415259490048
CH4_C007320,190.43294033119514,0.662818791198355,0.683082089618527
CH4_C007321,110.94799228972457,0.5044165056303519,0.8614354353946216
CH4_C007322,237.04731368809942,0.5444603843311013,0.3100954363520212
CH4_C007323,42.84498768976369,0.6427691453363256,0.280075060987666
CH4_C007324,235.0304895118573,0.49178056106885804,0.5579580793379447
CH4_C007325,71.40676763519419,0.36885647034025537,0.921035338120936
CH4_C007326,85.42864149240006,0.6739404411797054,0.5909673301789696
CH4_C007327,35.598612469937756,0.581612951208442,0.4051344841342054
CH4_C007328,218.91211643730836,0.7528961664174729,0.8735821108913775
CH4_C007329,13.56657112845755,0.45758220727262344,0.5391317192375011
CH4_C007330,179.23197457124905,0.42401338395762267,0.9126750480097372
CH4_C007331,1.838955548219473,0.8343467072803357,0.9177987047541014
CH4_C007332,4.616537771962942,0.6995819286894814,0.7891673876754044
CH4_C007333,139.52285242012394,0.8646294881208161,0.5042250877647659
CH4_C007334,248.8773276376725,0.38370290895185455,0.697517645250626
CH4_C007335,59.93661949912546,0.8263948940822012,0.42823534464149804
CH4_C007336,48.9714459755852,0.711631021663675,0.316308053370942
CH4_C007337,230.09009861604417,0.3973985567403605,0.5508040549983256
CH4_C007338,222.26804948579365,0.45800580827945647,0.9035114205175974
CH4_C007339,100.39044236468136,0.5649409502437256,0.4595412945192726
CH4_C007340,46.86777558480798,0.4698688059219217,0.277396173630853
CH4_C007341,103.46025364535261,0.40946875244695835,0.7628375395926994
CH4_C007342,26.018806196233925,0.7304694078188267,0.2533980077582482
CH4_C007343,169.64408751841356,0.7915749947953787,0.37486845645706446
CH4_C007344,49.88105879426718,0.6786462999551872,0.7707919677517563
CH4_C007345,52.275089433569036,0.659174019251618,0.6726699867783884
CH4_C007346,229.64244947452025,0.3624778124032907,0.7912237986434554
CH4_C007347,198.97158439543807,0.7297840139079511,0.5816197746574605
CH4_C007348,75.78444658524536,0.5282715560233598,0.4428029653995319
CH4_C007349,125.53371422613874,0.7018347335082722,0.6402341351731242
CH4_C007350,215.7921811382854,0.5448319336406353,0.573499282890618
CH4_C007351,10.068422419657969,0.42956358364530334,0.3028837222463535
CH4_C007352,179.930068291414,0.6810074209996816,0.7934664276818826
CH4_C007353,212.76994927893548,0.7583981827237152,0.33792371464472415
CH4_C007354,21.721144348357647,0.822264723253707,0.7521301909962745
CH4_C007355,193.33638856465635,0.7500702585811265,0.9296214819671174
CH4_C007356,207.9585188944838,0.8650757043332749,0.5041268851587679
CH4_C007357,99.15654829936047,0.8112962856386927,0.6283534052371742
CH4_C007358,150.9115309823354,0.5658017345229249,0.5632276004988761
CH4_C007359,145.19880207634984,0.5094364457836862,0.42861644336717497
CH4_C007360,236.2920161484875,0.7493938059190419,0.8122365387374257
CH4_C007361,126.25208745950559,0.6370996654436227,0.8863732476609216
CH4_C007362,3.1947138407736606,0.7175520466211351,0.4419614697715205
CH4_C007363,44.48283151643129,0.6012121632742962,0.8442476077693659
CH4_C007364,130.15913415833805,0.45044598094208577,0.47415585276790967
CH4_C007365,159.71886917925562,0.8892854517190996,0.7322587952456501
CH4_C007366,210.18423790743583,0.8449829400004789,0.7173184226226073
CH4_C007367,10.326652356442201,0.7685954330454493,0.6194196717221458
CH4_C007368,217.551797642214,0.6723511881023323,0.3274348538901583
CH4_C007369,194.6793313948487,0.6104688073441287,0.3188679636246423
CH4_C007370,93.25590486378694,0.7497398532256502,0.8457264244745193
CH4_C007371,153.38644151572223,0.3524489072640612,0.6918876421999121
CH4_C007372,203.79340984344302,0.5362510689734423,0.7651789620127694
CH4_C007373,116.71826564300412,0.40544642672814285,0.3041832078497419
CH4_C007374,52.597520849548246,0.3457174088741884,0.5572411307619312
CH4_C007375,225.84013515742518,0.3452895275689992,0.48035599150410396
CH4_C007376,8.962519967354144,0.6169025314187493,0.870957030957864
CH4_C007377,156.01771549323283,0.35319328954391593,0.3032875314503374
CH4_C007378,130.76105917179763,0.445001989930487,0.7352650266499334
CH4_C007379,162.3639021690058,0.7135361974593855,0.2518582559077296
CH4_C007380,131.27238030261765,0.40553441609861424,0.6973626805402477
CH4_C007381,41.68398281934374,0.4650246906005837,0.2933635311126567
CH4_C007382,207.71137465160882,0.8608722534045394,0.5056948499900323
CH4_C007383,142.23602349694985,0.671812686592601,0.3223226723222138
CH4_C007384,143.205820500616,0.868923326612709,0.2934567277559009
CH4_C007385,71.17952741383893,0.8799779063859428,0.5025466258168759
CH4_C007386,199.48806642791786,0.8440762994204549,0.6182071109800442
CH4_C007387,13.941438680894702,0.46950729940991287,0.49877998817826935
CH4_C007388,187.33225245551995,0.733940280477154,0.7207918492154244
CH4_C007389,222.13518918046339,0.5273824117582927,0.8524094583434374
CH4_C007390,167.45083200712963,0.3366085252741989,0.26398451744076035
CH4_C007391,209.82621906160765,0.587630749404096,0.8258272292338384
CH4_C007392,55.32235671148691,0.35105107594032603,0.7724093065413462
CH4_C007393,55.514861251853034,0.7300636695413814,0.8914334072841508
CH4_C007394,61.31352209652091,0.684092510469432,0.2891897109149394
CH4_C007395,212.64386359399938,0.5753549805140382,0.5935378650143963
CH4_C007396,15.52871027413344,0.8472506697773587,0.5219755591877198
CH4_C007397,45.272834824273275,0.5659947663344153,0.5044821166786946
CH4_C007398,150.27285982339902,0.48827790452629866,0.23066037356116886
CH4_C007399,124.0493409313336,0.4359936699505652,0.20049381136809977
CH4_C007400,30.8460657862549,0.7878593282446362,0.5439139369802712
CH4_C007401,185.6756501346332,0.43469310616244083,0.32914719434339024
CH4_C007402,87.18453247182251,0.3823644469042749,0.6222261656587718
CH4_C007403,203.0116925322735,0.39282029048556677,0.309106682116236
CH4_C007404,240.11092395070887,0.516295448490577,0.7322039283418245
CH4_C007405,125.23496834565375,0.910618327136558,0.9139747250622843
CH4_C007406,139.7786751214829,0.5377230857863164,0.5723035050224771
CH4_C007407,236.05110590472668,0.4186760122334281,0.6845091425509742
CH4_C007408,51.094219473449414,0.6906355786662837,0.5850250946345071
CH4_C007409,109.73144679226407,0.3841686719901009,0.833640521445826
CH4_C007410,116.36386923814577,0.7689240614464667,0.6063446783886386
CH4_C007411,173.38132440308974,0.5664800540518022,0.5764181343336376
CH4_C007412,141.76652097750696,0.6931743940124142,0.6981995058742589
CH4_C007413,239.94279601751086,0.804475199104858,0.5093305263634673
CH4_C007414,86.3962187234017,0.8723400068287361,0.5436631763502251
CH4_C007415,201.91358977327593,0.6022873703590133,0.5501641069955513
CH4_C007416,235.97990408472344,0.7560882174315383,0.2916840412719922
CH4_C007417,93.81283729489562,0.807907769083431,0.2568309776988166
CH4_C007418,12.802703478990484,0.7522264389704343,0.9078570197323279
CH4_C007419,83.36987342276502,0.74859533847792,0.5575314580842186
CH4_C007420,64.97591715362569,0.8474667771731346,0.716332261511218
CH4_C007421,90.60601366507152,0.6572976202606335,0.38635043870515573
CH4_C007422,237.5733074597821,0.8799258126831688,0.22463792619960882
CH4_C007423,247.69114607674723,0.47556929554304506,0.7990605018473089
CH4_C007424,93.31858836002712,0.3771436686186222,0.8384424095292478
CH4_C007425,246.89298056095993,0.4192407211027918,0.7900746616633194
CH4_C007426,97.75585331958345,0.751976783934173,0.5266194433933287
CH4_C007427,68.73291732895015,0.35767953770949823,0.3848139169090973
CH4_C007428,45.77711392354086,0.8259380382194024,0.5813533169291598
CH4_C007429,118.10488240603983,0.33852150367482736,0.7299320765550112
CH4_C007430,54.39087937745851,0.354227850185145,0.6151019558024706
CH4_C007431,16.682235369413988,0.3411133262181686,0.4838471948415457
CH4_C007432,173.24852754836445,0.8434208634684548,0.8926514612058092
CH4_C007433,45.868447118486614,0.45166522314675006,0.9300948774318993
CH4_C007434,64.26792978953131,0.7281997215932143,0.4102656439097586
CH4_C007435,146.092917357035,0.36862014239470187,0.47240427209763275
CH4_C007436,187.8928313042209,0.8277054750694921,0.6027885893803246
CH4_C007437,50.23604481838292,0.8207587800951079,0.810863944755239
CH4_C007438,35.12350843010068,0.489832164596385,0.4721896953346742
CH4_C007439,181.74886381363547,0.538882135082775,0.6894150343162544
CH4_C007440,56.94548965255655,0.6368606857763586,0.4147898658053555
CH4_C007441,225.53809734879988,0.5872505199468414,0.9240803788728424
CH4_C007442,1.1144194624655157,0.7545511157469655,0.5336440174279629
CH4_C007443,35.256323983779176,0.9125444329487069,0.6262538571011222
CH4_C007444,6.565636857923024,0.7398069716307047,0.2780296075500214
CH4_C007445,35.4286143474708,0.45020897169961727,0.6289537220852024
CH4_C007446,207.27342275673803,0.8443299964644693,0.2547034097826787
CH4_C007447,6.023100099335349,0.6073208082419452,0.7803364550376191
CH4_C007448,79.13061982899447,0.5827878578447545,0.3603965252594987
CH4_C007449,213.78707028985855,0.4339223453191255,0.48684727897060176
CH4_C007450,211.67179977722577,0.8614071183655829,0.3119694380890258
CH4_C007451,10.022978153290312,0.7327568803656312,0.9292075410156386
CH4_C007452,138.27416201085316,0.6296140382152848,0.3409466298602004
CH4_C007453,9.213643582643982,0.9079532667914321,0.8951778587512316
CH4_C007454,128.20094963944385,0.4319602727200377,0.3186574309454052
CH4_C007455,194.55532315313675,0.9159123598013938,0.8756308261552619
CH4_C007456,126.03454431741454,0.5496818482726101,0.8246882670251372
CH4_C007457,24.95018552807454,0.6228148168312377,0.678881162670544
CH4_C007458,241.95469413022175,0.5669903719618021,0.8669733427034247
CH4_C007459,115.80050368737874,0.32251784344608964,0.6236671712595809
CH4_C007460,152.6499646154586,0.8218915130288826,0.2854437205983463
CH4_C007461,201.6144846140297,0.7235133652217516,0.2665662569204798
CH4_C007462,202.29551353428923,0.4514171471998556,0.8673877728890016
CH4_C007463,106.05380844981349,0.6848853801322159,0.7629126425597208
CH4_C007464,166.00711171236043,0.6061407345944796,0.5600359402094387
CH4_C007465,104.0718000131658,0.758582404311235,0.6571847326101365
CH4_C007466,130.67633819305976,0.8601403451743246,0.21592889679957145
CH4_C007467,148.23835714934924,0.6847322531410781,0.480693193863546
CH4_C007468,164.6418758277126,0.4215554184721507,0.24569837007586623
CH4_C007469,108.13879680698894,0.5398715806423743,0.5032993404209001
CH4_C007470,181.21330527077515,0.7939486972114715,0.37674606872727145
CH4_C007471,61.751287094802265,0.3927719757124583,0.9342786181494327
CH4_C007472,146.236288025268,0.36423737911980675,0.6273270420747562
CH4_C007473,185.66847701634057,0.4868080099309666,0.694128558693933
CH4_C007474,213.82579616394244,0.6455811930089984,0.6445115465110898
CH4_C007475,173.19298114776572,0.7412365574983721,0.701687957786326
CH4_C007476,9.907792886701378,0.6734696716563333,0.3050223712551111
CH4_C007477,113.92765293511553,0.8828380281906143,0.342133213044174
CH4_C007478,140.77923626161856,0.32239481089987126,0.6694099084658915
CH4_C007479,1.3066576084371784,0.32444548167988513,0.7767643199941074
CH4_C007480,210.83150031752552,0.618506134112164,0.41379310870774544
CH4_C007481,67.28548461549941,0.6920210705310758,0.23918029163514
CH4_C007482,245.9199332152685,0.7669897127206989,0.8938144626063369
CH4_C007483,72.08068176858751,0.7295858228009203,0.5894925163061743
CH4_C007484,117.74938692938098,0.6060863217099366,0.6723942239801912
CH4_C007485,235.2338125212777,0.8177329655995383,0.4445538070053837
CH4_C007486,218.73791595043042,0.7842538022242254,0.5992345676683402
CH4_C007487,177.46689607105495,0.6046752175436179,0.4887131087419986
CH4_C007488,180.6487507633481,0.9123521950669582,0.8647772535926548
CH4_C007489,13.90183115215715,0.5859270149378353,0.7680345239637927
CH4_C007490,88.40739347368961,0.7962018034058456,0.506021456934458
CH4_C007491,79.56178885870757,0.45654868513721414,0.8298881914908454
CH4_C007492,136.0000082200936,0.5050554843355066,0.46164336690535085
CH4_C007493,67.58659842646975,0.8100720247699718,0.7476556567575434
CH4_C007494,245.5007754400242,0.5489027091978986,0.9214646944735365
CH4_C007495,143.0471264809254,0.3370920497122536,0.8973135097633607
CH4_C007496,161.70065915927523,0.8183555346815508,0.6169234762088961
CH4_C007497,6.229586826543426,0.8569284213572679,0.37733762503550033
CH4_C007498,5.097940820645574,0.8649467640140762,0.7537905768926696
CH4_C007499,142.49922035177423,0.8133237208858997,0.9409452010268637
CH4_C007500,7.197745358513225,0.5427324455089474,0.4199186634871893
CH4_C007501,182.62413481117167,0.5236185981099958,0.3193415142873359
CH4_C007502,119.62254783361345,0.4373432224951046,0.2688617828512891
CH4_C007503,222.71488670788418,0.7009154993383512,0.44692298916945494
CH4_C007504,131.6559739240508,0.7500082735519493,0.6459626687519862
CH4_C007505,39.96458123854066,0.7472837305358992,0.7784517949986944
CH4_C007506,169.22840029801122,0.5775439437698777,0.2315719077560359
CH4_C007507,4.4197403227188845,0.6081388982261737,0.9326157461735392
CH4_C007508,133.2581318702308,0.4214856796761276,0.8185762100692273
CH4_C007509,224.2004551001061,0.36675600456504526,0.4458986843954885
CH4_C007510,206.98420780229216,0.6858866035580433,0.8746863091664285
CH4_C007511,73.14131031596838,0.602693960452586,0.6084469868175388
CH4_C007512,224.14299622302974,0.5831805211406353,0.40609586015462995
CH4_C007513,219.83896161217777,0.4766913918324297,0.4584878359317623
CH4_C007514,183.60703808668916,0.9162168306877179,0.36139625315392343
CH4_C007515,209.04123195081584,0.499856529738951,0.9164066333738952
CH4_C007516,214.655059324947,0.39787535355139947,0.9360863007426927
CH4_C007517,149.3833255009443,0.8672502657687557,0.40293640446873114
CH4_C007518,223.50612669823028,0.5816412180113678,0.8949878601485688
CH4_C007519,112.5403552583094,0.7213196254053793,0.913373767517834
CH4_C007520,36.30441035845081,0.8051546561555729,0.7880319471098616
CH4_C007521,249.05150256752097,0.8724976119140955,0.2683373729725352
CH4_C007522,97.08674441308754,0.8546688167057694,0.8506419661816658
CH4_C007523,92.79176823255584,0.6388872393867344,0.9089165801318111
CH4_C007524,240.15162088139473,0.8021674747599765,0.7888039902160386
CH4_C007525,198.7927697502144,0.9107090049077631,0.2486753700298271
CH4_C007526,33.932978752506614,0.40310104381260276,0.7266122924829503
CH4_C007527,152.14906570870232,0.6956743892210382,0.49831943225568626
CH4_C007528,13.759540105606954,0.5901034188476642,0.533694131542251
CH4_C007529,146.39814989856373,0.6882802581821252,0.3024051312501535
CH4_C007530,193.84716844833966,0.5808279439429432,0.5285401036663981
CH4_C007531,104.81447753433676,0.6472935998008171,0.8430349558917984
CH4_C007532,172.19003296687933,0.5024727641423832,0.2975057107904991
CH4_C007533,142.19509368233386,0.8881093371210522,0.7233493644488549
CH4_C007534,243.83285419711112,0.34639698522642337,0.23425192794448263
CH4_C007535,246.00902289158466,0.3424459337745865,0.5300918933654393
CH4_C007536,196.34573130728322,0.6716297715468218,0.22095951936870767
CH4_C007537,211.23805001466363,0.6537141831765316,0.9222214282531496
CH4_C007538,221.5572242430428,0.37462561387199594,0.4130809099823438
CH4_C007539,123.55259863352278,0.5209785872550868,0.6214668191025727
CH4_C007540,243.7650541865593,0.7553453072985865,0.909346214913519
CH4_C007541,183.28967066361807,0.6194308376523581,0.8070324548141827
CH4_C007542,102.25492618442847,0.4500044720177018,0.6521731048060408
CH4_C007543,2.496512168533749,0.8999456344642867,0.69830197487927
CH4_C007544,243.2205531586126,0.8022984994720019,0.7419180908562122
CH4_C007545,183.88143077368238,0.8778953905083755,0.7046401172015773
CH4_C007546,146.44973058647767,0.5169000831890691,0.35252876933297195
CH4_C007547,114.64258579857314,0.6930359034091697,0.6131470843001046
CH4_C007548,37.61827078231181,0.7682138758612285,0.4047887624979224
CH4_C007549,29.57117764432976,0.7695034758393884,0.5023189970860109
CH4_C007550,243.36636498960377,0.6003123293074566,0.41898389984461315
CH4_C007551,50.74294899897497,0.3311703441960518,0.6344925992469792
CH4_C007552,27.017936613533383,0.6387341672874173,0.5209548131507689
CH4_C007553,68.345112367094,0.6357062385763949,0.8880922690819713
CH4_C007554,206.14911313457634,0.5903810953110098,0.7124158157821479
CH4_C007555,229.357667230273,0.7274454223808605,0.2301791415476132
CH4_C007556,143.32796134643823,0.7263183559170475,0.2551636493002356
CH4_C007557,201.94078612405193,0.7316403530929129,0.9283531264279807
CH4_C007558,214.51986387412188,0.3652208533231796,0.9124191024107051
CH4_C007559,32.50305276640661,0.3626373480368523,0.9198222372181759
CH4_C007560,150.56784417787642,0.534462278665923,0.2571509679301651
CH4_C007561,205.4191419151996,0.4589391247460492,0.6011327339230891
CH4_C007562,137.5459009227575,0.5056491459639227,0.5476090928306433
CH4_C007563,103.86948911744254,0.4156416155003114,0.6447950042155322
CH4_C007564,49.64411537539082,0.8989980586001993,0.266664617537513
CH4_C007565,203.44253259206073,0.5091574359998051,0.2022761751037678
CH4_C007566,174.4772595303952,0.4806843428066043,0.861943680350262
CH4_C007567,95.25360846326889,0.3564248527003124,0.8473062328960135
CH4_C007568,155.08762757545693,0.4076900893901148,0.6466211734473154
CH4_C007569,139.6280672325031,0.6239349774606631,0.8048537094709749
CH4_C007570,77.91187639058664,0.78651754869412,0.6129175426951432
CH4_C007571,80.16122419917107,0.3301459671064702,0.7703583706730104
CH4_C007572,31.777176162994635,0.665497699319896,0.8368076639315276
CH4_C007573,213.8791793072986,0.548165143805537,0.5847391238815907
CH4_C007574,136.18717367440104,0.5925517932634332,0.8764963475578615
CH4_C007575,51.17263310727907,0.7710636345795234,0.39022317244056504
CH4_C007576,228.4327080272066,0.9039036008068382,0.67760755672048
CH4_C007577,55.16834381653318,0.8109137198188112,0.8847760642605431
CH4_C007578,69.47148784257193,0.7121483346285906,0.46081901608043174
CH4_C007579,80.53960991787507,0.320737203900942,0.689166539008051
CH4_C007580,167.51363892525114,0.3931738736657614,0.3955717885425044
CH4_C007581,184.88119987377704,0.4647728885686483,0.782456531597693
CH4_C007582,182.86278164046826,0.6935883784356958,0.6241361289977827
CH4_C007583,43.60873309979885,0.34390410531038124,0.9077220646183226
CH4_C007584,127.02675697352625,0.3703568377420066,0.9460912499678584
CH4_C007585,161.7389236294866,0.674890333173242,0.6270412738615838
CH4_C007586,68.91112318217752,0.7235591203142158,0.9435624195273242
CH4_C007587,129.69924666807688,0.7741552194957182,0.6634929351327492
CH4_C007588,94.84933332433604,0.9065378995908497,0.7624749620705005
CH4_C007589,65.83817661715219,0.38905617360545014,0.4579305180277537
CH4_C007590,181.29776702114705,0.7544979863799632,0.38176945090808057
CH4_C007591,210.9128661452574,0.5038608762657327,0.5261504333034008
CH4_C007592,212.30503365133396,0.4569756859067359,0.4317857273179291
CH4_C007593,148.2174158333495,0.5450382855980839,0.7505714707191025
CH4_C007594,207.5758614466702,0.4920905089371458,0.673173052233103
CH4_C007595,17.236683327444297,0.3515876685933353,0.739415246011935
CH4_C007596,205.38366544490486,0.32907535076531375,0.8835082876281359
CH4_C007597,0.02823518730457608,0.8645322303842835,0.6044743588270833
CH4_C007598,83.29367900202165,0.6446472464663462,0.5259922840827596
CH4_C007599,53.30582569455159,0.7704909460818818,0.28360011617306846
CH4_C007600,88.12602623283125,0.8259846094588004,0.7722919626394749
CH4_C007601,130.41672626001542,0.3546714912042339,0.6829762455060964
CH4_C007602,158.2771699384032,0.8756806984270833,0.5418908773955949
CH4_C007603,236.3581717135722,0.8708958082205736,0.7719048467105771
CH4_C007604,63.53242701861203,0.8542677625671462,0.5283880862160824
CH4_C007605,113.11638334072354,0.40972428403908506,0.7381232736338017
CH4_C007606,102.42268334636046,0.5368999325712893,0.2600040192473829
CH4_C007607,132.8569697114779,0.845489992797303,0.4175851571027754
CH4_C007608,34.68315434510058,0.5215410290040358,0.8034547826382514
CH4_C007609,141.3325834927869,0.6151959238779936,0.2696875860766161
CH4_C007610,45.19662131404506,0.35017522054118955,0.48235921774665086
CH4_C007611,15.056215404696676,0.6453382211463161,0.8411602445221014
CH4_C007612,71.59566506870796,0.32040796214308154,0.40881977639916756
CH4_C007613,231.0577273837154,0.330170042572674,0.582027676485257
CH4_C007614,19.489641467061226,0.8613537791291555,0.381163944557701
CH4_C007615,190.62874621713735,0.5223616975438402,0.7725085018217919
CH4_C007616,129.79530864848354,0.543030799227384,0.3023458063362825
CH4_C007617,114.81378245731919,0.4819189470858709,0.5763181754377945
CH4_C007618,208.74801975773755,0.7713823526197074,0.2207324970575763
CH4_C007619,75.40444704520971,0.5841874250723705,0.5552877358257378
CH4_C007620,61.849424386001914,0.8999860268434399,0.6215143050425226
CH4_C007621,238.30467891836582,0.33866920066423895,0.3253409268202943
CH4_C007622,115.76839219507725,0.5570718727147295,0.9485446580824632
CH4_C007623,187.79931654496536,0.37045222149053225,0.7253645164034628
CH4_C007624,226.37577450396546,0.5021557911970785,0.550579226084142
CH4_C007625,225.47173387243188,0.7516039687793893,0.8333017427375831
CH4_C007626,80.74792268249459,0.4253373012319799,0.39011968928219454
CH4_C007627,65.45208668746672,0.4353187537743829,0.29403326579079037
CH4_C007628,119.26407626007918,0.8958141420676784,0.9314464014098394
CH4_C007629,130.34856804338023,0.3269777126648974,0.39728662467751574
CH4_C007630,194.3649955665454,0.6830434741010518,0.5949238858551689
CH4_C007631,133.69993146723166,0.8289789898806832,0.7239977009748864
CH4_C007632,23.749443907919055,0.48853944950944617,0.7040802772320411
CH4_C007633,97.7578697997612,0.5162278891980745,0.7697988190733178
CH4_C007634,104.07103061214174,0.5112281748207554,0.9319643057568867
CH4_C007635,69.85882761252223,0.8620922876878248,0.4715286462325176
CH4_C007636,221.92562483003934,0.8759664785164212,0.4311524471483815
CH4_C007637,101.75625859245066,0.6469300220170917,0.5453732505247815
CH4_C007638,187.95381136651923,0.41652849165828587,0.45386357242699976
CH4_C007639,24.692575526380462,0.6868641808786409,0.3880502006887745
CH4_C007640,128.56660963421234,0.8658811217464772,0.7193782172918404
CH4_C007641,160.3293862499604,0.6586094023052854,0.6241508572808276
CH4_C007642,76.25342664866416,0.38039147699296955,0.20848878340883895
CH4_C007643,216.0201500075798,0.4753793816880555,0.2743438065951372
CH4_C007644,118.25745505537283,0.5855582468735602,0.9479215499882898
CH4_C007645,1.8801064853950777,0.524003778794391,0.21595865608900108
CH4_C007646,106.98586242082057,0.40194596314015363,0.9171384343193332
CH4_C007647,160.67509724407088,0.448988730062232,0.7531752535622707
CH4_C007648,95.1681956151384,0.6486818124196996,0.7868458077515823
CH4_C007649,52.42912949414708,0.6418569633164388,0.24929554574923685
CH4_C007650,132.21873280981123,0.555484606190653,0.5418997158739818
CH4_C007651,213.99285321064434,0.692865426868373,0.40448613772316244
CH4_C007652,240.42807928590338,0.6382805995346525,0.39416218934179204
CH4_C007653,136.38046041423496,0.35927901456982575,0.9206790693223832
CH4_C007654,92.00723474100386,0.39968864751272803,0.7513176988274741
CH4_C007655,189.63534404654732,0.6209421991264945,0.7056724283184332
CH4_C007656,150.29413502703093,0.7111034985786979,0.28226699195569943
CH4_C007657,236.63844744599163,0.917308470895696,0.7281946001495005
CH4_C007658,15.606744296778386,0.3902841178790755,0.42528579193875105
CH4_C007659,8.783812044335592,0.8751644872396998,0.48672344363608133
CH4_C007660,162.56651981856652,0.6537693763276509,0.73053804625721
CH4_C007661,111.59842986744334,0.5754326274537954,0.9194613384773325
CH4_C007662,39.90502088042633,0.38399219600657075,0.350819769275344
CH4_C007663,153.198845257603,0.6200208736600711,0.5176900362643886
CH4_C007664,200.55109699182566,0.8399350768032663,0.9033645046542906
CH4_C007665,43.85984272917914,0.3884436448115583,0.4221553484546297
CH4_C007666,238.11850565087536,0.8127006771011596,0.6459549086429994
CH4_C007667,96.94185848578907,0.7330810623370518,0.937620205402387
CH4_C007668,70.05570864274993,0.5056011501330704,0.31388131989009493
CH4_C007669,222.45938510321616,0.4412101140402138,0.7807150082173315
CH4_C007670,123.07250252719096,0.42169128296678926,0.9420000795615806
CH4_C007671,144.91015633204802,0.34588284633566674,0.3938406014827961
CH4_C007672,173.9840352601227,0.7007699954052359,0.2516908325979844
CH4_C007673,5.593889231496618,0.6108917070497453,0.30368702820928717
CH4_C007674,6.974767413147676,0.9070919572038281,0.2611737347721336
CH4_C007675,60.45926725107301,0.5758756347280122,0.5552594165599994
CH4_C007676,57.22744779933716,0.4654297574816137,0.6643050300248313
CH4_C007677,26.0296936934693,0.41528012569415174,0.38738086258349785
CH4_C007678,89.9065919300641,0.4672701053629332,0.5331472128957822
CH4_C007679,114.75281762875692,0.6093861993888268,0.9069803688502507
CH4_C007680,4.858332306758778,0.5233454695262982,0.29740474561326824
CH4_C007681,17.827560718149922,0.8497878374134515,0.6422029628900587
CH4_C007682,197.0485059782625,0.7979597238577969,0.5211100701391027
CH4_C007683,79.83395733646495,0.4580406719966258,0.6408368519047287
CH4_C007684,149.54112787387166,0.6727095821941159,0.8219818598449804
CH4_C007685,114.934463505147,0.4070196992776361,0.7966113265437318
CH4_C007686,155.96261823249205,0.8837226195042585,0.46438115492072235
CH4_C007687,11.442674872397196,0.7653858714913206,0.3425268578797446
CH4_C007688,157.4386679128284,0.790533032932301,0.435893008659887
CH4_C007689,107.66854129603432,0.33915469033151435,0.863169281397355
CH4_C007690,157.0391868256429,0.8461398067916912,0.2106891163799115
CH4_C007691,227.3390712339378,0.8406055326352622,0.7026485825710462
CH4_C007692,41.76346498642258,0.8128271752833991,0.4281167957973548
CH4_C007693,172.3827504921455,0.840795693254935,0.6846892389046202
CH4_C007694,140.1431936681025,0.6858983934067608,0.8176941879628892
CH4_C007695,194.66459840500474,0.5420621885061467,0.41805676806058095
CH4_C007696,177.48136659053978,0.6810530541964793,0.27797876210484707
CH4_C007697,187.31884418260904,0.8109037782855033,0.423056001607932
CH4_C007698,55.87092834307988,0.5835700701307754,0.2151818003589737
CH4_C007699,183.5178687454926,0.8504365390007955,0.7153898729358881
CH4_C007700,118.6535964103989,0.48359433429252885,0.8094032572782923
CH4_C007701,161.13998680523378,0.5809371640470836,0.6318975053577134
CH4_C007702,115.91365416055957,0.6394712755871652,0.7558862842064948
CH4_C007703,38.668331219470275,0.7842446940732203,0.887817000495021
CH4_C007704,49.2483480774572,0.5915824825399446,0.6254549335191608
CH4_C007705,224.00862333202048,0.663632627236848,0.9135642149845822
CH4_C007706,220.76599699020016,0.6806573181830475,0.3125532043731977
CH4_C007707,69.58511507609508,0.7888636112702679,0.48563299173424523
CH4_C007708,33.352167023082416,0.618689795680121,0.6221441316279794
CH4_C007709,249.92050789153225,0.32314578920088666,0.6145351200250324
CH4_C007710,247.64829866456728,0.8089752758296321,0.32503915593567345
CH4_C007711,231.88551327762613,0.4288444034397295,0.2897875774051992
CH4_C007712,85.82974520097117,0.3758916966094996,0.24249451823801899
CH4_C007713,15.492632156103719,0.4017927586647304,0.9423307123556719
CH4_C007714,51.24055280239034,0.6318987724181112,0.48525863804035935
CH4_C007715,225.5009891047158,0.7453939751457456,0.47389584551481173
CH4_C007716,154.17825465940888,0.4771755234644475,0.5182656449050292
CH4_C007717,88.63679571772012,0.8514052791826905,0.3427791735236526
CH4_C007718,126.44633774398481,0.6966494908685138,0.7681817232957582
CH4_C007719,6.676759130628623,0.3897038466511636,0.4521937207365015
CH4_C007720,227.02993021058273,0.7800366730578474,0.29265533169433744
CH4_C007721,183.6407403023641,0.8399196539275018,0.8741045179851603
CH4_C007722,49.22847471436148,0.4923040990075537,0.4625834497309684
CH4_C007723,3.92877166225275,0.7992138536225237,0.25515937891432544
CH4_C007724,75.93437284802803,0.49127245658968455,0.5793792718689377
CH4_C007725,94.12140144780274,0.8170775866375249,0.5535140505365543
CH4_C007726,211.27782557766636,0.42290570475252975,0.7166327367508185
CH4_C007727,249.8770226216791,0.6020171891108776,0.2417792342603863
CH4_C007728,163.79281931011795,0.5026496131029867,0.7812383094607838
CH4_C007729,170.09783715977798,0.3382647661432027,0.6701605655604022
CH4_C007730,22.48440599943008,0.451062547679128,0.8238090375318337
CH4_C007731,98.28951392687927,0.3418947844653311,0.46954787691734495
CH4_C007732,226.05663490991168,0.710913801082947,0.6793001477762406
CH4_C007733,155.75279056670126,0.8737731414538534,0.23084364933819052
CH4_C007734,93.5704889862951,0.4497804363868948,0.8607307325529012
CH4_C007735,65.12365958622252,0.37680456613134383,0.6652839982676604
CH4_C007736,103.34597529709013,0.5954427129620361,0.9190135834469819
CH4_C007737,88.63911169355771,0.8376821302000883,0.7586577315839629
CH4_C007738,233.96544078112188,0.6876449745961671,0.30309271046829167
CH4_C007739,158.606395793982,0.47174826480742416,0.31832963153326355
CH4_C007740,145.88502241474424,0.9114946773678478,0.20190099566573316
CH4_C007741,122.11102572902469,0.7476188461322792,0.2882934061419701
CH4_C007742,173.18441252028595,0.5585828284523326,0.8417628933012897
CH4_C007743,182.74015412051057,0.5413225628717164,0.2806440072710924
CH4_C007744,92.9943737247093,0.7028141870857662,0.7901715210322262
CH4_C007745,30.465633441096845,0.7499069532065108,0.8790542769880647
CH4_C007746,143.98895996486365,0.7176838517893213,0.5760183826364857
CH4_C007747,245.3714094549254,0.6100914328728394,0.3410286301444337
CH4_C007748,47.52015498788217,0.4512180197523583,0.939024577916622
CH4_C007749,121.48136532579306,0.32467055632858155,0.49493008828162083
CH4_C007750,95.37616800907492,0.6377875677154723,0.8905653479951332
CH4_C007751,156.4459693076339,0.8775999368896801,0.8789614367394005
CH4_C007752,150.40085476454504,0.5924958819564061,0.3062313159971928
CH4_C007753,44.210907260121864,0.48749397457464116,0.9195836079918569
CH4_C007754,115.80901596700619,0.8431989870468699,0.20049180658911336
CH4_C007755,219.9344389071467,0.4418458648922466,0.7732926586914757
CH4_C007756,204.8749615123243,0.4357235633018369,0.6023601319273909
CH4_C007757,127.99964012384002,0.5004944310494632,0.7499831549221869
CH4_C007758,102.43019762678327,0.6534011265520377,0.9320797659440909
CH4_C007759,52.71130258874196,0.8949259950940167,0.7692838590633733
CH4_C007760,92.73620451263146,0.644175442571925,0.42048713575121716
CH4_C007761,33.16878904143836,0.37820484401590604,0.3696138357476779
CH4_C007762,14.443085291913599,0.3361066751979556,0.4173513218232389
CH4_C007763,80.33366560991479,0.44620926287926893,0.24965886122438188
CH4_C007764,228.41764688947276,0.5450211554766687,0.4244981877202396
CH4_C007765,134.9866965266138,0.9038031467146019,0.6035626727057015
CH4_C007766,18.414712871199473,0.3299437230544157,0.3326820422035457
CH4_C007767,29.632291330950494,0.5420747095863789,0.6833828013050767
CH4_C007768,128.36443502980873,0.5539934233680368,0.320195089038038
CH4_C007769,214.59643212559035,0.8323157248441508,0.5128414227010549
CH4_C007770,208.83657261371823,0.3801656454058282,0.9375163595323137
CH4_C007771,107.52093550917944,0.6018997086223732,0.9466844831526131
CH4_C007772,6.765991939824856,0.4794264343762584,0.8807426708764341
CH4_C007773,16.374699852167634,0.8086754661578488,0.28425971983305076
CH4_C007774,34.58572579486696,0.5648591507922626,0.46951085339217574
CH4_C007775,236.80051089356743,0.6510555728821836,0.6097416863672454
CH4_C007776,98.42715635207323,0.8793719808070957,0.23495575975054417
CH4_C007777,236.54446456645636,0.7210305485191355,0.6411388392259453
CH4_C007778,229.05391152077897,0.7679007727659168,0.3881160806874605
CH4_C007779,241.05743914679275,0.8273327779944089,0.9105808249985561
CH4_C007780,217.08764029043053,0.46173934042164766,0.31233260055228573
CH4_C007781,84.39847773619452,0.9008445252013941,0.6847066859530389
CH4_C007782,113.60705548950078,0.7669229214859921,0.20131176950555468
CH4_C007783,217.65897688093335,0.6341141415184304,0.40597523545785463
CH4_C007784,160.86265550084337,0.8633052628679447,0.5453564520898229
CH4_C007785,194.84705969805563,0.41075084867596534,0.43482549676988086
CH4_C007786,86.97703521147152,0.3230062713025242,0.4989823103974668
CH4_C007787,33.144101961716075,0.39560187329583046,0.6172444269468182
CH4_C007788,145.4310469854399,0.46668259427262015,0.4795709783801261
CH4_C007789,208.82717228808693,0.7329337969928351,0.7865790060695963
CH4_C007790,238.0947957741275,0.8773521817502781,0.8284693638026182
CH4_C007791,48.541329538034276,0.7061923829773491,0.46323654399565356
CH4_C007792,164.15245161743715,0.35490661799762707,0.5018748245264468
CH4_C007793,245.84022720501267,0.6484430197664652,0.7673358850910854
CH4_C007794,144.70123355986982,0.8630343332654853,0.3294159304784203
CH4_C007795,189.2117612864477,0.6202949050201882,0.8076458707847312
CH4_C007796,159.37075123964325,0.36191909825549734,0.2773998032657644
CH4_C007797,97.7342461615722,0.5043154101321712,0.362825950872412
CH4_C007798,49.96508111896694,0.8925491838725477,0.37203119908830307
CH4_C007799,59.271333807990764,0.5838710632802024,0.7979847367099284
CH4_C007800,157.19697961249787,0.7997557146151717,0.4399261483877843
CH4_C007801,108.86599491949903,0.6657111131637107,0.8514706983709821
CH4_C007802,204.0419721976999,0.4157682666773953,0.684845611259733
CH4_C007803,241.2239944453907,0.904876133799873,0.3306376132130748
CH4_C007804,98.62350560594437,0.6026678891051308,0.7510603844257353
CH4_C007805,180.89880963676487,0.5652679015569652,0.7175079302178462
CH4_C007806,129.03105809884582,0.910636074857851,0.25865543508902167
CH4_C007807,114.65838188416649,0.6088964188632537,0.36347053463237916
CH4_C007808,145.44548894914342,0.7591259157379495,0.5097882558408497
CH4_C007809,38.50405105795937,0.7532584968001337,0.7632098222176933
CH4_C007810,32.97669651892121,0.821411707603132,0.7590120951165096
CH4_C007811,227.01331819049807,0.5006773199430068,0.7651178574701909
CH4_C007812,227.65335101716647,0.4691124773271228,0.6555097455774965
CH4_C007813,181.87553034645057,0.46641275658975,0.4900099567450277
CH4_C007814,249.2636128639086,0.4753887246713122,0.8674879826534543
CH4_C007815,212.48901968222384,0.47042820339696667,0.5964238559012784
CH4_C007816,119.68213354678886,0.4813944745791161,0.7015787924979733
CH4_C007817,148.43415620356825,0.3985644397331419,0.5364401651510444
CH4_C007818,218.87625021248073,0.5525902210906705,0.3054794194693332
CH4_C007819,228.32037054090074,0.7647177888496848,0.21637601842720702
CH4_C007820,219.62843181186366,0.3559512168791061,0.8012406483300978
CH4_C007821,120.30253877239336,0.4136349031570077,0.27737499080073363
CH4_C007822,146.21118634576146,0.6751400675494634,0.44838064402603967
CH4_C007823,190.65173866508334,0.7294447705032956,0.40761858018723124
CH4_C007824,211.40441231414573,0.5143387420304214,0.376383128831931
CH4_C007825,96.63622254674247,0.4704971971199952,0.8378962450722256
CH4_C007826,141.6040754642595,0.47686198399510094,0.46303305153004065
CH4_C007827,69.81872435862452,0.8862969956107678,0.48941700167814894
CH4_C007828,244.3836999245609,0.6639968522085873,0.3858222958521923
CH4_C007829,79.79286161774024,0.7306169547543382,0.4996333867881336
CH4_C007830,43.924535783117726,0.4695002831003529,0.463461179498947
CH4_C007831,172.78382356697614,0.907763927418108,0.28276488750181217
CH4_C007832,112.9955848579434,0.7248872138414061,0.7359428276803297
CH4_C007833,163.40166837949465,0.40021733656781755,0.22018056017695822
CH4_C007834,218.81676738854603,0.8882568219478835,0.8510447879539511
CH4_C007835,140.74863576533158,0.8762871522666436,0.6738635196910068
CH4_C007836,12.212217357591786,0.6194855913964509,0.5733310989556697
CH4_C007837,199.56868692152958,0.8676913174957877,0.8651580091848861
CH4_C007838,232.37845726224134,0.3906621679746933,0.9142358900217
CH4_C007839,71.37904746140158,0.4425151781621949,0.49041369044985594
CH4_C007840,196.44642471383278,0.47117191777687584,0.2828891284068175
CH4_C007841,247.05547425678677,0.4042026298318883,0.5289813362383216
CH4_C007842,209.61958234534572,0.5543665965727897,0.6248181142710345
CH4_C007843,13.096464277803033,0.3598514837029596,0.5898238911846769
CH4_C007844,219.68982629367505,0.4641235910444217,0.35223493383277327
CH4_C007845,117.71437407214472,0.3937984616750144,0.5495650181724452
CH4_C007846,238.20256620316954,0.8371553423363511,0.8521620640922052
CH4_C007847,168.5797128938975,0.889277052748741,0.8352260123725459
CH4_C007848,219.3933578686334,0.8079221436423439,0.5125205860476879
CH4_C007849,195.82326794028648,0.5544788005431165,0.25823961410749385
CH4_C007850,72.52394895953992,0.5869296953676753,0.240503904283964
CH4_C007851,204.20874693739722,0.7672058157403023,0.2804492827501233
CH4_C007852,157.2712878777781,0.3698231942165458,0.8224802249461416
CH4_C007853,160.90930578734486,0.5436169470161308,0.4154667863199127
CH4_C007854,37.52198127376868,0.4007584708523049,0.6092194720611002
CH4_C007855,39.27571073636082,0.4402509921698793,0.5946049583194013
CH4_C007856,112.6400509954546,0.4602694962108306,0.40464653096577824
CH4_C007857,163.0189738026046,0.4031458797023861,0.47900805940425245
CH4_C007858,30.747261578317058,0.820558648048376,0.43065924497944175
CH4_C007859,44.795400224171,0.5434640993930755,0.2571809277148094
CH4_C007860,74.92429573890178,0.8627992935822435,0.820629515826969
CH4_C007861,218.87686624820165,0.7145157595884086,0.21283904608419527
CH4_C007862,97.23722454365367,0.842697323491669,0.7327828320313376
CH4_C007863,0.012689144472333158,0.3418812389766088,0.21046186743246958
CH4_C007864,77.05693900050828,0.6022196228674674,0.7672293233441676
CH4_C007865,64.39482695890705,0.889025701919635,0.32111755016898574
CH4_C007866,85.63152697441154,0.659269084138186,0.63943480251642
CH4_C007867,214.2443052785213,0.5540827521917618,0.30642652675262905
CH4_C007868,198.53526906421203,0.3785600152119096,0.5592014322687469
CH4_C007869,88.17408616990868,0.6183187809401196,0.8942222735263359
CH4_C007870,52.406058279171305,0.5447155373427641,0.5339933909472379
CH4_C007871,62.92298423745854,0.4231369296251712,0.2129415087007744
CH4_C007872,240.0499863614404,0.47689671962813845,0.41675261244987805
CH4_C007873,62.74904072834711,0.7918579317920678,0.6415626590495342
CH4_C007874,98.24815703448634,0.7045252752347162,0.34414589357677505
CH4_C007875,219.64434197064955,0.3310565822757901,0.7497680819223485
CH4_C007876,149.70109536874463,0.7578999311743075,0.727867100918369
CH4_C007877,121.53304027140327,0.44817777915006984,0.9112001814651474
CH4_C007878,167.86296178718982,0.5322926270594129,0.3955857189259105
CH4_C007879,171.0136828447726,0.7632787216285466,0.5350611919358295
CH4_C007880,239.96336476466405,0.3779721026520695,0.3189374648688988
CH4_C007881,211.5657099590275,0.8072767658230009,0.8488530383517847
CH4_C007882,124.8702352228828,0.6380574681001687,0.7920072721231142
CH4_C007883,214.33479794041986,0.6936042855668563,0.8472329995372716
CH4_C007884,180.11871473741743,0.7289342715463717,0.9476246191469262
CH4_C007885,189.5205602414623,0.8418354335685223,0.4566018847006486
CH4_C007886,81.94750706460036,0.5499320525826665,0.6936321987200726
CH4_C007887,129.17484403326577,0.8126871220204724,0.6786656271955334
CH4_C007888,15.752859568209432,0.44624081033640395,0.41557099422476523
CH4_C007889,88.1722223642993,0.9151957471238432,0.3045983431511148
CH4_C007890,2.622084028113425,0.9034873574307591,0.9263191535053348
CH4_C007891,187.84453594306245,0.4286141708140759,0.5301209506341384
CH4_C007892,249.624894147404,0.37458945016621936,0.21896255978034734
CH4_C007893,93.7412466346078,0.6378393607973767,0.4324768344800544
CH4_C007894,18.8290831750835,0.5912180011785897,0.6063971355172999
CH4_C007895,72.5489778899924,0.5953687964161691,0.6913832051247566
CH4_C007896,225.79169042126338,0.8432401091380415,0.9169976592503009
CH4_C007897,247.44502122420602,0.7330371609519082,0.23889848210888776
CH4_C007898,190.12619095126863,0.9071768176719317,0.30353700593123395
CH4_C007899,20.147020256439692,0.41319990711161525,0.7861201946058858
CH4_C007900,77.87072890901008,0.7175573288165428,0.6094907563420683
CH4_C007901,25.993273633026615,0.717123993535121,0.7110277201757966
CH4_C007902,180.77076653740616,0.7559889947559415,0.7730846099972637
CH4_C007903,217.08154534248703,0.5047390708896314,0.5426192193601715
CH4_C007904,209.72606770610125,0.7362216384735057,0.42458418787571167
CH4_C007905,88.98816528465491,0.5495625430722311,0.2989235065841293
CH4_C007906,199.88439826171415,0.7244717805252525,0.4931357134946061
CH4_C007907,225.22589740530074,0.34185187718988425,0.6074078374421357
CH4_C007908,70.94110821297161,0.3355210715177153,0.7189984820816893
CH4_C007909,38.71944753500867,0.8933625744928424,0.3689293223702875
CH4_C007910,134.61574950222692,0.8688454693469851,0.2078034447660956
CH4_C007911,218.34893514630463,0.646867679234107,0.7128820955476713
CH4_C007912,166.5797547490312,0.42997777128566733,0.4852904451502748
CH4_C007913,237.33005752211102,0.3866823493945821,0.36124943512895524
CH4_C007914,14.428879595911992,0.5170006550056554,0.5827650370588067
CH4_C007915,105.3455055534215,0.5941741750382217,0.5480409535269954
CH4_C007916,28.575669597025232,0.5714322877235012,0.6110715512060219
CH4_C007917,83.90767669069335,0.605541103873205,0.936501806805905
CH4_C007918,67.72124894285756,0.4698711740354721,0.4307953652467288
CH4_C007919,87.75537100953932,0.5582760331410372,0.22496715950575966
CH4_C007920,8.432273373815413,0.3354790942155344,0.552263639924761
CH4_C007921,13.15981185449952,0.8780235314718967,0.6013344932836793
CH4_C007922,14.898399768167675,0.633587157590968,0.610302049915015
CH4_C007923,59.06184403364973,0.8277000184373495,0.6880548666437194
CH4_C007924,205.24447559880258,0.5250587542708441,0.5043031384516128
CH4_C007925,9.299151493164487,0.7491489359505166,0.3437623409804773
CH4_C007926,207.9665992595113,0.3611229002871203,0.30620185736535965
CH4_C007927,197.32741136837672,0.4444635341890188,0.4687250773549207
CH4_C007928,101.21855574941915,0.5537372858985594,0.5992133973634866
CH4_C007929,4.777161412788777,0.6858205686984225,0.260001667651884
CH4_C007930,5.579327264978062,0.5452093364207609,0.5920624433814705
CH4_C007931,4.680470270112647,0.7338848685327595,0.3296923476154304
CH4_C007932,23.85245672914682,0.6386087771442861,0.39640487253960943
CH4_C007933,35.85770811535788,0.6737363362159821,0.6490319400028955
CH4_C007934,3.0291440743343556,0.6271373519576944,0.6671279267483186
CH4_C007935,193.34083480078783,0.5509206728437095,0.28408706085483043
CH4_C007936,171.03703681347562,0.5198873281687829,0.35761114542385547
CH4_C007937,214.15587241429716,0.7351791708788894,0.3142517925464159
CH4_C007938,212.34524797968643,0.7563329116280412,0.3215994601324153
CH4_C007939,60.32647185016546,0.32691792391525554,0.37289316515732346
CH4_C007940,226.71579106234748,0.8661519754317193,0.7921602455407781
CH4_C007941,174.4303107094789,0.3978219857699953,0.20882523250703525
CH4_C007942,122.30527593538521,0.5631892801005802,0.6956307829745931
CH4_C007943,106.39284018419696,0.6009667513611785,0.3608357592767035
CH4_C007944,154.40772395183714,0.5866294522220623,0.4995722046255468
CH4_C007945,43.433894128113465,0.37134626346178434,0.6696614049692904
CH4_C007946,104.47005640845003,0.33465351657787995,0.48696668476851834
CH4_C007947,223.0816981168414,0.8958205744882024,0.39148546185154054
CH4_C007948,174.61959616617233,0.6208361605662582,0.6325275012569831
CH4_C007949,224.37000415766525,0.38033005273200454,0.8856746575331862
CH4_C007950,161.05576488876883,0.5719487092555837,0.3329152148398288
CH4_C007951,247.65531418722992,0.509905471129354,0.4553239210713658
CH4_C007952,84.21455628650159,0.9162173078476068,0.5599710481999195
CH4_C007953,15.584094180211478,0.869274006974899,0.5532201640406651
CH4_C007954,55.44122848270358,0.5395897178610836,0.4139840904841563
CH4_C007955,78.45601395989108,0.8279259418562499,0.33528789507804035
CH4_C007956,98.09091817558111,0.6516911581529072,0.2968822309036657
CH4_C007957,152.98803913798992,0.8829906241925396,0.5360313186072307
CH4_C007958,227.12083520720807,0.6155880903461004,0.47006443602109393
CH4_C007959,106.73439263963355,0.6540329563902973,0.9325491853557675
CH4_C007960,18.460217527831503,0.5414536953167468,0.919321415125602
CH4_C007961,84.06383392570719,0.42541555054834795,0.33257472833678625
CH4_C007962,211.41672907620122,0.323160290898524,0.3468392507093176
CH4_C007963,123.86253578739756,0.4752675372696396,0.39258710878014347
CH4_C007964,142.21296864455337,0.45334665793089207,0.6069080797351132
CH4_C007965,43.086345188784264,0.7620245510276231,0.8179687274940295
CH4_C007966,141.13088695036404,0.37937628077637797,0.3197791975532113
CH4_C007967,170.15464149571204,0.9089227316227435,0.6688440419488524
CH4_C007968,131.41029019449954,0.5838830898248322,0.7481611900249889
CH4_C007969,27.752384803371832,0.5061503605576223,0.39521877552645607
CH4_C007970,153.46712008151684,0.8677388941931579,0.8393322819809148
CH4_C007971,90.69097585889982,0.34207935739581047,0.3050996676625559
CH4_C007972,143.97083110523096,0.4485188482931916,0.9100619243253334
CH4_C007973,120.44056577688086,0.8345808350702619,0.7352107821572422
CH4_C007974,240.99229003216453,0.7715466740195647,0.31514946444651276
CH4_C007975,67.35041572384182,0.7768144409758302,0.5737249973079988
CH4_C007976,195.72578123492326,0.7837869485014908,0.8895763274351933
CH4_C007977,245.5649974161688,0.7708646523171776,0.8731572292187588
CH4_C007978,130.53291725352227,0.913987289793319,0.931442620350067
CH4_C007979,51.279175646837956,0.8575794425455048,0.47168917629738805
CH4_C007980,231.21953291971656,0.8864959265854122,0.39434573304505105
CH4_C007981,79.7781835971681,0.6047764677954974,0.7968123770648501
CH4_C007982,130.97038525913857,0.46127287006654505,0.9418267933533404
CH4_C007983,23.380309095772517,0.7072070772566694,0.7851759286604829
CH4_C007984,94.85663860017934,0.44905602868248296,0.31183198066862317
CH4_C007985,246.81623042586773,0.7618568369271324,0.7204705564388767
CH4_C007986,107.51670160299578,0.7424388885160289,0.5879131943760121
CH4_C007987,72.83433005115683,0.46139235035527704,0.27776651710911215
CH4_C007988,242.97489990018613,0.760877339055807,0.8818156658078915
CH4_C007989,110.80008250363716,0.658652374164246,0.8530135859892398
CH4_C007990,182.8069788088516,0.8660383641441489,0.724869663524971
CH4_C007991,143.09191246539064,0.5461656093540304,0.9421946487840056
CH4_C007992,213.3229611050524,0.5812604221176039,0.6485048074021462
CH4_C007993,2.7833118127287007,0.5642825353632002,0.34372423109851435
CH4_C007994,196.23982111402506,0.7653948203529779,0.8077427529922032
CH4_C007995,183.41739719863457,0.756210573191047,0.5709554698933488
CH4_C007996,21.310183966079283,0.37042592174515915,0.6950977016426756
CH4_C007997,89.88835035752454,0.8284660784946418,0.43798299804240765
CH4_C007998,173.4885371621527,0.9146191085547419,0.23456575819726178
CH4_C007999,230.8176667436225,0.7554855948996921,0.36822411129833144
CH4_C008000,184.10328189079135,0.4695102465452151,0.4581380919938001
CH4_C008001,224.05116063941287,0.9145145202706615,0.598639602509319
CH4_C008002,219.5077372426398,0.48391507971011727,0.7687701566521505
CH4_C008003,127.2730107869739,0.8458273617479595,0.9106225782390664
CH4_C008004,230.38901170587735,0.8029584171582591,0.4210509329797904
CH4_C008005,141.03400900096517,0.5357957770309489,0.5042995811684992
CH4_C008006,164.64340097174818,0.6091524477821693,0.5286988801372032
CH4_C008007,83.57644014867807,0.9104516241295855,0.691981374478763
CH4_C008008,144.8315086380496,0.34890823557577566,0.9231774936430339
CH4_C008009,10.041436639389056,0.3540893635164768,0.6230641127052337
CH4_C008010,204.04947254626276,0.4373847571045432,0.3015541364194921
CH4_C008011,110.77068554697894,0.6239410879834695,0.5785708725382945
CH4_C008012,239.04673381830597,0.7314856590101351,0.6056951116250442
CH4_C008013,82.80431624098306,0.8524064122582433,0.756995893590648
CH4_C008014,213.33373340223943,0.37679033327444245,0.9430763856904913
CH4_C008015,49.99261406101949,0.7299946357982178,0.8244932718174542
CH4_C008016,204.76214717684473,0.6389567526206023,0.4782509960454286
CH4_C008017,238.22254401755455,0.36127250786159887,0.4214536339705101
CH4_C008018,92.9361495516646,0.38634087245118315,0.883007930440951
CH4_C008019,87.19511999131288,0.38223983376896337,0.5583870914544575
CH4_C008020,54.98410408780638,0.5219806079319661,0.40904782939125756
CH4_C008021,126.05633479570541,0.6814703875641093,0.6109290871682078
CH4_C008022,82.55250082113497,0.46882190162523124,0.7503052006355255
CH4_C008023,59.83632095446573,0.5833670513092534,0.8422488546523887
CH4_C008024,136.46573570672467,0.8430723752461291,0.8200225598993593
CH4_C008025,233.02013945644515,0.8424521220229184,0.21239367979108875
CH4_C008026,28.582741423529427,0.4830115944922955,0.45048977307281246
CH4_C008027,85.00886671257344,0.7325313938392113,0.6325143047718349
CH4_C008028,19.716759359811793,0.5012292610139155,0.5147610655427748
CH4_C008029,190.44978371252432,0.5515734867944204,0.4372732846232221
CH4_C008030,219.66885366317152,0.47887926619804805,0.7767347842246974
CH4_C008031,235.2019584979453,0.6312815253522785,0.7818003705744763
CH4_C008032,115.2884656641685,0.33142337726441434,0.5734195414021898
CH4_C008033,202.62701078636942,0.4176522847967606,0.3503373948779831
CH4_C008034,164.00188653061272,0.5780690190417712,0.6764000668593937
CH4_C008035,8.745015100026816,0.7212578452967227,0.6099852015080065
CH4_C008036,91.1867070494583,0.814203269859963,0.2772274663173361
CH4_C008037,100.6784067623341,0.40011495050359225,0.31511691192343794
CH4_C008038,195.1483862527939,0.5361387690622432,0.34789794854963574
CH4_C008039,176.320418908498,0.4040483876074754,0.7499087414545436
CH4_C008040,106.86209510615141,0.7169120169526991,0.8689342458332032
CH4_C008041,133.03586103418112,0.35385547047694477,0.8948642688668271
CH4_C008042,198.52889678478212,0.7486433970697743,0.23907911640155308
CH4_C008043,19.202006356174113,0.719140214628506,0.24499794399485783
CH4_C008044,6.2462493903152065,0.8473924383573133,0.8366947569878409
CH4_C008045,144.71346391573394,0.5618409714520312,0.6342660581585335
CH4_C008046,173.6816844241173,0.6138290327056586,0.261776593073176
CH4_C008047,218.94823116630832,0.45220931072313364,0.4723126137737716
CH4_C008048,33.22295012583867,0.4241671263512299,0.20389402957268762
CH4_C008049,208.15481495828078,0.7453446205635947,0.5323548499904709
CH4_C008050,68.55660954620375,0.36388097524965346,0.8887253390169847
CH4_C008051,60.95561158970775,0.33462207002505934,0.4830906731384136
CH4_C008052,223.27583168049486,0.577688972518702,0.6990487989528884
CH4_C008053,211.43497382988048,0.8009819348841032,0.9401122326942961
CH4_C008054,222.61371436248498,0.8220161403384696,0.9292184917553095
CH4_C008055,234.5697682672629,0.42769116309807365,0.4968519567739823
CH4_C008056,113.08763627855173,0.799057940818001,0.23334650636532261
CH4_C008057,100.07315650751367,0.7475289602474677,0.893121997828517
CH4_C008058,91.98844523006063,0.7541844441003464,0.5394226968935389
CH4_C008059,207.0403246349838,0.6012307185683489,0.33013152448063043
CH4_C008060,51.987017737590676,0.9088153285651206,0.640855044029988
CH4_C008061,148.12395507139968,0.5808997599314066,0.751724198388142
CH4_C008062,228.1533028774692,0.38401584364954255,0.7481563028849447
CH4_C008063,137.1726486443529,0.5503707957284925,0.2793769909776802
CH4_C008064,78.3545421897919,0.556568409848503,0.8787165201220872
CH4_C008065,243.48834673105202,0.5684069121814828,0.38146602212439273
CH4_C008066,82.55868114498469,0.5905409837702755,0.8685025492900964
CH4_C008067,61.0521509082346,0.8085690030586963,0.8861406373192402
CH4_C008068,32.76169901660203,0.6323119426182161,0.26767557061680725
CH4_C008069,129.98406486923687,0.8075368083573655,0.49028564544424547
CH4_C008070,45.89360821817104,0.8869244234197451,0.5490569666693241
CH4_C008071,218.60144432628925,0.5259698587968182,0.8924887000558563
CH4_C008072,106.68225131635431,0.6515033842722162,0.8905158547593874
CH4_C008073,83.98699689273673,0.7036294667120381,0.5748323669834383
CH4_C008074,110.44211812519916,0.7573410795875755,0.5568815862085184
CH4_C008075,26.989073489137706,0.4381977145555247,0.273767770680174
CH4_C008076,178.79731557187503,0.5054927199532184,0.21365637669394796
CH4_C008077,228.59743146843263,0.6684380363901052,0.5637229019242351
CH4_C008078,246.87108469204009,0.45466047674175836,0.8429297785228638
CH4_C008079,18.47553633785329,0.5760370781270137,0.3495569822924499
CH4_C008080,156.75703404706871,0.49718518050346444,0.587353020824698
CH4_C008081,222.03622931657375,0.361549995195721,0.47561317309780576
CH4_C008082,145.8050615757698,0.346694100165663,0.6096691394795037
CH4_C008083,181.24732455617564,0.8315603236750129,0.5368965405171212
CH4_C008084,201.9279496842945,0.347842036107572,0.7770254677295585
CH4_C008085,120.54971015232577,0.37478990103933923,0.5920765889022981
CH4_C008086,117.91046100384226,0.4574244705995463,0.5496789613452483
CH4_C008087,35.588860500960855,0.6991549822916701,0.8057071772398585
CH4_C008088,91.61604990723008,0.395567165978419,0.3842060895675959
CH4_C008089,130.26427355250948,0.8261093224594505,0.5681573424114637
CH4_C008090,4.50918257168445,0.3699628648538846,0.8753232072466524
CH4_C008091,145.15154116020844,0.3455742309601669,0.33935542185064205
CH4_C008092,215.00766377056425,0.7206672347757237,0.6059779001093539
CH4_C008093,54.38514364621247,0.9004929247296687,0.26127809879790787
CH4_C008094,132.66453813766663,0.5773031023607591,0.9194546312663521
CH4_C008095,182.88701174772126,0.4330874301608376,0.2082903608983574
CH4_C008096,107.87118777747756,0.8323184559933223,0.6503172694174253
CH4_C008097,161.4692199006047,0.730847171853932,0.3212317352325059
CH4_C008098,145.57957030062207,0.8955690207365208,0.5948189731596607
CH4_C008099,62.04535690310986,0.7107905674631952,0.48665264348221177
CH4_C008100,120.11093176968387,0.7414696787718439,0.7973798273922144
CH4_C008101,77.7503280269051,0.6405329905821608,0.6224016144197375
CH4_C008102,238.35793548700383,0.4588802285498292,0.6192551490396374
CH4_C008103,202.97937360971886,0.44436884787730957,0.7562651635869673
CH4_C008104,119.56836901105747,0.583943514788694,0.8176553970381082
CH4_C008105,178.76489802543907,0.907624170277513,0.3934442374526569
CH4_C008106,44.706551156302346,0.4300176530402462,0.8323020259783418
CH4_C008107,243.00575337191907,0.8965603393133394,0.416539984666371
CH4_C008108,125.21403726107566,0.8518703309968443,0.4504911528450581
CH4_C008109,138.66911831376513,0.4985915728008915,0.7881519304653284
CH4_C008110,92.54442294020629,0.8065286598227515,0.41107818819202135
CH4_C008111,9.676527225949416,0.4361755028582979,0.25824731446750615
CH4_C008112,83.88868844071735,0.7748291381287873,0.5767191897887305
CH4_C008113,141.07873740658684,0.5469793736927672,0.511532378735762
CH4_C008114,53.245415177496064,0.4326192904029579,0.30105463337048866
CH4_C008115,78.68764135687125,0.7048629091656632,0.44943408013249164
CH4_C008116,21.14543399220431,0.6063943607253727,0.8894359943328658
CH4_C008117,134.53453952754518,0.3789064914627659,0.29885459121722635
CH4_C008118,86.86079998201396,0.6428813483243565,0.4080888410916687
CH4_C008119,207.70422722221863,0.7537880296294814,0.9456807435401016
CH4_C008120,10.064923013631628,0.8942677603019711,0.6396320242589257
CH4_C008121,197.61187049441594,0.47427816722678356,0.20016922168773757
CH4_C008122,208.8409287685625,0.38211813026520114,0.7339819265627228
CH4_C008123,149.2381857370913,0.45364257660425145,0.2985524715089706
CH4_C008124,239.14374497981225,0.604892898527897,0.8014548113937126
CH4_C008125,72.10993870887152,0.6503509614762999,0.5766249090676197
CH4_C008126,229.13121609846314,0.3667334639632609,0.47100426326882955
CH4_C008127,236.2055889459312,0.700609587639224,0.7297768007288583
CH4_C008128,76.04953705993096,0.91997728735341,0.22293115342912698
CH4_C008129,61.956900368848736,0.6339280155076963,0.37679826706288266
CH4_C008130,210.1135455556776,0.8635436569665675,0.8339451063023531
CH4_C008131,19.510619672977736,0.866586519133697,0.37142245589655243
CH4_C008132,154.29053318135152,0.465477269118993,0.5912967764740351
CH4_C008133,138.79344926770264,0.7658387413006611,0.306909825182316
CH4_C008134,52.89923618357817,0.527382182380662,0.5945676116513456
CH4_C008135,25.613933419519867,0.8664019665261897,0.519700995590723
CH4_C008136,49.84478913225121,0.4598070223302145,0.31662268368503066
CH4_C008137,192.05271758675735,0.5873283013483002,0.4247375179085471
CH4_C008138,30.42305601041992,0.37391939081415,0.8267082717188723
CH4_C008139,98.22294760632735,0.8967418651206502,0.4106184824847498
CH4_C008140,240.5377723081062,0.4771113591348423,0.3354867746367963
CH4_C008141,66.44110083441662,0.45549493947737985,0.4787908850954035
CH4_C008142,171.89925763230912,0.5339278367412483,0.49310796683931846
CH4_C008143,233.01196676584675,0.9021275345635429,0.5806300173213221
CH4_C008144,160.52000315148268,0.7464213003533491,0.7256280918459508
CH4_C008145,192.14679957870277,0.7824402929752321,0.5440203141045066
CH4_C008146,73.583927567195,0.3278751630536468,0.6183793074587369
CH4_C008147,81.78904383410901,0.777497605728604,0.862346122938277
CH4_C008148,197.27369652250022,0.32866771930750366,0.5217559414010375
CH4_C008149,137.13833992100578,0.8984614690780648,0.3312736479415982
CH4_C008150,112.00557480711268,0.6843183825197158,0.6311625389216167
CH4_C008151,34.91949273444206,0.8679223791776638,0.720359188905098
CH4_C008152,134.12277186029021,0.7114767536104453,0.6976083969648643
CH4_C008153,194.87048147938776,0.6441537434061755,0.41633742775140464
CH4_C008154,77.82661247589034,0.6721555569160396,0.46497721740451686
CH4_C008155,36.67010053513581,0.9020842690258439,0.8657919427969769
CH4_C008156,106.79598744472827,0.3417075760169907,0.8341545923694662
CH4_C008157,247.83495890599386,0.704981193327536,0.5230712178027059
CH4_C008158,174.3491564255634,0.3998752316504148,0.7788632665691004
CH4_C008159,153.4989637940209,0.592670502901114,0.27010368252766437
CH4_C008160,163.50665423642837,0.3850564536789882,0.6135017144128567
CH4_C008161,157.08708907396544,0.6346887779242272,0.6853205545575392
CH4_C008162,59.55518479324201,0.8434277103078758,0.7559214158265155
CH4_C008163,200.80499803264266,0.5705093633951066,0.7144347244909734
CH4_C008164,242.1102055829383,0.8760938590090406,0.6715545396816542
CH4_C008165,38.330087264364984,0.3872359886986055,0.855457379213094
CH4_C008166,81.71594515520201,0.8609914880849905,0.9078631015547909
CH4_C008167,85.49445980854681,0.5020535389780746,0.4392550565386384
CH4_C008168,175.32484930599097,0.44548461192641253,0.7036019450223019
CH4_C008169,22.029259346441954,0.6185169741825247,0.4142001684130683
CH4_C008170,112.81239386757538,0.684181193738262,0.8873549233709088
CH4_C008171,247.19242190265155,0.8495710278438016,0.6797434090310004
CH4_C008172,154.1850979483497,0.8090752259769323,0.6028662281335759
CH4_C008173,163.4910710348902,0.7609082557663851,0.32830141796107976
CH4_C008174,45.71432113086521,0.4144066820075364,0.38448138866212683
CH4_C008175,194.61214668792633,0.8658655201218715,0.2870066427922124
CH4_C008176,76.8155355099375,0.5247106912805699,0.6132179770966233
CH4_C008177,105.10553923670061,0.6927698375108857,0.269533770522537
CH4_C008178,66.0358944713614,0.39436699145009596,0.5680563329665878
CH4_C008179,158.64240479647466,0.4503567996503254,0.5940044653614986
CH4_C008180,240.99636039772784,0.9114079472145173,0.8743932227809752
CH4_C008181,158.79635999924875,0.8221769111637405,0.4060010071718734
CH4_C008182,32.95397659053575,0.5656921881292172,0.35659439979644847
CH4_C008183,204.17241488101257,0.861334284165427,0.4704952719030631
CH4_C008184,171.98344452108785,0.5224292735588244,0.9063222483309301
CH4_C008185,66.0095112115805,0.7652666818919767,0.8480655364625544
CH4_C008186,38.08816284258148,0.6852216942535101,0.38062371777241477
CH4_C008187,37.2094730822557,0.9145627352642292,0.49575460999516524
CH4_C008188,204.79174721846113,0.9030830264617908,0.3704841786597798
CH4_C008189,27.6895153958292,0.728377721685457,0.3269958486539971
CH4_C008190,172.73329911365022,0.5585045487681793,0.22833543499671452
CH4_C008191,35.407611848328216,0.6180953511596566,0.2436155084709489
CH4_C008192,101.2008558562027,0.3729448675534584,0.8629664117944127
CH4_C008193,20.20408521267686,0.32348570418055506,0.38709479465419633
CH4_C008194,89.11936013699831,0.34092599493241793,0.6726403347589716
CH4_C008195,56.50862473756002,0.48789994152762683,0.5903911150635822
CH4_C008196,249.62994959811112,0.7348009966932749,0.64095280016919
CH4_C008197,44.0759685960386,0.8104654404956833,0.9006503732757696
CH4_C008198,60.26303002445496,0.42321330042039423,0.32836117096457074
CH4_C008199,190.97952997034625,0.8053688437417572,0.7217281777953846
CH4_C008200,33.588009761621045,0.6579042691802435,0.292889647511803
CH4_C008201,103.10235757892045,0.6862009362581227,0.7068165905436314
CH4_C008202,90.6311243368563,0.5079923993888165,0.5974754582738587
CH4_C008203,218.19729461650095,0.4592217439146694,0.7114134770536549
CH4_C008204,88.45362528095974,0.37462687004871487,0.43765927314558317
CH4_C008205,75.06867887504254,0.43722901013968507,0.8719697531143504
CH4_C008206,135.70261385369037,0.5916638560120915,0.545522073729523
CH4_C008207,104.26989822882557,0.7217141897690569,0.33737920671949645
CH4_C008208,229.60632579435722,0.8893259848182966,0.2092764255978784
CH4_C008209,10.447629337733993,0.8395714003105426,0.21157221560594042
CH4_C008210,118.91521519976914,0.5827725644906845,0.5540457777581389
CH4_C008211,1.1536018693511785,0.33819670065865576,0.78391642353671
CH4_C008212,24.132304167013952,0.7233035067002235,0.5554456658808824
CH4_C008213,18.332682479989842,0.41508853075657676,0.27938101262372983
CH4_C008214,146.05244746269523,0.7485483162554167,0.8968455910237696
CH4_C008215,144.99342357914367,0.5812670895059544,0.23702066327339152
CH4_C008216,116.93716015027437,0.8831431891759005,0.40176156663279383
CH4_C008217,244.06198018991782,0.6077487083200424,0.3844738216504859
CH4_C008218,210.565341187325,0.3706667853017568,0.5961052508195657
CH4_C008219,48.54899609135913,0.692720219117559,0.8799601755778488
CH4_C008220,237.2614439844126,0.3684784616658441,0.2304297626268519
CH4_C008221,142.94163603110292,0.39106025161069674,0.7044202669017772
CH4_C008222,60.52334087048908,0.3658229773802824,0.4830000955047023
CH4_C008223,194.43157927855594,0.9129397204496954,0.8335854535287524
CH4_C008224,212.79286814507913,0.4417287696222977,0.8135012969745168
CH4_C008225,44.26131289879437,0.6634040754976311,0.3864318429089262
CH4_C008226,163.58032764862654,0.4166755337110441,0.5584756877038113
CH4_C008227,77.26913373719343,0.6024916272018481,0.4988891542625629
CH4_C008228,114.86550428594123,0.44202414383883537,0.8161383205206396
CH4_C008229,171.54431511723325,0.7674144861115897,0.8352159660397265
CH4_C008230,168.1058898701983,0.5417390179188672,0.5068485900852018
CH4_C008231,186.19169403639174,0.4116863395175063,0.7522222259253188
CH4_C008232,155.7657590813823,0.48554444884953063,0.6523594728955173
CH4_C008233,89.08745606232779,0.8678731989204607,0.7633694101760033
CH4_C008234,22.145076686267057,0.8933260405625452,0.545651130034631
CH4_C008235,92.70263441948426,0.8705306337998877,0.8814079232129743
CH4_C008236,142.79480471459027,0.5252458196737924,0.784061058852789
CH4_C008237,29.00651602039378,0.4002591674212946,0.9446066889893645
CH4_C008238,163.30458265561572,0.5637100003501299,0.7630725595870198
CH4_C008239,76.60523070021691,0.6949511974921722,0.8799437626562889
CH4_C008240,84.56356405183874,0.4179280890119008,0.6083100810271842
CH4_C008241,77.60726158854392,0.8130917336364503,0.8868738296172876
CH4_C008242,67.48297591401378,0.8642443049339998,0.869121294924992
CH4_C008243,177.71200525644912,0.5617961010244185,0.2605939456473245
CH4_C008244,30.499595120201313,0.5805742062300805,0.33647073662077165
CH4_C008245,26.734775343362134,0.6060956015291025,0.6478215089575092
CH4_C008246,64.42466471415526,0.8894831005979702,0.7783476580878395
CH4_C008247,100.33051655993444,0.4293622381587216,0.7019276169991555
CH4_C008248,24.302255156586682,0.6036340409922276,0.4672137051040454
CH4_C008249,69.06365797505171,0.4685691740615314,0.4163729386613385
CH4_C008250,49.81257500454156,0.5649309272176875,0.2453615105658165
CH4_C008251,109.60350462380129,0.3498663774233901,0.6040638907473297
CH4_C008252,240.16534382834348,0.6813903283562592,0.46215283217759345
CH4_C008253,57.60547428697427,0.5167064491963689,0.21786793561822657
CH4_C008254,130.7212402604415,0.5581740544943263,0.8179699812024124
CH4_C008255,89.18539648451416,0.512441002845849,0.2841260210113892
CH4_C008256,38.62445548768623,0.417170523203904,0.5451148296786141
CH4_C008257,69.50466325489083,0.6142941250435239,0.45550950031569987
CH4_C008258,185.02616686306902,0.5763634818766017,0.7610202752311639
CH4_C008259,19.997617183396876,0.6213852053307853,0.8023309766016686
CH4_C008260,61.25549458204691,0.510308081234118,0.9369893708310912
CH4_C008261,229.91665849840118,0.8484831815978247,0.2479885491349912
CH4_C008262,37.51127574758181,0.6539843068777194,0.7265002912038527
CH4_C008263,150.11535047076856,0.8538335508135313,0.6579201992493233
CH4_C008264,188.21235295391375,0.7262083100985999,0.9130317718889689
CH4_C008265,89.77133353133934,0.5132922853214784,0.7780647840722328
CH4_C008266,51.581583949915775,0.5267003741590728,0.5571582410589586
CH4_C008267,73.14183120184403,0.8824009489331497,0.6063259448863796
CH4_C008268,240.3027294155202,0.3243912564005304,0.5288920126580114
CH4_C008269,188.12114565918208,0.6025962750671168,0.4647175975265339
CH4_C008270,20.43121610961249,0.8203928468411981,0.4600325695777529
CH4_C008271,211.05395583481916,0.7830206178366297,0.9138559387925043
CH4_C008272,93.16743171242983,0.8620086098352109,0.7189314651091816
CH4_C008273,31.568713628320673,0.6307160465290503,0.806205744208198
CH4_C008274,159.37821941293817,0.5661820722620505,0.6766500371172566
CH4_C008275,141.64404733867164,0.3435359980479122,0.48233388360280577
CH4_C008276,153.02228173968535,0.49236180221429393,0.8980403066979863
CH4_C008277,137.90537232279974,0.6673336754305816,0.4010386136463196
CH4_C008278,224.42391610883092,0.8025992079225339,0.8489933924678992
CH4_C008279,58.34094354805192,0.6779315734469342,0.37277695924727755
CH4_C008280,228.30614139187944,0.76998769407818,0.6615900963058715
CH4_C008281,16.48545876393434,0.8662528988959675,0.42139156266551286
CH4_C008282,213.10748144166968,0.9142148952851672,0.9033108551119906
CH4_C008283,47.15526907324089,0.3327693636656776,0.8228525924433006
CH4_C008284,96.74388903208752,0.5902296704208598,0.7278809806112587
CH4_C008285,130.52360430040306,0.5002310536473608,0.6585114572888415
CH4_C008286,117.26852338329394,0.707680538639651,0.3292582113862005
CH4_C008287,161.89327373318372,0.7283416213361128,0.29509354308661107
CH4_C008288,152.6381089846926,0.6419450952675029,0.7667784759261915
CH4_C008289,39.866951241618374,0.4844960621596782,0.6396922772694357
CH4_C008290,183.02274076551956,0.6002779849069222,0.826868596860298
CH4_C008291,7.119113600409898,0.6694972938550746,0.5387145366263488
CH4_C008292,226.73084295553636,0.4410943420608578,0.315297666465484
CH4_C008293,124.1183830942983,0.7601815870162104,0.9396280313790306
CH4_C008294,131.31924208015332,0.7852000118273585,0.3784982895928368
CH4_C008295,88.60942009006727,0.4261949576601205,0.5899265176913256
CH4_C008296,159.78204713773465,0.8367578846752952,0.27692678080009714
CH4_C008297,19.580677084924115,0.3688750353904269,0.6081873170844014
CH4_C008298,200.22304938575263,0.32147150927182305,0.6023716948322761
CH4_C008299,234.21235443897888,0.44978615940985134,0.8338167006252695
CH4_C008300,32.41872465924994,0.5160414579986129,0.5360691402452262
CH4_C008301,47.60299387759675,0.430019520130715,0.3201062274664526
CH4_C008302,15.572214428520304,0.7878283159403252,0.7956551008196266
CH4_C008303,220.46594632083782,0.651659022571933,0.7031617346263064
CH4_C008304,229.00296982368133,0.3759225481796966,0.41364046692210044
CH4_C008305,1.244474163271031,0.3932813758694705,0.83665153979143
CH4_C008306,30.606254073620278,0.5667466545614382,0.3730357949306681
CH4_C008307,54.19691734704729,0.7726406470116496,0.6358262957812544
CH4_C008308,100.25610456907991,0.49974988796335396,0.47201253258326537
CH4_C008309,118.47832291022655,0.3624845188481348,0.3806728867421579
CH4_C008310,108.5982027639294,0.614946035577491,0.4658712720926399
CH4_C008311,29.43626146842221,0.9058088779550286,0.4544663707673319
CH4_C008312,24.86153808909236,0.6681489521148374,0.8105819101575609
CH4_C008313,9.115566190806279,0.9127767817857966,0.7731180517055967
CH4_C008314,137.68715326087639,0.7671969093513731,0.43576237795366674
CH4_C008315,60.692406299137026,0.6623393202180206,0.3342365979662789
CH4_C008316,242.58949743713785,0.623819216153402,0.5825984812604115
CH4_C008317,105.833658881832,0.6971040733699955,0.6459673295047044
CH4_C008318,178.3096755807366,0.6994042584171862,0.22880190027549754
CH4_C008319,121.77366513197823,0.32979171067621,0.662319571751605
CH4_C008320,224.196892239977,0.5266349763860432,0.69136028252417
CH4_C008321,177.35686225203168,0.841804042924172,0.8210667924519133
CH4_C008322,84.4093303916158,0.6709365117464721,0.36364785498523317
CH4_C008323,186.6942306509798,0.8901877747669424,0.509905513236119
CH4_C008324,204.64698872411762,0.39639832396321495,0.6668420981332581
CH4_C008325,138.68548293866363,0.8020188737909872,0.7765561093327877
CH4_C008326,30.036026842362173,0.5476916341484679,0.2706652735110633
CH4_C008327,0.920209968060387,0.4633239802792499,0.709836505306036
CH4_C008328,24.96446618284104,0.4367640027591252,0.6190322811904208
CH4_C008329,77.53482143766949,0.594449902044327,0.48871161562911974
CH4_C008330,135.33282221210737,0.5460602728837964,0.3735380449820964
CH4_C008331,218.6316803157046,0.6390741258533993,0.7083572580578312
CH4_C008332,243.48837805196905,0.4642775488992052,0.49488564918929456
CH4_C008333,30.708531124987864,0.807680239249349,0.8346421878966892
CH4_C008334,173.64763378942703,0.8707645217297406,0.9053921656399406
CH4_C008335,92.1974143277366,0.6953999713609049,0.45148330894883526
CH4_C008336,129.67699397874563,0.5105372984069596,0.5119312114529055
CH4_C008337,108.10559009760779,0.8744372196370616,0.3876157713575312
CH4_C008338,225.20164416655516,0.7413230894180649,0.3430325150347069
CH4_C008339,171.78657640386402,0.48812049983923567,0.8047673037407608
CH4_C008340,111.55052841367456,0.5242618011123336,0.28394034222021025
CH4_C008341,192.51728252893062,0.8057949926669421,0.22820674616690784
CH4_C008342,225.07760874752637,0.9054942002849415,0.5107073700860154
CH4_C008343,203.00074253275167,0.3576112686145853,0.936693187293848
CH4_C008344,153.666280443408,0.4872389626935473,0.9028894049967608
CH4_C008345,10.287427946817251,0.46486057125933516,0.4658079739937811
CH4_C008346,177.03746505678532,0.6333796616696893,0.7581076936934175
CH4_C008347,32.57906947955583,0.4813191048698674,0.3693236165803536
CH4_C008348,135.20670538095519,0.7744648498894375,0.4164114129955103
CH4_C008349,236.39089119193844,0.4191840229462369,0.8612531125139884
CH4_C008350,158.28763102005968,0.8341384860899645,0.36040690005557685
CH4_C008351,74.51067128977326,0.9131357063272694,0.3829757419396853
CH4_C008352,16.59777705059076,0.833403891501042,0.345319105721107
CH4_C008353,69.50244285165074,0.32334572741523965,0.550816695542125
CH4_C008354,34.82063259290291,0.6252048918747819,0.6278247060775561
CH4_C008355,149.59427588019813,0.674471988660404,0.4666511537948495
CH4_C008356,107.7589351096393,0.5590467107092231,0.20711070759803737
CH4_C008357,120.7985882542508,0.6562503151725395,0.541732651594895
CH4_C008358,61.30933917260903,0.7360597812541476,0.24938633920969952
CH4_C008359,70.2678148073289,0.45248731109856555,0.9192547643290616
CH4_C008360,151.31844753187724,0.7459118682059906,0.42331559439704625
CH4_C008361,102.53970921401844,0.5441204985441446,0.4714051924489011
CH4_C008362,28.795772142023335,0.7057987831793959,0.39909268561995326
CH4_C008363,92.46410748378176,0.8557540200672915,0.8482185706677998
CH4_C008364,239.55471758714324,0.7514447974069092,0.22777047570329542
CH4_C008365,58.195056138567544,0.6178059344184972,0.4935602986665258
CH4_C008366,25.57960709629148,0.7811800637539332,0.7374655252355387
CH4_C008367,107.90084425658108,0.41109105627233683,0.34306088769384213
CH4_C008368,107.9271970229296,0.5371277387111644,0.9449714188878884
CH4_C008369,56.55338846189126,0.358708033401678,0.7877392100233931
CH4_C008370,73.00045125307786,0.32426855032392904,0.5929998598962196
CH4_C008371,225.38696904479568,0.6525169191128353,0.4894442234613355
CH4_C008372,223.64193826050695,0.6255395025813084,0.27277375598407705
CH4_C008373,25.05630020809671,0.3795701081988933,0.2941355724036627
CH4_C008374,191.36035422393525,0.551493025836082,0.37341490135969324
CH4_C008375,18.36537200174884,0.502367756562212,0.32868241380497143
CH4_C008376,114.15974687455727,0.35255727513417334,0.712757543223048
CH4_C008377,247.58592481547527,0.4995563522926024,0.36398593593418
CH4_C008378,169.56243384708458,0.4781192444068344,0.9353072221917316
CH4_C008379,102.2501236039812,0.5065370322051288,0.5711188078727307
CH4_C008380,57.19491751488631,0.8824445651406896,0.4826763914335186
CH4_C008381,54.46648699375517,0.9003834107477044,0.41434604926683477
CH4_C008382,15.374033710909757,0.6895309109351717,0.7595649056821614
CH4_C008383,5.356495852020387,0.6909065884174881,0.8567113551934857
CH4_C008384,124.60156972231864,0.9157313795475974,0.5906506966763525
CH4_C008385,47.270466841507236,0.8478564425445436,0.726611555809471
CH4_C008386,162.27565853281257,0.36899990965062895,0.725743144484849
CH4_C008387,96.62407935901123,0.6784933084629939,0.8339381858365034
CH4_C008388,55.84537943265183,0.869351410174912,0.3885660071115475
CH4_C008389,187.5623128588536,0.45318403004338303,0.5410933153466084
CH4_C008390,80.64017000853269,0.6209147569215143,0.6621367301161105
CH4_C008391,201.50969305654266,0.6176444380988486,0.7154303258198262
CH4_C008392,245.74918341797226,0.4125076616659595,0.2960752264116847
CH4_C008393,154.81849550883499,0.706991707298416,0.7692788517705058
CH4_C008394,6.88388442274801,0.5156091700233959,0.20155015483715086
CH4_C008395,85.28337423904684,0.8983873815168248,0.3480005138392169
CH4_C008396,111.92120178961906,0.5270056093810367,0.8656481301121834
CH4_C008397,66.99036829645394,0.5837114928540178,0.6748029251560783
CH4_C008398,94.2596323830829,0.7892204177278095,0.6935017742597955
CH4_C008399,198.49596154659483,0.36944919061183024,0.5993712800029936
CH4_C008400,91.40832314097477,0.46229006220592156,0.6699392957891226
CH4_C008401,196.74055873025037,0.4458694424877271,0.6895690414103572
CH4_C008402,45.18891139083151,0.5030703896084164,0.9058827997442249
CH4_C008403,216.33032564193897,0.6752252684006057,0.6695563944395899
CH4_C008404,198.26157824801263,0.7167091309015303,0.4229686989523318
CH4_C008405,43.80990248866168,0.8400485953323968,0.26910778274872205
CH4_C008406,243.38920123127025,0.8392779738054241,0.7788969737352516
CH4_C008407,134.65347848818425,0.4207262774005826,0.46254787105454703
CH4_C008408,95.70838757937891,0.5024950114990447,0.5290037047479936
CH4_C008409,93.0577760300446,0.4484733275484182,0.9114273137707583
CH4_C008410,247.8267704600343,0.772590884950009,0.3708136937342841
CH4_C008411,249.94553966310926,0.7083659111140299,0.5657599340433193
CH4_C008412,170.39974748906923,0.7400431843615836,0.9227141796181648
CH4_C008413,44.08394991013484,0.5509970809724173,0.3275306191385544
CH4_C008414,153.85431935901127,0.5878186309677464,0.7027261684818613
CH4_C008415,199.49659676499388,0.6549252074825638,0.3106570445416056
CH4_C008416,31.653859989826007,0.7563243595431495,0.33217574934829636
CH4_C008417,119.2906001930038,0.5742089504334114,0.36717929963682205
CH4_C008418,249.95827843202005,0.4386460639359273,0.8967658266452467
CH4_C008419,143.5046391733311,0.7499886691886675,0.537347323629026
CH4_C008420,119.26615150810565,0.36874116405564383,0.6102960306275271
CH4_C008421,44.67357285554419,0.6803287127913459,0.6058200478531743
CH4_C008422,60.95500010171706,0.8629926048994763,0.4546542083308369
CH4_C008423,64.92070091874774,0.44342553866314627,0.5287382368425295
CH4_C008424,245.4083617317629,0.5435592986853248,0.26114407047173155
CH4_C008425,136.49732235640826,0.7860265562227484,0.866859443715905
CH4_C008426,182.61945207242528,0.7362360742660701,0.6607552181992354
CH4_C008427,133.54806713068322,0.8811042960381148,0.8510218166246657
CH4_C008428,137.43597276601568,0.8285834893067627,0.430809942441916
CH4_C008429,218.27715532539423,0.6563018877102766,0.28382414982373755
CH4_C008430,87.29469681908189,0.35854051398057146,0.2992566824411176
CH4_C008431,96.78338288445579,0.6140040231826208,0.88092591655122
CH4_C008432,64.59893144001933,0.6655342300037584,0.2252783833655467
CH4_C008433,246.91543997284867,0.6588519922880003,0.3466119997532249
CH4_C008434,187.80824932906816,0.7555748703848211,0.6114020464114247
CH4_C008435,78.90327939575268,0.8357964187842728,0.7069205657601234
CH4_C008436,245.3231835388887,0.4636239626775498,0.8443670466366802
CH4_C008437,161.58567365450355,0.7524838050111566,0.6347947092817731
CH4_C008438,110.39818169374735,0.5856879160164254,0.20932561438173863
CH4_C008439,231.51481156045884,0.574206512075848,0.6244459940004061
CH4_C008440,179.4648178669046,0.6735672002163154,0.820079815713159
CH4_C008441,134.1018734460601,0.36969432531277663,0.8374261194998021
CH4_C008442,121.2832618335489,0.379938225261322,0.5040028623651316
CH4_C008443,230.3733880594664,0.4953816397397044,0.6777262199905326
CH4_C008444,234.62997535793465,0.7636098327214955,0.5926209808632326
CH4_C008445,123.06850517907037,0.7120877242284167,0.5318752340987574
CH4_C008446,129.3892375171073,0.5676435418387247,0.6378359323035901
CH4_C008447,147.6866996898856,0.49510298150393184,0.7936856715350868
CH4_C008448,44.71230585325339,0.5101603718040035,0.42114190250078154
CH4_C008449,97.57584797953788,0.352971128371508,0.27420245098492935
CH4_C008450,221.3128249354062,0.7774034006843711,0.45760489391638254
CH4_C008451,145.98598884730265,0.5262102067356282,0.20505372039390082
CH4_C008452,180.6491140248654,0.8675626009292785,0.5459015686219135
CH4_C008453,150.71291534316566,0.4660491507633372,0.47250107221792526
CH4_C008454,178.6661857516894,0.7566085697839149,0.7967297941902447
CH4_C008455,28.534100927334354,0.7775472451103993,0.7492658009709248
CH4_C008456,193.70962274670558,0.5818095001236776,0.7538057497557482
CH4_C008457,181.70127329285015,0.6824829376103473,0.5562320637919701
CH4_C008458,209.4616940649952,0.6060462964067725,0.942132515375901
CH4_C008459,25.352785530938142,0.6095324022547868,0.6575318348373647
CH4_C008460,137.83134831797807,0.7492470402948841,0.6980713513503993
CH4_C008461,57.39977168207755,0.8319501276237091,0.3304492173126847
CH4_C008462,240.60069946521804,0.8777526838468148,0.901336820915627
CH4_C008463,177.31243515641273,0.7201828085025433,0.5295037849647275
CH4_C008464,136.86598456578437,0.5357947594202572,0.24988299148758386
CH4_C008465,16.501675484197815,0.8227295830017067,0.9404838218298639
CH4_C008466,153.40099499673047,0.6645332652915972,0.8822152954954028
CH4_C008467,81.93261894289213,0.4092508644518995,0.24831618676370784
CH4_C008468,196.84799791254792,0.52988474608035,0.2354421274323699
CH4_C008469,84.14072117376398,0.3926096732862958,0.28781254190325334
CH4_C008470,103.25177250438044,0.6311215941087929,0.21240744797681926
CH4_C008471,93.73869275827329,0.7548622815222693,0.9269356010154337
CH4_C008472,188.2157628131449,0.8664071551338284,0.6848011572767843
CH4_C008473,95.50268856344573,0.6838029220984672,0.8263415445465292
CH4_C008474,234.7854934890938,0.5958612009285267,0.4702706016720877
CH4_C008475,111.09698399880378,0.5140856032970441,0.6600828818692408
CH4_C008476,7.626800627353353,0.9063542973724883,0.49201780702248027
CH4_C008477,71.69857288906714,0.6242266212614656,0.728147676794515
CH4_C008478,144.28777178992806,0.8562841691941048,0.9147472801432819
CH4_C008479,100.079889999242,0.7261006713515135,0.5402746037553021
CH4_C008480,88.08466016946001,0.6237588050767511,0.6075109522592115
CH4_C008481,173.002104064825,0.7739231306787867,0.8191051655798629
CH4_C008482,47.91068450624444,0.337533356232427,0.6553856794182293
CH4_C008483,170.425411463524,0.6328221566067067,0.882771746026636
CH4_C008484,238.64865784259138,0.6822663823339273,0.3394401796967753
CH4_C008485,148.15561364214304,0.37483638937909647,0.8137377425824
CH4_C008486,196.36526891281778,0.6844286311753836,0.22264561745302736
CH4_C008487,149.10439234944621,0.5748518630855621,0.7079176607669302
CH4_C008488,173.7246842712482,0.6914004751649818,0.5798085090297909
CH4_C008489,159.69806093344164,0.8016794405226,0.5643847383815767
CH4_C008490,100.39427735666084,0.9037209949864371,0.30715678912496813
CH4_C008491,36.0936713870037,0.5489644427343213,0.49416837146226283
CH4_C008492,167.2811099594994,0.5017546451621924,0.905310927572734
CH4_C008493,20.53584123562191,0.516947467571445,0.8793292648107851
CH4_C008494,143.45169285733564,0.7154098620684636,0.22072274156100466
CH4_C008495,189.21322070758748,0.8595775348813901,0.8538460731982678
CH4_C008496,182.15101711835158,0.421638739326609,0.9444213616839403
CH4_C008497,28.634480060091505,0.4032104833846455,0.3146362373608747
CH4_C008498,182.75107496627234,0.7565769856920246,0.4585826583132064
CH4_C008499,183.20689323014346,0.7094929676935179,0.3771104111067316
CH4_C008500,120.56384313555735,0.8156108312852441,0.31212561431264596
CH4_C008501,38.55702232250652,0.8772989070177442,0.939849114774497
CH4_C008502,36.50029340611857,0.5437731865145257,0.4382948125130465
CH4_C008503,87.84613774982816,0.4514983862435912,0.8340163891052907
CH4_C008504,201.03921907319452,0.434451861660353,0.920677131543411
CH4_C008505,68.4243189943814,0.36920010036031203,0.6552945690757659
CH4_C008506,213.8800722138576,0.6195448385894768,0.5691666365274745
CH4_C008507,190.05439909393613,0.3234549298568241,0.6878305440968651
CH4_C008508,28.0288091826002,0.8465180178763092,0.6575503715160265
CH4_C008509,169.94532601665983,0.39273860583670517,0.6995829118383508
CH4_C008510,57.01660036487452,0.5715669678027814,0.7744603258111253
CH4_C008511,152.60328211358848,0.4383577054485149,0.20437029437320547
CH4_C008512,139.77991971875224,0.42392919100755594,0.8215146110535179
CH4_C008513,118.01349964742289,0.6462182968899186,0.32777295808878604
CH4_C008514,109.70551288481408,0.41637275855556455,0.7977228246305219
CH4_C008515,230.16841422775377,0.41239313147000506,0.7786040081854935
CH4_C008516,115.70283573115228,0.7160067594543487,0.5804544882052896
CH4_C008517,74.02627547227445,0.7571694653810173,0.7635759416761356
CH4_C008518,191.12640514103606,0.7698796616021464,0.593466059313687
CH4_C008519,62.49528439787369,0.647454811731117,0.9261544375926296
CH4_C008520,47.61400909328389,0.8197625431217189,0.5548647743513846
CH4_C008521,61.09597088088623,0.7257009412086255,0.6414415492605583
CH4_C008522,167.78070271121385,0.6754933473818192,0.6686679708737904
CH4_C008523,164.73711323018026,0.3977936874776328,0.5647767236574024
CH4_C008524,40.05866085934248,0.44941352390137235,0.292913434313153
CH4_C008525,150.60470761543144,0.8327951332578392,0.46816173900354824
CH4_C008526,212.188325002299,0.6460987599041041,0.6826958252801447
CH4_C008527,205.84059013789965,0.5592839169382582,0.7697279261147056
CH4_C008528,119.4534679980354,0.6547483905484481,0.20649368632342557
CH4_C008529,187.6186823761179,0.8967044474220986,0.22725206313705462
CH4_C008530,201.03325716171182,0.8062852446525798,0.5193478288897254
CH4_C008531,67.48149064710904,0.6912377129782614,0.8196664262005839
CH4_C008532,168.4657526354527,0.614554061300828,0.42485203832913454
CH4_C008533,235.22814053158933,0.6341923365677402,0.241651214124535
CH4_C008534,166.95858320086646,0.7347317558738888,0.6015221582848707
CH4_C008535,167.20381120052426,0.8313747935553333,0.7657856867860988
CH4_C008536,9.063338642287865,0.3303040082329741,0.4510079910395323
CH4_C008537,2.883491546160549,0.8899255485951323,0.2378393717633882
CH4_C008538,73.99425982919283,0.7071718589020572,0.5439312604057065
CH4_C008539,51.155331606267424,0.6203670037734828,0.6556118562633453
CH4_C008540,14.484158353317817,0.7317687279504256,0.9298617342513713
CH4_C008541,198.57460705623717,0.5591416479589899,0.6547976767083492
CH4_C008542,61.032363021508495,0.5883686163726192,0.8365777795330902
CH4_C008543,111.58685094313265,0.7989643843480918,0.40334149056511215
CH4_C008544,231.2219145459867,0.8368874727403557,0.23519653311099117
CH4_C008545,179.37194093529348,0.3409057499642191,0.4838105052401062
CH4_C008546,139.53674226932029,0.44764874023250756,0.6722868344222411
CH4_C008547,48.306918423617674,0.8737757594820001,0.38272114348729724
CH4_C008548,179.53646365973174,0.35784756504520365,0.3309562631215539
CH4_C008549,124.23191148974175,0.3323735950077455,0.7817699006546166
CH4_C008550,20.75715248853949,0.6712427772241518,0.7096224023254101
CH4_C008551,29.994518899713245,0.519588561558635,0.30824606468605403
CH4_C008552,132.9108160228612,0.5639755123840597,0.23457508344648192
CH4_C008553,67.21686326626481,0.6561038192336437,0.5093187996605033
CH4_C008554,151.9316950357998,0.4182691968940844,0.31794476137435357
CH4_C008555,91.51902119975256,0.658116405357402,0.8724687680453209
CH4_C008556,173.8801909329528,0.435984860771774,0.5598169958927428
CH4_C008557,223.56457238882996,0.6738896082629935,0.4902691638560742
CH4_C008558,124.30823046390327,0.7387907724787905,0.890446819040676
CH4_C008559,107.36658545525124,0.634606594931403,0.8914306385144524
CH4_C008560,51.12923912425727,0.8999333873704749,0.36923058406380554
CH4_C008561,163.87015291986035,0.6108512020022201,0.3621779435940129
CH4_C008562,232.13587139514303,0.8755815837599672,0.47106472751787787
CH4_C008563,194.8505567850783,0.6432423659996364,0.9043782414859081
CH4_C008564,73.71788873831042,0.6439956043717983,0.7221755127020981
CH4_C008565,189.59812280687783,0.8843267983790983,0.8102665377169331
CH4_C008566,68.97326389017408,0.324249820028835,0.689295726800605
CH4_C008567,98.71298609594083,0.7672185067812287,0.7964041494502165
CH4_C008568,30.56015332525058,0.7782811930089857,0.7905485021227627
CH4_C008569,230.61658199125543,0.740145613253971,0.6756678418664095
CH4_C008570,209.95045058720456,0.8152205651233518,0.4483577657785345
CH4_C008571,235.2919783566886,0.4971064456870514,0.3343989022189181
CH4_C008572,136.62490656799477,0.7866341414964871,0.7104242433262866
CH4_C008573,177.31534460414213,0.4905870947264772,0.5638507163693403
CH4_C008574,53.34739210280759,0.7301998961543927,0.4203260984125271
CH4_C008575,204.9035115098788,0.5583699356859977,0.5561244188662164
CH4_C008576,127.95189966927362,0.48152394228935713,0.6333762741112234
CH4_C008577,22.79499858910816,0.40377449140275046,0.24858631685839921
CH4_C008578,140.09466756530256,0.42004507180434025,0.24433453055260648
CH4_C008579,111.70103804518008,0.8640576253836736,0.7544464371753643
CH4_C008580,245.9927946788317,0.4218239293286581,0.49635146002099456
CH4_C008581,68.14765333532827,0.5872267333784171,0.7388369178800347
CH4_C008582,192.0525142676057,0.7731074124284404,0.8167439502206448
CH4_C008583,32.36191087250473,0.8269621058499534,0.8510892193051205
CH4_C008584,172.96836201945115,0.7919304978069983,0.9171577647776392
CH4_C008585,47.14148328352793,0.7389244605452223,0.7714527743374575
CH4_C008586,240.37656523402464,0.36236181682958885,0.3341943320262522
CH4_C008587,242.38338347407637,0.9095106876005594,0.243436018237942
CH4_C008588,218.75073815524328,0.7736072973571422,0.427286596910936
CH4_C008589,180.14715065530154,0.7533047208075035,0.837618865373388
CH4_C008590,28.60951095988909,0.3863580585851717,0.557893417059534
CH4_C008591,232.2517405824796,0.7339877491625679,0.45381620472585776
CH4_C008592,69.9673102994825,0.5986226299040835,0.6642789451572129
CH4_C008593,96.0572930237861,0.34390216274788893,0.821687264055218
CH4_C008594,77.7900207751994,0.7910189943393985,0.8772257024186969
CH4_C008595,169.16689780734438,0.787445751781503,0.4831854696612138
CH4_C008596,77.19058650952296,0.399495140496054,0.6078125194233983
CH4_C008597,59.40479102851412,0.6851582916713118,0.6185497870641123
CH4_C008598,14.34183151930854,0.730550229798305,0.6552013677716468
CH4_C008599,199.8255585475449,0.4859613744344046,0.6639852304215583
CH4_C008600,74.11228379720633,0.47962268732787816,0.41091465594981924
CH4_C008601,121.94993323703976,0.8963224771235243,0.606598094686057
CH4_C008602,84.18399898296067,0.6127279553595013,0.8927427672527286
CH4_C008603,55.506365506395674,0.8897281462090612,0.6249685610445443
CH4_C008604,21.475009354515905,0.6966004655380487,0.3432430978815918
CH4_C008605,208.8450848312914,0.4685136250255899,0.6556582072787822
CH4_C008606,104.13279292915198,0.46894737063456693,0.7794393824012433
CH4_C008607,249.49047773551587,0.7836757950104143,0.5886640688938845
CH4_C008608,49.52923519898292,0.5575975071805884,0.4121442849162111
CH4_C008609,45.81624888266506,0.40767915541272476,0.21331997501918268
CH4_C008610,127.48708028954408,0.3416013310840492,0.4416259144733584
CH4_C008611,39.524217562898535,0.9135808736534987,0.92804382056686
CH4_C008612,65.02903722573473,0.7185284707411257,0.948978211484967
CH4_C008613,144.48282453355728,0.3995103598195634,0.2566827964602736
CH4_C008614,218.33820681100315,0.8663258898325938,0.7449418340064737
CH4_C008615,10.015509005686901,0.6133630121225795,0.8026321865100683
CH4_C008616,157.9100019572789,0.35600276963709787,0.24275261235658202
CH4_C008617,6.663914561861134,0.7419915793282348,0.25285934744451394
CH4_C008618,246.3306791908949,0.8835228022019521,0.9274993756781997
CH4_C008619,0.8301599370041102,0.5553908112259218,0.36095384160936456
CH4_C008620,158.4650164806161,0.5423160219888836,0.20079976764907118
CH4_C008621,43.68801190542154,0.5345844826743751,0.2611884248570172
CH4_C008622,152.1292076979993,0.396658456134485,0.47747652157599435
CH4_C008623,97.42399774506202,0.8204502920572441,0.9062727320743336
CH4_C008624,147.38987647832943,0.6451912755263549,0.21738975935989102
CH4_C008625,249.43546376368548,0.5862056979942938,0.41477255182180184
CH4_C008626,94.24945180503424,0.49049710433387006,0.9484896243614478
CH4_C008627,77.99075898456712,0.8257830802545187,0.8204096922324158
CH4_C008628,145.0781229699295,0.8805560015841221,0.49945799806188357
CH4_C008629,146.1381662383586,0.38293928804489097,0.6833889676950563
CH4_C008630,3.2075833921798305,0.8393980767503455,0.6359865261953797
CH4_C008631,124.33043353482329,0.3865695156857192,0.6232895375091032
CH4_C008632,122.15812777876273,0.3975126920832319,0.8988140044832589
CH4_C008633,100.33714203825656,0.6644750159522816,0.20692542009205123
CH4_C008634,31.776271030783036,0.4592146785289417,0.3141149254757465
CH4_C008635,50.27309075625144,0.6429145822912757,0.4583733570002145
CH4_C008636,95.98146578801617,0.4606551001398592,0.9005272644401294
CH4_C008637,84.01514880056446,0.4874603476853292,0.38502498675831204
CH4_C008638,192.89947241239307,0.36531791226214094,0.7858088296423145
CH4_C008639,238.93750850956306,0.4773141604485934,0.4894490530333079
CH4_C008640,239.53242600917866,0.44111075484651996,0.23000119507037695
CH4_C008641,92.7983786108089,0.45349080817968246,0.8373658106772619
CH4_C008642,243.06002272760577,0.34065745054713786,0.4721097831816086
CH4_C008643,74.07949979962514,0.39838488518193216,0.7345332537094811
CH4_C008644,242.76901224966275,0.3674806359629599,0.7258485063816262
CH4_C008645,159.50335104549856,0.7334728191245984,0.7116759118024334
CH4_C008646,237.21369692553242,0.5574134456639244,0.7290093567509113
CH4_C008647,165.50018931387842,0.8400892621427143,0.8634635025310031
CH4_C008648,210.79774357646957,0.47901580022833373,0.6341252263753652
CH4_C008649,68.16808730246495,0.7576260258333212,0.5302257694822909
CH4_C008650,222.43798760560716,0.7963177056206299,0.2891372644094917
CH4_C008651,233.97672885125502,0.37915952740007763,0.7723869805554409
CH4_C008652,234.55450985844573,0.7342208492376178,0.43574700332260696
CH4_C008653,217.18185035606072,0.5029000554156743,0.33281149813254746
CH4_C008654,95.3395180694968,0.562664888794644,0.39908107366468737
CH4_C008655,171.60818145270548,0.43239496502312513,0.826969707603292
CH4_C008656,122.5972509210326,0.5158522164439848,0.25482043156714884
CH4_C008657,32.455815699427156,0.8428656871646663,0.6651982388254243
CH4_C008658,6.1822011974749795,0.69326573327337,0.40335892383029126
CH4_C008659,119.44220931119503,0.4631433876089617,0.29779744058821234
CH4_C008660,102.93385378699053,0.671332411428667,0.26056569815579034
CH4_C008661,74.90921906965312,0.48325426925004306,0.8324653641843158
CH4_C008662,36.452569540229575,0.4196111149108609,0.9280000474671928
CH4_C008663,40.34375321712602,0.7746062887094138,0.3416127060376171
CH4_C008664,131.58526979506007,0.7233358546419242,0.8537529923667402
CH4_C008665,209.64652301497637,0.48779499512520014,0.4976799345262673
CH4_C008666,86.89946155923917,0.4710623258794938,0.8323928542510455
CH4_C008667,128.44079747732414,0.8742342313630864,0.20583437175143193
CH4_C008668,66.12661224530852,0.701316366369449,0.5106687201680427
CH4_C008669,116.47282817011356,0.4458001419350569,0.5836129039764262
CH4_C008670,158.9936416484553,0.7411021372852775,0.9228505578141362
CH4_C008671,5.86461693978943,0.6438104980191713,0.6143969648372516
CH4_C008672,139.93575633174103,0.5929913618758497,0.3050799331241665
CH4_C008673,56.22142975888489,0.9150296874933241,0.26109811577730246
CH4_C008674,80.23091130435702,0.8272117473606353,0.6205514050890875
CH4_C008675,154.04612159625853,0.5741199274022515,0.6680999297704928
CH4_C008676,241.26331849232463,0.5212039033045905,0.5886499412648736
CH4_C008677,194.56383919194593,0.4698411818716376,0.47830147003566237
CH4_C008678,119.3512549628795,0.35104365822870076,0.44295404160295293
CH4_C008679,37.680284563048836,0.36518165570299954,0.3931784493105408
CH4_C008680,128.5134346292818,0.6577714058325611,0.5750386705468407
CH4_C008681,45.94470373854609,0.8355571149733705,0.46149295505482385
CH4_C008682,168.0963563530791,0.575517350128057,0.5436988223052059
CH4_C008683,185.62545611647735,0.7128280137575636,0.8222866408188882
CH4_C008684,236.48265398830833,0.35177758726336816,0.8731567245502976
CH4_C008685,151.03493822092415,0.781435140546583,0.20205416619701524
CH4_C008686,132.27358877903154,0.5530803694129924,0.537150013671305
CH4_C008687,160.3440104701461,0.6370317516469994,0.420982636756563
CH4_C008688,126.3911778103626,0.5016658218642717,0.42044731911165445
CH4_C008689,212.7608482727198,0.6591986450948942,0.7019532113887386
CH4_C008690,207.74327922298588,0.5406144889129404,0.9022261281374833
CH4_C008691,22.17249076737529,0.39857275800587744,0.43566945457081696
CH4_C008692,155.69795397309153,0.6081838922255032,0.4095067918546796
CH4_C008693,54.539153130217066,0.4734513643346319,0.9480459842421722
CH4_C008694,153.5185427596117,0.7730396585124955,0.756732299850086
CH4_C008695,242.71133839159017,0.6757731123453217,0.9146754796617789
CH4_C008696,9.82313881526739,0.6963401638619501,0.656450431714999
CH4_C008697,11.451467780315639,0.7581276095374597,0.5121336609002758
CH4_C008698,42.23944968358173,0.3237900104004247,0.30030273455307427
CH4_C008699,97.23544655166668,0.5979080709823832,0.33473660942822875
CH4_C008700,39.56038599170644,0.3951751011818501,0.7375731812708084
CH4_C008701,174.0063844536515,0.7571989243402715,0.6003208383129777
CH4_C008702,142.40561556714636,0.6558248022117732,0.6777487825722006
CH4_C008703,116.61285254342471,0.8615245260368005,0.6100804575470598
CH4_C008704,141.1330301046232,0.6907361193121604,0.3529938801264235
CH4_C008705,100.23917616285846,0.43312596877996384,0.2630378747487181
CH4_C008706,21.174921102585785,0.6339547478085459,0.7091143481830737
CH4_C008707,28.973923357224514,0.35526812512426365,0.6260088367603585
CH4_C008708,237.61699154734714,0.48256215459525953,0.5922669088927537
CH4_C008709,97.41697197072143,0.3550250705397726,0.5039348756163072
CH4_C008710,213.39918035888,0.5049144053995139,0.7271433514570347
CH4_C008711,246.72957752656137,0.4851995193333272,0.3786905542813205
CH4_C008712,123.83761018408482,0.4867897153349867,0.2571522752091798
CH4_C008713,2.058798434504572,0.7344977897096119,0.7236056043161418
CH4_C008714,4.1341767347946865,0.6725668818269879,0.7171269910242728
CH4_C008715,84.02420134469143,0.6060850299214755,0.6477229681376786
CH4_C008716,88.17186402700072,0.3220673288133143,0.4500354503422292
CH4_C008717,176.42842352689686,0.5934857758679326,0.8350254192290572
CH4_C008718,72.16806776824572,0.5666870126219583,0.40006038379059583
CH4_C008719,144.43735784514766,0.49619450208600274,0.4761531166560015
CH4_C008720,229.23952503157042,0.9183431877534969,0.7720386596208517
CH4_C008721,154.43104359784834,0.6736941943626336,0.8674784503047432
CH4_C008722,59.88664240592884,0.7046644573798297,0.8485489865440476
CH4_C008723,156.69193973734397,0.5845300759942916,0.3635530690843127
CH4_C008724,233.53377279815325,0.6620260856987477,0.5135949884551455
CH4_C008725,45.511135802294014,0.3787422075753197,0.38455157560346565
CH4_C008726,121.61519508013512,0.4616887534494868,0.2580077205923064
CH4_C008727,112.42903315494566,0.5604922346110051,0.8128172170162877
CH4_C008728,29.39795762879446,0.352443582713739,0.40092457227943373
CH4_C008729,62.36270570105046,0.6057553440405579,0.927338105003289
CH4_C008730,30.461008256798568,0.3541163008205825,0.7371124574390735
CH4_C008731,116.38521960248168,0.36410039489405016,0.8893817245986557
CH4_C008732,216.58373761372832,0.33646324578248477,0.3833846460173242
CH4_C008733,160.91040088173395,0.3955442967162538,0.6480360293780871
CH4_C008734,134.84317572428643,0.40000523873513605,0.7712441134080052
CH4_C008735,141.78798454407337,0.7131619298133256,0.4115523083591811
CH4_C008736,22.650432507978575,0.5528137447628936,0.8640018757340253
CH4_C008737,245.94026151295677,0.8482582439441366,0.589033991044557
CH4_C008738,181.9346852029704,0.5339340191682702,0.6396026757419048
CH4_C008739,109.33174722566797,0.4396661206207897,0.8632349913048278
CH4_C008740,212.63662514114174,0.4357313001338238,0.6753228424121631
CH4_C008741,92.41564885880157,0.44882548850357784,0.8398909339167726
CH4_C008742,118.62517235457997,0.8476292831195653,0.607320205546765
CH4_C008743,174.43034190387306,0.3336405619239187,0.3015890211012229
CH4_C008744,148.83466202044048,0.7754300873632464,0.36758250987755636
CH4_C008745,18.52095086889524,0.47407836059696606,0.665969136080756
CH4_C008746,245.27927525813686,0.3523926507888173,0.6141237101722756
CH4_C008747,4.9492239593747485,0.8469846677389785,0.6961865465099825
CH4_C008748,217.91990961389294,0.3739013873161574,0.6266322663045232
CH4_C008749,88.90854208900566,0.6534097204765378,0.9431910485753725
CH4_C008750,46.54529888675038,0.8128542071605398,0.4810492759414257
CH4_C008751,104.54159956432824,0.9171723709624033,0.7587016118056134
CH4_C008752,220.95031543653158,0.5246465104806985,0.7458825256595203
CH4_C008753,4.519344427051486,0.6184851964909874,0.6087165122685338
CH4_C008754,161.54455893862396,0.8531532688540155,0.7576798846235613
CH4_C008755,38.238339606567806,0.8489483661037058,0.343340123673412
CH4_C008756,40.76818874339344,0.7523389616334961,0.7821766645726989
CH4_C008757,105.61724812164888,0.7145975361357335,0.6064177430751212
CH4_C008758,100.74786448969819,0.6965220235307434,0.4567125506878959
CH4_C008759,238.1383401985724,0.5373302191913737,0.5450786387380022
CH4_C008760,43.31005100206617,0.3674221477466663,0.2877968736112728
CH4_C008761,238.4130157312727,0.7719829713911117,0.9215145644842468
CH4_C008762,15.19149519646934,0.6064331308915634,0.7098544402316211
CH4_C008763,188.93314766600696,0.6737881224319366,0.744166381653143
CH4_C008764,135.11421163857804,0.8189139156154223,0.3084539765353401
CH4_C008765,122.51611632729126,0.3561184318635208,0.7349343028598523
CH4_C008766,114.21448750942089,0.6242145568376729,0.6131055130934381
CH4_C008767,10.513318671358519,0.39355565640735946,0.6705829973407448
CH4_C008768,204.90898117949018,0.6808547588868094,0.2550989009728347
CH4_C008769,195.95098478064173,0.8682636674201809,0.214715547852426
CH4_C008770,136.10376642041624,0.7970542123339377,0.5267428734718977
CH4_C008771,176.36660666778613,0.8085250907469137,0.8642537307434792
CH4_C008772,9.69729661224611,0.8113037468815854,0.34939519507440076
CH4_C008773,163.32508207350583,0.8789882708918328,0.5283364590132704
CH4_C008774,132.25641474773855,0.8227221589015539,0.3085615618182448
CH4_C008775,99.4549774051878,0.42215681110913217,0.45096199613596877
CH4_C008776,24.005766882111118,0.5422714316445172,0.9319188225372361
CH4_C008777,44.385314520683835,0.41058607125039853,0.9362886330686713
CH4_C008778,130.69945195936438,0.45772089029064555,0.8691938420134948
CH4_C008779,206.9616994910916,0.5882126047137064,0.9085461881106005
CH4_C008780,48.026341012433136,0.7260698819569689,0.2612978573271934
CH4_C008781,166.1382624695514,0.3924715994323593,0.37500376107678735
CH4_C008782,76.47594644026451,0.6852304488855758,0.6517483715948242
CH4_C008783,222.51827160017746,0.5255932324135031,0.26751085576649924
CH4_C008784,133.4804352215138,0.5433390424216097,0.2199585210024313
CH4_C008785,147.7226172456575,0.4409299615134912,0.31698547009486405
CH4_C008786,216.05868179153325,0.8047588401822802,0.42592320067755807
CH4_C008787,30.875856371294198,0.8221432347069342,0.24519584663907718
CH4_C008788,165.0871618436185,0.4049595553902685,0.7385091236872507
CH4_C008789,179.10538730621943,0.7975317205606629,0.22585194185065718
CH4_C008790,229.84843506574364,0.9041544344352801,0.9114353577070942
CH4_C008791,192.82086085689065,0.4208578082341501,0.7622874453123194
CH4_C008792,214.64754365182705,0.366530379993699,0.927722847225944
CH4_C008793,69.73203223227713,0.8830535143711538,0.21847009682934806
CH4_C008794,184.56208408157036,0.8122817047308417,0.8749649872901213
CH4_C008795,153.47976128231832,0.4576146405173415,0.4745330602109525
CH4_C008796,227.1675498824333,0.4060469341678232,0.5274940575315421
CH4_C008797,82.77758491277665,0.6383713176946796,0.2523380217490151
CH4_C008798,96.77845857894116,0.36850931565504963,0.6395505019905325
CH4_C008799,155.8008569710268,0.9106617841980296,0.38184265613890456
CH4_C008800,52.11380978798502,0.5113774556962593,0.7419532222240404
CH4_C008801,80.86920866778655,0.7867653863182831,0.8616273818827938
CH4_C008802,226.66383144784075,0.6762073898157515,0.4019850117260425
CH4_C008803,160.99962236535168,0.8744873134531934,0.7411156281229996
CH4_C008804,198.924873620398,0.6255139986686582,0.287904207742388
CH4_C008805,32.25643177368187,0.49048471684580486,0.34497402504285285
CH4_C008806,197.99285039774622,0.495412806311866,0.7066417751851437
CH4_C008807,154.80535491862977,0.6595342917904882,0.647268994550273
CH4_C008808,117.85535555586779,0.7411276451638404,0.8115764869640176
CH4_C008809,15.024847829223308,0.8673188450376679,0.5450404013936898
CH4_C008810,189.0396645940132,0.4710028550678902,0.8011669053370116
CH4_C008811,217.7786718307731,0.7202690468912963,0.7581775368577297
CH4_C008812,10.834809989891337,0.3656012518697127,0.4330982585196491
CH4_C008813,139.88886804337676,0.7172954503789539,0.6318298415305417
CH4_C008814,61.72158567997424,0.34897498144785705,0.4367380982990845
CH4_C008815,18.946103321141937,0.4951305940970817,0.5008800770031324
CH4_C008816,187.81332134173368,0.5182527430767099,0.3270410347728522
CH4_C008817,9.954437323127118,0.3312842967421032,0.490056259583996
CH4_C008818,194.23893138833571,0.7733258377447103,0.26139564989565583
CH4_C008819,243.15156123268906,0.3312224061758719,0.716513647507315
CH4_C008820,234.70372557291896,0.7039386198949293,0.37278865669449074
CH4_C008821,49.803755555584196,0.609955557430871,0.4920193316394153
CH4_C008822,181.5950535802838,0.8908388548865269,0.8859498065375799
CH4_C008823,5.5689055962369896,0.5236451054044994,0.7833805090381136
CH4_C008824,182.491876423764,0.4827583838166782,0.8222079420435204
CH4_C008825,236.0271208325776,0.654425722102683,0.24607298707679848
CH4_C008826,97.97997089532461,0.653289857814807,0.7402462265629206
CH4_C008827,162.93426088078238,0.3566476352701442,0.2903245004995061
CH4_C008828,115.57417750879776,0.7822069687935338,0.4757942906236264
CH4_C008829,10.03133459556993,0.7490110623016398,0.5861781958493666
CH4_C008830,160.7157293016125,0.7105432960830788,0.8021946968102418
CH4_C008831,125.06726280757341,0.4585166331935303,0.47714603549239404
CH4_C008832,166.33661744859623,0.48796380233890285,0.5168606358939475
CH4_C008833,89.04981317657032,0.6700239736242535,0.7297039577098141
CH4_C008834,26.874371138235375,0.4823171501011715,0.5372348913569391
CH4_C008835,58.41671840792503,0.3548275165604021,0.8079571459438153
CH4_C008836,162.0731520824448,0.42321707034750816,0.9103880588864086
CH4_C008837,242.79907953214058,0.359264426428544,0.33558230247431553
CH4_C008838,89.42670901363373,0.5934516954706097,0.23796080441991066
CH4_C008839,28.41863196981695,0.6170850502799765,0.9415511494194013
CH4_C008840,92.35856784810434,0.3484044621668809,0.2877360154628902
CH4_C008841,46.70359390881773,0.5798473302875717,0.8686510029188976
CH4_C008842,90.88528098959317,0.6737381889955362,0.2706923782465635
CH4_C008843,18.820953920500706,0.6024138520654927,0.23290729182777348
CH4_C008844,246.50460167573033,0.5941660924113592,0.3528458403088187
CH4_C008845,92.83374108128406,0.6577789461926269,0.33277303900032373
CH4_C008846,212.61813827515314,0.5979907336405633,0.7463851578111222
CH4_C008847,8.710427607270532,0.5675614817744408,0.8095559242728956
CH4_C008848,237.2487476794785,0.36350043320519926,0.9152989766486401
CH4_C008849,16.184603771178168,0.5806069221412966,0.7408083797505747
CH4_C008850,9.38082571806853,0.857125101152654,0.7614709197511091
CH4_C008851,98.13069886528561,0.3831093298776838,0.8080623344333322
CH4_C008852,146.85776663385704,0.88747536165278,0.6378255692697969
CH4_C008853,104.70877624938454,0.7354033044773186,0.6232137479906559
CH4_C008854,245.89385169648048,0.7099131118305386,0.3052551509119544
CH4_C008855,179.03059779942177,0.5265840831568572,0.7995304628227864
CH4_C008856,199.7736986415029,0.4750764209048952,0.568499425355955
CH4_C008857,44.906542623456616,0.9165988810252139,0.6449968013929743
CH4_C008858,105.86642849914524,0.5808569647051103,0.7573719209299989
CH4_C008859,107.99419130483074,0.7248136809874561,0.8346606373255998
CH4_C008860,209.94007440136835,0.762838826993993,0.8900035931773311
CH4_C008861,57.21969071717744,0.37705642300146697,0.4045021421073588
CH4_C008862,187.09084985665464,0.3616462551579436,0.7652312655680582
CH4_C008863,213.62134312271036,0.8443157325799961,0.48911502541217716
CH4_C008864,143.67114841405458,0.38743573507783735,0.3799633170762256
CH4_C008865,79.94395055399325,0.6409898752376465,0.6312057911459811
CH4_C008866,7.792674404026756,0.8690336559014851,0.6071326387382385
CH4_C008867,38.91624633042373,0.5907989475851034,0.8632926255332047
CH4_C008868,98.81437675757509,0.6669413084609017,0.46541713214723607
CH4_C008869,69.46475616790713,0.8148922843898909,0.35845776693589493
CH4_C008870,74.13814942228007,0.8121445439459686,0.3698238287875606
CH4_C008871,24.527762124752773,0.464240634966121,0.4807521945897401
CH4_C008872,88.82997170265868,0.39902550440960494,0.5997714087596735
CH4_C008873,212.7060132330533,0.7569847173489631,0.4079543987110372
CH4_C008874,10.48252624861537,0.46015802585482857,0.20772608659164557
CH4_C008875,8.00006132019479,0.8323123578245044,0.8948537289418887
CH4_C008876,150.09866379196785,0.3746274637978031,0.4856009544371049
CH4_C008877,217.38833859516575,0.4972865446015311,0.6562882380861041
CH4_C008878,117.98406307798292,0.6529620226579274,0.6552510867741401
CH4_C008879,154.44823388342826,0.7292135662588057,0.22323228746650944
CH4_C008880,27.001380283137504,0.7940581237130924,0.8825220644698444
CH4_C008881,75.33615062871974,0.5401354079081713,0.608286918464304
CH4_C008882,188.9108215257189,0.6935741621113515,0.9455206603129629
CH4_C008883,22.73675502091324,0.8548439266181798,0.4547331173891588
CH4_C008884,11.35305325195235,0.8444065209542655,0.5264282114246626
CH4_C008885,126.36241671885045,0.47094286777345473,0.6893090710529594
CH4_C008886,148.54514049607027,0.37697738294362815,0.35330434812835565
CH4_C008887,104.15010392339813,0.3965466845053744,0.6152101453129719
CH4_C008888,97.04647722197454,0.5253195904396516,0.3076976866783739
CH4_C008889,27.20439213139747,0.5517276965629878,0.356089509920618
CH4_C008890,147.82773785751735,0.8701802999662709,0.44938994900244456
CH4_C008891,221.0667314991698,0.47300342230019776,0.4465818117414042
CH4_C008892,142.7157758883978,0.7961966455202125,0.4225511805934853
CH4_C008893,143.93580019386923,0.8183333941954736,0.8229915270708381
CH4_C008894,112.28025344549152,0.7186542156414442,0.6571982702834718
CH4_C008895,62.54672538346609,0.5079943631405655,0.5758107185210708
CH4_C008896,215.48320500086152,0.7039226800105844,0.5230539891910013
CH4_C008897,39.17283841154115,0.8710996726012188,0.7072695124093782
CH4_C008898,113.11820866051059,0.6143691424807729,0.5029019843881191
CH4_C008899,228.54215483941113,0.32340715793454694,0.7109807663047722
CH4_C008900,210.37378033238235,0.43063586143143007,0.44108660217211865
CH4_C008901,181.81234437070376,0.4113503536395815,0.447236745998246
CH4_C008902,80.12258575381703,0.46001977380137626,0.4218315495065963
CH4_C008903,215.85499284241544,0.4675481684349998,0.6262848607661267
CH4_C008904,222.333310869857,0.6597342578947367,0.27447800476167244
CH4_C008905,197.14408117238864,0.7230371220928677,0.29749415062477413
CH4_C008906,129.7818383714801,0.5703713856353185,0.27161674140977954
CH4_C008907,194.71643266994758,0.6706141462269365,0.5778851359753057
CH4_C008908,39.17414165887473,0.8310053955148129,0.33765482457352847
CH4_C008909,149.4179210097739,0.702073883168133,0.7936319589215963
CH4_C008910,175.89812411481913,0.8060453205007438,0.22906640255339442
CH4_C008911,82.7794606146581,0.4369791033957945,0.41500508445897816
CH4_C008912,91.23708339801765,0.3833465727657738,0.7382473365875506
CH4_C008913,212.16136075912345,0.4869681124331837,0.9215972344323455
CH4_C008914,18.366855024223806,0.6471215688334646,0.7591311931650717
CH4_C008915,52.6584421873435,0.4084460528658269,0.24504564253523878
CH4_C008916,156.20978718241403,0.7812120385152302,0.29284880642497046
CH4_C008917,3.581790591009021,0.4940810352165008,0.27840708304141304
CH4_C008918,184.11535948916338,0.5255792255906883,0.2715073418475387
CH4_C008919,157.4410862465248,0.35337567144940446,0.5423389609255252
CH4_C008920,42.46430597084663,0.4343615154432307,0.7661766157546845
CH4_C008921,79.66059005300637,0.7616374881198813,0.8950537886111327
CH4_C008922,4.914820867483599,0.5161547417613068,0.46217439521678744
CH4_C008923,27.086142167629333,0.8774256202656145,0.9154109692376748
CH4_C008924,181.13951193323433,0.7745905486929876,0.7130634237809135
CH4_C008925,65.36519190203039,0.4645166519993119,0.933092034702373
CH4_C008926,30.093677557122888,0.5697408646694283,0.9240703673845583
CH4_C008927,138.2142598833133,0.37218958799801455,0.6654945155333611
CH4_C008928,216.91576157847967,0.5647000335715593,0.7976216837423391
CH4_C008929,5.400832299435554,0.6315293980904244,0.7026856536590258
CH4_C008930,60.8239383938749,0.7899760009425569,0.24669578911832035
CH4_C008931,223.38500957544176,0.33172178313451217,0.9191794054153926
CH4_C008932,183.30677886220997,0.4059885920446628,0.39658111255756995
CH4_C008933,173.89118245180907,0.7751188509193992,0.6257153076294988
CH4_C008934,56.34884923477465,0.48056945818671337,0.23840253575459266
CH4_C008935,196.09767231812955,0.8430282012740371,0.48669261222223736
CH4_C008936,29.081302551149573,0.6512262219145273,0.6430443078082841
CH4_C008937,101.5848368325373,0.8138184342470176,0.6596159813463387
CH4_C008938,150.2622161579002,0.8473377808278229,0.5713965195809927
CH4_C008939,104.39804148104506,0.6558902601062517,0.8782219767474633
CH4_C008940,247.31971593429444,0.379070568248268,0.6386833906347478
CH4_C008941,98.44864028238601,0.33510498470357264,0.5437320213641823
CH4_C008942,69.94700155560373,0.9187051717390651,0.7947443804268233
CH4_C008943,219.55836129763534,0.46201891668203937,0.9175986032484929
CH4_C008944,84.73069167158772,0.6493767352874338,0.4845895435188316
CH4_C008945,27.175110160583326,0.5675008209520739,0.7341327046931183
CH4_C008946,223.1381082063916,0.4171234021476107,0.2921528714926348
CH4_C008947,51.94762485877399,0.8212160989483892,0.9117783719753199
CH4_C008948,53.94732801238175,0.38349481910483046,0.7311362295036554
CH4_C008949,189.3040037898048,0.9182172040452139,0.9249518558054748
CH4_C008950,202.94480203706993,0.8631716673156344,0.2889852712882308
CH4_C008951,85.83685121971821,0.8824830176663978,0.39985560335995085
CH4_C008952,216.27238649627088,0.6591618945898922,0.6802555257848963
CH4_C008953,214.8872980823641,0.49860763180778445,0.8194204689976856
CH4_C008954,222.6439998171567,0.9093878735385423,0.6715980771758616
CH4_C008955,24.9132816095268,0.4560468792598734,0.7326394326243495
CH4_C008956,183.0130346265507,0.6640956084127784,0.7223354555710382
CH4_C008957,80.19977808939946,0.6531845085117234,0.3399700687521144
CH4_C008958,146.7636256133508,0.7985936645295408,0.9142018351833698
CH4_C008959,5.810195004715634,0.7216954476407687,0.3141563485266085
CH4_C008960,215.79569012588172,0.3465740955862724,0.4890511391303098
CH4_C008961,89.83888583896174,0.7773773413616476,0.6206606926246145
CH4_C008962,153.3683151993468,0.7532428560041762,0.42262446693230493
CH4_C008963,246.8150954541184,0.5812660571866743,0.8672862514589166
CH4_C008964,92.78198503034865,0.5617278404517559,0.2870007082984806
CH4_C008965,107.28388986922835,0.3628641875813171,0.4739241028082559
CH4_C008966,189.6105742337246,0.4463963961932906,0.643543159701059
CH4_C008967,6.440482701131733,0.33994068565210617,0.45307508395618473
CH4_C008968,200.33519487968888,0.5249021678441366,0.7698088037998039
CH4_C008969,17.95206570183247,0.8533225438859542,0.31029933211218047
CH4_C008970,221.0757345637935,0.5146482924811093,0.3025357310595027
CH4_C008971,122.9760349812597,0.4180840147236272,0.7391068463994144
CH4_C008972,9.508470142640446,0.8145356144939144,0.5795242504004274
CH4_C008973,54.953113345743766,0.32046533368738084,0.5813253863172205
CH4_C008974,55.65738542980461,0.6831167661076467,0.2913051037346016
CH4_C008975,81.54620120729761,0.806291641626087,0.48780821511475575
CH4_C008976,74.64228406921927,0.6885827297121923,0.7765538909228116
CH4_C008977,44.74457182196992,0.6856711913394338,0.3675271529751402
CH4_C008978,2.695400813525345,0.8644678952276568,0.43792641571420154
CH4_C008979,14.619511405994324,0.7446559169160569,0.21018060216974466
CH4_C008980,98.11503798506513,0.5139055988406769,0.760041415897222
CH4_C008981,234.44603658141614,0.45824539043638635,0.8600550318591962
CH4_C008982,42.7958155348507,0.5136180057141195,0.6535583450366087
CH4_C008983,89.18937999564366,0.7567442394202963,0.43188726048243653
CH4_C008984,129.64559102380926,0.6921014849978191,0.43525485553704957
CH4_C008985,166.22254313478058,0.39825764339404796,0.7962094029533886
CH4_C008986,174.51765634811107,0.38639280775546064,0.2623076727891728
CH4_C008987,37.68179303384447,0.6760251318526852,0.22484403836117867
CH4_C008988,77.89687962970781,0.5070348393111694,0.8778501265021199
CH4_C008989,141.58430676760756,0.7896101391570045,0.6837320159026348
CH4_C008990,6.4101621375730335,0.3880513863856445,0.4527798498663344
CH4_C008991,77.4778527620216,0.8973172166693033,0.33273002297373777
CH4_C008992,102.7382706927562,0.6191527752112245,0.6950540441663967
CH4_C008993,168.69144299183353,0.5415498341636162,0.8067758042036299
CH4_C008994,46.53915383910481,0.8537045865519111,0.3139804686638057
CH4_C008995,199.3106047514769,0.7991854581895292,0.6856930186677364
CH4_C008996,115.01220147780822,0.3423178934316855,0.20532804082961753
CH4_C008997,179.17942315458404,0.5570325325058492,0.3119700750925453
CH4_C008998,165.77173744740978,0.49709009472129795,0.20710098201015
CH4_C008999,219.11999871257865,0.3702926967363843,0.24903204540174345
CH4_C009000,52.22815393049571,0.854288117251021,0.4530441207431586
CH4_C009001,32.628924236035836,0.5000104670361263,0.26983622869578205
CH4_C009002,164.20858587261887,0.7589630532990399,0.5650645640534385
CH4_C009003,15.979561548798843,0.8874181202754334,0.5906704750873006
CH4_C009004,89.42217719661899,0.5256477574877051,0.25957367394933184
CH4_C009005,206.54679505244735,0.4050925321326881,0.5109939255482596
CH4_C009006,234.64669330074028,0.5249763169362249,0.7319241226838888
CH4_C009007,107.93377877295032,0.5099262988421508,0.8810939945507925
CH4_C009008,123.07980045784211,0.5866416972511883,0.8467643328298204
CH4_C009009,249.0153132686964,0.6662748215278194,0.31508679974269843
CH4_C009010,34.484172546894676,0.7562871201539327,0.37722212985303705
CH4_C009011,53.72279866184992,0.8894412561565557,0.7436369781918388
CH4_C009012,60.51853230642715,0.828642328371525,0.7774410562083838
CH4_C009013,9.139689383198673,0.835261224638443,0.750641348234246
CH4_C009014,145.88634621659625,0.3515936214816362,0.5044544578531776
CH4_C009015,194.50387628927373,0.7204604014038425,0.7291681684384008
CH4_C009016,188.02530508816315,0.5902658666523287,0.42469131081134104
CH4_C009017,135.0649127235444,0.7414051700830528,0.8409426442887642
CH4_C009018,247.22674645863037,0.36838611853596914,0.9310199011560418
CH4_C009019,64.0351140353615,0.5990962693667179,0.7944754552994546
CH4_C009020,70.60877857241793,0.6456470891761543,0.5413397416635396
CH4_C009021,64.43995665696559,0.8157360854420059,0.9291076275811696
CH4_C009022,159.1550656317947,0.7772794943699999,0.8677267877331576
CH4_C009023,225.365124173115,0.8217705447461094,0.37682844081070155
CH4_C009024,172.97470652603823,0.894700389758416,0.4190845208529045
CH4_C009025,178.94221541816148,0.7087167511718335,0.4307930278673072
CH4_C009026,101.39002059355064,0.4796687486446872,0.5403850374302297
CH4_C009027,53.17583372831838,0.3630553996192259,0.2136811677080687
CH4_C009028,5.301105448871107,0.5156024395229237,0.6893723915213974
CH4_C009029,232.40662117605706,0.5832183562783897,0.74350268802913
CH4_C009030,159.0542259467813,0.6990701124918725,0.6158689457513065
CH4_C009031,16.862655449054937,0.47205160489614295,0.6432157471732975
CH4_C009032,196.49154102757475,0.3282653254116829,0.5098248309851501
CH4_C009033,107.3688205878961,0.8282517617544607,0.3043065672206028
CH4_C009034,17.391696561087745,0.49222895759549157,0.6480575073536612
CH4_C009035,231.66009815321576,0.4332780248715299,0.5254424418995074
CH4_C009036,80.5788600671018,0.678318597366907,0.826927300896388
CH4_C009037,45.407236281831715,0.5334893099492397,0.5983015924237507
CH4_C009038,218.09162673683855,0.882173489670395,0.9321929044981527
CH4_C009039,5.099616371972592,0.5709859306061229,0.21854456856485374
CH4_C009040,209.51699558456414,0.8205737674892117,0.8169611061198914
CH4_C009041,111.87558352423,0.8238004342319611,0.5313827204643164
CH4_C009042,20.47476907405152,0.7000781315029586,0.3057571224424741
CH4_C009043,204.59968696357953,0.8566734237883968,0.5048678605053432
CH4_C009044,36.224517493497586,0.6292073062111857,0.5622314667009941
CH4_C009045,139.29986804583206,0.559776037821591,0.2784743954591348
CH4_C009046,69.14340301654958,0.8972683482758557,0.2483700710478599
CH4_C009047,98.05906054107218,0.9132623242147517,0.617775556696172
CH4_C009048,93.44438397850577,0.8874959547483008,0.6325879658674267
CH4_C009049,176.52061855183473,0.7581501221501155,0.894904577646547
CH4_C009050,206.08118622865143,0.3845064429953318,0.8910089347173817
CH4_C009051,203.5699044881805,0.3659250124779364,0.6929305338486537
CH4_C009052,79.67870579826278,0.6786662189596937,0.8820035318815689
CH4_C009053,136.02686786898286,0.5526488284415476,0.4410041906202665
CH4_C009054,124.9007986296331,0.5924699227592941,0.8132537817148067
CH4_C009055,248.04975689856528,0.4085184971422162,0.3398175996715624
CH4_C009056,116.3306261627807,0.4573286205656927,0.9206726914885925
CH4_C009057,81.46472848200962,0.5490169293408674,0.6103613605165066
CH4_C009058,83.84496030124846,0.4507057565052821,0.8297190316638121
CH4_C009059,137.0853231458314,0.7543408620647857,0.813686320651299
CH4_C009060,102.75972413774478,0.5437409568236214,0.3768706741154921
CH4_C009061,41.67254562390285,0.6290954615030504,0.593503717290697
CH4_C009062,204.22377019317585,0.39196343978332704,0.4950965255710886
CH4_C009063,9.339180484200543,0.5166146229968918,0.8515691120992792
CH4_C009064,197.5555000451884,0.5881590261579103,0.9339497105378725
CH4_C009065,208.94611786671825,0.6908316867061723,0.27271327549550783
CH4_C009066,210.41957046557857,0.5108343024608757,0.29618409582018557
CH4_C009067,24.21456521039897,0.8248848143828731,0.6470605279769098
CH4_C009068,10.826637542675432,0.6302277113570859,0.2034077534581922
CH4_C009069,224.92779376433404,0.6879256690494848,0.8583546646460707
CH4_C009070,205.7600030659377,0.3982897957132103,0.9269021906085113
CH4_C009071,205.92290568607638,0.8770333668673458,0.8409238471958784
CH4_C009072,125.50704905054089,0.4064769253525034,0.6252674938894294
CH4_C009073,34.616775794963665,0.46775906263759914,0.8461053123714972
CH4_C009074,76.26395705362202,0.3635621923114885,0.5270569670446783
CH4_C009075,182.01639639165157,0.8294249693438398,0.5891257464489559
CH4_C009076,88.82342641204282,0.5667158159717984,0.49980038591764864
CH4_C009077,28.952365513743,0.6335989762773951,0.9395338153289803
CH4_C009078,108.84553548299513,0.7310265368398181,0.38803188565875363
CH4_C009079,57.28253633848118,0.7473818171603579,0.6076548223502237
CH4_C009080,249.53799897539142,0.42071417914091563,0.6669400889074097
CH4_C009081,240.97582220675733,0.7919733857017565,0.29095360709297335
CH4_C009082,115.11678001157019,0.380523848903839,0.6336538381788055
CH4_C009083,106.91950618791601,0.9033701254105064,0.674970573688136
CH4_C009084,61.59345796122734,0.5198447448622204,0.35467976984410077
CH4_C009085,193.83163017833226,0.37308332232758523,0.677433211145412
CH4_C009086,217.78982240107763,0.32110269154373033,0.5933361936197854
CH4_C009087,230.2262344126666,0.44276885468291166,0.48637427999925426
CH4_C009088,44.35161086420739,0.3895723587932116,0.2265447421984034
CH4_C009089,80.97202438028758,0.7713324260995684,0.9481472504902067
CH4_C009090,96.77080307918331,0.8286241832667345,0.37607062772085986
CH4_C009091,7.196657454614591,0.702033074805858,0.7969703355252513
CH4_C009092,203.277934970552,0.5225083102163771,0.2714963002584163
CH4_C009093,5.239658754955967,0.6405198967040777,0.7192684628374533
CH4_C009094,37.25087704619534,0.8729612403617546,0.25251480817136207
CH4_C009095,19.42325781086146,0.8809051233306036,0.3518471474706555
CH4_C009096,101.88657508676287,0.5174264015658694,0.8648256467491879
CH4_C009097,56.11399934199321,0.7217784663069706,0.28317113146076955
CH4_C009098,143.77328775343952,0.5102093957230748,0.25464193950299296
CH4_C009099,249.65189796824293,0.88868516762401,0.6213810071039109
CH4_C009100,100.0724573475772,0.3317832281542404,0.5347172843166095
CH4_C009101,65.77754954034418,0.897442381406278,0.5850884394961953
CH4_C009102,170.11321784799395,0.9050696537643557,0.24141037360176945
CH4_C009103,163.93563300863528,0.9042333102975537,0.45569984069985264
CH4_C009104,2.856545083805978,0.48057071576356275,0.5728011678885683
CH4_C009105,99.91514427745146,0.45770803058212584,0.4372594447778281
CH4_C009106,242.92365293181717,0.5106757258798709,0.5929056163277614
CH4_C009107,182.4290807014036,0.8644696553627258,0.8877718745120144
CH4_C009108,158.484102682993,0.4168784860852971,0.48621215767012144
CH4_C009109,249.13946208617574,0.7963073628941566,0.37507539086244523
CH4_C009110,144.5971638059736,0.3910517050903271,0.6868832451923292
CH4_C009111,143.6358625884433,0.684137052119306,0.804530039868586
CH4_C009112,209.5676275804488,0.3217206008760541,0.5638884480101047
CH4_C009113,101.39145283185668,0.5714988469885348,0.9184065663973966
CH4_C009114,111.14858373926573,0.6384914356444975,0.8688470889306321
CH4_C009115,151.7436037652283,0.8500266184749403,0.39280852849911596
CH4_C009116,50.084279385207736,0.743663561694028,0.6503308915772632
CH4_C009117,74.51439787266564,0.40641225917195145,0.9355141410723067
CH4_C009118,5.05270254514667,0.7693305806760392,0.5866803981558447
CH4_C009119,30.77990523451679,0.8703351543449391,0.40385263938962657
CH4_C009120,26.94449069121249,0.6521188622674078,0.37804382668911796
CH4_C009121,102.19938135799794,0.43489517984403037,0.2306767158322107
CH4_C009122,71.0354373944845,0.36164769951478964,0.7918103862904384
CH4_C009123,185.9744626757413,0.5754245701881417,0.23899528855375057
CH4_C009124,2.0277151305526098,0.524464945359985,0.5610608326088897
CH4_C009125,146.0998616097796,0.5996943826453326,0.8326635927243304
CH4_C009126,182.55987262272822,0.8580709909584647,0.6408907304120947
CH4_C009127,182.4536046471105,0.6609059830775372,0.4600170906326649
CH4_C009128,104.5703375396186,0.5798052094818327,0.7598358553888884
CH4_C009129,89.89767667514906,0.32699994168160024,0.3909547681361469
CH4_C009130,102.6171633690296,0.5673698922585545,0.44503473718379494
CH4_C009131,127.03548948393612,0.7773537899307825,0.2519004664102704
CH4_C009132,197.46431002951354,0.37794205603750497,0.48653669463464483
CH4_C009133,109.59952222295982,0.3454416616073013,0.9081956938454439
CH4_C009134,166.32036650237768,0.7116252473510409,0.8729966207561224
CH4_C009135,47.77718474670375,0.8935797091842945,0.399699274172326
CH4_C009136,78.84158574245454,0.5270395204430784,0.791947177015158
CH4_C009137,90.83798422513756,0.8220812824556871,0.41986142735887627
CH4_C009138,10.16827762501843,0.7822445170804497,0.2590625072818915
CH4_C009139,16.154340550633723,0.7845861865946404,0.4287961500980806
CH4_C009140,5.942230593789594,0.4105750908812492,0.33681618270469293
CH4_C009141,220.85742586144576,0.39388648340808785,0.5744557547135206
CH4_C009142,58.18077451842144,0.6885246917010523,0.38962015871841726
CH4_C009143,142.4155207332958,0.5061200913089788,0.3020820050206068
CH4_C009144,189.87762973734166,0.6419708387474492,0.2636873201033816
CH4_C009145,30.837794789742773,0.4292080891909954,0.6082437679011908
CH4_C009146,48.77782173852019,0.5033673039181304,0.6755167805994202
CH4_C009147,9.534456056284363,0.8095296323913889,0.49425263783182977
CH4_C009148,227.6915151896199,0.793396061820594,0.3944839249966151
CH4_C009149,123.75725051871603,0.574804392667139,0.21637489015611555
CH4_C009150,156.51317291472893,0.9110070611070924,0.29256449711516214
CH4_C009151,58.05548489986837,0.33990485069817883,0.21519624147025282
CH4_C009152,231.1166315340549,0.4596489332142343,0.6629595633687917
CH4_C009153,0.23453074756402126,0.7558704372904119,0.707422078529863
CH4_C009154,96.79175293930919,0.6746674378847953,0.23224313133403854
CH4_C009155,55.38714911470022,0.5627814514236755,0.7767103880948236
CH4_C009156,244.15738953041784,0.6170970201618325,0.8826352654488334
CH4_C009157,59.57288824540905,0.4398700429450648,0.5804486042176406
CH4_C009158,24.878148107017523,0.8399016279060241,0.44213122489482537
CH4_C009159,92.69051695069328,0.3388705150509466,0.24784408129285876
CH4_C009160,181.56992007988558,0.6129776246693242,0.4078640446831862
CH4_C009161,202.04694589187167,0.8202128293013471,0.7806725278525788
CH4_C009162,113.07730900729638,0.680372575670384,0.7656262329067218
CH4_C009163,21.374362208224362,0.5739837819009763,0.38928978122732044
CH4_C009164,214.2865395810269,0.6778125994388042,0.8376913680240718
CH4_C009165,147.13827389231312,0.5355722652586143,0.5075004672878249
CH4_C009166,128.07835959257838,0.6605352411098305,0.3563109083453898
CH4_C009167,60.951957329412856,0.6212701677397405,0.6551905090198962
CH4_C009168,186.11928988412643,0.49312162157177214,0.7919838383117044
CH4_C009169,190.03806325456003,0.7417167916559522,0.6575311221654692
CH4_C009170,38.24352310503073,0.35002011790472454,0.2889505636923646
CH4_C009171,133.08936587641622,0.45831098676532056,0.9094652737146767
CH4_C009172,211.30010430093944,0.5119429008128635,0.6596828271299988
CH4_C009173,218.51768966677147,0.6557246878958528,0.45515060901562093
CH4_C009174,31.13181851481439,0.6502580024442088,0.5216069275365418
CH4_C009175,165.6926143971835,0.563459157871364,0.6906979765138224
CH4_C009176,41.76132851272718,0.7531119729138064,0.2635000690314505
CH4_C009177,181.6797557993241,0.8907350190532113,0.40786832990862
CH4_C009178,168.64600194921323,0.35600011992532576,0.4587391038149288
CH4_C009179,224.8413731383013,0.7753379281223112,0.31323675984997784
CH4_C009180,70.09248300040593,0.4370121109817662,0.8024924355208765
CH4_C009181,148.73197514759386,0.4807166903660143,0.7509587574355774
CH4_C009182,58.16340488689542,0.8810170390103096,0.7066706261697255
CH4_C009183,136.41662347910744,0.6012617972290606,0.2726112921463818
CH4_C009184,3.7913881302972516,0.8665027455869212,0.5184228187510282
CH4_C009185,98.31863965052092,0.6275794202410968,0.5340500653790108
CH4_C009186,37.28370385464963,0.7207744795184197,0.5933219662397147
CH4_C009187,68.52573345486171,0.6007472683512651,0.3537689219195609
CH4_C009188,183.528453035354,0.7920334773960872,0.8869551355363057
CH4_C009189,247.44448886434657,0.5088045633176407,0.774911023244754
CH4_C009190,191.83383230960928,0.5259894458845166,0.2555546482458778
CH4_C009191,161.12656919628986,0.5098906983362999,0.34035423182403335
CH4_C009192,211.67645632977212,0.33237161062822196,0.6285844128407785
CH4_C009193,190.0270043873899,0.5363918917314925,0.24364809196921908
CH4_C009194,129.4331811205532,0.5475745323919841,0.4110316504686754
CH4_C009195,151.09810636122816,0.4402283226042598,0.5642107261360731
CH4_C009196,14.357926727013915,0.5071668504844701,0.4999184565813661
CH4_C009197,72.75874642881926,0.8731905799894517,0.8351486912030155
CH4_C009198,69.64954661639877,0.6271904971105708,0.8966169717578791
CH4_C009199,140.7517036586682,0.4639514905819402,0.7549833722866839
CH4_C009200,213.71474749193032,0.7765053065821133,0.6058072489447044
CH4_C009201,237.6209786725586,0.6315659034270122,0.5852638334785223
CH4_C009202,86.00587827059653,0.5115456697290418,0.37729135140342007
CH4_C009203,35.752896572034096,0.6091907494435583,0.7774804142250418
CH4_C009204,186.4244599934421,0.7106329689874467,0.5516504841381127
CH4_C009205,179.39641965916493,0.5512779114356482,0.7252821587491791
CH4_C009206,248.89005699789388,0.6872660036248678,0.38964034642872225
CH4_C009207,49.28990160076421,0.6751579982217841,0.8291350572345422
CH4_C009208,31.341239713128715,0.45271496107276543,0.2496146502130485
CH4_C009209,112.32700350402395,0.3605858560145948,0.6637376273571469
CH4_C009210,206.7309238488689,0.5392424474302466,0.4448984531132528
CH4_C009211,90.40232725626474,0.4356338963969674,0.34460075707191173
CH4_C009212,148.8052199111718,0.686023314219188,0.7352356967917113
CH4_C009213,65.23178886519815,0.526922889286989,0.20145460442735458
CH4_C009214,179.105754708228,0.9161994707840098,0.6372971153343248
CH4_C009215,218.3339519802404,0.4268347526299134,0.9257248343823905
CH4_C009216,90.12788138171723,0.36945832454921046,0.903753665430058
CH4_C009217,155.10451213608286,0.8844268220634384,0.43530763769372083
CH4_C009218,0.8968027320916672,0.6763059134695142,0.4997635000302422
CH4_C009219,76.17164073202126,0.8552618558678275,0.7021727193660536
CH4_C009220,189.85606307261517,0.3712437418154735,0.7131328385389195
CH4_C009221,180.29136828148106,0.6161017331081597,0.5466381243719276
CH4_C009222,54.59862104876068,0.8164357716911523,0.9366165914761713
CH4_C009223,108.91046373819121,0.7582513921875063,0.7095664726531596
CH4_C009224,14.275163267669171,0.3894475928701922,0.7264917162699374
CH4_C009225,217.9671734939861,0.591915506387013,0.36419138965519376
CH4_C009226,101.89983686893189,0.7155611613010944,0.8580236925976119
CH4_C009227,187.97119641472423,0.9013621671886467,0.8596408702207825
CH4_C009228,22.224444533473388,0.9132948326245269,0.2531805466396455
CH4_C009229,32.230861106904875,0.7390487832342404,0.4672364738729776
CH4_C009230,186.94894231585903,0.5761975482228775,0.2682193063592198
CH4_C009231,48.326585927655984,0.775980362889459,0.8843996043435545
CH4_C009232,108.62704304506049,0.8442639836823544,0.7501635738255896
CH4_C009233,207.34815086875983,0.7977926883530062,0.27461159434670956
CH4_C009234,242.86766196840424,0.6084371832087192,0.8431576506506486
CH4_C009235,80.05128351436564,0.6372584799743082,0.6262535441475939
CH4_C009236,164.42110851931122,0.7803996353968232,0.7705024548541417
CH4_C009237,98.48195817034558,0.5068240853826641,0.4463387006590053
CH4_C009238,60.53292851981393,0.4863831713620757,0.7672142939735695
CH4_C009239,47.9847710180826,0.8431302496666122,0.8831492403396886
CH4_C009240,87.76724509637177,0.8645365270696395,0.4962326327116028
CH4_C009241,143.5079188681815,0.5090629787152832,0.5859465905682801
CH4_C009242,21.702039175705597,0.3236189093482299,0.8748008386652117
CH4_C009243,149.76548641456984,0.6334036820325034,0.4056048933423787
CH4_C009244,4.676379682544307,0.37569739959184706,0.6088898257562987
CH4_C009245,193.2401936075049,0.5192945221517692,0.6698215617922594
CH4_C009246,120.61012448418454,0.6316874950359261,0.6164358237165797
CH4_C009247,152.31920665929965,0.683281687233411,0.24943507397214854
CH4_C009248,134.90006832938855,0.5593857103816597,0.33347357431568153
CH4_C009249,87.62431089743114,0.6529158497483374,0.570591162268381
CH4_C009250,49.57072033003215,0.42412228694237913,0.5129766621199943
CH4_C009251,65.81441797087692,0.5048986345159424,0.5829451887480801
CH4_C009252,204.2000546393055,0.5979671071664718,0.46108870758114845
CH4_C009253,88.19907528988138,0.5526961964055477,0.5208947697261248
CH4_C009254,230.44543131933446,0.4335791858464444,0.272029876995591
CH4_C009255,6.023536498766663,0.3833326799561994,0.7218905922207448
CH4_C009256,215.19029473227428,0.4809022277622944,0.23349827069844686
CH4_C009257,171.00805872424175,0.85845374836424,0.32065749535889293
CH4_C009258,97.45243484374389,0.6101006566676417,0.8756121258660607
CH4_C009259,200.16136515845238,0.5092987065519422,0.5585312246237382
CH4_C009260,182.32095476699487,0.7634026968285965,0.4791348947452457
CH4_C009261,89.48009001627672,0.44883049161721855,0.36270916586612084
CH4_C009262,16.408760229101453,0.3404275479750844,0.7911985112398683
CH4_C009263,154.5078910874917,0.7785499590822832,0.24510417877203977
CH4_C009264,234.74156127109632,0.60232457462079,0.8105194621061489
CH4_C009265,218.33448198343623,0.5860283657236205,0.21272591186211243
CH4_C009266,72.65074084942877,0.4633582677671157,0.6974035295522645
CH4_C009267,111.55898505640843,0.7891080555285328,0.8171940610857031
CH4_C009268,194.5830672216776,0.854093866912849,0.5083175154133597
CH4_C009269,87.22767405984244,0.7516672456037621,0.725568702793151
CH4_C009270,33.455497821148235,0.3254896326734129,0.2194832072819491
CH4_C009271,236.7233603568171,0.673650879370411,0.22598274571619334
CH4_C009272,119.08808295558381,0.7700045260680306,0.9439299676336628
CH4_C009273,139.83455225463808,0.514794821675175,0.21841032974542693
CH4_C009274,92.57356148964996,0.6025079788339831,0.8845677150796634
CH4_C009275,109.0150059579946,0.48584809197861356,0.7406248396880242
CH4_C009276,185.2140364271148,0.43958397880849037,0.5292990372156414
CH4_C009277,37.521236326877954,0.513719667878985,0.30759691801641653
CH4_C009278,18.121706764098743,0.333085076560919,0.8518627094408693
CH4_C009279,242.7652574258944,0.7819389574855146,0.9164727925004597
CH4_C009280,192.17563187838925,0.3550516670747836,0.6529897045499515
CH4_C009281,82.48394381581406,0.7175620519336551,0.7537560978674656
CH4_C009282,81.70949083045572,0.38514984443689665,0.7815987591446163
CH4_C009283,150.04724974961337,0.4297592172331742,0.2970713279300194
CH4_C009284,100.4714875767691,0.4593547474636727,0.2150681217716592
CH4_C009285,211.87980836083193,0.8574735207535749,0.7786753922671608
CH4_C009286,56.55562861298893,0.3214803819674936,0.7790363939000731
CH4_C009287,103.0223319349069,0.45984315194491,0.9391817889452196
CH4_C009288,244.77429344033263,0.6935046420871773,0.4754796456231803
CH4_C009289,108.97808092739244,0.7095218462519362,0.9454132656875474
CH4_C009290,233.02362660048806,0.8402194689387426,0.8765153629329505
CH4_C009291,56.158110276004955,0.4697214499097113,0.3591698696331058
CH4_C009292,107.14478760829252,0.3231412957407359,0.3952697098408451
CH4_C009293,241.5054993966921,0.5315015263566545,0.6112840378302202
CH4_C009294,82.43679107565497,0.3253431028358578,0.664047073061339
CH4_C009295,224.99245130744296,0.5240628680848212,0.8334003803454848
CH4_C009296,138.58046070512782,0.6271649731294686,0.2154033440269709
CH4_C009297,38.234180970522694,0.8279422690514355,0.5513510537014175
CH4_C009298,153.28520530914867,0.7798306666526369,0.4101593137436632
CH4_C009299,111.48485214515141,0.6638258104543486,0.5714136051784421
CH4_C009300,169.64822867964853,0.6594445667651905,0.47229521271614744
CH4_C009301,197.05500020548055,0.427515884644376,0.41372885411989213
CH4_C009302,192.91836786016276,0.7520093076870715,0.2643617210626579
CH4_C009303,4.945415185749202,0.5213662419013618,0.32220110471553454
CH4_C009304,138.51907809627846,0.35198108090258634,0.34362981320820707
CH4_C009305,200.00014578032602,0.5810697062885843,0.9158164787524297
CH4_C009306,22.874124986861506,0.5662292681417825,0.3284278268994836
CH4_C009307,48.11973516859733,0.4113560709243259,0.7066380026859584
CH4_C009308,169.80223355854235,0.3622518150080397,0.2633145631203869
CH4_C009309,85.85316862860672,0.5715293198474427,0.3356596169850655
CH4_C009310,111.30214598911284,0.7681611901877126,0.699697439794293
CH4_C009311,190.32351268905157,0.8531049816671139,0.8868341268628739
CH4_C009312,202.02085132258802,0.8647461462160093,0.6776879404365079
CH4_C009313,191.02729760987307,0.7861902008403995,0.3460998480189523
CH4_C009314,52.08484336387617,0.5634826713177267,0.21801345013738438
CH4_C009315,249.41518608082518,0.5295712388745865,0.8870302812602617
CH4_C009316,126.98579361473206,0.32135455320199285,0.34846074789698533
CH4_C009317,37.77217024333063,0.7895053971922557,0.3074837885123382
CH4_C009318,172.75012996352726,0.7569704845166119,0.7652210978718093
CH4_C009319,9.656314987170456,0.5946370745746756,0.22317182579890832
CH4_C009320,203.65303044407383,0.8847330258858774,0.608427632884252
CH4_C009321,134.5267539196749,0.6976393338758706,0.22136661318675427
CH4_C009322,98.04846189506134,0.5628373523988837,0.5029007713543072
CH4_C009323,75.41311155779906,0.7489972138282773,0.8450785819631026
CH4_C009324,204.727820653268,0.7757055314007862,0.4158613699953446
CH4_C009325,44.483002980017005,0.3345284251696892,0.7132605979415994
CH4_C009326,158.12382061719862,0.7252671959371473,0.8660536965472447
CH4_C009327,99.81942148408419,0.7066381202136645,0.7115591675538813
CH4_C009328,173.929229239332,0.8318508130623152,0.5879276958719789
CH4_C009329,39.54182616218782,0.8887582800727192,0.3800073236810477
CH4_C009330,65.19432927672261,0.7772361932117503,0.6516687790381959
CH4_C009331,171.74956643797532,0.6869968941297774,0.5034622615789812
CH4_C009332,0.9747653955645419,0.5813316090212416,0.8608202845502526
CH4_C009333,37.16504579425731,0.38852530544328956,0.8828178704144205
CH4_C009334,199.22510787283863,0.659572658601796,0.8742597091410407
CH4_C009335,166.51487855154383,0.5687058500441613,0.8941867774284433
CH4_C009336,171.71347911890976,0.6950659635167835,0.5274631877803332
CH4_C009337,160.91565082102534,0.5496070979971701,0.29834141310192325
CH4_C009338,136.3326098417068,0.9199922228571182,0.5642333957891927
CH4_C009339,205.91981570069984,0.90103585724851,0.5988395869353631
CH4_C009340,74.00020621292319,0.8843302578554189,0.3435190481334701
CH4_C009341,200.45799760045202,0.47254330017677804,0.36961164682642933
CH4_C009342,240.7392617129219,0.3390707236850559,0.372864543211058
CH4_C009343,61.93328437374765,0.49579689035079744,0.9301133224254508
CH4_C009344,75.1667497671431,0.5991151654528746,0.4995789766094649
CH4_C009345,132.94468245909812,0.5801535064805261,0.6691393952253873
CH4_C009346,38.46025720430213,0.4909059043603945,0.8289764880003516
CH4_C009347,224.75538620651264,0.8717170072231,0.5850471803307742
CH4_C009348,114.72618762378627,0.5158735274117123,0.3144326732789362
CH4_C009349,212.69828224120297,0.9132637312456551,0.3058162125327763
CH4_C009350,36.98078659889114,0.9114107476556608,0.466601741917072
CH4_C009351,126.62808609071627,0.3349733274086854,0.6156270748550436
CH4_C009352,14.324527555119204,0.5209002602822008,0.7963150914089179
CH4_C009353,58.4947419572327,0.72731575519894,0.9115539030061222
CH4_C009354,66.60595037126491,0.6823953815541677,0.34158365880040426
CH4_C009355,225.23792561247973,0.3410707844501986,0.4247505168123938
CH4_C009356,209.81408216893436,0.787285428144453,0.4206155516888419
CH4_C009357,120.79333271983906,0.47196585966523863,0.7941545677176827
CH4_C009358,92.30127455784628,0.7878367771422401,0.24186015355579346
CH4_C009359,165.49940499865622,0.3835645086771912,0.21385971648044455
CH4_C009360,207.4273568920277,0.6373541160155158,0.8808652507168777
CH4_C009361,212.54755637409988,0.8299952228669953,0.22779825623325128
CH4_C009362,7.335319043479672,0.4816846470610764,0.3560527454787231
CH4_C009363,237.2593338314537,0.8605244376655481,0.784262338886482
CH4_C009364,142.03067582299383,0.9114687959133092,0.9403129560664678
CH4_C009365,37.104791595726496,0.46231465043930065,0.3992535229319555
CH4_C009366,120.64539677426123,0.3500500048032181,0.22199004440939402
CH4_C009367,72.9377019196927,0.45114334381274074,0.5519931624042917
CH4_C009368,11.740982022269058,0.795251713163958,0.44820973466527203
CH4_C009369,8.989668048599576,0.7578527217045498,0.5718417937831695
CH4_C009370,187.9722772237434,0.619503399182367,0.7024367964090024
CH4_C009371,136.50281795137445,0.752699931131769,0.8042953953878487
CH4_C009372,8.542408442285293,0.4242634064451479,0.8963450355445777
CH4_C009373,35.19926374330542,0.6914147315899497,0.5423509636152526
CH4_C009374,37.14101091045771,0.3517652448017811,0.4847854030740519
CH4_C009375,145.68020461277757,0.5151486687689049,0.5811364825202576
CH4_C009376,41.666469943703405,0.5086681526576973,0.9465692804451571
CH4_C009377,135.25492098631173,0.616097337865885,0.7952962533922419
CH4_C009378,213.70277856443298,0.3547837138549529,0.7702126175418329
CH4_C009379,189.76943415779047,0.3206394596547524,0.3144833401866248
CH4_C009380,217.75007321647232,0.36971026289681375,0.848895544233814
CH4_C009381,102.89312124584521,0.5139714047129934,0.5362300563894618
CH4_C009382,224.42497989666373,0.6663977235050507,0.3269428726270429
CH4_C009383,157.31355858843844,0.4727531915521318,0.8753056231646079
CH4_C009384,51.66395575442617,0.549233017137845,0.3703377832023359
CH4_C009385,42.514755517281124,0.5058854214705603,0.767236981091179
CH4_C009386,79.96735992091183,0.4215321138227602,0.904617026253627
CH4_C009387,46.56535820241384,0.8335788469795959,0.7538336143901967
CH4_C009388,2.1787846360155627,0.8790861609492842,0.3615956919659655
CH4_C009389,42.975263436977166,0.6373912655699452,0.6119231453633434
CH4_C009390,141.7840022741611,0.8724898657247753,0.7400179040592261
CH4_C009391,138.81033462078685,0.8172953325782433,0.8750424591542454
CH4_C009392,53.21382174988221,0.6057738837016529,0.493211501628184
CH4_C009393,158.42372875517174,0.7215890395784995,0.5241284905461707
CH4_C009394,87.39371795894621,0.5778567035108841,0.46816721881155726
CH4_C009395,96.43786371785626,0.6467261777485953,0.5734449609121077
CH4_C009396,90.37893117913833,0.651861331900959,0.9059406969840138
CH4_C009397,105.54482660022096,0.5062155762578352,0.8382385292744607
CH4_C009398,161.16230613065554,0.40902835026039336,0.8961061985772716
CH4_C009399,212.1947122917857,0.7062881932104862,0.20882780572733642
CH4_C009400,176.94455016229617,0.4199247185207814,0.5254756054168298
CH4_C009401,248.77989315820656,0.829173582559771,0.8398770486937615
CH4_C009402,67.68219620237961,0.8308802832535827,0.5793073932906778
CH4_C009403,50.567245102284886,0.6266021004114655,0.8884418067204878
CH4_C009404,183.86822315913815,0.8285936585880127,0.4273015344630581
CH4_C009405,115.43830103224381,0.4978897973371569,0.40897949462070105
CH4_C009406,45.31314461198749,0.7567972265929506,0.2751691086647031
CH4_C009407,191.4217040933004,0.7955814126867176,0.5372823102275373
CH4_C009408,207.80230582496242,0.8121684653606323,0.678803601558307
CH4_C009409,77.29323981759961,0.40369545730646733,0.28308411044254067
CH4_C009410,79.18417898903027,0.7445314815889987,0.687217308600268
CH4_C009411,219.3957016305451,0.45882228591632035,0.8440788345320849
CH4_C009412,148.00824740188187,0.5687972613097149,0.2508498119857254
CH4_C009413,122.4197150027932,0.4870725577585998,0.4874970018695696
CH4_C009414,165.46662465941085,0.7753165691681205,0.8396746395136145
CH4_C009415,218.5149524938571,0.7903769376302043,0.8151975522761439
CH4_C009416,173.98326756588102,0.613009553054986,0.3603393890995231
CH4_C009417,131.56081049500563,0.7485892498953892,0.35227253620426663
CH4_C009418,234.3681726910584,0.6797151101612372,0.7382484640631028
CH4_C009419,93.39994252036563,0.7038765477625313,0.671071242785845
CH4_C009420,25.091463546196707,0.6832837398587344,0.6231495082865444
CH4_C009421,202.4336062697828,0.498978457650379,0.49122955067893986
CH4_C009422,70.35205429349107,0.6811989345512317,0.8524668819580841
CH4_C009423,66.3846224361683,0.8878815842821779,0.7848042905693557
CH4_C009424,203.70648853119377,0.7748174398824366,0.6771433651334033
CH4_C009425,93.09917031401253,0.8123730795514776,0.8215739086482428
CH4_C009426,15.080409562282405,0.47055276443123906,0.7508387455292116
CH4_C009427,109.66104442255575,0.64728789098336,0.4064290063362698
CH4_C009428,132.69043549990948,0.7049290311205136,0.6780467560061247
CH4_C009429,8.469362700317006,0.6820249657854331,0.24453424150494807
CH4_C009430,141.36298931353508,0.6340623576652696,0.29190951868529524
CH4_C009431,135.1969761181741,0.8516921564836744,0.40016521925862
CH4_C009432,10.961255750244703,0.7566918456426881,0.8135560899914167
CH4_C009433,179.63336941329032,0.734703323907847,0.8026123634939286
CH4_C009434,31.790581656501228,0.5561434237762632,0.33162116172710177
CH4_C009435,141.0961947583091,0.5095422479577469,0.9226160154847818
CH4_C009436,206.1237920170788,0.3520817769922207,0.4419616996718933
CH4_C009437,164.14935895981924,0.7645613393123236,0.5759709602088627
CH4_C009438,117.39046855333422,0.696346657299355,0.6830326010780663
CH4_C009439,81.72801019271236,0.4533926198626741,0.7406290694044595
CH4_C009440,24.67891388997262,0.9013564627942514,0.2072493662925248
CH4_C009441,46.80750786368687,0.5560791381970226,0.8322465579184575
CH4_C009442,40.17781168940146,0.9095821199415808,0.466007023329359
CH4_C009443,191.07933164500318,0.7459919032116158,0.8093126098120125
CH4_C009444,53.07883195199731,0.40393862824326404,0.42616964291465964
CH4_C009445,89.4334610776443,0.5504957299842276,0.2528973704377153
CH4_C009446,142.70238942747545,0.6323377224601092,0.41649425345669494
CH4_C009447,169.4973253537231,0.3388927783897297,0.37123313065735053
CH4_C009448,137.1891305594812,0.6439697140749732,0.6505566068166269
CH4_C009449,48.30702516989216,0.8961246969574181,0.9082350439453242
CH4_C009450,209.74695356194812,0.5600274517552857,0.9077693408511267
CH4_C009451,113.8805370956244,0.7543790918499564,0.5998819060686822
CH4_C009452,19.361901531552927,0.6117296158232437,0.3246040842665862
CH4_C009453,178.19430376911816,0.5508930809203036,0.7364217009191438
CH4_C009454,208.77088204915256,0.3570329032273442,0.9220001109727669
CH4_C009455,117.70570944297945,0.8833651145047687,0.24646841979456935
CH4_C009456,116.69315082934192,0.6129330012122598,0.8037766224616272
CH4_C009457,109.927600201335,0.9193620993187162,0.8010483639249089
CH4_C009458,134.43437299991206,0.6115287016621729,0.3635834041311198
CH4_C009459,233.4182582225315,0.7151866138866396,0.4701166651888663
CH4_C009460,23.18264061870731,0.4960949770945109,0.6602556172439156
CH4_C009461,97.6810891612366,0.35979354342576936,0.6387729648419262
CH4_C009462,197.27001995672455,0.32044350792216775,0.39423068889759383
CH4_C009463,110.35957263089158,0.5734101354050003,0.33726966265855984
CH4_C009464,122.4613546717305,0.6284756026739847,0.2921805984455515
CH4_C009465,29.73053932267114,0.6929463164903957,0.30457319299828334
CH4_C009466,34.691343257884476,0.36406988773536075,0.8561418959209321
CH4_C009467,104.15820477421003,0.9161922768407798,0.8479730464097333
CH4_C009468,192.50901486508127,0.6412754828618155,0.6500363892202428
CH4_C009469,235.46262485057193,0.5877049609718623,0.5033396338533216
CH4_C009470,79.35407675757175,0.8286833867097037,0.29514845900490705
CH4_C009471,55.64019315651256,0.4631161283102305,0.5772356111367549
CH4_C009472,222.77203900152836,0.4490315993648676,0.8112214785247815
CH4_C009473,233.02519025016574,0.7658854119708268,0.6979733646925363
CH4_C009474,145.38126108917663,0.7238061396117124,0.9482157159003219
CH4_C009475,40.761219891599005,0.5377289599518444,0.295211855028086
CH4_C009476,233.71043545047908,0.8051279500021167,0.7650833089854059
CH4_C009477,12.026524294563051,0.5892101168970503,0.3553773282757626
CH4_C009478,218.54592211548808,0.6927300253402889,0.35724174599255115
CH4_C009479,84.78833180308251,0.6685278868536866,0.903090044950215
CH4_C009480,207.33150008826453,0.3224427956850641,0.2968251154573119
CH4_C009481,35.553579378418135,0.8265970443866015,0.4359231395342687
CH4_C009482,133.4833676553897,0.5847587270280882,0.6614550384835554
CH4_C009483,15.425723744519892,0.6292216855063568,0.4705155532999768
CH4_C009484,59.9669203344248,0.5660817517306268,0.9148489316214339
CH4_C009485,72.56916701852289,0.3227642414377042,0.9120464774961619
CH4_C009486,129.36625868834219,0.647999265194726,0.9237570056890456
CH4_C009487,21.073381378379775,0.5637501240111086,0.4716993788315579
CH4_C009488,155.91037904496258,0.3370576744597455,0.7019369707566068
CH4_C009489,48.26747512299606,0.8309982378153249,0.551061488471531
CH4_C009490,60.22071577728863,0.6918900669136117,0.2734660844849506
CH4_C009491,14.15993934141807,0.5261333749992858,0.8223023877221538
CH4_C009492,43.96699447044011,0.46364905915553123,0.41039706553066624
CH4_C009493,24.291533136936827,0.5268239575655618,0.4787290165057076
CH4_C009494,113.27123863241428,0.8468205129609998,0.5338135476554358
CH4_C009495,186.47154205639887,0.7476061623374548,0.8796091032547568
CH4_C009496,24.54892596575681,0.4654275196171652,0.3165133772260206
CH4_C009497,4.866420001495814,0.3562503679644143,0.9460880717604212
CH4_C009498,181.0630035741997,0.5357653680312733,0.5370807625467318
CH4_C009499,143.7119859509569,0.43983841633469667,0.8596681180459482
CH4_C009500,243.38250442475425,0.8691937856437901,0.9220042953941177
CH4_C009501,163.72721381296952,0.8084165032483286,0.5825232219435439
CH4_C009502,31.575642985849665,0.540348744787557,0.7229109189988656
CH4_C009503,209.9779981379276,0.6180677415922027,0.3826022814428949
CH4_C009504,145.5622158171595,0.5445398404066215,0.6100563304731579
CH4_C009505,235.9172619719481,0.5825798620611116,0.20936127899497256
CH4_C009506,75.0759036049343,0.727141407313709,0.5052531083239438
CH4_C009507,159.72464226116278,0.7993278624616145,0.9047298813599463
CH4_C009508,51.54568686915348,0.7434191940824226,0.271652585090002
CH4_C009509,156.57633335668518,0.6034201453297878,0.3861364858489169
CH4_C009510,87.20270875283701,0.7231782021253725,0.7036039063536685
CH4_C009511,195.5548724535602,0.605803962557544,0.8413016423476651
CH4_C009512,140.03698472986187,0.9143218737674748,0.4301180127326448
CH4_C009513,78.36521862751702,0.9133295325433881,0.7963583073760401
CH4_C009514,175.47065088190402,0.6659732332063104,0.794459564771248
CH4_C009515,68.36199341521512,0.4884908314635711,0.34407598925484006
CH4_C009516,5.95698422629437,0.41886949398812023,0.5968055513424948
CH4_C009517,40.64080931480571,0.5583571801946023,0.5713603884839473
CH4_C009518,28.322901441625138,0.8402899016635901,0.8971662833095226
CH4_C009519,153.10534306069013,0.6864154492999206,0.3163349864239069
CH4_C009520,136.27186820073786,0.6902557603858646,0.41929933989000623
CH4_C009521,97.81878781219936,0.8375706792946844,0.34154806122655595
CH4_C009522,137.07477484258698,0.5839737585213799,0.8882614279713801
CH4_C009523,62.89166258954976,0.7237451513165702,0.9085268874537626
CH4_C009524,33.484778963667885,0.45768910447189,0.2104508674541398
CH4_C009525,120.45528354244198,0.8144835676110161,0.3502171373369196
CH4_C009526,201.5361435630814,0.6175712216646806,0.5676085949311868
CH4_C009527,31.346407535666838,0.4614942060658819,0.2570704937485665
CH4_C009528,72.84523024841356,0.5957081094501631,0.33091418112449855
CH4_C009529,125.56852526858944,0.7339502383212475,0.5471379471284608
CH4_C009530,146.86022505571032,0.882254918913814,0.6939688037886802
CH4_C009531,61.58933247885665,0.5033276494361844,0.5445251408480549
CH4_C009532,155.8894582091761,0.5296484778506798,0.37236705936422554
CH4_C009533,18.322765940744002,0.5964828669165367,0.48357560013057266
CH4_C009534,228.65916201432796,0.7976732687339068,0.6715996200454666
CH4_C009535,239.22577118620242,0.8150367988319158,0.2605347093490832
CH4_C009536,207.67120792518034,0.6745454472211695,0.7216495525356821
CH4_C009537,140.2701788060734,0.6695003347533475,0.8603138720460621
CH4_C009538,117.65125324535417,0.7733728610660896,0.6795814640249125
CH4_C009539,248.28629678402092,0.8930845948062982,0.9137329664664118
CH4_C009540,227.6345548217485,0.5650303710086916,0.27817300237499415
CH4_C009541,50.564950760751096,0.3329172684174422,0.3921448799509958
CH4_C009542,56.478634582106835,0.6537424890412677,0.7116300458589073
CH4_C009543,76.67627803236269,0.4045888431276573,0.86494553657929
CH4_C009544,209.966685087959,0.3471081489930058,0.8286826450333753
CH4_C009545,56.60259616620622,0.5806275457931479,0.40553950640516556
CH4_C009546,4.46426531678229,0.4606540216018952,0.5643988040141317
CH4_C009547,129.58653037721072,0.7398859347670566,0.8777686438976022
CH4_C009548,25.97098622989155,0.4590895411485593,0.2799106142220025
CH4_C009549,85.84446903396322,0.4713689319611034,0.7336250329293721
CH4_C009550,197.04898878753167,0.7701842098756069,0.5475957361246226
CH4_C009551,219.24248916642443,0.6788744894319843,0.2731369213930229
CH4_C009552,125.71996443889854,0.44201299240057446,0.3713105864279368
CH4_C009553,102.7021848042079,0.38190728976018057,0.3216138925289297
CH4_C009554,58.458683081818926,0.5901011119206441,0.284106326757102
CH4_C009555,36.81826414167777,0.692621045816779,0.8414506679233198
CH4_C009556,249.63485834853512,0.7119154981558977,0.6044316831034136
CH4_C009557,206.50812883055588,0.8491300739697809,0.8523731779831387
CH4_C009558,165.78202983772158,0.7428875287667223,0.8176695120211628
CH4_C009559,94.06279572181015,0.6185138810149977,0.4340920583340374
CH4_C009560,86.2535335144686,0.44368601504576144,0.5709502400327269
CH4_C009561,80.23999626622539,0.8113993684679148,0.4985259101240061
CH4_C009562,174.36546732965883,0.7179085310599779,0.8023519100499616
CH4_C009563,19.515648972850602,0.8530754190170544,0.4737343660744092
CH4_C009564,165.43554121570853,0.47756998936018313,0.8352260351810314
CH4_C009565,41.05284906066314,0.890110427692826,0.5220445708575631
CH4_C009566,27.29136161893994,0.5811704217684974,0.5992315217577162
CH4_C009567,227.77578017510106,0.7259381428587977,0.41792501889894773
CH4_C009568,202.12393146867325,0.36185895294204506,0.20426027291542329
CH4_C009569,71.99067578075314,0.886231907094805,0.6062896625916061
CH4_C009570,211.85733557241574,0.43391100894503487,0.23356697049755037
CH4_C009571,205.96860313930654,0.8308761595074181,0.6501617869422534
CH4_C009572,161.0729519440021,0.477065154912647,0.49292234204565016
CH4_C009573,154.8469965525542,0.8634012825369177,0.610018933079645
CH4_C009574,131.87816105302971,0.8318169344755006,0.48086973450512865
CH4_C009575,54.207640320505654,0.3430299055400172,0.9478663481989038
CH4_C009576,178.03099584816576,0.8469880856970371,0.9228727637508687
CH4_C009577,54.36676902432172,0.5746501214714771,0.48815796079092855
CH4_C009578,60.35095410706329,0.33547820146408436,0.7854840326963288
CH4_C009579,115.58379066962793,0.6741056866789903,0.4327822482868113
CH4_C009580,242.0938623415942,0.7664062601580159,0.5772164087880919
CH4_C009581,128.33965271698997,0.6433295535403576,0.20998958486873914
CH4_C009582,242.2740759219763,0.6956184448791184,0.6208170028452162
CH4_C009583,48.3574361871868,0.9061184562868045,0.747467410981224
CH4_C009584,186.6297013505822,0.6951207396690524,0.7191481828742019
CH4_C009585,60.31035639456201,0.6873955560032249,0.8739790958593112
CH4_C009586,45.32061107263688,0.5359698347422858,0.5952589186408808
CH4_C009587,194.4719907614939,0.7072900652634676,0.23599911748160884
CH4_C009588,80.82433242495307,0.704521769298549,0.5724174291550347
CH4_C009589,165.33065031433398,0.9173504799627774,0.6534897862377154
CH4_C009590,31.147440565044093,0.4506516317889638,0.8324104940651915
CH4_C009591,217.1010477047742,0.6995349770410303,0.5661112477915082
CH4_C009592,0.6307517688616815,0.595354107978914,0.3619396465362773
CH4_C009593,228.42623758593982,0.7731376257150506,0.826966553340309
CH4_C009594,73.42135189479815,0.6170370370867699,0.5269700630238257
CH4_C009595,34.84740104315673,0.6375291889555916,0.7231637714711949
CH4_C009596,114.63437479416469,0.36052190315299293,0.5348493956102236
CH4_C009597,80.45026816330711,0.8110719949661224,0.6410034859478195
CH4_C009598,92.24341348317436,0.7153084975418292,0.8520549048881696
CH4_C009599,183.6922901193023,0.3287805406649144,0.8993974371076907
CH4_C009600,26.270267693806776,0.6075859162115935,0.22884315404273908
CH4_C009601,133.24358278921872,0.7478761263061364,0.351841120480178
CH4_C009602,30.662412584524095,0.46362797524868005,0.9275113035019278
CH4_C009603,89.46109703889502,0.7872188556188525,0.7954124511563254
CH4_C009604,196.91023903312927,0.3862327520336852,0.5472371039502051
CH4_C009605,101.3536736116348,0.6110253204628522,0.27748361985474296
CH4_C009606,86.66242161828593,0.8673982085100473,0.598092134327445
CH4_C009607,137.50563603853314,0.9198258430500623,0.4001998873669913
CH4_C009608,100.06351524121396,0.7864392302056671,0.6050037189557482
CH4_C009609,77.24385470689246,0.9118577481735417,0.44919041387500047
CH4_C009610,109.16985521291134,0.661263233531693,0.7657619886251175
CH4_C009611,56.60164859358044,0.8304497752584996,0.8702729172248229
CH4_C009612,88.39920507626195,0.7174052762874126,0.76080612535063
CH4_C009613,119.42059984925629,0.6059765090204297,0.56392129166568
CH4_C009614,161.27849390620887,0.5410884247720253,0.624689740387139
CH4_C009615,212.67531414712693,0.7832460761779074,0.8570038455204512
CH4_C009616,19.874781435223003,0.6628312012594537,0.432638169829776
CH4_C009617,200.58080045583796,0.6422634606676507,0.35855702396299716
CH4_C009618,121.07809007853027,0.33400590724915574,0.8271270877814618
CH4_C009619,8.189250772830503,0.5704780769387288,0.5456730248573325
CH4_C009620,136.53008345850625,0.7990243682311517,0.47639339153576754
CH4_C009621,123.77605560484778,0.7343745675873805,0.21393910293829174
CH4_C009622,169.1218466633075,0.33541629224591524,0.23383383889461568
CH4_C009623,136.0894885766171,0.613333988051181,0.7808730725212651
CH4_C009624,168.95306731012573,0.44283655876529815,0.34285191196599485
CH4_C009625,185.32385413700547,0.3996362029225483,0.7888531343731908
CH4_C009626,201.0273648712946,0.8808097312960266,0.36134495445751924
CH4_C009627,63.92749676718737,0.5672233448931447,0.40030149558138
CH4_C009628,69.5384269968431,0.4544988233685119,0.5018378595396273
CH4_C009629,123.33076208921209,0.5258478639150805,0.8443010299160902
CH4_C009630,55.29549937663614,0.6210464863190897,0.8705577421813702
CH4_C009631,184.77566876878132,0.7630216688756586,0.21783024848113325
CH4_C009632,214.3865689192117,0.5489786653006659,0.6078565659433388
CH4_C009633,94.44107898807289,0.7369669766238334,0.47604981945097874
CH4_C009634,134.42682901633793,0.6740173444379979,0.20389073496602148
CH4_C009635,124.22951974699725,0.40603138279682977,0.5320998882988179
CH4_C009636,109.0147671254631,0.7321294314245166,0.5573529607751871
CH4_C009637,50.78403523681474,0.7229040348119785,0.23276900182365012
CH4_C009638,93.38519564496217,0.5873085665847271,0.2324523891401583
CH4_C009639,28.29723912092394,0.6087424053565571,0.49316010090492396
CH4_C009640,68.52397297347906,0.527057045525582,0.2647112762533307
CH4_C009641,172.60895754915398,0.7074455149068963,0.35803149516428534
CH4_C009642,170.54113997999303,0.6745012393061849,0.2701919422043146
CH4_C009643,68.0626691984852,0.7625516635230722,0.7576412264085961
CH4_C009644,95.29209786169432,0.7061878338390669,0.2666001823053257
CH4_C009645,162.56453071842267,0.4671979098831517,0.47007163716863753
CH4_C009646,189.56735880018033,0.40122135641642376,0.7315942292231452
CH4_C009647,15.976277842117831,0.6266620466000414,0.22678456325712068
CH4_C009648,179.55045415705982,0.751805011470599,0.2634957094665644
CH4_C009649,43.70707272224786,0.7058848794256182,0.2662220302484998
CH4_C009650,152.1818695155421,0.5625004396236493,0.23139614814989692
CH4_C009651,197.63264651223056,0.695650392397626,0.42602331172964425
CH4_C009652,86.0832371271161,0.6667984393697208,0.9417028720523364
CH4_C009653,233.9730258159825,0.6198503945425344,0.5200214226812647
CH4_C009654,83.20262584021901,0.4100390949440441,0.8449534697396246
CH4_C009655,189.4977914571223,0.8247349459416837,0.8071504339358042
CH4_C009656,241.58351552684098,0.45847198785341264,0.5945305007376682
CH4_C009657,12.603495274473547,0.4797911229486075,0.6885028345583681
CH4_C009658,125.29472929526409,0.5417961198561021,0.3718409146810049
CH4_C009659,193.40061045406097,0.5281487109175005,0.3458569685648788
CH4_C009660,248.96357394930132,0.67983498464034,0.6786309741021346
CH4_C009661,80.59245671027881,0.7966591488786667,0.6873523729907174
CH4_C009662,108.50646538031467,0.7637233475211009,0.6165732742609791
CH4_C009663,113.22684401948332,0.5825555163734952,0.44574469228999447
CH4_C009664,172.13065048433074,0.7427451754947401,0.7447029127536657
CH4_C009665,232.4674300279901,0.4096302811226782,0.9205581136112044
CH4_C009666,106.40218511786017,0.7371579245736259,0.3472980051512436
CH4_C009667,2.4854084803801744,0.5146573033387064,0.36744711984022893
CH4_C009668,239.8300492889164,0.55002346984452,0.41575055535201055
CH4_C009669,42.39552739921365,0.8057136118549444,0.9199868572371281
CH4_C009670,85.28476913613197,0.86212683164097,0.5849876108228687
CH4_C009671,121.34523283212175,0.32613587483011464,0.7821612918394132
CH4_C009672,70.4007341169939,0.7579495541233541,0.36313509451218784
CH4_C009673,199.6076321541528,0.5020997215191932,0.8498482686735609
CH4_C009674,41.31874262956992,0.49750713920904643,0.6274184165620482
CH4_C009675,41.6542620514293,0.7674901214033377,0.892948779216824
CH4_C009676,120.99523134468012,0.6567338531152873,0.3797458851271001
CH4_C009677,145.85870511161548,0.38330315596410247,0.7274360625511282
CH4_C009678,193.62647685503185,0.5431040401229769,0.8584696107654071
CH4_C009679,151.99898957761883,0.864010117414389,0.7738669081315566
CH4_C009680,0.7214746814893647,0.40567525285674266,0.5197921945211534
CH4_C009681,40.82791123269183,0.6897818553567632,0.7011926788370346
CH4_C009682,221.30050394020083,0.9030151415490357,0.6692599826744439
CH4_C009683,205.60968518735586,0.4672338980760255,0.4828801370042091
CH4_C009684,11.42114752916823,0.7815287014866206,0.732374813236379
CH4_C009685,167.58971683398082,0.4408813650095065,0.7975957396967726
CH4_C009686,150.33405890660282,0.8939502527334997,0.8370020612036342
CH4_C009687,51.775056527501526,0.359540527675836,0.7511343441053773
CH4_C009688,164.42662255710295,0.8244732300290223,0.5341330952084458
CH4_C009689,21.948075500161618,0.8958749056532769,0.657696354128879
CH4_C009690,9.406611833358113,0.41927684843819935,0.6111567785452514
CH4_C009691,114.72820034542258,0.6763534438563628,0.4308058666402565
CH4_C009692,102.87642253392953,0.5634626149327411,0.3955876220792437
CH4_C009693,149.92917620184005,0.6356579748439295,0.8635713511741889
CH4_C009694,190.38081983851652,0.6652515687329112,0.26965682203047037
CH4_C009695,41.65152223573501,0.7506841204765504,0.40897835978140984
CH4_C009696,18.42766347925423,0.3242357019046311,0.48690882163538823
CH4_C009697,89.9863658334071,0.5642314660773836,0.8710347205887801
CH4_C009698,41.378715703082214,0.7278911610623751,0.37579797563366
CH4_C009699,163.84441031641728,0.7119420759902417,0.4154285663631495
CH4_C009700,101.80157047547392,0.6434322334561373,0.20328510384037726
CH4_C009701,195.5449492290994,0.7900954281930829,0.5406284406309099
CH4_C009702,245.9164795935821,0.8649706520849936,0.787721888583006
CH4_C009703,185.9027119388529,0.4091645180919202,0.4515604297285149
CH4_C009704,80.0923394429009,0.6548550027762527,0.46280896934635146
CH4_C009705,20.162123089929622,0.7095494839040692,0.5181691731184961
CH4_C009706,102.10342863622316,0.8516402060489092,0.5914082130609446
CH4_C009707,175.90595817780633,0.48435042710790965,0.8760598426415871
CH4_C009708,230.103992953197,0.9181856570686466,0.34477476395463696
CH4_C009709,139.70697502089723,0.7784910528792629,0.22402733181364004
CH4_C009710,209.87289271165432,0.6494906658198734,0.49458253542527
CH4_C009711,245.36660931529738,0.5004104578727313,0.7863185578077836
CH4_C009712,162.11705301714284,0.36482494135254456,0.8787097557904506
CH4_C009713,108.38898580779139,0.3683395460447962,0.9389882621123959
CH4_C009714,150.3867853365019,0.3466869521012686,0.2530400229854566
CH4_C009715,194.96026408823502,0.8921969999834101,0.27235528296926015
CH4_C009716,2.4068661477452125,0.7363187536512259,0.44504064542119504
CH4_C009717,202.8945103571797,0.8855683294526389,0.6532610012454119
CH4_C009718,138.20986994697947,0.8362754426265833,0.9121453393394956
CH4_C009719,117.78296226780103,0.4651889401337296,0.8525337291497803
CH4_C009720,64.72188557522612,0.8916741388237144,0.8657643279615352
CH4_C009721,27.900767316749814,0.4197716734675803,0.6424899327158944
CH4_C009722,8.235818745102819,0.4106902531245475,0.48258248186364955
CH4_C009723,106.68805857414165,0.6477971640220039,0.385385464730464
CH4_C009724,25.607688502854636,0.7075325763371951,0.41128013305618927
CH4_C009725,187.63225272237298,0.6518222175479926,0.28274102784527333
CH4_C009726,117.41236008890651,0.45558909705635287,0.7020076273118812
CH4_C009727,125.22413634827842,0.787855001873063,0.24808558077360865
CH4_C009728,189.26431544110412,0.36944528732295756,0.2846407762674322
CH4_C009729,6.881762815358044,0.4130106974433028,0.8854500833816954
CH4_C009730,212.0916737705249,0.5324006650677027,0.23664021022872742
CH4_C009731,31.867064655950962,0.8422131046608243,0.42578032042105185
CH4_C009732,213.7607350989522,0.7063362385028347,0.874878609571452
CH4_C009733,82.12755826749951,0.8871912474090478,0.6586018574367718
CH4_C009734,177.32645890740213,0.7826802101163931,0.3488554147060612
CH4_C009735,152.93111889495248,0.7457513137988054,0.8770275287018492
CH4_C009736,115.09097123926318,0.5219516626376646,0.7098962518457339
CH4_C009737,147.68234590503525,0.810725923455452,0.9325811937417936
CH4_C009738,41.59063516434361,0.8082671570828457,0.7039478035360975
CH4_C009739,30.339410148943312,0.7691131271697507,0.7436760358326944
CH4_C009740,152.0926809869293,0.4553313455968996,0.3527227275058399
CH4_C009741,247.16779839576319,0.6509405722661519,0.6212562838937727
CH4_C009742,16.150330552044707,0.33715842176513017,0.5427063268151826
CH4_C009743,204.44209325726848,0.7874454466661881,0.8278571615406789
CH4_C009744,5.888840791227729,0.4107263550051621,0.704973508246314
CH4_C009745,62.333159119102476,0.5312659058004615,0.37253134345787114
CH4_C009746,28.99540373889978,0.6431946558496364,0.9099662991114346
CH4_C009747,36.37687712111026,0.7921377398677379,0.6903428565040004
CH4_C009748,23.9725349082405,0.36699794186683926,0.8270729672590167
CH4_C009749,177.35395419873214,0.6135068977503224,0.42984614662361575
CH4_C009750,196.2311198641405,0.3518750029268258,0.7912345010062942
CH4_C009751,67.69508260720869,0.7061457647183231,0.3204805439920557
CH4_C009752,177.72359743673763,0.562215489581666,0.20062656464609196
CH4_C009753,101.09262180415348,0.38117871226043454,0.2612030327822686
CH4_C009754,166.14696034759126,0.6769490500578965,0.45400249992122127
CH4_C009755,245.67733191529848,0.6286540238563059,0.2279235149810727
CH4_C009756,97.3470994743088,0.9006518450507586,0.5530631437930205
CH4_C009757,183.92729388257382,0.5175457248894586,0.49336958711658135
CH4_C009758,80.01464707298364,0.8733038293725766,0.6915739252922191
CH4_C009759,189.57774811003839,0.4012626449540749,0.5633831105523317
CH4_C009760,31.55482394760492,0.5931146114397524,0.4722494707613652
CH4_C009761,92.55688681781533,0.6125439265263413,0.509880778723329
CH4_C009762,230.1156598250127,0.8395689071180585,0.5512545711405434
CH4_C009763,173.81607449377063,0.349675762897126,0.7162379201127875
CH4_C009764,155.76529303552408,0.5751085677955465,0.36176614003025215
CH4_C009765,10.43431674706763,0.6061766443343561,0.7557045430728957
CH4_C009766,67.93267822629845,0.5811857523127317,0.6737379006080323
CH4_C009767,207.2839455764076,0.6668947700772102,0.3064136293496086
CH4_C009768,203.76804580971324,0.32613136636223394,0.5229360917751382
CH4_C009769,106.32077655671173,0.42778068057676394,0.9102718735130251
CH4_C009770,102.57806771319358,0.4484493129096721,0.4915741737994827
CH4_C009771,168.05312274777643,0.6216357499688143,0.4232488210119667
CH4_C009772,67.55953492472273,0.33417369061095936,0.6173270251664935
CH4_C009773,234.7062085374153,0.4162151604828107,0.7786545556652145
CH4_C009774,202.95059115496235,0.7859762331015234,0.7599259035424291
CH4_C009775,144.4340042993748,0.5089873974302003,0.8661711862827306
CH4_C009776,133.61932987973142,0.6717533076332731,0.3233194151805573
CH4_C009777,188.67374634471776,0.7264592669631067,0.23835483616956943
CH4_C009778,123.33105373866272,0.5352620401645073,0.4673235781969837
CH4_C009779,21.162130978788912,0.851995882493062,0.8438533263670531
CH4_C009780,202.48376478998688,0.42737295670511205,0.701283600704236
CH4_C009781,173.91320158185883,0.8266293495298094,0.4752061254474974
CH4_C009782,146.225639606297,0.8459969673829635,0.3680006585330899
CH4_C009783,96.92280394809966,0.6956274722302298,0.7314156468038748
CH4_C009784,4.65462730162497,0.7703386140441799,0.36895383326372244
CH4_C009785,105.1199632689573,0.3388562108892141,0.57012597239926
CH4_C009786,108.7654249236672,0.6006808955733411,0.6467546012730538
CH4_C009787,137.8101805816412,0.7016184926088622,0.34818358716023473
CH4_C009788,64.29043195189577,0.5937068633420719,0.797223088146916
CH4_C009789,219.0515232899446,0.4241232160133978,0.22681189077890357
CH4_C009790,171.85107331860874,0.7356230258466826,0.24896558895314172
CH4_C009791,187.84729008221714,0.553472797505011,0.45533125669769453
CH4_C009792,143.7400781150552,0.3506690194248595,0.28784390062978105
CH4_C009793,97.86121481844484,0.8366234063004954,0.6853707273317609
CH4_C009794,191.2888390401991,0.8693034299735614,0.46906308835984084
CH4_C009795,162.59896843104292,0.41760266531114565,0.344167167070795
CH4_C009796,235.11173099667147,0.5631734646078022,0.8278078466747651
CH4_C009797,133.66190210854188,0.7157287217445878,0.7837982585846399
CH4_C009798,242.18662258722316,0.5822505047736253,0.4217681252664946
CH4_C009799,129.1038093761369,0.7014300828617404,0.6384038110460829
CH4_C009800,207.6371792296672,0.528940840631597,0.6435949457583304
CH4_C009801,18.164447274598956,0.8956786623390751,0.8607700650686876
CH4_C009802,67.27260871707455,0.8841599579439674,0.8134236498654253
CH4_C009803,216.7935452945273,0.9013157174371376,0.6518196399761225
CH4_C009804,81.48869616397755,0.8416066192112894,0.48568026313455703
CH4_C009805,129.7506259836435,0.6340682053019018,0.9392850989848263
CH4_C009806,117.66829061760156,0.8749145945744725,0.9157226748239147
CH4_C009807,70.11641123482227,0.6095673021384238,0.8568096091695439
CH4_C009808,169.71098888415338,0.5115494070441847,0.2783334606145941
CH4_C009809,107.2825135259985,0.8342870550291788,0.5596589938000744
CH4_C009810,9.40668866603367,0.685115494346632,0.7883890168168706
CH4_C009811,118.54469836096487,0.5606435158989296,0.4586930571106029
CH4_C009812,167.0578334488592,0.4816289519807877,0.5581805801153399
CH4_C009813,30.741806000716494,0.5940040327867557,0.8383336904020566
CH4_C009814,62.0333695172382,0.44849529395715315,0.36659847583301175
CH4_C009815,83.83877624874253,0.4905807245919181,0.5505593233321572
CH4_C009816,55.942455891463766,0.5211193254293986,0.9127287847222434
CH4_C009817,120.82269724517325,0.5170795645020803,0.6213632352607519
CH4_C009818,90.92262188750985,0.8056887706315933,0.9132815010224968
CH4_C009819,63.15644975099258,0.5476276384426082,0.6345539977986698
CH4_C009820,182.23522937982864,0.8266845019101539,0.6087995863101616
CH4_C009821,237.8059574989658,0.8491313437432406,0.46519029854736654
CH4_C009822,217.24649934358303,0.4309122321017512,0.3165515339432998
CH4_C009823,103.29401306467916,0.8277328555033345,0.23513671753986104
CH4_C009824,235.34392071666792,0.7039207177324316,0.23238409923173536
CH4_C009825,101.84462646578865,0.5559346750658118,0.3323077995605942
CH4_C009826,104.69360717569829,0.7507911856186085,0.7205471025661796
CH4_C009827,133.70081555405486,0.6681279167193902,0.7949175571910014
CH4_C009828,57.545591243414435,0.4900125568298677,0.47835190175263825
CH4_C009829,49.647120386036164,0.49204852967215174,0.32574769898545486
CH4_C009830,93.92686075627319,0.49625803458829,0.4128048459769037
CH4_C009831,5.716362866466457,0.6234135833145877,0.2021877806393964
CH4_C009832,183.64359827134683,0.6087984712007517,0.6472270252138941
CH4_C009833,227.03556423890475,0.8613777712050619,0.5896209259943705
CH4_C009834,109.52036109088392,0.41155287158738607,0.5905397202578979
CH4_C009835,18.24381762715335,0.4494066830170875,0.7745729067896292
CH4_C009836,19.577779300642195,0.47809075134693935,0.7606022541742832
CH4_C009837,9.118634207348236,0.4247292543974843,0.4539586207930824
CH4_C009838,201.28947339222918,0.3689149631845714,0.3237932962281126
CH4_C009839,166.4122425538226,0.7814514597155935,0.5639514440871225
CH4_C009840,205.81448834642936,0.47736683059066004,0.7684399115600633
CH4_C009841,56.67280884545273,0.5257639619554236,0.5046790987465826
CH4_C009842,248.87581515024664,0.4080809450594069,0.3166531679977346
CH4_C009843,235.87526777207495,0.3424906254034806,0.49220443453161283
CH4_C009844,160.3131063070387,0.736832935608416,0.34554694404403935
CH4_C009845,125.2152536356514,0.3819431823879808,0.6172966328184069
CH4_C009846,12.64763322559323,0.84909138368197,0.34543730091397323
CH4_C009847,65.60372075954768,0.9057883161329572,0.22111750723275045
CH4_C009848,247.10392073934813,0.5905687488585929,0.565837735424515
CH4_C009849,200.44129081408167,0.7008102543245369,0.5053881467436264
CH4_C009850,194.94537600618418,0.6439014265960065,0.36357756592131024
CH4_C009851,118.34977195661509,0.7540437671415947,0.40938678703745646
CH4_C009852,70.76824514074315,0.426513113466029,0.3342836962370186
CH4_C009853,62.39096170269262,0.3327276985017937,0.2359140323834944
CH4_C009854,8.29763130657571,0.5713266129890118,0.7915681051751446
CH4_C009855,155.37407047786667,0.43616631007855394,0.8936732102183953
CH4_C009856,133.0515694361321,0.8788291268613007,0.7105683216370438
CH4_C009857,107.1988267955134,0.3782895281181499,0.7454765402244781
CH4_C009858,202.95581153172182,0.752423976926879,0.91606133082597
CH4_C009859,172.33944507074614,0.46108348325198734,0.4458611774801955
CH4_C009860,35.73673836357849,0.8016363888735267,0.6786243814932098
CH4_C009861,238.302209132757,0.544353028816349,0.5798295414002972
CH4_C009862,243.17248675262428,0.7993812134794835,0.8348826487348695
CH4_C009863,131.00993430972704,0.6342898976231974,0.376541651752873
CH4_C009864,87.68239511023754,0.838539327680424,0.5118391268964642
CH4_C009865,166.49010095407272,0.4183705892527858,0.7534460283126196
CH4_C009866,105.80759829323539,0.6515996147248766,0.5618358414964608
CH4_C009867,174.9565140730854,0.52929845293062,0.2738074902051951
CH4_C009868,66.85094177191203,0.9188335789814779,0.24119889372521236
CH4_C009869,219.9661111023815,0.4846676534680856,0.29544851280343
CH4_C009870,235.2243105643656,0.8056478227523303,0.36778614082751226
CH4_C009871,215.9584365605074,0.6008128452965752,0.5646285906964263
CH4_C009872,127.93451976386183,0.648579859501907,0.5018962358287411
CH4_C009873,5.873204361009687,0.869214838202848,0.23855746463526675
CH4_C009874,225.9998499840794,0.6238113077348967,0.6257683569541592
CH4_C009875,78.39480968335974,0.7813220560855252,0.3303240395092657
CH4_C009876,52.4237841996838,0.6710144948025862,0.9099382706346522
CH4_C009877,55.17075533757984,0.38214023364146815,0.77189012449063
CH4_C009878,15.562881153205478,0.6555878065013161,0.27596240565705676
CH4_C009879,2.986242829977365,0.7490046639246122,0.9038592142117532
CH4_C009880,78.72706351688774,0.4150885552873065,0.4709086458183865
CH4_C009881,216.55294570212587,0.6179226398495667,0.8942653288052957
CH4_C009882,28.017106018935145,0.5203519535145574,0.22097521997287678
CH4_C009883,101.64323786213852,0.37465740859691926,0.39951581224577043
CH4_C009884,77.1058380030856,0.6475213362490779,0.585670893978143
CH4_C009885,129.63059338950026,0.6686354863826708,0.346693059153401
CH4_C009886,51.24934415179702,0.5207072073946888,0.6078045310328148
CH4_C009887,216.18909169003257,0.806679439705029,0.5352757962013195
CH4_C009888,171.56872489240902,0.6300909369791352,0.48218707379319753
CH4_C009889,35.43054728224224,0.548917867509188,0.7310518913613755
CH4_C009890,106.83892747352341,0.39282343838852496,0.5763725957351298
CH4_C009891,158.09554652851978,0.8133417071387141,0.3051950703166323
CH4_C009892,211.99930877908,0.7673852039643854,0.3200622010551067
CH4_C009893,151.58433138136218,0.679967868916783,0.3161914701641532
CH4_C009894,56.88826975528347,0.9138525245864986,0.830997686311167
CH4_C009895,64.94692548367598,0.32711035075626105,0.8939408898358816
CH4_C009896,204.55880195395892,0.9185780471134624,0.5517979735214635
CH4_C009897,218.4940139601747,0.5643428233071828,0.42618931134525484
CH4_C009898,135.2200206158437,0.38111971941441886,0.5219021004786184
CH4_C009899,55.260169829061404,0.46208419491106045,0.41689390822830497
CH4_C009900,146.72958176512367,0.7919938845573031,0.8694605083068228
CH4_C009901,131.76293750390454,0.4652653742488685,0.7367079035705553
CH4_C009902,82.16041185264544,0.7826768952267078,0.5493435324115122
CH4_C009903,145.2806365409893,0.39064854412162775,0.8305857471580669
CH4_C009904,166.28937679993615,0.7962612998319557,0.4305036792039578
CH4_C009905,181.20278906637512,0.5629060216256638,0.9498585882706738
CH4_C009906,208.9000339594598,0.5579418088874908,0.39522365640158663
CH4_C009907,44.66817395692013,0.3613974787641733,0.5696123931793995
CH4_C009908,236.1455972205842,0.6900778263089637,0.34565552752215195
CH4_C009909,68.75683524266383,0.8500512244031462,0.5469726716654706
CH4_C009910,157.69836383795726,0.5591016979674452,0.7143849020121102
CH4_C009911,203.146481237937,0.8365758627630364,0.616405274722019
CH4_C009912,1.187730271988957,0.4914417262657532,0.590361462462014
CH4_C009913,161.91533715395414,0.7256498594559341,0.3443963388868434
CH4_C009914,163.0393680178999,0.5698970731153598,0.6733557897478845
CH4_C009915,226.32522302442726,0.6983011060178645,0.44609549843821106
CH4_C009916,187.7405814580866,0.8738920796919283,0.28607774005309916
CH4_C009917,228.5727342520276,0.7866300379620401,0.34153619310432703
CH4_C009918,11.34610117920587,0.47856683850734094,0.692754737106666
CH4_C009919,34.02942966375064,0.3227354092625382,0.6590655310966733
CH4_C009920,49.398161646097535,0.6305902800180533,0.695041027556611
CH4_C009921,205.20232740712615,0.5082063937116761,0.48662087638995616
CH4_C009922,93.67602218694016,0.5417442190238166,0.7068700075327112
CH4_C009923,120.74430399429953,0.4635698701330506,0.5900095703770944
CH4_C009924,228.94679811157948,0.42047882030951045,0.6593057261274741
CH4_C009925,183.57911956840553,0.41108698745239386,0.6526672208847986
CH4_C009926,31.94277756519115,0.6076425350987167,0.4738622746020516
CH4_C009927,39.567631814734135,0.381566297391672,0.3991147949354272
CH4_C009928,90.05285890546921,0.5148178221727255,0.5253784477589262
CH4_C009929,187.6371402790645,0.5069589034734254,0.8325803630469026
CH4_C009930,118.94561424406105,0.780505433723272,0.8499315948886614
CH4_C009931,244.43879291262516,0.4152743782498245,0.9058961733714119
CH4_C009932,157.00987415991813,0.5557247838945781,0.5999488690526824
CH4_C009933,55.932528515079596,0.562738099757863,0.7541311765856142
CH4_C009934,161.73097824759915,0.7553382992378704,0.6990095918898922
CH4_C009935,136.21163494566994,0.5194869037154364,0.48465227176765313
CH4_C009936,224.38032497083444,0.5934943873600844,0.8330553879566585
CH4_C009937,7.3428625483371315,0.34859973252666837,0.4579664845095323
CH4_C009938,88.12254060742589,0.36309898904112536,0.7821181360424452
CH4_C009939,65.55853110813645,0.4775079423592651,0.4065062738606581
CH4_C009940,76.30298408550799,0.5028892150166377,0.7196608373872975
CH4_C009941,69.73665911621019,0.8003774938759474,0.7759852635678388
CH4_C009942,111.92684811857234,0.3303266784547289,0.3211961940964001
CH4_C009943,211.5766536928833,0.5899782575334402,0.7683775280340897
CH4_C009944,129.0198503683893,0.5178485970773669,0.22365037428469522
CH4_C009945,177.42705666437283,0.32182909493494105,0.8676865326935295
CH4_C009946,87.92243860351054,0.36848988807835936,0.91348765381507
CH4_C009947,48.38566813110329,0.7318592444756582,0.5159923691607511
CH4_C009948,181.22450615596634,0.4723793760524174,0.806619786642448
CH4_C009949,231.28983695511474,0.3999833993053905,0.4655292659121965
CH4_C009950,241.2891786551995,0.7859463501589843,0.3273296313123992
CH4_C009951,87.73955201981978,0.9165602387593792,0.6279613817491636
CH4_C009952,188.9058583851563,0.5564426605658722,0.30820512194035327
CH4_C009953,221.9044543599678,0.9097163915933297,0.5709376495219751
CH4_C009954,163.51911194305623,0.5295067996966181,0.2069330832006221
CH4_C009955,193.42154032910818,0.6974833224495139,0.4461589808635757
CH4_C009956,215.23480452191373,0.776800333552404,0.22738997182458118
CH4_C009957,125.03421496529862,0.3226256945237626,0.7662785553627838
CH4_C009958,208.45766813829877,0.5897002054126457,0.4911154741459078
CH4_C009959,169.66681492636337,0.6604440776822865,0.24372468816573545
CH4_C009960,198.0983634459524,0.8872686263107463,0.3595981095549384
CH4_C009961,223.17986017520965,0.5406598719997535,0.823936189250511
CH4_C009962,96.25067406031077,0.6766461693426451,0.7833859275486847
CH4_C009963,25.40817825343175,0.33342118952655214,0.29425721857377385
CH4_C009964,99.5408991594955,0.560979045650159,0.875135218106168
CH4_C009965,114.08276398984465,0.7572895728889553,0.2933669735161503
CH4_C009966,140.47927982948278,0.733431485794078,0.521908581619229
CH4_C009967,3.4232064031364526,0.705756580554292,0.48865083136098614
CH4_C009968,79.46516337246753,0.7501932197533008,0.3432056280885618
CH4_C009969,112.1572409091508,0.4169455428947221,0.4601701248961994
CH4_C009970,43.25378186594253,0.7799284158707436,0.6013418279572444
CH4_C009971,180.24616489323623,0.7719829828131601,0.43197146401951725
CH4_C009972,187.5160921329811,0.568038058482488,0.7021034842925609
CH4_C009973,0.10188164338767458,0.6779863258781023,0.38802361403793273
CH4_C009974,30.823697503914893,0.6865418570768754,0.7405501112343891
CH4_C009975,171.04521942569912,0.5885202925162571,0.4892173345010175
CH4_C009976,139.84354012025864,0.4539053929890705,0.3176933133790063
CH4_C009977,170.87323906262458,0.8300425062497183,0.7807257231327391
CH4_C009978,52.66735070618464,0.3797671605988546,0.8774631108904867
CH4_C009979,58.41977862085865,0.8224640814967865,0.5170534805889604
CH4_C009980,92.60243477944132,0.332485504253654,0.6063300230310036
CH4_C009981,149.2482695223337,0.457793254661368,0.7894941531970479
CH4_C009982,216.47278832493043,0.8986281272145804,0.4387222446074166
CH4_C009983,70.88053949506593,0.7424735754766898,0.8345622010580411
CH4_C009984,202.1476398860478,0.8855893490027074,0.2849148798675984
CH4_C009985,174.6751054606739,0.878050422005844,0.38583617361845246
CH4_C009986,74.15734908331412,0.6492746541398974,0.33317930766435877
CH4_C009987,196.1240009077366,0.5027964751535595,0.4728802442943891
CH4_C009988,119.01144434044645,0.39964941391422026,0.5688464580306111
CH4_C009989,163.35841791004037,0.6235508100579377,0.33779442276303107
CH4_C009990,118.5760093140113,0.33991303155781505,0.2491901145447706
CH4_C009991,104.91355890356641,0.4942667916604921,0.8711736944511259
CH4_C009992,20.509819828432143,0.6786663887315703,0.26699492437740335
CH4_C009993,58.100614439076686,0.8319241778790312,0.7981877793658136
CH4_C009994,44.1663851848107,0.7737006980180987,0.26196331732542544
CH4_C009995,64.30305511090742,0.4457984882983028,0.29429781059518917
CH4_C009996,94.77617646773204,0.44129235721301896,0.48712937559033076
CH4_C009997,136.50980380136235,0.7257430265587888,0.9194180305799062
CH4_C009998,166.66984121809264,0.7775163639980589,0.5422170947256841
CH4_C009999,241.18223135602733,0.4922058554496106,0.5582869751758262
